CODGEO;1;2;3;4;5;6
8001;0.0;41.34601524714428;20.3985931326918;51.5051206777577;51.1397438464286;51.50676328296786
8003;0.0;39.02327549441428;112.51452657866407;239.8114483232726;210.70396629935368;112.55198975349626
8004;5.23404255319149;15.70212765957449;0.0;31.40425531914898;10.468085106383;26.17021276595747
8005;13.714285714285712;4.57142857142857;4.57142857142857;22.85714285714285;4.57142857142857;9.14285714285714
8006;19.4016113893788;34.00961856676493;9.70087893077459;24.252307466194026;14.5135869054167;33.97207016733851
8008;0.0;4.62137964406944;28.490961082662643;126.57980334893848;85.27607944988031;103.93937440213728
8010;15.11637996897029;0.0;0.0;15.11637996897029;0.0;10.07758664598018
8011;0.0;0.0;10.39024390243902;46.75609756097562;5.19512195121951;20.78048780487804
8013;4.94089742828075;4.86477292098413;9.50584565726295;38.69448318316774;33.755931458555324;52.40201351209379
8014;15.46153846153845;5.15384615384615;10.3076923076923;5.15384615384615;10.3076923076923;30.9230769230769
8015;11.1111111111111;0.0;0.0;11.11111111111112;16.66666666666668;5.55555555555556
8016;5.09756097560976;0.0;0.0;30.5853658536585;25.4878048780488;35.68292682926828
8017;13.7307692307692;0.0;0.0;4.57692307692308;13.73076923076924;27.46153846153848
8018;0.0;0.0;0.0;0.0;4.52941176470588;4.52941176470588
8019;5.09090909090909;5.09090909090909;0.0;5.09090909090909;0.0;5.09090909090909
8020;0.0;0.0;0.0;0.0;9.83333333333334;14.750000000000009
8021;0.0;5.42857142857143;5.42857142857143;27.14285714285719;10.85714285714286;10.85714285714286
8022;4.89122426044527;19.23901209000747;19.45545242416656;76.5304048031192;33.91518982247433;24.02079173283822
8023;4.92307692307692;4.92307692307692;0.0;9.84615384615384;4.92307692307692;9.84615384615384
8024;15.2747546306121;45.60548485288122;35.441152614690424;121.54453909998638;121.15927664164116;151.9301036861225
8025;0.0;54.53299029076887;24.86043809940344;59.61116936082685;93.51624637956144;142.3047674758662
8026;14.61080503408595;9.75867158011522;0.0;14.58373931330182;24.3558307409221;43.819004625139215
8027;9.14285714285714;0.0;4.57142857142857;22.85714285714284;9.14285714285714;0.0
8028;5.09071697961088;30.53113146719683;45.79801615127028;86.48160284803348;101.75638214561918;86.49214490822408
8029;0.0;0.0;0.0;5.53333333333333;16.60000000000003;27.66666666666665
8030;5.8;0.0;0.0;0.0;5.8;5.8
8031;0.0;0.0;0.0;0.0;10.0;5.0
8032;10.7142857142857;0.0;16.07142857142858;37.5;26.7857142857143;16.07142857142856
8033;4.84210526315789;0.0;0.0;4.84210526315789;9.68421052631578;19.36842105263156
8034;4.76961831617406;5.2702723365459;9.53923663234812;32.99367691829755;24.10405585572166;38.92544743781876
8035;0.0;0.0;0.0;10.6;5.3;0.0
8036;5.94117647058824;0.0;0.0;5.94117647058824;0.0;0.0
8037;19.35060376360852;9.72941918191015;9.70854813299066;43.90334007045158;117.468233173212;87.91384326505467
8038;17.19677242752887;22.61227599001347;10.66713824629238;33.638498782527826;28.40530258876307;22.44820029053514
8039;4.91507438347085;9.66893020933059;9.72227513564784;43.699267308732594;92.21393759586896;62.88353892114578
8040;5.08580464109704;20.88123688733694;47.1507358330527;88.49297580348798;88.19262895737398;62.5259261433005
8041;9.36363636363636;4.68181818181818;4.68181818181818;37.4545454545454;23.4090909090909;18.72727272727272
8043;0.0;55.94422350316691;71.5743628576169;179.08189629928785;153.42714485663177;164.51889886761768
8044;0.0;5.48275862068965;0.0;27.413793103448253;16.44827586206895;21.9310344827586
8045;5.54834452749461;4.70410943814621;5.25131519395718;25.4441436729802;29.8821752925815;46.43350305253765
8046;9.52941176470588;0.0;23.823529411764703;9.52941176470588;14.29411764705882;23.823529411764703
8047;0.0;4.54166666666667;4.54166666666667;4.54166666666667;13.625000000000009;9.08333333333334
8048;5.48890774471692;10.499311741040833;5.65835676705215;47.29760998921873;32.450319620425;58.58463216725191
8049;0.0;9.92;0.0;4.96;14.88;24.8
8052;0.0;10.0;15.0;5.0;10.0;0.0
8053;10.20878679185176;52.85139202023695;61.25746882205669;266.6434838576669;304.16000352834703;286.6233587913466
8055;10.3055275244533;10.17003231881662;5.16412989579989;30.57769511940666;51.21088511650172;76.64728091559746
8056;4.1;0.0;0.0;0.0;4.1;8.2
8057;9.11853869252264;0.0;9.27401392808516;23.34582599181393;23.46259105376827;47.24110871605002
8058;0.0;4.70212765957447;9.40425531914894;28.212765957446816;47.02127659574474;18.80851063829788
8059;3.85714285714286;0.0;0.0;0.0;0.0;0.0
8060;10.5263157894737;10.5263157894737;36.84210526315786;31.57894736842108;26.31578947368424;10.52631578947368
8061;0.0;0.0;0.0;9.25;4.625;0.0
8062;4.66666666666667;4.66666666666667;0.0;23.33333333333335;23.3333333333333;9.33333333333334
8063;0.0;16.75;0.0;11.16666666666666;22.33333333333336;5.58333333333333
8064;9.91501776287624;0.0;14.81403935881814;54.30293350628605;34.52709176845998;14.87466474470145
8065;4.6;0.0;0.0;4.6;0.0;18.4
8066;0.0;10.3076923076923;5.15384615384615;5.15384615384615;10.3076923076923;15.46153846153845
8067;0.0;18.76833233045864;4.96481406942978;33.62500378031917;131.68511281722965;182.56719076394185
8069;13.125;4.375;0.0;0.0;8.75;13.125
8070;11.0575389798476;0.0;10.4515381057283;31.96061519130421;67.54457518631332;67.54457518631327
8071;23.130434782608667;0.0;0.0;17.34782608695651;5.78260869565217;11.56521739130434
8073;0.0;4.7;0.0;9.4;14.1;9.4
8074;17.1;0.0;0.0;0.0;5.7;0.0
8075;0.0;21.8181818181818;17.45454545454544;21.8181818181818;8.72727272727272;4.36363636363636
8076;10.1066196325445;73.69951402154076;51.07598365094533;72.76306874521696;141.1815815855706;145.23016646210857
8077;4.81818181818182;0.0;0.0;4.81818181818182;4.81818181818182;4.81818181818182
8078;0.0;15.36345305237666;0.0;111.5118230036033;95.26934130596923;115.30629025789176
8080;12.2;0.0;6.1;12.2;6.1;0.0
8081;0.0;95.3729780827675;50.19484995040624;344.3638698566897;426.66693462237646;685.3737886881787
8082;4.33333333333333;0.0;4.33333333333333;4.33333333333333;8.66666666666666;4.33333333333333
8083;0.0;20.29628331274992;5.04624843664436;26.133884697815628;57.5415598358137;56.85888086467423
8084;9.53630937755057;0.0;10.06807794987388;56.49715112495915;36.56075799144088;25.17682350534351
8085;5.11363636363636;5.11363636363636;5.11363636363636;35.79545454545454;20.454545454545418;35.79545454545454
8086;9.77777777777778;0.0;0.0;14.666666666666671;9.77777777777778;4.88888888888889
8087;10.8;0.0;5.4;27.0;5.4;10.8
8088;5.19230769230769;10.3846153846154;10.38461538461538;5.19230769230769;10.38461538461538;0.0
8089;0.0;15.74979959160486;5.16231063146741;36.31282711654483;46.69776056435532;26.50830350583467
8090;4.58841877512413;60.64356281434095;60.7944115929519;229.1225209557215;338.5690239843896;412.732327023128
8092;9.4;0.0;0.0;18.8;23.5;18.8
8094;0.0;0.0;0.0;0.0;5.5;11.0
8095;0.0;0.0;0.0;23.64864864864865;33.10810810810809;23.64864864864865
8096;0.0;25.15451955912707;45.547519406408725;151.91149624799738;106.03292400229552;35.55229572949647
8097;0.0;0.0;10.10099767845509;30.45278304776052;50.20515899529699;109.36770797704392
8098;0.0;0.0;0.0;0.0;0.0;7.71428571428572
8099;5.30434782608696;0.0;15.913043478260878;21.2173913043478;15.91304347826086;10.60869565217392
8100;13.5;0.0;4.5;13.5;4.5;4.5
8101;5.15625;5.15625;0.0;20.625;10.3125;0.0
8102;8.94736842105264;0.0;8.94736842105264;4.47368421052632;13.421052631579;0.0
8103;11.2820512820513;5.64102564102564;0.0;28.20512820512824;22.56410256410258;33.84615384615386
8104;0.0;8.42857142857143;0.0;0.0;0.0;33.71428571428572
8105;3.77676121099904;800.1455282533453;2087.159014529841;3771.7940111868224;4994.750086813808;3665.1969881053487
8106;5.07142857142857;5.07142857142857;0.0;5.07142857142857;5.07142857142857;5.07142857142857
8107;9.31692759814597;34.36004613815082;28.39828692418181;101.9490669109226;186.0276608025043;139.53502345025646
8109;0.0;4.89285714285714;0.0;9.78571428571428;9.78571428571428;9.78571428571428
8110;0.0;4.85714285714286;0.0;14.57142857142858;14.57142857142858;14.5714285714286
8111;9.65620378048955;19.26078412292619;33.71927807463406;105.79007837565068;106.06380186422273;76.78898077426445
8113;15.76663667631148;10.51109111754096;15.77301370551603;15.87590136433105;46.56806009630067;63.18646827338969
8115;19.2952746584218;13.87761617030914;9.976916199213171;47.78499866330993;81.20296916514943;71.52231787392479
8116;35.3725493186801;26.002244951219826;35.8154064263615;66.54464996378623;96.5297464253632;65.90672716988529
8117;0.0;0.0;0.0;13.41666666666666;22.36111111111114;13.41666666666666
8119;10.56576484598322;10.0964857273586;15.791342528761092;52.11691085300545;74.11589051754652;56.77226435109862
8120;0.0;5.625;0.0;0.0;5.625;5.625
8121;4.92592592592593;4.92592592592593;9.85185185185186;34.48148148148152;0.0;19.70370370370372
8122;4.94479467532321;24.74287787009741;24.77121673054876;59.422534445294325;99.05647395936847;54.47773980431333
8123;18.61111111111114;3.72222222222222;0.0;3.72222222222222;0.0;3.72222222222222
8124;9.76842241464588;5.00491645164538;4.94419548812962;48.78502994355022;53.6692499800679;39.37798657916253
8125;5.64256637718895;21.66830451233409;38.7815120407632;32.03260725545829;70.4489879676624;58.42893328158782
8126;5.13953488372093;5.13953488372093;5.13953488372093;30.837209302325636;10.27906976744186;20.55813953488372
8128;8.53333333333334;0.0;0.0;0.0;17.06666666666668;4.26666666666667
8130;18.0;0.0;6.0;6.0;6.0;6.0
8131;19.14285714285716;0.0;0.0;0.0;4.78571428571429;9.57142857142858
8132;5.02674505438472;5.02674505438472;20.10698021753888;25.13372527192364;10.05349010876944;25.1337252719236
8133;10.417817768506;5.3090170618688;26.0784778590386;30.66619246777629;103.27337797413784;87.67060189439272
8134;9.25;0.0;0.0;13.875;0.0;4.625
8135;0.0;10.92834156256782;5.46417078128391;27.32085390641955;21.856683125135618;5.46417078128391
8136;0.0;10.18945044921467;5.1205546262099;65.38839134645126;40.24640959881576;45.211993073149145
8137;9.04861163441842;20.44995039682361;71.11073929929985;67.85550337569076;21.2918796213722;35.60755859295183
8138;10.7947532655385;4.8524626143779;0.0;10.77988025406528;27.57645725727464;46.8977896339034
8139;0.0;15.507373253751169;25.84252555565039;67.15087341018928;98.15638817136184;98.20718739792892
8140;0.0;45.25987959010345;40.64026646708321;131.20145957614014;145.71256645572808;70.04704992054728
8141;4.86842105263158;14.60526315789474;9.73684210526316;24.342105263157897;19.47368421052632;9.73684210526316
8142;0.0;30.498919700565;39.51439899957318;197.7849523700516;229.89580793916525;285.9219627097414
8143;5.61538461538461;0.0;0.0;5.61538461538461;16.84615384615381;5.61538461538461
8144;5.15;5.15;5.15;15.45;0.0;5.15
8145;5.25319682125824;80.86645147706754;85.5560468898184;202.9022135583458;294.0319475475344;299.1520177087088
8146;0.0;0.0;0.0;12.0;6.0;24.0
8147;4.55826344220515;0.0;0.0;5.28494312139727;13.6747903266154;9.1165268844103
8148;9.67272727272728;14.509090909090922;24.1818181818182;29.01818181818184;33.854545454545466;29.018181818181844
8149;0.0;5.52;0.0;16.56;5.52;27.6
8150;4.91176470588235;19.6470588235294;0.0;9.8235294117647;24.558823529411747;9.8235294117647
8151;5.21891834720848;0.0;10.32791855418452;26.452759589264858;31.556630331498567;47.69190437717046
8153;0.0;0.0;10.01873392793707;41.154872819188085;25.58562460565529;36.47860358368
8154;4.61111111111111;0.0;4.61111111111111;13.833333333333329;9.22222222222222;13.833333333333329
8155;0.0;0.0;5.44444444444444;5.44444444444444;32.666666666666664;10.88888888888888
8156;0.0;20.21929885769009;19.44838780273578;89.56163829115025;53.23108938768441;58.7487168342371
8158;15.271482323800807;9.526660742324;19.580179587560774;30.30421017872475;39.31546519247616;19.77139810267072
8159;20.95238095238094;0.0;5.23809523809524;10.47619047619048;5.23809523809524;5.23809523809524
8160;5.27777777777778;5.27777777777778;26.388888888888975;52.77777777777784;15.83333333333338;10.55555555555556
8161;0.0;0.0;4.375;0.0;4.375;0.0
8162;10.1068229008757;14.37769148394834;14.10594047560046;66.24277803830232;58.23229872421627;24.62639513850279
8163;5.44130342094313;10.88260684188626;21.28389300647339;20.78211437824392;32.16146435537195;21.11805345173096
8164;5.62565947588642;5.62565947588642;11.25131895177284;21.60575541662433;60.07656248307157;33.10561937632116
8165;0.0;0.0;0.0;4.35714285714286;8.71428571428572;13.07142857142858
8166;0.0;5.04081632653061;20.16326530612241;25.20408163265303;10.0816326530612;40.32653061224482
8167;19.2;0.0;0.0;4.8;4.8;4.8
8168;5.33333333333333;5.33333333333333;0.0;0.0;32.00000000000006;15.999999999999991
8169;4.22727272727273;4.22727272727273;0.0;4.22727272727273;12.68181818181819;4.22727272727273
8170;0.0;10.32558139534884;10.32558139534884;30.97674418604656;10.32558139534884;36.13953488372086
8171;0.0;0.0;0.0;18.6;9.3;9.3
8172;5.72413793103448;17.17241379310344;0.0;11.44827586206896;11.44827586206896;11.44827586206896
8173;5.01187926980182;40.09890016659325;60.09359114007382;241.09385696594111;249.85844746191884;189.62187253514688
8174;0.0;66.07947382051398;90.20478011608922;268.8145740568403;240.0187286749429;227.86143293174817
8175;5.59954026298791;5.39912623263745;5.49842020262253;27.90026701850276;22.19960669514944;27.39825233756665
8176;5.27272727272727;5.27272727272727;5.27272727272727;5.27272727272727;5.27272727272727;5.27272727272727
8178;17.22580645161287;11.48387096774194;5.74193548387097;22.96774193548384;0.0;5.74193548387097
8179;4.90326926693701;4.86485976360357;29.26870934700359;53.515260315732576;87.6140519799175;121.62661617547982
8180;0.0;30.35390482898105;99.51344927288534;219.15307180539287;229.6417541004664;159.0355368429484
8182;0.0;0.0;0.0;0.0;0.0;17.700000000000003
8183;0.0;19.193569790257516;33.7240730748492;158.75400287883832;86.74899983506226;138.99057597614575
8184;0.0;0.0;0.0;5.0;20.0;25.0
8185;10.03457317949005;44.574717708133264;29.62308683497097;246.17606545136263;240.8399788321297;380.1004569505017
8186;0.0;0.0;0.0;15.3;10.2;0.0
8187;4.53459054188586;30.57322768807396;0.0;29.3127662815454;34.04971020161433;24.356618816915255
8188;0.0;29.9284752492028;9.8428618680088;119.71372466351352;94.32024037168767;118.29066147030692
8189;5.75;0.0;0.0;34.5;17.25;28.75
8190;0.0;115.15189718195546;230.7732782359144;560.807288152417;635.5091342917708;570.3457971493148
8191;14.94216865885085;29.99617227239233;54.96781180253965;115.166747160719;145.14437214159182;120.17238437703654
8192;9.57894736842106;0.0;4.78947368421053;9.57894736842106;4.78947368421053;9.57894736842106
8193;9.99167311939666;5.43422505760898;16.30267517282694;25.09138399402086;25.64096918549824;38.69520190386029
8194;0.0;9.04082543485576;29.90711410444892;86.8369968668903;72.56900254636174;102.64381003432528
8195;0.0;5.1966591835159;5.14087075293267;57.00133458323935;46.7723478034926;46.661975268564106
8196;0.0;10.44444444444444;0.0;0.0;5.22222222222222;20.88888888888884
8197;0.0;0.0;0.0;0.0;0.0;0.0
8198;23.48478893539242;4.84940889941031;0.0;24.02475726500115;61.83461642818151;108.97550606301536
8199;0.0;25.52170175887302;41.86324578697222;119.1510920772857;99.438396155709;62.122576510433504
8200;9.47372265757968;0.0;9.47372265757968;18.94744531515936;28.42116797273902;14.21058398636952
8201;0.0;0.0;10.8421052631579;10.8421052631579;16.26315789473685;0.0
8202;4.7925632966901;19.64509557446848;4.88607896726372;63.72434159984034;68.41784379571382;43.90659713868999
8203;4.28192663836517;9.76095677412382;4.88047838706191;51.05672433922116;36.80272138721772;30.93369645352789
8204;10.1333333333333;0.0;15.19999999999997;0.0;0.0;15.20000000000001
8205;4.3125;4.3125;4.3125;8.625;4.3125;0.0
8206;5.15760538108129;10.17895371288808;16.0364317215376;52.85463537293411;36.810605446368;53.27839682321903
8207;0.0;5.0692774640223;15.064200053496691;25.11686900125191;15.17936850435442;25.23203745210965
8208;0.0;0.0;0.0;9.77777777777778;14.666666666666671;14.666666666666671
8209;0.0;5.08096790403345;36.36254064514975;41.848612356480366;78.40663311845984;73.91817444585504
8210;21.33333333333336;0.0;5.33333333333333;0.0;10.66666666666666;5.33333333333333
8211;0.0;10.4771920536852;15.72201166629284;47.151152536923696;77.6715603579534;104.08684064315754
8212;9.95545009181683;4.94209557557024;9.955450091816829;64.89881861356572;65.18590972701624;54.87513418879187
8214;0.0;22.194921252823068;5.75718817211782;5.58844350514151;71.87005402018465;77.289897825406
8215;4.09090909090909;0.0;4.09090909090909;0.0;4.09090909090909;4.09090909090909
8216;0.0;18.62719398454118;4.88761676284673;56.68769916481848;37.94615754286028;38.760837340590285
8217;0.0;4.83333333333333;0.0;4.83333333333333;4.83333333333333;0.0
8218;0.0;20.68406509148488;26.11533238672768;94.06978869647;85.35343681021763;245.26416322123944
8219;5.80952380952381;0.0;0.0;29.04761904761905;0.0;17.42857142857143
8220;11.1758989246836;4.03364892322202;15.7399839568348;16.3401738968513;62.60391915688253;57.80184790817507
8222;0.0;45.12043909986947;35.24640050106847;185.5616161721505;236.13121457066268;226.20280629659436
8223;4.39285714285714;0.0;0.0;21.964285714285698;13.17857142857142;17.57142857142856
8225;16.5;16.5;22.0;27.5;22.0;22.0
8226;0.0;0.0;4.85294117647059;24.26470588235295;9.70588235294118;9.70588235294118
8228;0.0;12.0;24.0;20.0;16.0;20.0
8229;0.0;0.0;20.29629629629628;25.37037037037031;5.07407407407407;15.222222222222172
8230;0.0;14.7442271617596;29.391410341742592;86.44931991647826;39.02670652720999;29.30650751409447
8232;4.85998002548518;29.16539220040887;19.63195827704675;29.743583623690064;74.52767560219596;49.47250943170595
8233;11.0;0.0;0.0;0.0;0.0;0.0
8234;0.0;4.62962962962963;0.0;0.0;32.40740740740739;23.14814814814815
8235;0.0;9.85130641692376;25.55659789050742;45.54417158146737;30.65308466504028;41.80493929447436
8236;0.0;5.39135295543928;31.8981258305854;63.25383953024042;5.30043991901947;21.29729813861612
8237;4.67264359887483;19.86526241342824;34.17501951369104;82.94321786275874;58.606929918620864;97.07879732812503
8238;0.0;4.42857142857143;8.85714285714286;8.85714285714286;8.85714285714286;13.285714285714288
8239;10.4748904751978;41.28634355425118;70.34036236161921;163.58314188025452;131.198096785634;131.5954901102725
8240;4.45945945945946;4.45945945945946;0.0;22.2972972972973;31.21621621621624;31.216216216216218
8242;4.78938887251195;9.11685519840082;4.78938887251195;19.24202097538191;43.69955363963099;59.18760345021892
8243;4.93939393939394;4.93939393939394;4.93939393939394;4.93939393939394;9.87878787878788;14.81818181818182
8244;0.0;11.53846153846154;5.76923076923077;5.76923076923077;5.76923076923077;11.53846153846154
8245;0.0;0.0;0.0;0.0;0.0;5.16666666666667
8246;10.7692307692308;0.0;0.0;0.0;5.38461538461539;5.38461538461539
8247;0.0;5.5;0.0;16.5;5.5;27.5
8248;5.05330944345822;9.85333593995508;19.64516293553391;103.0186144636742;83.75693854462855;54.522731990468415
8249;0.0;14.1;4.7;28.200000000000003;32.9;37.6
8250;14.5384615384616;4.84615384615385;0.0;19.3846153846154;33.923076923077005;4.84615384615385
8251;0.0;12.5454545454545;0.0;6.27272727272727;18.81818181818177;6.27272727272727
8252;4.44;4.44;0.0;4.44;13.32;31.08
8254;0.0;20.35485925349861;4.49490765257366;48.09697042215413;60.20943435970716;66.93174443323743
8255;0.0;0.0;0.0;0.0;18.808510638297868;47.02127659574469
8256;0.0;3.95454545454545;0.0;3.95454545454545;0.0;15.8181818181818
8257;5.27586206896552;5.27586206896552;5.27586206896552;15.82758620689656;26.37931034482762;21.10344827586204
8259;0.0;0.0;0.0;6.9;6.9;13.8
8260;4.83941971763368;9.75788107110718;19.16277787170633;120.44362083819244;72.75348170182819;77.70782851739162
8262;0.0;14.566421995516258;9.71094799701084;58.59550068123485;78.12733424164652;77.58728420980867
8263;0.0;14.1927606538047;24.27165573546041;128.81943335699617;185.24086273011332;66.7434352953103
8264;9.86397860842767;24.22970256817184;9.76816412980595;73.26410821155399;48.95456838855407;39.30537689808103
8268;5.0;0.0;0.0;10.0;15.0;10.0
8269;0.0;0.0;0.0;5.2;5.2;15.6
8271;9.80952380952382;4.90476190476191;4.90476190476191;14.714285714285731;14.714285714285731;19.61904761904764
8272;5.5;0.0;5.5;0.0;5.5;5.5
8273;4.22222222222222;0.0;4.22222222222222;12.66666666666666;12.66666666666666;4.22222222222222
8274;4.8421052631579;4.8421052631579;0.0;9.6842105263158;4.8421052631579;4.8421052631579
8275;11.4054054054054;5.7027027027027;5.7027027027027;11.4054054054054;45.6216216216216;22.8108108108108
8276;0.0;14.48348206226629;9.78798170930647;29.46372915963904;69.11624788106253;102.39360760095856
8277;10.58333333333334;0.0;0.0;5.29166666666667;10.58333333333334;37.04166666666665
8278;0.0;0.0;0.0;9.625;9.625;9.625
8279;0.0;0.0;0.0;5.16666666666667;10.33333333333334;0.0
8280;4.8;0.0;0.0;0.0;0.0;24.0
8281;15.08960823710462;15.59326555355544;16.12002784717432;41.41997730467424;68.94499378906146;77.11116942598002
8282;19.13559507101352;24.39175594114972;19.325930180419785;67.97745580990977;123.9582556458058;157.02310749878544
8283;10.16;5.08;5.08;10.16;25.4;5.08
8284;0.0;25.9638853134459;41.73201201623693;98.5245126643248;124.1263602955984;99.50518125957244
8286;5.19047619047619;0.0;15.571428571428587;5.19047619047619;10.3809523809524;0.0
8287;10.0;0.0;0.0;30.0;15.0;20.0
8288;0.0;0.0;0.0;4.78947368421053;0.0;19.15789473684212
8289;0.0;0.0;9.780238608805291;32.133170875958726;80.70583318286359;101.31221997138692
8291;0.0;11.23809523809524;0.0;22.47619047619048;33.714285714285765;33.71428571428564
8293;4.41935483870968;0.0;0.0;4.41935483870968;13.25806451612904;8.83870967741936
8295;5.55882352941176;5.55882352941176;5.55882352941176;5.55882352941176;33.35294117647056;11.11764705882352
8296;0.0;8.53846153846154;0.0;4.26923076923077;4.26923076923077;0.0
8297;0.0;9.22896362581775;9.22896362581775;23.16664631704942;23.24247656608391;31.5728214324854
8298;0.0;35.07635102503916;114.0800319541738;255.16737919642856;147.43913328281224;103.63225847313008
8300;0.0;0.0;0.0;0.0;0.0;0.0
8301;0.0;0.0;0.0;5.75;0.0;0.0
8302;4.86670449806068;39.60029540134322;64.66136565890756;132.98801249950432;183.9842663205679;295.73571443684455
8303;14.86761726537254;19.89690165749019;9.94611668861561;14.9730416579221;84.92682607451665;60.231883448770354
8304;0.0;4.875;0.0;0.0;9.75;14.625
8305;10.54545454545454;0.0;26.36363636363635;47.45454545454539;21.09090909090904;15.81818181818181
8306;11.55555555555556;0.0;0.0;0.0;5.77777777777778;11.55555555555556
8307;4.36842105263158;0.0;4.36842105263158;8.73684210526316;21.842105263157897;4.36842105263158
8308;4.94444444444444;4.94444444444444;0.0;19.77777777777776;4.94444444444444;9.88888888888888
8309;6.22222222222222;0.0;6.22222222222222;0.0;6.22222222222222;6.22222222222222
8310;0.0;0.0;0.0;8.75;4.375;17.5
8311;14.94498546687662;44.48834081024254;34.740711167294585;183.49438137295957;208.7802017391773;217.64826978127263
8312;4.94594594594594;0.0;9.89189189189188;19.78378378378376;19.78378378378374;19.78378378378376
8313;4.7741935483871;0.0;9.5483870967742;19.0967741935484;4.7741935483871;23.870967741935495
8314;15.95552836950358;15.96781867353231;91.8528782397452;107.08503346550307;103.93217396729244;104.3470943000682
8315;0.0;0.0;0.0;6.54545454545455;19.63636363636365;6.54545454545455
8316;0.0;30.955649822202822;41.10396707575099;107.79565339001584;92.38131807103584;112.83101165066884
8317;0.0;4.28;0.0;12.84;4.28;29.96
8318;5.11827298305466;10.23465331878782;5.11827298305466;51.16191630869294;35.8089907067181;40.92536894284814
8319;10.5319292340496;5.36270318527948;0.0;26.52308917105176;31.98318828413255;47.72995574312539
8320;34.7061830811186;10.0212195104561;14.7239192451665;54.19373596306708;54.07344207836627;49.4331375422795
8321;5.18181818181818;0.0;0.0;0.0;10.3636363636364;10.36363636363636
8322;0.0;15.79065681402598;9.54535504736916;61.33700984277417;36.02556957550922;34.47361227603864
8323;0.0;0.0;22.20689655172412;0.0;11.10344827586206;44.41379310344832
8324;0.0;0.0;0.0;14.73913043478261;9.82608695652174;14.73913043478261
8325;0.0;0.0;0.0;0.0;0.0;16.66666666666666
8326;5.38095238095238;0.0;0.0;16.14285714285718;5.38095238095238;10.76190476190476
8327;5.18315731825267;39.03851036031542;44.22395647486805;203.98306000212108;333.76434986432974;266.80858316835446
8328;5.06845840418877;91.0598331823207;171.89147031604793;510.5088322526341;647.0109814657219;622.0710086631105
8329;20.94364681910073;26.14684531910358;42.02399813978113;52.42923493805574;52.3818361094316;47.09009530836484
8330;15.0187420686905;19.91584798964714;36.26427656073429;84.2831688382831;108.9904211581068;106.0746267138096
8331;0.0;25.38781410411849;21.35785860322613;55.5288042576075;50.2675028663599;105.28876743565492
8332;6.16666666666667;0.0;0.0;0.0;0.0;0.0
8333;4.91314112462804;0.0;4.91314112462804;4.91314112462804;39.30512899702432;39.30512899702432
8334;5.125;0.0;0.0;0.0;15.375;10.25
8335;0.0;0.0;11.53846153846154;11.53846153846154;0.0;0.0
8336;0.0;5.29823015337329;0.0;26.07969737982587;26.07842817513086;31.13056451029232
8338;16.3710161339766;10.91401075598442;0.0;16.371016133976628;10.91401075598442;16.371016133976628
8339;28.7583117023767;9.56372399380127;19.19458770857549;23.42620928492452;57.129778398135656;33.31142500278912
8340;0.0;4.325;12.975;30.275;21.625;8.65
8341;10.2078887128987;25.35101924232346;66.01452219147625;127.24843189299406;127.4567825588441;101.8249999972212
8342;0.0;4.40821883516382;16.91775805945899;44.58933435395965;10.047471521650149;12.71391808275657
8343;9.90907263762007;0.0;24.91056149981543;135.29479878402853;115.0019981721665;160.36659301956797
8344;8.1875;4.09375;0.0;12.28125;8.1875;8.1875
8346;0.0;49.23370346142245;99.56392536349236;198.70444248952143;124.44112271694144;59.49052104398565
8347;10.2529489540747;0.0;4.88398265229382;24.7082674516674;35.4519484359148;25.29445863268623
8348;4.8695652173913;0.0;0.0;0.0;4.8695652173913;19.4782608695652
8349;4.66970017646803;18.7820953194318;5.18730050545205;40.87737209026637;60.2344397519679;96.92423337051508
8350;4.91836734693878;9.83673469387756;0.0;19.67346938775508;29.51020408163266;34.428571428571416
8351;5.53846153846154;0.0;5.53846153846154;5.53846153846154;5.53846153846154;11.0769230769231
8352;4.61966644914297;0.0;27.89142562080312;36.92459788775594;13.72266151684485;18.27453954902308
8353;4.9443700657017;0.0;45.1717634412619;76.76892846517943;67.39269387978031;72.36914407159263
8354;4.89605382752374;4.569035536834;19.36630091470749;96.60579107656388;86.75532559592149;81.577848326198
8355;9.46785699662245;28.87156817488797;18.620658464779133;47.80857181252984;14.55606529845348;14.31683524214994
8356;0.0;0.0;5.27272727272727;31.63636363636354;10.54545454545454;26.36363636363631
8357;15.0949759872824;14.30759611347117;24.62556775133108;64.16847712815196;108.84305256664037;85.06952083513919
8358;4.87316864114888;4.82403249451847;14.72179750173098;34.71339185363928;53.21375268454426;38.9878566571767
8360;0.0;0.0;0.0;5.21052631578947;20.8421052631578;31.26315789473678
8361;5.09297493997217;65.56034301458196;40.52557021504837;245.8220889966769;221.227045845164;176.58587347944507
8362;9.72841063541758;170.91910075752546;225.31183172889524;629.2051007056909;893.2881242686701;714.8816972971
8363;0.0;70.32072608839302;125.70202750419928;341.287470616087;504.1176751401661;593.5964270040085
8364;0.0;0.0;5.25;5.25;15.75;0.0
8365;0.0;54.90075177360883;29.76199372541141;109.61183528431734;174.2127529636759;181.0611517229569
8366;14.988090934109987;9.811702557129587;20.388549570323026;45.97040230333312;75.52791279519846;70.54370181414718
8367;29.7104322866495;43.84968020485381;53.59624531715091;205.3783340817565;234.4874413175308;219.46143283639583
8368;5.26190476190476;0.0;5.26190476190476;26.309523809523785;31.57142857142854;52.61904761904757
8369;9.7037037037037;0.0;9.7037037037037;4.85185185185185;14.55555555555555;24.25925925925925
8370;4.62868912433789;10.14660633908772;19.02893617328458;44.10915421524623;58.25139716910095;82.007509224881
8372;0.0;0.0;0.0;0.0;6.0;12.0
8373;17.94819961149919;0.0;9.8862048939444;28.52971288357318;24.89619075034556;38.158923699358525
8374;0.0;0.0;0.0;9.4074074074074;4.7037037037037;18.8148148148148
8375;0.0;4.81081081081081;0.0;4.81081081081081;19.24324324324321;48.10810810810804
8376;4.6656074291187;9.59366352329816;9.6309802044362;19.18732704659632;23.70066809977036;52.14337300950898
8377;0.0;9.27272727272728;9.27272727272728;23.1818181818182;23.1818181818182;9.27272727272728
8378;10.5008807677251;5.25044038386257;0.0;5.25044038386257;5.25044038386257;15.75132115158771
8379;20.25;5.0625;15.1875;35.4375;15.1875;30.375
8380;15.3571428571429;5.11904761904762;0.0;10.23809523809524;25.59523809523806;25.59523809523802
8381;9.53931885398349;14.184063073760829;4.79496178208336;42.65127364159693;104.73809975670927;118.46883404581524
8382;5.52941176470588;0.0;5.52941176470588;0.0;5.52941176470588;16.58823529411768
8383;0.0;0.0;10.1;0.0;15.15;5.05
8384;0.0;5.95652173913043;0.0;5.95652173913043;5.95652173913043;29.78260869565213
8385;0.0;29.35479284764287;79.08859668477479;163.94171333203252;137.59811025846494;123.40673576798632
8386;15.50647606706534;5.15230812613006;10.35464450093843;46.3961418280029;30.98876970845002;62.15109231740208
8387;11.741935483871;0.0;0.0;11.741935483871;41.0967741935484;5.87096774193548
8388;0.0;15.650675207768;20.92941868077257;62.42211602494695;35.88831877765816;30.27261568916909
8389;0.0;9.35666283525404;7.967451503886011;39.32323935656533;40.18144034305325;45.50892588274073
8390;0.0;0.0;0.0;4.33333333333333;17.33333333333333;4.33333333333333
8391;0.0;14.496409041299302;20.0848687107048;53.3970879038348;93.35830138186152;146.346256637092
8392;4.86842105263158;9.73684210526316;9.73684210526316;14.60526315789474;29.21052631578948;14.60526315789474
8393;4.125;0.0;0.0;8.25;4.125;8.25
8394;5.53846153846154;0.0;0.0;0.0;11.07692307692308;5.53846153846154
8395;0.0;0.0;4.86666666666667;19.46666666666668;14.600000000000009;4.86666666666667
8396;10.0833333333333;15.12499999999997;0.0;15.125000000000009;0.0;0.0
8397;0.0;0.0;0.0;31.42857142857142;0.0;0.0
8398;5.11764705882353;0.0;5.11764705882353;15.35294117647063;5.11764705882353;0.0
8399;5.14285714285714;0.0;10.28571428571428;25.71428571428572;10.28571428571428;36.0
8400;10.0457249551402;10.16766983946905;10.04572495514024;46.09411965058265;71.42349979244625;61.50269826456461
8401;19.3913043478261;9.69565217391304;4.84782608695652;19.39130434782608;29.08695652173912;19.39130434782612
8402;0.0;25.62094202418947;55.49316848180178;90.93401807581778;104.4827585549983;115.14821526667951
8403;15.2426909395327;45.69849085594958;40.8178752365807;142.30804057810147;234.0057979558939;208.28234240471548
8404;5.14634146341463;0.0;10.29268292682926;41.17073170731706;5.14634146341463;30.87804878048786
8405;5.04760758141317;5.07061661416617;0.0;15.14282274423947;30.35498628824127;40.51912461674051
8406;9.81355989065557;10.4634582298187;13.89638056804027;25.27745772789489;45.82880944468012;56.93352808568363
8407;0.0;0.0;0.0;0.0;4.96328115011424;18.92778414176004
8408;0.0;20.1392991185842;10.20101565332489;86.03961956518489;65.90613617441447;70.81795384771405
8409;30.99774006092604;278.69572293869555;367.3857286394644;1099.3616672912149;1547.7565044560988;1541.1021460010522
8410;15.44117647058821;5.14705882352941;10.29411764705882;0.0;15.44117647058821;15.44117647058821
8411;0.0;0.0;0.0;5.1764705882353;5.1764705882353;5.1764705882353
8412;0.0;5.13333333333333;5.13333333333333;15.40000000000003;15.399999999999991;5.13333333333333
8413;10.2961351631446;10.27525725632838;0.0;25.68467603197427;25.66382636122771;41.13586949202823
8415;0.0;13.77113315485099;0.0;28.932902861379095;52.57395192126147;23.65528652252408
8416;0.0;0.0;0.0;10.17142857142858;15.2571428571429;15.25714285714287
8417;3.66604945233115;3.66604945233115;0.0;17.70668769201075;50.82576219624648;58.43585460067756
8418;15.78810344823793;15.58367121705841;15.78810344823792;21.00534997933474;9.98271296592057;20.58743232715878
8419;0.0;29.49653264181325;29.572144814200374;114.6206999718212;134.68951419151173;161.59932045235976
8420;49.74372710442709;44.51455463508928;24.68599403166765;74.21256144706864;84.17447795823941;198.0135890985418
8421;0.0;0.0;0.0;0.0;11.625;11.625
8422;0.0;5.4;16.200000000000003;5.4;10.8;10.8
8424;0.0;0.0;5.375;0.0;5.375;5.375
8425;0.0;0.0;0.0;7.83333333333334;0.0;7.83333333333334
8426;12.2666666666667;0.0;6.13333333333333;18.40000000000003;6.13333333333333;6.13333333333333
8427;10.9230769230769;5.46153846153846;10.92307692307692;38.230769230769184;32.76923076923074;16.38461538461538
8428;0.0;10.0;5.0;10.0;15.0;25.0
8429;0.0;15.50199444671178;20.3167920024678;91.39670407235393;88.62495668078968;72.08260788466276
8430;6.33333333333333;6.33333333333333;0.0;6.33333333333333;0.0;6.33333333333333
8431;0.0;0.0;0.0;10.77777777777778;21.55555555555556;5.38888888888889
8432;0.0;0.0;14.28571428571428;4.76190476190476;4.76190476190476;23.8095238095238
8433;4.83333333333333;4.83333333333333;0.0;4.83333333333333;9.66666666666666;4.83333333333333
8434;12.0;0.0;0.0;0.0;6.0;0.0
8435;19.56255172531167;24.512936732149814;33.528122007409536;150.5327201053537;97.25558194462356;92.1298702109608
8436;14.58655136551846;9.75553981777076;14.87027824441637;39.54561411232132;44.279439983930885;69.04780913527247
8437;15.61764705882358;5.20588235294118;0.0;10.41176470588236;15.6176470588235;31.23529411764716
8438;0.0;10.8421052631579;0.0;32.5263157894737;5.42105263157895;10.8421052631579
8439;4.93333333333333;0.0;0.0;9.86666666666666;14.8;29.59999999999998
8440;4.06451612903226;4.06451612903226;0.0;28.45161290322582;0.0;12.19354838709678
8444;6.09523809523809;0.0;12.19047619047618;0.0;18.28571428571429;30.47619047619049
8445;15.79379201282638;4.58440973711886;24.907364074763898;25.22331044403928;29.02264219139321;68.58205530492427
8446;4.61111111111111;4.61111111111111;0.0;0.0;4.61111111111111;9.22222222222222
8448;5.27237295266708;68.65407667406564;31.64562963759331;89.4627631500095;99.54129648402788;116.01355854319095
8449;0.0;29.65848820329661;24.76216439938538;54.93095471194761;60.0861572641952;50.71370717753667
8450;4.74468085106383;9.48936170212766;14.23404255319149;52.19148936170214;28.46808510638298;14.23404255319149
8451;4.75361007241253;0.0;0.0;22.17109977999619;45.55112030580268;57.96965619343336
8452;8.6426756777475;4.88107553605048;0.0;26.26360553985731;14.08348891097471;27.4419751972165
8453;0.0;0.0;0.0;0.0;10.42105263157894;20.84210526315788
8454;4.15;0.0;4.15;0.0;4.15;12.45
8455;0.0;4.78947368421053;4.78947368421053;0.0;14.36842105263159;19.15789473684212
8456;0.0;5.34883720930233;16.04651162790703;37.44186046511632;26.744186046511665;21.39534883720936
8457;4.96518078291057;44.35825651239179;44.098366361799975;141.9646505689933;137.26631184848748;93.363768515211
8458;0.0;5.42424242424242;10.84848484848484;16.27272727272726;10.84848484848484;27.121212121212015
8459;9.26666666666666;0.0;0.0;4.63333333333333;9.26666666666666;27.799999999999983
8460;0.0;0.0;0.0;14.4375;19.25;33.6875
8461;0.0;9.66428796335998;4.40581079760681;14.07009876096679;23.87824417245519;24.04738928570125
8462;14.464285714285712;0.0;4.82142857142857;0.0;24.10714285714284;43.39285714285715
8463;0.0;0.0;0.0;6.0;0.0;0.0
8464;6.07692307692308;6.07692307692308;0.0;6.07692307692308;12.15384615384616;18.23076923076928
8465;12.2857142857143;0.0;0.0;0.0;6.14285714285714;6.14285714285714
8466;20.2857142857142;0.0;0.0;10.14285714285714;0.0;10.14285714285714
8467;0.0;0.0;0.0;15.2857142857143;5.0952380952381;15.2857142857143
8468;17.86046511627907;4.46511627906977;4.46511627906977;4.46511627906977;26.79069767441862;26.79069767441862
8469;10.33881277203384;5.29062452866331;20.39060822198472;43.90578666027407;61.39088988372571;50.83667956335226
8470;10.0;5.0;0.0;5.0;5.0;5.0
8471;6.4;0.0;0.0;6.4;6.4;0.0
8472;19.7978569954972;9.89090524532058;9.89892971784105;54.46518195898111;14.861440242325909;24.76036751932239
8473;4.62933053348639;5.18052700315944;14.69541358826563;33.90727540169928;39.20068471317707;14.28788268159086
8476;4.928695589215;10.223778352322;24.79043682697554;44.94191633515686;50.16348090397658;54.584105171290005
8477;0.0;4.86363636363636;0.0;14.59090909090908;14.59090909090908;9.72727272727272
8478;4.9375;4.9375;9.875;29.625;34.5625;24.6875
8479;4.75;0.0;0.0;28.5;42.75;28.5
8480;0.0;54.84598338920993;73.82755542387233;336.85194979645;468.2189971049652;441.7447709864628
8481;4.68521138101677;9.00063966675254;10.17336135899496;57.06921868494501;39.58952644419861;19.57547032422821
8482;4.63636363636364;0.0;0.0;18.54545454545456;9.27272727272728;4.63636363636364
8483;0.0;19.93816561901243;15.03088638298984;100.0617345417248;44.98457596994309;19.95360607322447
8484;0.0;0.0;4.47058823529412;8.94117647058824;0.0;13.411764705882362
8485;4.9;14.7;0.0;29.4;14.7;34.300000000000004
8486;4.83740234844059;34.94495056685661;49.722880183105616;147.60793871350106;166.82841068008926;171.50249214824842
8487;0.0;76.96790764914705;98.94058644086148;176.0726982214345;240.3065255456484;260.10018258711386
8488;0.0;79.83022035985095;55.44361887041444;267.6234898289956;284.5966131665571;399.2385458889558
8489;21.84615384615386;10.9230769230769;16.38461538461536;10.92307692307692;21.8461538461538;10.92307692307692
8490;22.30113140862699;141.88747141832218;71.7030064007003;296.13604182216113;573.0017576853518;275.66532770061417
8491;0.0;90.63768452356886;104.82464496452448;349.5990921455884;378.4432428335573;439.8273493016811
8492;5.18112367347791;10.14769573347406;20.438093751971792;76.86167979845082;35.55731577049323;20.65465212074912
8494;5.13595135330055;10.08721672256043;34.84351288966608;55.48050671569659;50.15986937835535;55.75847428402723
8496;10.0869565217391;5.04347826086957;0.0;5.04347826086957;15.13043478260871;5.04347826086957
8497;4.96916312176689;29.78704324419456;59.05292818700905;118.395049740205;212.49134740965653;118.62464507844486
8498;0.0;14.9440823545458;35.88239155395616;25.35093790680773;60.63090124749676;35.15536524580258
8499;13.1251727586289;0.0;6.54904019403181;50.0482599062194;6.54904019403181;34.240911293892424
8500;0.0;0.0;6.22222222222222;12.44444444444444;6.22222222222222;6.22222222222222
8501;0.0;4.44444444444444;0.0;4.44444444444444;0.0;0.0
8502;4.73684210526316;0.0;9.47368421052632;14.21052631578948;4.73684210526316;14.21052631578948
8503;9.44;0.0;14.16;4.72;18.88;14.16
10002;0.0;4.92093938233265;10.17604565390859;24.291779356704687;37.01972998396941;25.39595461757677
10003;52.004194816686514;95.11097261066692;132.56693269824154;286.7388336559941;379.9286674958522;443.1182576809393
10004;21.0822252801334;5.27055632003334;0.0;15.811668960100022;26.35278160016674;15.811668960100022
10005;0.0;8.891016087087749;18.49050610129168;28.10277804193364;36.31229310628679;21.1216007703469
10006;4.93808973125972;49.22458633129384;83.7208664582808;152.70354447696255;320.1849919467025;310.4274401791063
10007;0.0;0.0;0.0;0.0;10.0;30.0
10008;29.7391304347826;0.0;0.0;4.95652173913043;4.95652173913043;14.86956521739129
10009;5.3125;5.3125;0.0;0.0;15.9375;26.5625
10010;0.0;0.0;3.83333333333333;7.66666666666666;3.83333333333333;7.66666666666666
10011;38.5;0.0;0.0;22.0;5.5;11.0
10012;0.0;0.0;4.28752512239859;36.96781248027027;19.60474598578923;35.31991086940299
10013;5.18518518518519;0.0;15.555555555555568;15.555555555555587;20.74074074074076;0.0
10014;0.0;10.38888888888888;15.58333333333332;25.97222222222222;25.97222222222222;5.19444444444444
10015;5.27012851500115;5.49965709320841;21.69150050455758;54.1484378606982;81.18223794907203;43.30324278979166
10017;4.875;0.0;0.0;19.5;19.5;14.625
10018;18.85561053549756;22.33712307850707;47.52986043083414;64.32998953552882;96.6270466482558;122.24113528374664
10019;18.40087485051491;4.47743746839581;9.00342091877742;59.39565408910857;50.53881537788626;29.71630560726783
10020;10.1223120602042;5.12292082771165;44.39765207706194;39.88932871636774;65.26908102498146;34.67238484259986
10021;4.63636363636364;9.27272727272728;0.0;13.90909090909092;9.27272727272728;18.54545454545456
10022;19.60975609756096;0.0;4.90243902439024;0.0;19.60975609756096;29.41463414634142
10023;4.90243902439024;0.0;0.0;34.31707317073166;19.60975609756096;39.21951219512192
10024;13.3421052631579;8.89473684210526;0.0;17.78947368421052;13.34210526315789;13.34210526315789
10025;9.35135135135136;0.0;4.67567567567568;4.67567567567568;14.02702702702704;14.02702702702704
10026;5.28571428571429;0.0;5.28571428571429;0.0;0.0;5.28571428571429
10027;14.499999999999991;0.0;9.66666666666666;9.66666666666666;0.0;4.83333333333333
10028;20.0;0.0;0.0;10.0;15.0;5.0
10029;43.3125;9.625;0.0;9.625;9.625;24.0625
10030;0.0;29.99925331152397;65.17888912257038;195.0766975708565;165.91670157651032;140.53004107115586
10031;12.0635661931569;27.98437614930446;6.01409080180191;50.36081366641868;54.2837952977713;27.53538883446503
10032;19.31011449682295;4.63694718130663;0.0;24.75018952594425;11.01925329032931;76.97896066166834
10033;40.09920567123116;50.17705769870615;165.641456207627;288.6372170126086;433.8262383769981;531.3510669451449
10034;39.23749917818755;68.48367453232838;54.11925796812167;151.95866634700724;230.18227188838583;401.4346640979852
10035;5.02028418263724;5.17207991981395;10.50054534602619;40.488144207741385;99.85642048642408;71.83798450864329
10037;4.57361181483346;0.0;43.94074588825074;44.354908742622456;48.96158128901991;19.54190901295799
10038;0.0;4.31111111111111;4.31111111111111;17.24444444444444;30.17777777777777;17.24444444444444
10039;12.0;0.0;8.0;4.0;8.0;20.0
10040;5.125;5.125;5.125;10.25;20.5;10.25
10041;0.0;11.33333333333334;0.0;5.66666666666667;0.0;0.0
10042;4.1786873676908;13.095699223583653;5.04253716834692;26.91420704417002;25.729764828523408;46.56542419385735
10043;9.83333333333334;4.91666666666667;0.0;9.83333333333334;14.750000000000009;19.66666666666668
10044;0.0;0.0;0.0;0.0;5.33333333333333;15.999999999999991
10045;4.23809523809524;8.47619047619048;4.23809523809524;16.95238095238094;25.42857142857144;25.42857142857144
10046;0.0;4.68181818181818;9.36363636363636;9.36363636363636;18.72727272727268;9.36363636363636
10047;7.0;0.0;0.0;0.0;0.0;7.0
10048;30.1875;0.0;0.0;5.03125;15.09375;15.09375
10049;0.0;15.22622359852636;30.38152454705311;100.99330245545464;60.24228484201024;70.76791493600749
10050;5.24324324324324;10.48648648648648;5.24324324324324;10.48648648648648;26.21621621621624;52.43243243243244
10051;14.7736608998014;5.0916309971149;53.25700034088632;113.4542224559991;145.55425574747426;87.15197736817619
10052;0.0;0.0;20.616357108583543;42.46049581986506;20.97040184270436;32.15810247494304
10053;5.35605106805397;37.38260648242469;21.76034512581536;69.75678352082764;102.12866460198376;21.540891168632992
10054;0.0;4.875;0.0;4.875;0.0;14.625
10055;8.8711393588487;0.0;13.17347154425309;12.46372616591952;28.56228900553547;32.88112594143114
10056;10.28571428571428;0.0;0.0;36.00000000000002;35.99999999999998;25.714285714285698
10057;9.63636363636364;0.0;0.0;9.63636363636364;0.0;14.45454545454546
10058;45.9460513194406;0.0;4.99002614296982;20.46636168100217;0.0;55.4314974034906
10059;16.799999999999997;11.2;0.0;0.0;5.6;0.0
10060;5.32487931249607;74.23989603807732;169.27809132062433;386.8905727722697;401.611165738898;259.9329747779249
10061;5.24431048419245;14.66366724943044;19.01174647674556;52.14902658535206;96.98547620869311;69.11110786637241
10062;4.95;9.9;14.85;9.9;19.8;24.75
10063;10.29693852036123;4.65960170964733;0.0;25.04845016914986;61.641648257585146;42.09987187131155
10064;14.48906983621083;44.8551589176406;73.8908470854016;180.885790817639;322.5638411841423;298.5049297732695
10065;0.0;0.0;0.0;5.25;5.25;0.0
10066;4.96639384743906;14.82349715032848;39.73179767332158;84.48104751327648;29.84955196570222;29.67239454084384
10067;0.0;75.95831805718625;141.6596823284812;233.50202090820997;207.9898658729015;116.58412761915444
10068;24.16666666666665;0.0;0.0;14.499999999999991;4.83333333333333;28.999999999999996
10069;22.1153846153846;4.42307692307692;4.42307692307692;8.84615384615384;13.2692307692308;13.26923076923076
10070;66.16873209937494;20.30354343695525;10.16910024857887;25.49209447202151;35.64413275463575;45.62241106159886
10071;4.41666666666667;0.0;0.0;0.0;4.41666666666667;13.250000000000009
10072;0.0;0.0;0.0;0.0;4.572303266062;13.716909798185998
10073;5.34782608695652;5.34782608695652;5.34782608695652;5.34782608695652;32.08695652173908;37.4347826086956
10074;0.0;5.18792857645953;20.39616523954208;55.47065266339657;65.67347180446097;61.06838610923068
10075;5.52631578947368;0.0;0.0;0.0;22.10526315789476;27.63157894736836
10076;9.65491819446018;10.09237390022216;9.94367661145966;10.39421570276246;41.28404846574225;45.50311458092181
10077;0.0;0.0;4.54545454545455;4.54545454545455;22.727272727272695;22.72727272727275
10078;0.0;13.0;0.0;0.0;0.0;0.0
10079;28.1818181818182;5.63636363636364;0.0;5.63636363636364;0.0;11.27272727272728
10080;5.03582576770081;14.79607599484092;19.9859236737094;34.66550447059472;163.90297338080478;113.90926770326094
10081;7.19657172448409;175.31938261439015;308.85579153691435;723.453116087933;1109.5351418148848;1202.2115226016062
10082;10.04255319148936;15.063829787234038;10.04255319148936;20.08510638297876;35.14893617021272;30.12765957446812
10083;0.0;20.58821316399746;46.32357367189499;30.88228212495922;30.88235736720932;30.88238746405646
10084;9.62690986242034;39.28108543485523;68.30233616517937;183.12748073793531;168.94513568111873;83.51632247831743
10085;4.125;0.0;12.375;12.375;0.0;0.0
10086;9.76470588235294;9.76470588235294;9.76470588235294;14.64705882352941;24.41176470588237;39.05882352941176
10087;0.0;0.0;5.33333333333333;5.33333333333333;15.999999999999991;0.0
10089;0.0;19.49093457735616;29.473079602156;83.42783696384424;93.64637077344786;112.97982020199764
10090;4.53071734101086;3.44503566288512;9.38259990110836;7.67584697578797;27.278204201650738;28.23394673855937
10091;4.92857142857143;9.85714285714286;0.0;4.92857142857143;4.92857142857143;24.64285714285715
10092;9.92307692307692;0.0;0.0;9.92307692307692;29.76923076923078;9.92307692307692
10093;5.3;15.9;5.3;0.0;10.6;10.6
10094;10.5538731026748;15.83566403553174;0.0;36.95589246787471;62.8711203217635;31.67271498532284
10095;9.67884695261226;4.72868411906855;18.71307643145291;4.95016283354371;39.4109443373029;40.1737151271007
10096;9.98158265973906;4.95186551485874;10.06004626885002;69.63904890268431;54.58851490693561;15.12960960270958
10097;14.34375;0.0;4.78125;4.78125;4.78125;19.125
10098;4.80174191994822;29.11334396802488;0.0;4.80174191994822;14.4806848939702;53.07104239039655
10099;25.96891978712686;31.14849296192068;0.0;57.17250500494161;31.15634285359979;52.00072220171247
10100;4.99412633648633;20.05147389482977;60.45683010947708;150.95310542635417;155.9449746704311;140.9276498393418
10101;10.4242424242424;10.42424242424242;5.21212121212121;20.848484848484823;26.060606060606013;20.84848484848484
10102;23.7241379310344;5.93103448275862;0.0;5.93103448275862;11.86206896551724;29.65517241379306
10103;22.64705882352938;0.0;4.52941176470588;4.52941176470588;18.11764705882352;13.588235294117638
10104;0.0;9.05039630809918;11.96912310185455;44.16783978063599;44.7626311131876;53.68048401318085
10105;0.0;0.0;0.0;4.16666666666667;8.33333333333334;0.0
10106;0.0;4.64516129032258;4.64516129032258;13.93548387096774;4.64516129032258;13.93548387096774
10107;4.43478260869565;0.0;0.0;4.43478260869565;4.43478260869565;17.7391304347826
10108;4.47368421052632;4.47368421052632;8.94736842105264;8.94736842105264;0.0;26.84210526315792
10109;5.38865286729025;5.71330413754137;0.0;28.261428748864;26.330857590304905;11.44616760649105
10110;4.66718813609284;14.030744235938052;55.69082028812989;64.85315660972566;87.90123678559566;55.83332775301151
10111;10.73684210526316;10.73684210526316;10.73684210526316;0.0;10.73684210526316;5.36842105263158
10112;4.475;13.425;4.475;4.475;26.85;13.425
10113;10.0781732069988;0.0;15.07419677845819;10.0781732069988;14.81873770487673;24.30709029279361
10114;4.8520356629217;9.75789444249578;14.76799159423916;49.10842529543287;83.33665401378788;118.04200137802572
10115;15.56956638999944;30.40006078885302;127.52158357803864;230.43551627835205;178.52931140768345;178.91071267357484
10116;0.0;0.0;15.0654839709833;36.47048620682345;42.45228689803661;13.97798019551294
10117;0.0;5.44;5.44;32.64;27.200000000000003;16.32
10118;0.0;0.0;0.0;5.41176470588235;10.8235294117647;5.41176470588235
10119;0.0;0.0;9.4054054054054;4.7027027027027;18.8108108108108;32.9189189189189
10120;18.952380952381;0.0;4.73809523809524;23.6904761904762;9.47619047619048;18.95238095238096
10121;32.0458149475476;10.44412640627148;10.61801903676734;10.27592949864747;42.32154503806353;47.85765705385721
10122;15.4828215606987;0.0;5.24965298254421;22.99826663962245;4.9835155956103;33.91313667468152
10123;5.63442776536622;24.93107540489196;44.48882341411634;71.63510889629352;90.31720557636254;112.87524428768252
10124;10.0986596193359;14.93267651338447;4.91894319728932;45.14223704254614;24.94497068961805;34.95715909436426
10125;14.5858545307577;9.72316715497142;4.90399949270313;19.61711139943508;69.21519708109223;29.42621738394056
10126;9.4074074074074;4.7037037037037;4.7037037037037;4.7037037037037;14.1111111111111;9.4074074074074
10127;10.1818181818182;10.18181818181818;0.0;0.0;0.0;0.0
10128;0.0;0.0;0.0;0.0;4.86666666666667;9.73333333333334
10129;0.0;25.47142845837549;25.586487402163;40.110491249905046;31.74911745848322;10.14201341237969
10130;4.71428571428571;0.0;18.85714285714284;14.14285714285713;0.0;18.85714285714284
10131;0.0;0.0;13.77781749167021;67.27116096433578;29.47674649724257;64.35926035760923
10132;0.0;34.624066762741464;19.51269047337432;24.29477694055336;24.39173907801911;33.77102654900924
10133;0.0;11.48617272156855;5.62004518024559;54.82632237699764;11.2504134446735;22.25474452826965
10134;8.7;8.7;0.0;13.05;0.0;0.0
10135;0.0;5.41176470588235;0.0;5.41176470588235;10.8235294117647;0.0
10136;10.36363636363636;0.0;0.0;5.18181818181818;5.18181818181818;0.0
10137;0.0;0.0;0.0;0.0;0.0;0.0
10138;6.52380952380952;0.0;19.57142857142856;19.57142857142856;0.0;0.0
10139;0.0;5.03225806451613;5.03225806451613;30.193548387096836;10.06451612903226;35.22580645161299
10140;9.93072400157668;24.66386862619561;18.96372367338744;48.448843003575966;135.6148614809902;103.46928477938604
10141;68.94382876659166;14.32384741250624;14.59122045135998;19.70205933804492;20.082970871031343;98.02382120742512
10142;9.84468352829537;24.81947863834952;69.14415632809659;168.09666789748064;212.77226631362845;182.56829216990852
10143;15.7241379310345;5.24137931034483;5.24137931034483;10.48275862068966;10.4827586206897;5.24137931034483
10144;10.0645161290323;5.03225806451613;5.03225806451613;20.12903225806456;30.193548387096836;15.09677419354839
10145;22.7777777777778;0.0;4.55555555555556;18.22222222222224;31.88888888888894;9.11111111111112
10146;0.0;5.86666666666667;0.0;5.86666666666667;0.0;23.46666666666664
10147;0.0;9.76087766048434;4.88043883024217;4.88043883024217;0.0;29.28263298145302
10148;0.0;5.02434820671455;26.076426337493253;105.34904565021417;51.45572505555244;47.1501598377979
10149;10.14943304875464;10.36018929600189;20.50800079384232;51.58856868184798;26.1136729703346;5.12700019846058
10150;19.68494311668653;14.52488602979578;14.405282717274387;24.12525547743795;19.56244431850682;33.47780774399955
10151;0.0;19.10213439442129;23.37552902247147;106.65275964166965;103.22395648095532;134.5714418929904
10153;20.78663910771951;15.37216768934076;30.41341860822764;39.8821684877348;70.82470745175715;90.81371623385591
10154;5.07142857142857;0.0;0.0;5.07142857142857;0.0;15.214285714285712
10155;22.25;8.9;8.9;0.0;4.45;17.8
10156;0.0;20.273387615848662;31.68110318730718;83.17589911563749;103.77744885793568;72.3241127239692
10157;5.21951219512195;5.21951219512195;10.4390243902439;26.09756097560975;26.09756097560975;31.3170731707317
10158;10.0271834019103;24.74509167544996;10.48047298110555;61.57265167314638;67.60495972768601;70.48075373716651
10159;3.95652173913043;7.91304347826086;3.95652173913043;11.86956521739129;7.91304347826086;3.95652173913043
10160;9.0;0.0;0.0;0.0;13.5;4.5
10161;11.1111111111111;0.0;11.11111111111112;0.0;5.55555555555556;11.11111111111112
10162;20.272878071010098;20.06817416812723;5.43440997805651;24.793311626997895;40.20576991008758;28.591171887969335
10163;10.25;0.0;0.0;5.125;0.0;0.0
10164;0.0;24.66409853654021;22.22659016702791;102.56246011152454;44.53218012338942;51.49495252874671
10165;0.0;27.07341163049135;10.09971426069053;47.12869130119032;53.46083866091265;21.13527787008237
10166;0.0;10.27152442327256;10.2712090551463;41.12555360067745;36.11091982068653;46.56437651759087
10167;5.1764705882353;0.0;0.0;5.1764705882353;5.1764705882353;10.3529411764706
10168;4.31578947368421;4.31578947368421;0.0;4.31578947368421;12.94736842105263;17.26315789473684
10169;10.0465129819812;0.0;5.02325649099058;35.16279543693406;25.11628245495298;30.13953894594352
10170;46.4674814853762;10.311091928741568;15.45369402380252;15.55968591707132;30.90684608061821;82.57006284843256
10171;0.0;4.94284021005468;0.0;19.93529112893325;20.43795555700316;59.99646400888324
10172;9.15151515151516;4.57575757575758;9.15151515151516;9.15151515151516;9.15151515151516;36.60606060606062
10173;0.0;10.23242934857418;43.388861213267546;31.476638829698565;66.51605010723775;61.69505227049048
10174;0.0;4.75;0.0;23.75;19.0;19.0
10175;4.61111111111111;9.22222222222222;0.0;13.833333333333329;23.05555555555552;23.05555555555555
10176;4.96666666666667;4.96666666666667;4.96666666666667;19.86666666666668;19.86666666666668;44.70000000000003
10177;0.0;0.0;9.3939393939394;28.1818181818182;18.7878787878788;18.7878787878788
10178;0.0;0.0;5.16558095740978;10.03731600556354;20.07463201112708;40.64402426786525
10179;5.0085644076795;15.025693223038498;17.92329528419069;52.077233304660325;70.64005578773084;33.34170787099489
10180;5.64705882352941;5.64705882352941;0.0;11.29411764705882;0.0;5.64705882352941
10181;9.00690116731024;2.85142789371431;3.41777785044165;8.32806291158291;11.85832906102455;44.54231995971999
10182;0.0;6.27777777777778;18.833333333333343;6.27777777777778;0.0;12.55555555555556
10183;0.0;0.0;0.0;4.375;8.75;4.375
10184;0.0;0.0;4.66666666666667;14.000000000000009;14.000000000000009;14.000000000000009
10185;0.0;0.0;14.63443227584358;14.63443227584358;24.39072045973932;29.26886455168716
10186;19.58491378952284;19.857074468043862;34.57166783375677;84.50069428085801;35.39318489719251;34.20925149071885
10187;51.5808184492004;12.50635202874067;9.51485013617636;14.28871745389375;21.96267730902483;55.81151973406727
10188;15.2593748020411;5.57825991832486;0.0;10.18828714019393;19.03111985607569;40.396687885021336
10189;4.30769230769231;0.0;0.0;0.0;12.92307692307693;8.61538461538462
10190;15.21578763266178;28.36746294704859;37.77678491129917;119.16467553026428;41.11698349775804;25.48806972511239
10191;4.46643723804147;27.94292406478341;62.06566458164255;107.6624851368265;88.37614189033967;104.59713599774156
10192;0.0;10.75;5.375;0.0;10.75;26.875
10193;0.0;15.717094582068349;15.59493686949093;25.83790076857155;25.7130225859578;68.36478328294184
10194;5.41176470588235;0.0;0.0;16.23529411764705;21.6470588235294;10.8235294117647
10195;16.47582673068799;10.28609996578427;5.54331193715079;21.855183096512288;16.3118711593615;53.16198809554036
10196;0.0;16.17069590921392;10.10335422726808;15.530881947178418;26.39212607172184;15.658203313529718
10197;10.06060606060606;5.03030303030303;0.0;15.09090909090909;10.06060606060606;25.151515151515163
10198;0.0;4.23076923076923;0.0;21.15384615384615;12.69230769230769;21.15384615384615
10199;35.11516038499136;9.96280714012195;5.00012310996912;14.8883324204957;35.11487156367199;65.26621812303418
10200;0.0;0.0;11.1764705882353;22.3529411764706;5.58823529411765;5.58823529411765
10201;0.0;0.0;0.0;0.0;21.33333333333333;0.0
10202;0.0;0.0;0.0;9.86565644377056;9.83892024744598;24.597300618614952
10203;4.69362491521944;4.99641174919915;14.29213141176564;38.41299186442964;57.2930163719158;62.850739645179736
10204;4.375;0.0;4.375;13.125;8.75;8.75
10205;9.05882352941176;4.52941176470588;9.05882352941176;0.0;4.52941176470588;4.52941176470588
10206;5.28;0.0;10.56;21.12;5.28;10.56
10207;4.96153846153846;0.0;0.0;4.96153846153846;14.88461538461538;24.8076923076923
10208;5.08198936525812;25.43680366958452;15.250441609909132;35.60077058987086;45.80500706845075;25.42336344462219
10209;15.129294879182533;55.39619039311866;130.81365721466335;261.23349776662474;226.15831988979957;205.31337340394543
10210;0.0;25.603974823465023;20.183420612205893;35.3045345512694;60.36903332731535;45.54386317323144
10211;5.01664426976914;20.63846456423636;71.46208928799975;152.79784620533636;90.42594726508074;88.63405679530747
10212;5.84210526315789;5.84210526315789;5.84210526315789;5.84210526315789;11.68421052631578;29.21052631578945
10213;16.200000000000003;0.0;5.4;10.8;5.4;10.8
10214;6.28571428571429;0.0;6.28571428571429;6.28571428571429;6.28571428571429;12.57142857142858
10215;0.0;35.3089294873955;0.0;29.97020944556179;15.01446022476628;25.01405761035473
10216;29.78347113825342;9.80148263326024;64.63961954522661;128.72930527485929;821.533242054331;207.049742124426
10217;0.0;0.0;0.0;5.66666666666667;17.000000000000007;5.66666666666667
10218;15.3636363636364;5.12121212121212;0.0;15.36363636363636;40.96969696969696;15.36363636363632
10219;11.66666666666666;5.83333333333333;5.83333333333333;0.0;0.0;17.50000000000003
10220;9.87805592908117;29.80162405343208;74.227438374143;103.74013545552891;177.6316173404002;197.4606640998361
10221;8.36842105263158;12.55263157894737;0.0;0.0;12.55263157894737;25.105263157894743
10222;0.0;20.5961009999004;10.29691230778782;56.848397202066494;35.82846623768507;41.41581885495164
10223;16.077914602783352;0.0;37.40368112561415;27.07845907705544;105.89264559653404;63.903287386069024
10224;9.66549419749521;74.09655368863758;84.77046277571802;217.2101577253049;198.6819259101779;162.87536105858737
10225;0.0;5.48663173927071;5.57449901355239;38.15247166124929;27.43729185303807;38.32132489227387
10226;0.0;0.0;0.0;23.0;5.75;5.75
10227;0.0;0.0;9.32714185095871;22.43958024066682;41.29467932532707;68.77458657894212
10228;11.08108108108108;0.0;0.0;16.62162162162162;16.62162162162162;49.86486486486486
10229;0.0;0.0;5.31578947368421;21.26315789473682;15.947368421052609;5.31578947368421
10230;19.27766777379719;19.51844126440627;68.89299172568019;81.81464419826312;101.53849300039846;33.09776294345196
10231;5.07518952238751;0.0;15.10087086491836;100.7542399022514;75.08800127754861;70.17943477523603
10232;25.58183070499307;5.08106066426057;5.25758804795074;21.04261810211244;35.75580610686799;56.27476909458686
10233;0.0;46.36962523651037;25.378725139013063;153.40844238460755;128.0324529187946;200.09634122298965
10234;0.0;8.4197028271449;4.56213753196774;34.55199947031579;32.04838247357344;23.379064149410752
10235;0.0;4.41666666666667;0.0;8.83333333333334;4.41666666666667;13.250000000000009
10236;10.54545454545454;5.27272727272727;0.0;5.27272727272727;5.27272727272727;0.0
10237;10.4018560320545;9.949771827728627;40.25994673224165;45.60886548346406;86.20409054372844;49.631654545961
10238;0.0;15.07739461647662;40.29780429491143;50.37238652585129;50.33808211016311;35.260745498495936
10239;0.0;30.7565182397113;60.15723762603347;69.7466540568938;89.57579109006235;54.78948797421385
10240;0.0;20.47565577753175;25.73606949276517;71.51214143348588;60.8758111712908;19.93511275268757
10241;10.5454545454545;0.0;0.0;5.27272727272727;5.27272727272727;21.090909090909072
10242;14.53125;0.0;9.6875;4.84375;9.6875;9.6875
10243;5.15;0.0;0.0;10.3;10.3;15.45
10245;5.19029499695876;19.8110802997252;70.00898980605555;139.69348094318875;126.89335173419502;50.55746762860208
10246;9.02983009611816;0.0;18.75672461092061;13.73713107542693;32.60255759302788;47.358345443847696
10247;23.2;0.0;9.28;13.919999999999998;9.28;18.56
10248;59.51105121422783;26.84165357370836;21.10321002824739;36.29437831380385;47.93504163975896;11.25459392537084
10249;19.622892051706728;9.28585857152841;26.87533655459529;42.206218831346106;67.72688083851476;39.82464617087821
10250;10.4761904761905;0.0;5.23809523809524;15.71428571428572;41.9047619047619;26.190476190476215
10251;0.0;5.3649952809717;10.62584489084546;21.46204282905096;26.6207684510232;52.41637899902239
10252;15.5;5.16666666666667;0.0;10.33333333333334;0.0;20.66666666666664
10253;0.0;19.01165444976644;0.0;4.49985058397735;31.49895408784145;0.0
10254;5.37722589417728;10.4467099016081;10.75445178835456;26.57727078144731;31.800625732251294;57.920718704753085
10255;18.35583285523205;4.59590527256505;13.662834324551833;50.3743302145948;36.62774824678466;9.16385223062532
10256;10.9159569173727;15.951596095073668;5.35187800308323;58.77483019064232;53.73510602489273;31.8052617106414
10257;0.0;0.0;7.25;0.0;0.0;0.0
10258;5.74073131088448;0.0;5.17554357732021;23.889708609736868;33.73125201707065;62.90231390274792
10259;4.85352399675067;4.91341451284546;0.0;33.68103773257874;43.03598072380606;47.9486918065564
10260;5.005327871896;31.21292175237741;30.522282244200436;101.7759352832198;86.56341125053278;70.96348074812461
10261;38.02644993297039;11.0473322938596;32.19123531852808;26.82553895864999;69.16039308943519;105.9945742831572
10262;45.0072738773476;14.62450160586;25.07461219061127;20.29279507538198;14.994047667122093;46.26297913496127
10263;0.0;4.92716889164715;0.0;24.62923887954879;59.10841871237574;64.01137501751782
10264;17.05263157894739;0.0;5.68421052631579;5.68421052631579;0.0;11.36842105263158
10265;0.0;44.21322962044023;98.89285105269374;221.898502712344;361.1165160981661;281.1201597551942
10266;0.0;0.0;0.0;0.0;4.5;4.5
10267;0.0;4.76178889113164;0.0;59.492662677915234;24.7315451983347;29.38220586417708
10268;10.50510952869912;104.02991168089852;311.3904831703182;552.0439602085551;549.9396783080111;678.5270628226768
10269;10.55172413793104;15.82758620689656;5.27586206896552;0.0;31.65517241379304;5.27586206896552
10270;4.77814331877479;0.0;4.77814331877479;38.84167180199951;34.19590815422658;33.65374817914678
10271;9.77257199466995;14.617933429766389;24.36327339965235;29.3454080193454;92.44510099817808;73.06396393376392
10272;11.6;11.6;5.8;23.2;5.8;0.0
10273;0.0;0.0;0.0;0.0;7.66666666666667;7.66666666666667
10274;25.10364780455906;0.0;0.0;15.0966500185116;40.60246429634816;20.20066976566915
10275;9.82676980003746;4.91338490001873;14.74029101819986;49.44605304992897;73.98839519391748;68.76266560647709
10276;9.66921692951;9.90939119189574;14.92788636118325;24.60004955101751;34.631001004268285;24.71866355204825
10278;0.0;5.52;5.52;11.04;0.0;27.6
10279;4.18181818181818;0.0;0.0;0.0;0.0;4.18181818181818
10280;9.74741182121334;29.24358034729277;4.95534431546987;58.56816112104576;105.955668859335;121.8582638956142
10281;0.0;5.28461339316044;4.9779171651464;39.89563128093496;45.758038470664445;15.258247053182782
10282;0.0;43.6940750184433;63.98784196038482;216.47850624850892;143.40609471325513;157.28648804449773
10283;16.00000000000003;0.0;5.33333333333333;21.33333333333336;21.33333333333336;5.33333333333333
10284;0.0;5.66666666666667;0.0;17.000000000000007;28.333333333333307;0.0
10285;0.0;4.33333333333333;0.0;4.33333333333333;21.66666666666666;4.33333333333333
10286;0.0;0.0;4.92682926829268;9.85365853658536;19.70731707317068;29.56097560975608
10287;10.5734571422971;26.1476104317071;69.69355786016928;110.7172943648497;192.5147401612804;147.98492835825834
10288;29.13324355199201;9.74394681012791;0.0;0.0;9.73156753135488;48.65808715368391
10289;30.38751864860365;20.20902036762239;15.11963684944154;50.4836469725754;95.91323061842644;126.33774129176156
10290;14.14285714285713;0.0;14.14285714285713;18.85714285714284;32.99999999999997;9.42857142857142
10291;4.83783783783784;9.67567567567568;4.83783783783784;29.02702702702704;4.83783783783784;33.864864864864884
10293;9.875;4.9375;0.0;14.8125;4.9375;19.75
10294;0.0;0.0;0.0;0.0;7.86666666666666;11.79999999999999
10295;44.73031109531964;0.0;24.98860413595115;20.67204404564536;34.179726249274594;25.01280946505143
10296;33.5625;0.0;5.59375;5.59375;16.78125;16.78125
10297;14.93618025750337;99.64137869389796;204.84125197291564;349.71832844898586;543.7596358497656;443.3282488325441
10298;10.34465340787034;61.26554413320234;10.30426210233176;107.85646785552436;107.68430028390202;117.92121598227143
10299;9.43554475254617;14.17510762702383;28.29155428660058;50.86675838199733;33.85618652351976;103.77849750355952
10300;4.8643019606055;10.88659819473516;9.23599573218166;21.71143396790496;27.3160985898688;41.83402789482185
10301;15.7058823529412;5.23529411764706;20.94117647058824;10.47058823529412;26.17647058823528;20.94117647058824
10302;3.73913043478261;3.73913043478261;0.0;7.47826086956522;11.217391304347831;0.0
10303;0.0;0.0;0.0;5.14285714285714;10.28571428571428;10.28571428571428
10304;0.0;5.05555555555556;5.05555555555556;5.05555555555556;15.16666666666668;15.16666666666668
10305;11.125;0.0;5.5625;0.0;11.125;16.6875
10306;5.81880198025124;10.23934949467336;26.97674740723867;21.15794542698748;10.248671499640992;20.05099761566534
10307;9.08312703734062;9.44699538212018;30.47110746912425;28.33397601727266;33.23940788072253;27.43455534619434
10308;9.40837066755074;9.70081262357878;14.476989582509908;18.965200040818;14.92698026639194;39.11848706135057
10309;9.2;0.0;4.6;13.8;0.0;4.6
10310;5.72222222222222;5.72222222222222;5.72222222222222;40.05555555555546;17.16666666666662;17.166666666666657
10312;0.0;10.36363636363636;0.0;10.36363636363636;20.72727272727268;25.909090909090946
10313;0.0;4.85878718273224;0.0;33.8766145387701;26.7375920243032;71.71126545815959
10314;25.30961332626923;10.1536814504185;0.0;45.6916692983687;45.747586394299134;60.75440710950252
10315;0.0;0.0;0.0;0.0;0.0;6.0
10316;0.0;14.92857142857144;9.95238095238096;29.85714285714288;14.92857142857144;34.83333333333336
10317;153.27728821536806;24.86100129475243;10.07705756775356;68.73631209296337;105.23948664462432;129.67799665724834
10318;5.37931034482759;0.0;21.517241379310377;16.13793103448277;16.13793103448279;21.51724137931036
10319;0.0;0.0;9.47371271439326;19.7222725210267;43.15913205517968;47.26686742627784
10320;5.28165611418399;13.75964187830811;10.03177577657598;18.5097615407001;18.78115745356153;23.81745501331155
10321;9.88780105066022;99.43016894316789;318.2618291892045;447.49040351386594;368.2284739974813;233.9128344362387
10323;23.604228005327087;225.2008898378544;355.93827945049003;966.4349787289772;1444.191367319249;1364.5747103081385
10324;0.0;10.83870967741936;0.0;16.25806451612904;37.9354838709677;10.83870967741936
10325;14.48334781382475;99.1041822310324;316.97640822147326;560.1557079731871;582.9601773418942;343.22726255713064
10326;5.29032258064516;0.0;0.0;15.87096774193548;15.87096774193546;15.87096774193548
10327;15.3913043478261;0.0;0.0;5.1304347826087;15.3913043478261;25.652173913043494
10328;4.79010408835968;9.76771194181442;9.58020817671936;29.05340030477693;43.36466309537889;14.43254402065031
10329;0.0;19.83123026681589;19.89639771576605;94.31223909164996;74.25512485687379;39.58333716834311
10330;9.82608695652174;0.0;0.0;14.73913043478261;9.82608695652174;0.0
10331;10.24167579161128;15.69070432620736;31.922786441435463;46.43671050450163;73.80074726519823;93.6427460365904
10332;0.0;15.22065178649264;19.56365049947466;58.93968443565942;49.59598586717786;49.76405585763089
10333;3.44601385277566;242.9321419809252;837.9391556854655;1421.5588135545263;1463.938938285221;903.0786258522022
10334;0.0;0.0;25.20785615454373;70.85053949257;76.1690945810854;106.23410170389954
10335;10.25751576889421;5.05839067542073;10.39825018694696;20.58395050810032;20.72662924991782;15.31494095183865
10336;10.0709552376751;9.55653608464086;19.878127542711347;59.63507221738236;44.79765083966286;30.50297643867993
10337;3.55555555555556;3.55555555555556;0.0;0.0;0.0;3.55555555555556
10338;4.91666666666667;4.91666666666667;4.91666666666667;4.91666666666667;9.83333333333334;24.58333333333335
10339;4.75701306018271;19.442624522185294;19.77863982505022;26.81698390829685;30.04325352973505;39.219323297870986
10340;11.0830451599383;132.7862889409763;140.3890460381585;350.848119565905;210.97738974301865;169.08282353048975
10341;5.02452348956133;5.51321932530169;21.16633558564955;47.422805407751625;42.73051705111597;48.97049997970227
10342;0.0;35.92573882073841;5.00898365343687;46.06513313846315;56.70878919914379;35.92559730060056
10343;14.9514325455746;219.6879259721429;417.6816795810637;675.9248302611604;691.6784428919315;512.0534153677554
10344;0.0;20.220207332147808;70.80559242426644;96.29526045800309;136.48088213330146;65.76717505917081
10345;4.87159077614239;9.690471462309867;0.0;48.62379929330015;82.67211765385659;24.30538675756091
10346;0.0;6.25;6.25;0.0;6.25;0.0
10347;0.0;18.26086956521745;4.56521739130435;31.95652173913045;9.1304347826087;13.69565217391305
10348;9.70212765957446;0.0;9.70212765957446;9.70212765957446;24.25531914893615;38.80851063829784
10349;20.04019432257533;103.01851310201243;185.4515122902736;334.3150724791032;312.46680320397144;276.22432587086394
10350;5.16015633405287;21.11275002830762;20.94674768651049;83.78306270771036;78.77566324419568;53.43473387539428
10351;5.15027901952592;4.94135310754773;15.27726077864411;55.70604421791043;21.29123892853262;47.94863249987927
10352;19.96997194447611;39.83408796691667;134.70461720926994;268.90831110227504;179.4933274568554;149.61593575185262
10353;9.88107621355487;10.148367821119;20.20604124232625;145.8898167377666;90.80724033092928;75.82320086429188
10354;16.32;0.0;0.0;0.0;16.32;21.76
10355;0.0;0.0;14.785714285714288;4.92857142857143;24.64285714285716;4.92857142857143
10356;0.0;14.85391173050842;5.557028334836;32.076504014631;32.1125297072287;37.35071336058281
10357;35.263868350654576;61.688563170278414;198.54957581429323;248.90584480559187;340.1513419288673;239.9979194816855
10358;4.9975227713275;44.64700428541317;44.72952906702541;34.75528648379182;114.28179383694304;114.50942618599368
10359;0.0;35.37090646643499;10.11929765415772;40.38369269789755;29.68314760054143;113.7598539771972
10360;0.0;25.9134844650575;67.40267146356543;145.1679807370542;82.72681288736108;76.84178687618186
10361;0.0;5.41302099487758;0.0;37.89114696414306;32.47812596926548;21.65208397951036
10362;24.56447348975351;240.19560028762004;675.4592161891836;1166.439850064667;1234.4473545077033;859.7760084633233
10363;0.0;10.31990100531046;0.0;56.76591944055856;77.40802966049961;56.764995776809336
10364;10.0;5.0;0.0;0.0;5.0;5.0
10365;4.84615384615385;0.0;0.0;4.84615384615385;0.0;19.3846153846154
10366;18.9;0.0;6.3;0.0;6.3;18.9
10367;5.04477631484665;44.91628998339704;34.62420008078322;69.72059911689888;60.192766736803605;119.3380218675632
10368;24.40881128362219;24.67009343940837;59.70796996335911;113.5709595281744;143.3469898798749;143.13449790171805
10369;8.93617021276596;8.93617021276596;8.93617021276596;8.93617021276596;4.46808510638298;22.3404255319149
10370;5.3522534943141;10.753087232278329;10.60988559301342;32.1143648212146;32.06831993966342;37.18275039909785
10371;4.89502295584848;14.36160773649084;25.37211538388029;25.36957636611;50.0626496778409;40.38787465105918
10372;13.903618143316592;0.0;21.24718975324589;29.715284756878503;39.07306203455247;44.907899772332144
10373;18.305610460876;19.60165354458999;63.25056235612797;37.7366236749159;38.379003926875896;20.244033796549974
10374;9.61290322580646;4.80645161290323;4.80645161290323;9.61290322580646;24.03225806451616;28.83870967741938
10375;0.0;15.56163160904663;46.35066894742525;30.226947003081342;41.55447923542811;20.33212802159578
10376;5.3448275862069;10.6896551724138;5.3448275862069;5.3448275862069;16.0344827586207;21.3793103448276
10377;9.90909090909092;0.0;9.90909090909092;9.90909090909092;14.86363636363638;4.95454545454546
10378;4.78571428571429;0.0;0.0;0.0;4.78571428571429;9.57142857142858
10379;15.3117045769968;13.92780112665727;24.26616605452865;45.60467399850774;74.25099004644204;39.08367114069378
10380;0.0;0.0;4.41176470588235;8.8235294117647;0.0;17.6470588235294
10381;18.51217626971257;40.76536384520259;112.01041700156964;147.97441761390593;113.48843956602803;84.93098617032489
10382;0.0;9.77010917210318;15.024993141622591;87.60124449390405;114.78533231694716;123.4188255431664
10383;5.14724528992728;5.14724528992728;15.44173586978184;15.44173586978184;10.2944905798546;20.58898115970912
10384;0.0;4.76190476190476;9.52380952380952;19.04761904761904;19.04761904761904;33.33333333333332
10386;19.53488372093026;9.76744186046512;14.65116279069768;0.0;34.186046511627936;14.65116279069768
10387;62.80093734907186;1279.8642394915084;3161.6901935538503;5708.331392116746;6535.053588337554;5034.661081058641
10388;0.0;0.0;0.0;4.2;0.0;8.4
10389;5.19047619047619;0.0;0.0;10.38095238095238;10.38095238095238;10.38095238095238
10390;18.0;4.5;4.5;4.5;13.5;27.0
10391;9.93693508831787;4.96842926360699;19.83493926437745;39.65064290709268;39.90399963362008;0.0
10392;25.5027354664727;0.0;26.02848878124664;41.23808292118375;20.88953616501529;56.57636259262219
10393;10.45714285714286;15.68571428571433;5.22857142857143;26.14285714285723;20.91428571428576;10.45714285714286
10394;0.0;0.0;0.0;10.18181818181818;10.1818181818182;15.27272727272727
10395;4.71733802759638;10.68982404532116;15.80472555532834;30.12995314296169;20.52278836943581;16.47192777248896
10396;4.91849153113004;29.2815273673526;29.117687129338883;83.22131996048428;24.42839734692637;34.29828049921525
10397;0.0;0.0;5.3125;5.3125;31.875;26.5625
10398;5.21428571428571;0.0;0.0;15.64285714285713;10.42857142857142;0.0
10399;10.1514817001918;15.35826539853469;30.69773179722658;51.22573456417881;102.35726525926958;112.52796040672196
10400;13.44444444444444;0.0;0.0;8.96296296296296;8.96296296296296;8.96296296296296
10401;4.95345386030346;56.78387133482073;42.29820235778587;180.94056558103168;242.1140954310083;268.1951974519014
10402;5.15107799850006;15.52582465642488;20.248391940971423;46.581523206648455;25.829998164257734;15.67100597827434
10403;4.15384615384615;8.3076923076923;4.15384615384615;4.15384615384615;8.3076923076923;0.0
10404;22.0;5.5;0.0;0.0;5.5;27.5
10405;0.0;0.0;0.0;4.21428571428571;12.6428571428571;12.64285714285713
10406;14.4674543505829;49.32462212991943;83.00282983861698;196.259653931149;222.17671286670665;112.94931325972088
10408;11.33333333333334;0.0;5.66666666666667;11.33333333333334;5.66666666666667;28.333333333333307
10409;4.65923507573593;21.15190152202742;34.86900838889764;103.30069998951984;40.55606851233339;49.21835285711121
10410;0.0;4.29166666666667;4.29166666666667;12.875000000000009;12.875000000000009;17.16666666666668
10411;0.0;0.0;0.0;0.0;4.0;4.0
10412;5.01720582811815;14.79196294373581;79.17913669240963;118.1478929785942;124.1386471528307;44.57462317216867
10414;0.0;4.66666666666667;9.33333333333334;9.33333333333334;18.66666666666668;14.000000000000009
10416;4.80656842972248;0.0;14.800043839212488;34.65757728879035;19.723958971797;15.43448327775322
10417;0.0;10.2;0.0;56.1;10.2;40.8
10418;10.0;5.0;0.0;20.0;30.0;40.0
10419;4.88391791523624;20.29253101068949;54.39545779351033;74.51495032581799;89.74906669311099;59.692978738179406
10420;25.18904234313827;20.36200609578874;151.62639000642525;197.55277594734943;182.49921512416523;192.45263950733047
10421;0.0;0.0;0.0;5.25;31.5;31.5
10422;5.34285714285714;0.0;5.34285714285714;5.34285714285714;26.714285714285737;37.39999999999998
10423;4.86549084380893;9.73899491635205;9.53749312737486;74.68386313733711;37.97219174039898;49.70314725410029
10424;0.0;0.0;0.0;4.92307692307692;4.92307692307692;0.0
10425;0.0;0.0;10.40189944601602;40.5362999667198;35.32579775222224;19.72309002161754
10426;0.0;20.14415350793868;25.142721684942607;45.16202624028672;145.78537049807727;110.66815079212348
10427;28.7020508042073;0.0;4.78696913520941;19.14568042857208;9.57393827041882;52.64787704621203
10428;22.0;0.0;0.0;0.0;11.0;16.5
10429;0.0;10.09688373179234;10.00649889307723;49.94207957659916;14.73773220131734;40.11973730236336
10430;0.0;0.0;0.0;10.375;10.375;20.75
10431;11.3333333333333;0.0;0.0;5.66666666666667;0.0;11.33333333333334
10432;9.2;0.0;0.0;4.6;4.6;0.0
10433;4.96828566147402;0.0;0.0;44.06291177220282;34.10094877947208;14.65027549963953
10434;0.0;5.09090909090909;5.09090909090909;5.09090909090909;5.09090909090909;5.09090909090909
10435;0.0;0.0;18.9;51.975;9.45;14.175
10436;0.0;0.0;0.0;4.64102564102564;27.84615384615384;32.48717948717952
10437;9.99725055394182;4.99707362959624;9.87116055919405;19.994501107883643;65.13165376984786;123.90276791167796
10438;39.53928058910053;5.26282338673928;4.86438618046297;14.98375480754087;28.45731063200053;19.65284285492784
10439;15.25000000000003;0.0;10.16666666666666;5.08333333333333;5.08333333333333;15.249999999999991
10440;20.2857142857143;5.07142857142857;0.0;10.14285714285714;5.07142857142857;20.28571428571428
10441;10.27347854232689;15.0087905387079;5.12102982640928;10.24205965281856;17.06561449237521;15.90609452009952
10442;19.3971751752459;14.4574782501756;14.63791229066728;68.49243768563174;97.46876132826432;78.01241567336766
10443;0.0;0.0;0.0;4.2;4.2;21.0
10444;5.11363636363636;0.0;0.0;25.5681818181818;56.2499999999999;25.56818181818182
10445;5.57894736842106;0.0;5.57894736842106;5.57894736842106;5.57894736842106;5.57894736842106
51001;0.0;5.0;10.0;10.0;20.0;20.0
51002;67.6574460272692;44.52699012250533;39.168781148165976;130.30886495308704;127.7366007725684;173.09830935227333
51003;0.0;0.0;0.0;42.53307620643645;42.817692772730894;42.671686259643
51004;4.64;4.64;4.64;4.64;13.919999999999998;13.919999999999998
51005;5.17647058823529;5.17647058823529;10.35294117647058;10.35294117647058;20.705882352941188;36.23529411764705
51006;0.0;9.375;4.6875;14.0625;9.375;18.75
51007;66.24114719554748;30.594148359070267;61.16698689205536;112.12592512737928;45.8762967534039;142.6136134016105
51008;0.0;14.0067618054301;14.194890304409231;18.770062517828062;28.01162844427003;18.77006251782806
51009;5.16962857200371;4.92861185933462;4.81235055650184;79.11004146278005;104.20464943914476;85.1357693216621
51010;0.0;11.03925100225916;5.51962550112958;5.51962550112958;11.03925100225916;27.598127505647938
51012;10.1428571428571;5.07142857142857;10.14285714285714;5.07142857142857;0.0;5.07142857142857
51013;10.0;0.0;5.0;15.0;20.0;15.0
51014;4.76723687278072;25.75864848647013;14.93729329521774;69.13913369691335;5.08502821121851;4.76723687278072
51015;0.0;18.16666666666667;0.0;13.625000000000009;13.625000000000009;4.54166666666667
51016;5.05285845152311;9.8671523639551;19.9721568622307;9.8671523639551;29.690471955769528;14.859836439245267
51017;5.24276382250982;5.24276382250982;10.54896249202511;41.50713064135711;41.505622998311125;51.55689301182807
51018;15.30265668268251;15.37771071395208;40.98205015600553;117.6081200428848;92.00343734431765;127.7788009385739
51019;16.2127659574468;5.40425531914894;10.80851063829788;27.02127659574472;32.42553191489366;32.42553191489364
51020;0.0;0.0;4.0;4.0;4.0;4.0
51022;5.75;11.5;5.75;28.75;28.75;23.0
51023;0.0;4.87913423263538;5.23478273171264;47.95396074228067;20.96505475859303;31.12905813436995
51025;0.0;38.63293084706698;82.30577844546472;161.7730344967189;139.32882364679682;117.77306743370178
51027;20.2234289389971;4.98615595008896;0.0;40.28353107496086;45.3628016993233;28.522255536236106
51028;36.1530459857464;52.30482562715813;31.398482015536626;95.35942109766044;78.68653464111664;136.49718794563046
51029;85.47761724572521;51.11624090355424;90.6017047938132;211.02764618919065;131.3531717576624;230.81728438642045
51030;73.86706597708265;92.15889001063968;139.5986142022942;477.2697028412486;635.6264544721516;702.8327925039893
51031;9.71441011241029;9.08266706075663;29.271841359203982;47.58736425483449;28.64566400887368;19.26296478203486
51032;5.13807447998168;9.60028243163412;24.71386907365796;34.79019279849224;59.89986299526304;55.14453541693554
51033;8.06120334186724;4.20767941797251;4.39253677983231;13.08418818958409;50.70618507611376;63.148339844103305
51034;0.0;0.0;0.0;0.0;0.0;7.33333333333333
51035;13.7577575095053;0.0;0.0;13.53313093328499;18.89780770317971;49.53886014117128
51036;45.45762956072352;10.32394465198629;25.24569195150581;60.72848391749409;20.38570290253861;65.15252127170646
51037;0.0;23.694511680028448;19.9008194213271;48.61630610664963;38.66699108509723;21.52556346776795
51038;24.72222222222218;9.88888888888888;4.94444444444444;9.88888888888888;9.88888888888888;29.66666666666664
51039;5.47058823529412;0.0;0.0;16.411764705882362;5.47058823529412;10.94117647058824
51040;9.75285006845186;4.87642503422593;4.75209863907488;14.25946566810214;13.656690569493971;43.16097048503345
51041;10.4210526315789;5.21052631578947;5.21052631578947;10.42105263157894;5.21052631578947;15.63157894736841
51042;37.11000941334026;15.63149295536456;0.0;21.25799591473574;47.4262174422779;26.41757089878001
51043;10.60406649678352;63.91656485283278;110.74955758990704;231.72853371635915;372.2436443151535;304.1249439599217
51044;15.52705744679987;5.02726107490943;50.79047787782733;66.54398282773649;102.26603439858984;132.26669253895426
51045;11.44444444444444;0.0;5.72222222222222;5.72222222222222;0.0;28.61111111111114
51046;24.38285114582;34.40460307158793;127.81272702208996;122.41055406985596;83.44537913510946;63.29665978593104
51047;5.5;0.0;0.0;0.0;0.0;5.5
51048;15.84375;5.28125;10.5625;5.28125;10.5625;21.125
51049;70.6421723169404;14.6410565202704;24.510956626181382;54.65740817722532;44.2955608543258;104.2321888205613
51050;4.48387096774194;4.48387096774194;0.0;13.451612903225822;13.4516129032258;8.96774193548388
51051;15.612244897959162;15.612244897959162;15.61224489795918;46.83673469387758;10.40816326530612;26.02040816326528
51052;23.03670780408573;18.93996264895597;43.21231302111831;114.12095994060418;47.1557389150938;37.41004373277389
51053;9.125;0.0;0.0;9.125;0.0;9.125
51054;4.86261122421758;8.56572478764302;61.80457606950751;176.65970164165944;173.29388240890137;189.1859470138933
51055;19.6491635618318;160.58231098476622;504.82955625230863;833.5929296900928;871.3429639556678;479.6670344643464
51056;23.84801057493786;14.73824827001271;10.3720157150971;23.86781414573491;29.83266266137385;24.835967152846575
51057;0.0;5.0;0.0;10.0;0.0;15.0
51058;28.34162428713314;152.32476285939435;573.003788220407;581.3450308261745;498.0925057737877;259.62205151642803
51059;5.09148072114924;10.1829614422985;10.17152362213894;30.583326607782723;25.46894449382908;30.58332660778272
51060;0.0;0.0;10.258064516129;10.258064516129;20.51612903225808;30.77419354838708
51061;16.6451612903226;0.0;12.48387096774195;12.48387096774195;16.6451612903226;16.6451612903226
51062;0.0;5.05555555555556;0.0;5.05555555555556;0.0;25.27777777777782
51065;9.80713868649541;5.29440714239543;35.04031104012853;81.5501806845059;65.37053200713319;80.15185871332784
51066;0.0;4.85962706134071;0.0;19.36944217932663;33.878216753298844;81.65146780434267
51068;0.0;4.54545454545455;0.0;22.72727272727275;27.27272727272725;40.90909090909095
51069;3.86666666666667;0.0;0.0;7.73333333333334;19.33333333333335;30.93333333333338
51070;4.53760962766728;9.24292649867687;0.0;18.28011990709337;22.87378251624124;22.94839579322581
51071;0.0;16.18421052631578;21.57894736842102;26.97368421052632;43.15789473684204;16.18421052631578
51072;5.45238095238095;21.8095238095238;16.35714285714285;32.71428571428575;38.16666666666664;10.9047619047619
51073;9.22448979591836;4.61224489795918;13.836734693877542;36.89795918367344;41.51020408163262;13.836734693877542
51074;14.5213132616536;24.72450775471565;128.90490543015375;381.6462567419436;233.4946930247588;144.093794335355
51075;20.4088454769488;46.25599367676965;102.5336258092701;214.6893081260076;169.33137941211982;87.29681589968294
51076;26.125460740125803;21.06880189557448;54.48245786738268;35.6639978308884;35.96722417125537;32.13430845893882
51077;5.64516129032258;11.29032258064516;22.58064516129036;39.5161290322581;11.29032258064516;0.0
51078;0.0;4.87226350862631;47.38470255445975;86.47661191592742;60.15092865653543;23.99218965210045
51079;55.06237316278551;43.93133899246346;65.42068343084291;65.39808248790206;78.35856084506607;97.09425338549404
51080;0.0;10.21052631578948;5.10526315789474;30.63157894736844;15.31578947368424;10.21052631578948
51081;0.0;9.06108761126387;45.06996267533319;57.41019200752604;22.59214631119346;5.35032923586419
51082;0.0;8.95238095238096;4.47619047619048;17.90476190476188;8.95238095238096;17.90476190476192
51083;0.0;10.8;0.0;10.8;5.4;10.8
51084;5.85714285714286;0.0;0.0;23.42857142857142;0.0;0.0
51085;56.4067962835952;15.44795989413895;20.117041023177983;35.25439985876248;30.17771659183702;55.47714365633992
51086;0.0;5.05104140929951;19.76731927796649;59.69747087783732;35.20941682188912;34.908631947679474
51087;10.4390243902439;5.21951219512195;5.21951219512195;31.3170731707317;5.21951219512195;31.3170731707317
51088;0.0;34.64241310616844;35.22714753125824;53.68258560116501;48.619872075662;35.49084505615118
51089;12.0;0.0;12.0;4.0;8.0;8.0
51090;10.2619932359239;0.0;4.99290825263093;24.79142177445722;24.87959826449234;59.9231624613312
51091;9.57142857142858;4.78571428571429;4.78571428571429;4.78571428571429;19.14285714285716;14.35714285714287
51092;15.651467790118929;15.6518289755251;0.0;31.52161494004418;15.738648171505972;36.82740808936211
51093;46.9362469636876;10.47165235258267;40.99047116170401;46.412068789246;41.52082579481434;41.6975411439038
51094;0.0;0.0;0.0;10.51428571428572;42.05714285714288;42.0571428571429
51095;0.0;0.0;15.35294117647059;15.35294117647063;10.23529411764706;5.11764705882353
51097;16.2727272727273;0.0;5.42424242424242;37.96969696969698;10.84848484848484;16.27272727272722
51098;21.76;5.44;5.44;5.44;0.0;16.32
51099;0.0;0.0;13.5306452610045;55.54446648630279;57.428167761937885;57.44855013762998
51100;4.90476190476191;0.0;0.0;19.61904761904764;9.80952380952382;4.90476190476191
51101;10.2113464803972;25.37114308815736;106.5719200140498;91.35979676008677;55.86490070925259;55.76030582975097
51102;16.49835485811391;20.82071494950737;62.5702943423092;43.32696600467906;82.39953910928783;31.72799284666814
51103;5.11111111111111;0.0;0.0;5.11111111111111;30.66666666666664;20.44444444444444
51104;0.0;10.3076923076923;5.15384615384615;15.46153846153845;10.3076923076923;5.15384615384615
51105;37.31898486107148;84.27497635293787;247.503195058084;191.23441476844852;70.27474317538197;42.412430325863866
51106;11.54545454545454;5.77272727272727;11.54545454545454;11.54545454545454;17.31818181818181;17.31818181818181
51107;4.76883041328059;15.01373396011544;10.48817461739538;60.81970275953576;30.270738990791457;25.50190857751084
51108;89.3875573652302;845.1711212331916;2337.215133923147;4023.818333223284;5340.825333325282;4143.740978065692
51109;0.0;14.487804878048792;24.14634146341465;14.487804878048792;4.82926829268293;4.82926829268293
51110;0.0;0.0;0.0;5.8;11.6;17.4
51111;0.0;10.20689655172414;15.31034482758621;15.31034482758617;25.51724137931027;5.10344827586207
51112;58.6410781756646;15.09516749241735;52.69426769223028;82.15521159442423;14.32421645087604;28.42378240267593
51113;15.91304347826086;0.0;0.0;5.30434782608696;10.60869565217392;21.21739130434784
51115;0.0;21.77390752489054;48.98278504687579;81.38469718498621;27.10525358519786;32.505317479795295
51116;9.78151026336154;9.87936454115547;0.0;34.2119133485403;24.62563430582071;39.13192474680721
51117;10.4249324606215;15.59190596198695;25.927448139947906;51.89879383361106;15.50131755000424;36.07902018939125
51118;0.0;66.0659277551384;203.0174298471478;213.0339886284567;142.22047249732603;96.91315260134785
51119;25.28051469717823;35.293913186101626;15.18571729562885;55.9902017342858;40.8059250023155;66.09064300418348
51120;14.900000000000013;19.86666666666668;0.0;34.76666666666668;0.0;29.79999999999997
51121;9.93925358406021;14.899355558699291;9.901227196106031;0.0;49.41176043515178;49.24118718608736
51122;10.63636363636364;5.31818181818182;0.0;10.63636363636364;5.31818181818182;21.27272727272728
51124;5.44444444444444;0.0;0.0;5.44444444444444;0.0;5.44444444444444
51125;0.0;0.0;0.0;4.5;4.5;13.5
51126;7.5;0.0;0.0;7.5;7.5;7.5
51127;0.0;10.75;5.375;5.375;0.0;5.375
51128;4.15384615384615;4.15384615384615;4.15384615384615;8.3076923076923;0.0;8.3076923076923
51129;0.0;9.60798095882033;4.85107135686119;28.68246953359148;29.01413029305084;33.62769814520205
51130;5.50881811273998;4.95683401449088;10.73436085975421;10.46565212723086;22.96271244233237;44.44600079504327
51132;5.00006830243115;10.0001366048623;0.0;10.0001366048623;5.00006830243115;5.00006830243115
51133;5.72727272727273;5.72727272727273;0.0;11.45454545454546;0.0;17.18181818181823
51134;10.5758494370455;0.0;19.41846036580656;14.35867232163293;52.36109031395899;47.80460062831075
51135;8.52631578947368;0.0;0.0;8.52631578947368;0.0;8.52631578947368
51136;47.0208745868897;28.99048860626311;15.004324812321649;65.20436914169642;42.97555164207966;37.41023665958621
51137;25.97560975609751;15.58536585365853;0.0;10.390243902439;31.17073170731704;20.78048780487802
51138;0.0;0.0;10.28571428571428;0.0;0.0;0.0
51139;11.24765352026458;4.87287597426664;9.40876133409696;25.8662814430645;27.03505073293473;30.43106163115044
51140;19.569876110128853;11.7724486732884;31.93740023436997;48.33424703104883;38.8070885387764;20.608339119851596
51141;9.84625286024742;19.53840918451972;24.46180380944318;68.77074978907984;107.92624823390108;88.13190288106779
51142;9.9305863866521;24.4822459381377;14.63342473743446;29.442887380569523;9.9305863866521;29.17884459437903
51143;0.0;0.0;0.0;5.45454545454546;10.90909090909092;10.90909090909092
51144;4.94389632870439;24.471582461482992;4.81301585566983;67.15501997737267;77.83530776449803;48.16463069866428
51145;0.0;15.26869873776465;40.74380062163456;15.273241930968869;5.09183801150175;15.26869772389611
51146;4.10714285714286;4.10714285714286;4.10714285714286;20.535714285714302;8.21428571428572;8.21428571428572
51147;9.64038391233404;0.0;9.82578356266143;49.13588285463553;48.85684271423346;29.38727540554804
51148;26.66666666666663;0.0;0.0;5.33333333333333;26.66666666666673;21.33333333333336
51149;5.05593614473091;0.0;44.98151599095423;49.43806249143138;59.91661657595614;25.902094588609597
51150;0.0;8.3;8.3;4.15;12.45;12.45
51151;0.0;21.375;0.0;0.0;26.71875;16.03125
51152;47.15937246719755;5.34505836244541;36.10723597207596;73.0509934396047;52.13708853892626;83.01447154911236
51153;63.5942269189953;29.28855617618295;68.27674945137507;136.55338145833653;92.62037216656762;165.79560082306205
51154;13.2;4.4;13.2;4.4;26.4;44.0
51155;10.42688069024992;15.715301047693991;15.94296838787253;57.4272158417515;88.33232512079258;83.26613312018038
51156;9.46153846153846;0.0;0.0;23.65384615384616;9.46153846153846;4.73076923076923
51157;4.47368421052632;0.0;0.0;4.47368421052632;17.89473684210528;8.94736842105264
51158;20.56010726645856;10.31222467726924;10.27358096823626;51.470793735278704;46.44990223764399;97.89522346193527
51160;5.05532686759522;24.34533836246481;107.23486053538367;191.60030406525368;163.07519439570217;163.84989373443915
51161;10.46124829087634;28.81280684718374;68.9715524856071;88.05999227593904;88.54030630838074;127.5871756266152
51162;9.82768460185996;14.74335250765019;4.85956298178817;44.00987514831644;62.85763008217118;63.28890014452656
51163;14.9602639282167;10.00100354497188;0.0;0.0;45.08741591245333;75.0492985366083
51164;4.93103448275862;0.0;0.0;14.79310344827586;4.93103448275862;34.51724137931034
51165;14.61842355592662;9.03765281997508;24.65041643815359;60.82620377044549;121.011435191581;161.30413877697282
51166;0.0;5.5;0.0;0.0;11.0;0.0
51167;14.15625;14.15625;0.0;0.0;9.4375;23.59375
51168;0.0;5.3176183160603;20.13946280233144;30.80834095327797;5.3176183160603;40.2826554386449
51169;0.0;0.0;4.9;19.6;0.0;14.7
51170;0.0;5.78947368421053;0.0;5.78947368421053;11.5789473684211;28.94736842105269
51171;9.79978272235834;51.55399094451144;129.60406045819573;173.88701079363358;156.17144685698446;159.63976902439725
51172;5.11150011998239;100.33553936491116;499.4125401493067;910.6873218861168;658.8796110649992;294.5594746479308
51173;21.1666666666666;5.29166666666667;0.0;15.875000000000009;15.875000000000009;10.58333333333334
51174;0.0;0.0;10.5;10.5;0.0;0.0
51175;5.52631578947368;11.05263157894736;5.52631578947368;5.52631578947368;33.15789473684208;33.15789473684216
51176;0.0;9.93103448275862;0.0;9.93103448275862;4.96551724137931;9.93103448275862
51177;15.45;10.3;15.45;15.45;5.15;10.3
51178;0.0;0.0;0.0;0.0;11.57142857142858;23.14285714285718
51179;5.1875;0.0;0.0;10.375;25.9375;41.5
51181;4.88835823702901;44.33955083235304;42.91853871140823;68.77629370821715;14.206428790527733;13.61249909066836
51182;14.666666666666671;0.0;4.88888888888889;4.88888888888889;4.88888888888889;24.44444444444445
51183;0.0;46.53200492847534;67.33558118148044;196.3905065005536;113.91424669803818;155.10550951012613
51184;0.0;9.6632479763944;38.95696039085816;24.38519959090446;43.76105812687458;39.00478040825291
51185;0.0;0.0;5.0348889832728;24.90380294543817;29.84851930422002;83.97084972127155
51186;12.0;0.0;0.0;0.0;12.0;0.0
51187;4.96984006010349;9.83018444981621;24.60823216593066;54.2739195930605;19.70422444756398;34.59147757511282
51188;24.3181818181818;4.86363636363636;14.59090909090908;63.22727272727268;9.72727272727272;4.86363636363636
51190;0.0;5.53846153846154;0.0;5.53846153846154;16.61538461538462;0.0
51191;12.2;0.0;0.0;12.2;6.1;0.0
51192;9.84861471406766;0.0;29.50383676225657;34.33609991741501;29.59249558770566;49.38218747168294
51193;44.685428305643896;104.14729924759;163.893700565778;253.1977872019371;327.3561186389769;204.5430039863064
51194;0.0;25.904259252140346;31.51878446746937;59.15160365909063;48.06484529735444;21.01467946697509
51195;4.79062331310422;9.59460398244427;18.44940489729944;110.39744144617065;77.51002952675097;92.7152785140472
51196;44.9017583690124;29.75518438075382;58.91082429339066;64.44513353050029;93.67137881140977;99.27452234068876
51197;9.33333333333334;4.66666666666667;4.66666666666667;14.000000000000009;0.0;0.0
51198;34.6054774834884;14.908722956231;34.944494838646584;73.95017971566753;79.41549631638158;59.38192047149164
51199;41.11096148923717;10.10370406738296;15.12908256824725;46.02764486947086;51.21241653674796;51.00007048852049
51200;47.5883294267542;15.86214515234756;10.50810298509964;26.37024813744724;41.88478217994273;52.79285239032169
51201;21.78571428571426;0.0;0.0;4.35714285714286;8.71428571428572;4.35714285714286
51202;44.7172275552062;10.00407929725296;34.51307592481101;89.03225840879452;89.53501721534;54.82442115095359
51203;0.0;14.86666666666668;19.82222222222224;19.82222222222224;34.68888888888888;24.7777777777778
51204;49.1744140071779;44.21057099414734;93.21898661811085;117.69898588035348;98.34882150476083;133.80125908859355
51205;19.99768570749762;0.0;19.9272015526962;15.086868090658289;30.244220336117976;20.10440742150722
51206;0.0;14.499999999999991;0.0;9.66666666666666;24.16666666666666;4.83333333333333
51208;9.41666666666666;4.70833333333333;9.41666666666666;14.124999999999991;9.41666666666666;18.83333333333332
51210;35.13998280390585;70.47217246727116;85.60958600679187;150.987841277344;156.00402349153322;166.08252849038638
51211;0.0;0.0;13.27272727272728;19.90909090909092;13.27272727272728;13.2727272727273
51212;9.6969696969697;0.0;9.6969696969697;29.0909090909091;9.6969696969697;14.54545454545455
51213;12.5;0.0;0.0;0.0;6.25;0.0
51214;14.67857142857142;0.0;0.0;9.78571428571428;4.89285714285714;24.464285714285698
51215;0.0;13.33333333333332;0.0;8.88888888888888;13.33333333333332;8.88888888888888
51216;18.9313528801862;14.2213800331302;23.44493115682428;14.123928902917047;28.20112362109612;27.960475249289733
51217;116.2764310596554;70.59011240272676;101.1354311636826;276.5057230823452;272.40511555565524;353.7526736718521
51218;0.0;0.0;0.0;27.08333333333335;5.41666666666667;32.49999999999998
51219;5.1;5.1;0.0;25.5;10.2;35.7
51220;5.2962962962963;10.5925925925926;10.5925925925926;15.8888888888889;15.8888888888889;26.481481481481502
51222;6.42857142857143;0.0;0.0;12.85714285714286;25.71428571428572;6.42857142857143
51223;0.0;0.0;5.08333333333333;5.08333333333333;5.08333333333333;5.08333333333333
51224;10.7741935483871;0.0;5.38709677419355;26.93548387096775;26.93548387096775;21.5483870967742
51225;39.959259689717;14.78350725098575;29.36650931406569;45.0015674440488;24.97558257176237;9.98354332829354
51226;5.0;0.0;0.0;5.0;5.0;15.0
51227;9.52090920044034;19.14476174590826;33.84180666744392;43.00125936522871;52.73028739082008;28.77027792663594
51228;20.5;0.0;0.0;0.0;5.125;0.0
51229;5.76190476190476;0.0;0.0;17.28571428571428;11.5238095238095;11.52380952380952
51230;153.22816333610447;529.4522297011939;1025.0691648534698;2271.930502706948;2244.49040326264;2584.4450208777357
51231;24.01724642030092;23.6484374523406;76.69679185980259;76.34305446052619;63.127382913745045;42.97846004143839
51232;0.0;10.03133159692458;48.78095355783329;34.77228466879991;45.7235584371512;50.62320954522906
51233;15.46153846153845;5.15384615384615;0.0;10.3076923076923;0.0;10.3076923076923
51234;15.236188883514671;15.12910943842147;15.20024370540078;60.94550984789102;60.80299759459004;81.11808274489672
51235;4.48974042564503;4.96701095401901;5.99453761308678;28.416114146019066;23.068427710022668;31.04263246519517
51236;0.0;10.07407407407408;5.03703703703704;30.222222222222257;15.11111111111114;15.11111111111112
51237;5.06225475847157;42.571078424817;43.149737207678896;92.56551886521277;216.665602278655;230.8087487876879
51238;25.79491080400217;16.12249450786174;15.550539885768082;51.04996950811429;61.63134108640188;44.64066309783988
51239;11.66666666666666;0.0;0.0;0.0;11.66666666666666;11.66666666666666
51240;0.0;0.0;0.0;14.625;24.375;19.5
51241;4.38888888888889;0.0;0.0;8.77777777777778;4.38888888888889;13.166666666666671
51242;0.0;100.13932994099564;200.3284982221996;475.3329579881105;681.2683357980239;439.4223758252914
51243;9.8784608495897;9.10245259891271;9.8784608495897;24.22269765850392;47.49742917689955;53.56184583499007
51244;15.05718793451076;10.100922512011149;0.0;4.97744863167055;35.15433219739384;25.07441954064926
51245;4.89423150799429;9.83313521596758;39.32979988921228;78.96956073680316;49.51562491609446;64.33155943187371
51246;4.82608695652174;9.65217391304348;0.0;9.65217391304348;33.78260869565222;19.30434782608696
51247;37.5925925925926;0.0;10.74074074074074;5.37037037037037;26.85185185185185;32.22222222222214
51248;35.498607828338336;55.68742695952524;50.61114925616232;126.00979687665271;205.55216318436183;317.75744208289615
51249;43.5363280179825;4.88149103343318;14.64447310029954;24.11273969941848;38.15730247488448;71.74857457128068
51250;4.80812000055341;129.12301401699972;168.30325911960142;513.8052021057425;814.234994507023;727.3919006402282
51251;31.8181818181818;0.0;0.0;26.5151515151515;10.6060606060606;21.2121212121212
51252;40.244927153816;15.14919852297544;60.6005186527966;50.24248762240106;20.09508611610052;76.00489631573078
51253;0.0;0.0;10.54383894389976;15.66660805460622;26.151963700888;21.14614638864433
51254;29.9756673547006;9.74660491695702;5.03533375595777;18.56273390789074;28.43062639013259;35.96233296610784
51255;0.0;0.0;0.0;3.25;0.0;0.0
51256;24.37218345975654;4.29984949032717;30.67775834734676;19.76783394194908;14.791239458375248;72.41671472063194
51258;9.30236485303466;13.95354727955199;0.0;13.95354727955199;4.65118242651733;18.60472970606932
51259;0.0;0.0;14.92307692307691;29.84615384615382;34.82051282051278;24.87179487179485
51260;5.0;0.0;10.0;5.0;15.0;0.0
51262;4.90327041136869;54.14317279127432;89.17100740271711;211.3536714025117;207.9202728535673;202.23268590082188
51263;18.111138069377;22.25246368033012;13.04672007523549;22.313546654872468;44.567722357661225;66.5273144923357
51264;23.9008899233852;0.0;9.443095211148329;64.27291099556666;49.66433290193558;78.53663893646737
51265;15.70095255491492;30.73017089232897;15.53128871320094;76.13357134660826;46.76914472469534;82.89291359048624
51266;14.50211465781564;29.55549014991445;61.91574515320798;99.10111959546398;48.7033471954796;44.99202410044025
51267;13.5;9.0;9.0;31.5;4.5;9.0
51268;0.0;9.78947368421052;19.57894736842104;24.4736842105263;4.89473684210526;34.26315789473684
51269;0.0;5.48791222717064;16.37653721860506;21.51842268304922;38.07076674280504;16.46514459684887
51270;0.0;9.71209933527639;11.1391797143745;16.11755451955813;23.0038775715802;43.5904616108829
51272;4.90443694052949;21.05079930567973;14.72345833814954;39.97279951067344;55.14306664601284;52.14066873646853
51273;4.8;0.0;0.0;9.6;0.0;19.2
51274;4.17857142857143;4.17857142857143;0.0;16.71428571428572;12.535714285714288;12.535714285714288
51275;0.0;8.85714285714286;8.85714285714286;17.71428571428572;4.42857142857143;22.14285714285715
51276;0.0;10.35714285714286;10.35714285714286;10.35714285714286;10.35714285714286;20.71428571428576
51277;0.0;13.98523382713715;13.93789037728041;33.146282703096205;14.17132693910105;14.21961781772365
51278;10.84888444612766;0.0;26.41828791197876;46.83523534762616;25.73844172016836;5.12676339697899
51279;0.0;10.4;5.2;10.4;31.2;31.200000000000003
51280;3.83333333333333;0.0;0.0;0.0;3.83333333333333;0.0
51281;39.75776062962551;14.90958289078109;39.79481802633541;54.629159752462286;59.67369940298242;74.32135150676469
51282;5.101822850099;76.52983594927248;285.6226875655768;244.85268380705983;127.38654784748134;66.30880311690694
51283;21.6666666666666;0.0;0.0;10.83333333333334;10.83333333333334;21.66666666666664
51284;0.0;4.78901340280805;4.83743180686362;29.42128374174095;68.16814775510721;43.83131783546408
51285;13.354838709677429;0.0;4.45161290322581;8.90322580645162;8.90322580645162;22.258064516129046
51286;0.0;0.0;0.0;16.01272941802807;52.66686219395077;58.58185586566818
51287;43.7478152561656;21.43396736657805;47.78338727309333;93.21508782879285;48.84132521064289;54.13009690214217
51288;15.7333333333333;5.24444444444444;31.46666666666668;36.7111111111111;20.97777777777778;15.73333333333332
51289;0.0;10.4451802047255;15.27487024342507;45.93319348073893;51.4420567609325;77.07232050899226
51290;0.0;10.08980467497793;5.0285573740542;40.32436186080155;0.0;45.3838395949397
51291;19.553743982888;83.55653209206324;171.0366787941621;204.5278969541293;107.99316162840952;83.72002862968542
51292;9.68;4.84;0.0;4.84;14.52;29.04
51293;5.2608881570438;35.92535910865574;15.507284543640228;71.87719043475832;56.38288832754808;67.36591294443694
51294;0.0;0.0;12.3;8.2;12.3;8.2
51295;0.0;10.22499664972978;15.3556192583208;10.26124521718204;25.61699275308199;25.744313415423317
51296;0.0;11.6923076923077;0.0;0.0;11.6923076923077;11.6923076923077
51298;20.4662343705207;10.63791821747484;11.201395914275;43.9974830099078;38.54128905900064;76.73387663764578
51299;4.90685271368252;38.53929715791801;106.18618293723578;149.71480276819966;140.0273375477762;77.29202553658541
51300;5.16666666666667;0.0;0.0;15.500000000000009;10.33333333333334;15.500000000000009
51301;9.21739130434782;4.60869565217391;9.21739130434782;18.43478260869564;9.21739130434782;0.0
51302;5.05555555555556;0.0;0.0;10.11111111111112;25.27777777777776;10.11111111111112
51303;5.04385112919753;20.239704860510894;20.17549470302735;75.80774043960399;65.528039015644;90.6621626211349
51304;11.85714285714286;5.92857142857143;11.85714285714286;17.78571428571429;23.71428571428576;0.0
51305;14.57142857142858;9.71428571428572;9.71428571428572;24.285714285714302;9.71428571428572;4.85714285714286
51306;5.2;0.0;10.4;5.2;0.0;10.4
51307;15.26086956521743;5.08695652173913;15.26086956521743;10.17391304347826;20.34782608695656;40.69565217391308
51308;24.74370475979548;70.50340731599229;198.57121396280832;194.79490156522493;190.83421486964676;140.00422877822447
51309;4.75;0.0;19.0;19.0;4.75;4.75
51310;43.8974358974359;5.48717948717949;16.46153846153847;16.46153846153847;16.46153846153849;5.48717948717949
51311;0.0;0.0;0.0;19.61904761904764;19.61904761904761;24.523809523809557
51312;5.1073679861177;30.36712825313878;91.38020848689216;124.6408582825359;100.3843615998813;74.57713378181022
51313;9.1096090313489;13.63137879783198;4.55480451567445;40.760525919308265;27.16413611138946;40.464657860712805
51314;22.2857142857142;5.57142857142857;0.0;38.99999999999991;27.85714285714281;33.42857142857134
51315;0.0;9.6551724137931;9.6551724137931;19.3103448275862;4.82758620689655;9.6551724137931
51316;14.77085714783;19.70531419699766;4.92361306306401;34.5577138744393;24.6072153386033;14.76541420083367
51317;5.66666666666667;5.66666666666667;0.0;5.66666666666667;5.66666666666667;5.66666666666667
51318;28.04353824674766;5.26887521057689;66.99269555078634;45.72247355179936;47.96437545678033;9.1883656321995
51319;12.2352941176471;6.11764705882353;6.11764705882353;0.0;12.23529411764706;18.35294117647059
51320;35.8686544151377;15.37317888554882;10.427247577272;10.79906936480364;25.63013354609544;62.41923766216969
51321;4.77777777777778;0.0;9.55555555555556;23.8888888888889;0.0;0.0
51322;9.3076923076923;0.0;0.0;4.65384615384615;13.96153846153845;37.23076923076915
51323;0.0;0.0;0.0;4.81818181818182;4.81818181818182;19.27272727272728
51324;4.625;9.25;4.625;18.5;9.25;9.25
51325;13.625000000000009;0.0;13.625000000000009;9.08333333333334;4.54166666666667;18.16666666666668
51326;15.0148004010312;29.86948216676826;61.143000008191365;157.3246381011911;147.15070480093974;101.02378366428182
51327;28.2162162162162;4.7027027027027;0.0;9.4054054054054;14.1081081081081;28.2162162162162
51328;15.793628668394;42.1650664147508;37.052956491659344;158.269786200484;105.4436158005498;89.774927235272
51329;0.0;48.68929033430083;184.99857068570145;165.55129662856686;160.70231579532145;87.62586367025041
51333;25.1886370696192;25.28910822783773;59.63668420043674;115.32504049887058;39.95054333174279;50.0835275822223
51334;20.3077239079534;9.44405800854246;9.44405800854246;53.58799491549156;54.473830430654345;62.87586078473278
51336;0.0;0.0;0.0;18.999999999999996;6.33333333333333;0.0
51337;0.0;14.61818181818181;9.74545454545454;58.47272727272722;19.49090909090908;19.49090909090908
51338;58.585807372330166;28.727264672456588;48.73035349686232;48.22163885599806;72.64609315984872;78.29676369604617
51339;9.54840219294678;19.10314502788816;23.875760963862906;86.027632777805;81.26452779782568;47.79596965226192
51340;0.0;5.32867802966341;0.0;87.51710722971065;51.39495737315124;61.88374398628798
51341;0.0;8.75;0.0;8.75;0.0;0.0
51342;21.15895243408173;0.0;5.08041917042708;14.8430846944995;21.15895243408178;20.33791626214184
51343;19.92383150257474;10.03268715910936;25.08374338319398;34.83231788036283;44.7284689871873;99.28030627432216
51344;34.7812287566659;45.19995012943177;55.67365734487621;196.98024431782056;101.03801684885995;141.08064963108393
51345;6.01740546334432;6.01740546334432;17.66842723658566;17.85351506286728;22.847704031825774;34.69037466368409
51346;49.6608165105343;34.70223667122188;74.36234486482539;59.43820414051649;104.15932217940583;188.4708352805585
51348;10.19047619047618;0.0;0.0;5.09523809523809;15.285714285714269;20.38095238095236
51349;0.0;14.583333333333329;4.86111111111111;0.0;29.16666666666666;19.44444444444444
51350;5.56521739130435;11.1304347826087;0.0;5.56521739130435;16.69565217391305;11.1304347826087
51351;6.27777777777778;0.0;0.0;6.27777777777778;18.833333333333343;18.833333333333343
51352;5.25486564162583;10.19452425550672;30.89996143380812;109.8538247973222;123.44342386090317;135.48677538142942
51353;0.0;5.11111111111111;0.0;5.11111111111111;5.11111111111111;5.11111111111111
51354;4.88695219907612;4.73135606012484;4.73135606012484;34.53137074713693;39.09817590506783;19.39726802678205
51355;0.0;0.0;0.0;3.83333333333333;3.83333333333333;3.83333333333333
51356;5.1;5.1;10.2;10.2;25.5;20.4
51357;9.89328359258607;4.91745204495258;49.5539021124061;108.53507314025684;54.58811316272046;39.5442009640754
51358;4.90631284304472;0.0;18.12904869305185;89.89689121382452;55.71715711320685;85.98927447438662
51359;4.97619047619048;0.0;4.97619047619048;29.85714285714284;14.92857142857144;34.83333333333336
51360;15.869807106777298;5.2899357022591;16.65823627105916;27.75529956024644;27.5226042581127;38.91559833685114
51361;4.66857698899709;9.33715397799418;0.0;9.66433182826281;18.67430795598836;59.29470237065142
51362;44.99599594692543;43.78021379175683;76.89017103476188;48.75571819366222;43.82306834883588;24.1604202439326
51363;0.0;9.54705957314442;18.98004783579342;38.89500574888939;24.74262940569254;14.26624743960921
51364;0.0;14.35714285714287;0.0;14.35714285714287;4.78571428571429;4.78571428571429
51365;29.00056263938948;43.58296854755788;82.26786950609433;125.81134693721012;106.51503784223476;62.978050180238725
51367;75.32392977172064;34.89666378581362;24.47288190401641;65.01206451236062;108.9064646024021;167.67964848557358
51368;0.0;0.0;0.0;0.0;0.0;4.6
51369;14.95778190403386;5.00421542322572;14.8489537929531;14.95853711490554;19.96199732725958;29.99801156357102
51370;0.0;10.0;0.0;20.0;25.0;25.0
51371;9.5;0.0;0.0;19.0;4.75;4.75
51372;4.73626819946524;18.95513496908072;24.281417673338048;72.44329336747515;86.34805476346291;57.636549221891855
51373;4.63157894736842;4.63157894736842;4.63157894736842;0.0;4.63157894736842;0.0
51374;0.0;0.0;4.5;0.0;13.5;0.0
51375;16.52379456567668;6.47310463972148;15.22337668921974;31.88655996971478;30.43880029297082;20.38811036701566
51376;4.875;0.0;0.0;9.75;9.75;14.625
51377;6.71428571428571;0.0;0.0;0.0;6.71428571428571;13.42857142857142
51378;60.1237910675442;0.0;15.09645438222589;25.01738395488872;40.24111063935908;50.07446190502768
51379;4.82515865609907;9.89466222601262;28.78850835399014;74.89387761084593;66.24813306961947;21.34326211214876
51380;24.88047214002186;79.98703976208068;153.85160832380916;264.22667792465666;382.3561309114594;427.0171502899015
51381;19.12216900066645;43.1426870430991;19.171221383740672;81.42638903894508;43.07360888786451;67.04515566090922
51382;4.79166666666667;0.0;4.79166666666667;28.750000000000018;14.375000000000009;19.16666666666668
51384;0.0;5.70334118126562;40.78536700566439;82.57431413439143;51.6161003761877;40.83673773960791
51386;4.53125;9.0625;9.0625;9.0625;9.0625;13.59375
51387;5.21175756005135;14.47338435730084;5.21175756005135;32.92346839484631;44.81389059014667;37.46407768717436
51388;4.56969385189753;62.22553447141723;143.0064890172497;523.2290313506991;1525.293118554453;539.840786276366
51389;0.0;20.1441260652679;49.821482921878726;100.48937682538224;90.15958585757136;80.7194867293159
51390;35.94265368147461;27.9306013712357;68.57951482279051;109.28095208067684;60.57242794390546;48.47320861099116
51391;10.12177115594168;19.11277036982712;151.54886773742717;309.2189827975192;203.38923154168447;198.11300050451044
51392;4.52272727272727;0.0;18.09090909090908;27.13636363636362;27.13636363636362;13.56818181818181
51393;5.19829053119833;15.60917630457103;37.846475821342295;20.807466835769368;36.44452159386824;47.71106229947048
51395;10.33333333333334;0.0;5.16666666666667;5.16666666666667;0.0;0.0
51396;9.06666666666666;4.53333333333333;0.0;13.599999999999987;4.53333333333333;36.26666666666662
51397;0.0;9.13333333333334;9.13333333333334;13.70000000000001;9.13333333333334;4.56666666666667
51398;10.8;5.4;10.8;32.400000000000006;37.8;16.200000000000003
51399;24.06180239639172;5.36951060554569;39.724667894286725;24.20083671162728;79.77874611894262;34.93985792271866
51402;15.5133556108077;15.11609609069991;9.79092795061403;30.34041020807757;20.06100676998317;20.25298206506708
51403;56.5834448023762;10.1788538624311;65.57876107624811;86.05099438170414;39.77006257138295;45.65670566200886
51404;31.79166666666668;4.54166666666667;0.0;4.54166666666667;0.0;9.08333333333334
51406;0.0;5.5;5.5;16.5;11.0;16.5
51407;4.70869286103667;43.952153377954346;10.63766660592697;25.9840260728906;48.69334025988697;51.4543188945906
51409;16.6519430235289;11.0514496589413;28.010671377943417;67.38827867016346;61.32697679603002;43.91481951663826
51410;27.3153459369869;23.40069760982293;58.03083406687773;47.39821531355063;57.59836826220644;90.59988755963629
51412;0.0;0.0;0.0;0.0;12.0;18.0
51413;10.81238134668769;26.33064363722984;20.25286794633222;84.85743851314832;100.50846395149614;133.9569280662032
51414;13.5;0.0;4.5;13.5;9.0;27.0
51415;0.0;0.0;4.5220869072344;27.19653710484225;13.31950308675717;22.42869538095043
51416;10.0525865701553;19.84878047355499;14.949049234366347;39.95386806649245;64.3143960649634;121.84857980873026
51417;0.0;20.18765824127021;25.23394254636402;35.5597270964197;51.50231745660718;51.85216985705111
51418;4.39588092398557;44.052081952600666;58.690416039178274;79.84481658999326;39.08458582977818;26.13669096585032
51419;5.47826086956522;5.47826086956522;5.47826086956522;16.434782608695663;0.0;10.95652173913044
51420;0.0;0.0;0.0;4.9375;0.0;9.875
51421;4.86363636363636;4.86363636363636;0.0;0.0;19.45454545454544;14.59090909090908
51422;10.37609678705688;15.65899770000226;73.16797789407232;47.0290328292917;26.03520921233168;62.48078808483242
51423;0.0;30.08950609082576;9.93600468162223;114.7199820160924;184.77488600911693;210.65337539920108
51424;18.5806451612903;6.19354838709677;0.0;6.19354838709677;6.19354838709677;24.774193548387
51425;55.13070683768071;5.02559519607197;19.33348024173238;9.81884305882654;29.76674659183671;44.76445611255064
51426;18.57142857142854;0.0;0.0;4.64285714285714;0.0;0.0
51428;4.76560696182576;14.17831691603102;18.70986271801821;69.84575145318519;76.22613273973346;33.33865477462854
51429;21.27450980392151;8.50980392156862;21.27450980392155;25.52941176470583;17.01960784313724;29.78431372549014
51430;16.799999999999997;0.0;0.0;11.2;5.6;5.6
51431;15.52299484543096;26.08171857987515;67.68471221732094;109.13859568529764;156.03679167724027;187.0238869049838
51432;31.76288617571217;15.74820892885512;26.01739421749137;31.39494298116254;93.89857333507648;98.72492868037818
51433;0.0;14.83220951975192;15.49394568463215;24.79437525628894;50.369346310492745;25.43512972151884
51434;25.7569769028131;24.40534033050472;25.29615738566633;97.51484054604968;86.13788107473161;85.30731395573491
51435;9.42105263157894;14.13157894736841;0.0;9.42105263157894;14.13157894736841;32.97368421052629
51436;9.0009082234014;31.85372025414058;44.7865115710069;168.71097715771742;86.33661177546362;110.25718294126644
51437;4.89473684210526;0.0;4.89473684210526;9.78947368421052;9.78947368421052;4.89473684210526
51438;10.9230769230769;0.0;0.0;0.0;16.38461538461538;10.92307692307692
51439;14.3388735868576;28.21674758084821;55.82350847500896;60.72489419577716;51.3731353413626;32.20620270258799
51440;4.97095060824415;49.44506752660397;49.9341094132669;188.2397616904608;243.35199602345972;188.60202887767247
51441;4.33333333333333;0.0;4.33333333333333;4.33333333333333;12.999999999999991;17.33333333333332
51442;12.9311967634571;0.0;0.0;17.2415956846094;21.55199460576175;17.2415956846094
51443;5.1304347826087;5.1304347826087;5.1304347826087;15.3913043478261;15.3913043478261;15.3913043478261
51444;25.3686034460954;14.983376337383689;55.04759347659224;84.72238132562761;35.3094572564999;53.44217581315269
51445;24.375;0.0;24.375;14.625;9.75;19.5
51446;20.75505082736148;0.0;10.54910343400968;41.27460046687628;51.47791974939818;57.09439593238832
51447;0.0;29.65364827265632;34.91129305322927;70.59469488186375;65.39622401653467;45.5484506614199
51448;43.1893336814849;33.51439197225706;38.57472575691322;57.7954405150706;38.63284938654433;33.89147465050498
51449;25.75244227877435;20.26361368357167;106.53793237726757;152.3507303249523;132.3534192115669;56.11233570323857
51450;9.82544805527202;23.335506361189232;41.41149513356783;60.22778509180235;23.616249623478826;18.35686146669315
51451;4.61111111111111;4.61111111111111;0.0;9.22222222222222;9.22222222222222;9.22222222222222
51452;5.5;0.0;5.5;0.0;0.0;0.0
51453;0.0;19.91481864760864;88.12409460277405;126.6222150241194;136.74130374740352;53.00523179980912
51454;197.58275708145277;3602.4318988494038;14450.41346593547;18535.64065427215;20129.560810321906;13140.392709127364
51455;10.1860465116279;10.1860465116279;10.1860465116279;45.8372093023256;20.3720930232558;30.55813953488375
51456;7.73333333333334;0.0;3.86666666666667;0.0;3.86666666666667;0.0
51457;74.82847695717584;10.134087993855433;44.52914113275723;54.71653458646614;39.57291025696584;59.72941163536076
51458;5.08333333333333;0.0;0.0;5.08333333333333;0.0;15.25000000000003
51459;5.63157894736842;5.63157894736842;0.0;5.63157894736842;0.0;11.2631578947368
51460;10.83333333333334;0.0;5.41666666666667;10.83333333333334;10.8333333333333;10.83333333333334
51461;95.6114926351072;35.452847087880485;75.79355705438762;111.4299866207318;85.24407248242629;95.03584054379162
51463;0.0;0.0;0.0;22.85714285714285;9.14285714285714;4.57142857142857
51464;4.52536367922268;22.65593407726499;36.37788391125094;54.508174068664914;31.73587018136426;31.86714899523115
51465;20.77419354838707;5.19354838709677;10.38709677419354;5.19354838709677;15.58064516129031;25.9677419354838
51466;0.0;0.0;9.72727272727272;24.3181818181818;19.45454545454544;24.3181818181818
51468;0.0;13.3238924681236;49.926299871915226;49.17782059884836;17.866300977921817;31.12612383221945
51469;5.55;5.55;5.55;5.55;11.1;16.65
51470;0.0;0.0;0.0;0.0;0.0;0.0
51471;60.156061133072896;15.05011742933567;20.05929201803868;50.00487899455008;20.10350506184776;20.05929201803863
51472;24.07669821702192;54.26889854468355;106.57308363602444;120.0195982083166;119.49163647646846;109.19405344324558
51473;14.55;0.0;4.85;14.55;4.85;9.7
51474;0.0;98.65721012797206;233.8053581715536;347.03320422008045;423.9717385928881;325.5041929949258
51475;0.0;0.0;4.84615384615385;0.0;4.84615384615385;14.53846153846155
51476;17.33691110072159;16.22679215177537;44.73785111710987;109.04585430271736;111.77675637074267;60.29162963074203
51477;0.0;14.36428025902356;23.31210798760726;63.9176473918903;41.78441098171616;24.51597811258273
51478;9.69197415392608;9.68256397942012;13.93351581232967;77.36468216485004;42.58287552719291;49.12514886779322
51479;10.64908393604714;25.915128003082373;14.947483033601031;20.13738896331661;21.0121576750156;20.120650842853863
51480;10.8;16.200000000000003;5.4;10.8;16.200000000000003;5.4
51482;4.95350206206245;14.84126684941543;14.802331810776453;99.0707274309293;69.09754750170448;64.43552849205955
51483;0.0;4.92775514551567;34.73274395217303;79.70018522812242;59.84979566191886;29.844945197524567
51484;0.0;29.04371159672376;5.05783654941847;38.36700832230635;24.46990951979885;9.31235906041148
51485;0.0;9.71065174417284;15.80349502588531;35.191284522871754;51.2058236399155;30.99995827713088
51486;25.8409316872888;18.65582253683783;0.0;30.78613977928428;42.3513198677346;65.75353275904521
51487;9.39681287242138;4.7446694052004;9.46615066335292;52.12248175224278;47.07715582065179;42.42467348579749
51488;4.92955053101863;4.90827667415563;39.330127170735935;49.40261304901801;34.42249276492;24.66948754819044
51489;3.75;0.0;0.0;3.75;0.0;0.0
51490;0.0;5.5;5.5;27.5;38.5;22.0
51491;0.0;5.4375;0.0;10.875;27.1875;0.0
51492;10.2993241448226;45.41563461275561;54.2905876665665;106.17757466814984;168.8466901188427;219.2082514265272
51493;0.0;0.0;27.63157894736844;16.57894736842104;5.52631578947368;11.05263157894736
51495;20.85714285714281;0.0;0.0;0.0;0.0;5.21428571428571
51496;0.0;10.07640748367575;10.06394477496426;45.33761771727359;25.16611254039012;15.12084257986937
51497;0.0;3.72727272727273;0.0;3.72727272727273;0.0;0.0
51498;4.57142857142857;0.0;0.0;13.714285714285712;9.14285714285714;4.57142857142857
51499;10.75862068965518;5.37931034482759;0.0;10.75862068965518;10.75862068965518;26.89655172413795
51500;15.0;5.0;0.0;5.0;10.0;25.0
51501;14.26829268292683;4.75609756097561;0.0;19.02439024390244;33.29268292682922;9.51219512195122
51502;0.0;5.5;5.5;16.5;16.5;5.5
51503;4.61111111111111;0.0;23.05555555555555;4.61111111111111;4.61111111111111;4.61111111111111
51504;9.39995426569108;34.33386650643631;59.46904444657946;85.16024092472801;80.39521502988434;80.21505162873518
51505;5.29462961830456;15.94716182601828;26.53623535071583;69.1766979259093;53.26135884892143;63.97773000819683
51506;10.2640825010529;99.30041697947394;223.50751410479907;463.3443741097388;755.8542712005773;477.1711807715643
51507;4.94205534142771;74.94498233933105;126.29948406015076;300.90157352974404;498.4503893998489;485.1217003823524
51508;9.85365853658536;4.92682926829268;14.78048780487804;4.92682926829268;19.7073170731707;34.48780487804876
51509;16.0845449685278;0.0;5.36147864469197;26.75925474751725;59.0493995983665;21.47025640286887
51510;4.95833333333333;4.95833333333333;0.0;9.91666666666666;9.91666666666666;19.83333333333332
51511;11.4;0.0;0.0;5.7;17.1;11.4
51512;10.1;0.0;0.0;30.3;5.05;5.05
51513;4.9888708424474;10.97792437892505;0.0;30.53237049155461;46.17392439750691;94.6703989605513
51514;0.0;5.23809523809524;0.0;10.47619047619048;0.0;20.952380952380977
51515;30.22609536459293;15.04973110087491;20.19509904704478;24.97257880721064;54.09601777712111;30.35592578353164
51516;4.36363636363636;0.0;4.36363636363636;0.0;0.0;0.0
51517;12.724137931034493;0.0;0.0;12.724137931034493;21.20689655172415;4.24137931034483
51518;9.93149485677464;10.17969261504161;74.03372101106837;74.50588427662149;38.03769497078862;24.05145336834969
51519;0.0;0.0;0.0;12.66666666666666;0.0;0.0
51520;5.69230769230769;11.38461538461538;0.0;11.38461538461538;11.38461538461538;11.38461538461538
51521;4.66666666666667;9.33333333333334;0.0;28.000000000000018;27.99999999999997;32.666666666666686
51522;0.0;21.890839150538294;5.31059107306858;29.69058746789672;40.13146819285345;20.39324158632532
51523;16.2127418077996;10.0955814731063;15.889675706018998;47.46868453246035;20.51422904799324;37.05003695757343
51524;5.271588093006;5.271588093006;10.35934603488173;48.614414971288376;54.46430201020149;38.6428956061353
51525;20.95149527758585;59.84883986576153;135.0558065196123;250.55503627509347;245.76406612594795;108.12053708383483
51526;10.0632307912991;20.08761233526339;10.10238232878204;34.71895791361005;29.803290347650588;39.90537733433399
51527;0.0;10.78950813027921;25.95228810543189;16.683431613801282;57.836582699995326;23.57569393408832
51528;10.0;0.0;0.0;10.0;5.0;20.0
51529;9.57066942847052;13.2391773653986;14.8574741666337;35.18281222909025;52.696129371168624;77.13453917294117
51530;10.86486579303618;58.8558886119194;27.439036087577485;97.0668086507824;86.56186342467078;76.24156571045575
51531;10.1116843381553;75.30068455554338;50.01777929312988;114.27793677479134;149.4330767797884;154.80525825953995
51532;25.366830306174;40.81655476835226;46.14913038363683;61.49431931441934;36.03431079425256;45.71939470856401
51533;6.33333333333333;0.0;0.0;12.6666666666667;6.33333333333333;25.33333333333336
51534;10.55;5.275;36.925;31.65;15.825;10.55
51535;65.6192057557023;100.97955558874683;156.38433330259565;358.32054445647134;544.9195390141924;539.9588497703076
51536;19.2585376949441;65.46190740189711;167.57074987938807;295.11111296360656;154.18300350047116;158.43509583431097
51537;21.45454545454546;5.36363636363636;0.0;21.454545454545418;10.72727272727272;16.09090909090908
51538;0.0;13.32;4.44;4.44;4.44;8.88
51539;5.71428571428571;0.0;5.71428571428571;5.71428571428571;5.71428571428571;5.71428571428571
51542;0.0;13.64285714285715;0.0;22.73809523809525;4.54761904761905;59.1190476190477
51543;0.0;0.0;0.0;0.0;15.923076923076913;10.61538461538462
51544;46.35199745914967;0.0;30.87107860442567;67.05474315709984;103.20609431443594;56.7036358169502
51545;19.7646462168639;14.5707215314754;5.04431614462205;43.90469504814144;83.82115128998775;59.00278036909302
51546;40.8651031971922;0.0;10.18022749115406;30.61933333941024;71.4057182522544;45.80985913520488
51547;9.92857142857142;0.0;4.96428571428571;9.92857142857142;34.75000000000002;4.96428571428571
51548;20.008742485017;0.0;20.08230328439399;73.93666883172699;20.17038173253088;24.78450240292155
51549;19.5;0.0;0.0;9.75;9.75;19.5
51550;0.0;4.97092550566618;0.0;62.12159510050732;18.07985473672235;25.10957904044709
51551;20.6315789473684;0.0;5.15789473684211;20.63157894736844;5.15789473684211;15.47368421052633
51552;5.18372632482984;0.0;5.18372632482984;46.7256122911376;38.2344059519767;44.66860660636628
51553;5.375;5.375;5.375;16.125;37.625;21.5
51555;14.4375;14.4375;0.0;14.4375;14.4375;9.625
51556;19.84773483922672;9.89317118444922;10.07811054230492;25.22788691468708;30.11231808971258;45.63349707154766
51557;4.86542214612287;14.958652924418333;15.321039410468;40.37269351106618;47.08425261110205;60.76987910699651
51558;14.1;0.0;4.7;0.0;14.1;28.200000000000003
51559;20.5548919872;76.24193042132171;91.04877340693386;218.29950555617063;1045.8560619171303;399.4178113170297
51560;4.81818181818182;0.0;9.63636363636364;14.45454545454546;19.27272727272728;14.45454545454546
51562;44.8439908052431;59.59874877718567;178.62117397032935;219.01638221164544;159.12020852028795;144.75402189358434
51563;4.63636363636364;9.27272727272728;9.27272727272728;9.27272727272728;4.63636363636364;18.54545454545456
51564;45.8916972713061;9.46728536659048;34.81088664616528;65.32081250202457;48.7256475662404;80.34182702353534
51565;20.4;0.0;12.24;8.16;0.0;4.08
51566;5.09537881748651;38.12205366324705;34.13719139976905;19.72099496508408;66.53568460333975;14.535837766328829
51567;9.38274487935989;4.68016702110814;34.21908350998855;23.758506946488453;62.01002516743035;57.278343376939766
51568;19.871878054547;9.89329223374484;9.89321068504097;49.62264203455162;19.74385635972342;19.81490685330268
51569;5.13534615153514;15.441247872572747;56.65978752404836;87.1095283740742;30.58895319782171;15.42111204217446
51570;5.04761904761905;5.04761904761905;5.04761904761905;10.0952380952381;0.0;20.1904761904762
51571;10.53396870183078;10.29020464415334;103.56882029182186;141.44008423265697;99.14881722038436;83.78803147758111
51572;4.75510204081633;0.0;9.51020408163266;57.061224489795976;23.775510204081648;28.530612244897988
51573;23.02655757285185;193.7956833593988;681.4739066274113;1250.5124217022822;1290.981042191141;841.0756274963411
51574;0.0;0.0;9.85714285714286;14.785714285714288;19.71428571428572;14.785714285714288
51576;20.275091483732098;40.55851552279183;39.72346485771874;150.94143292124062;126.06865324923392;247.94789033722083
51577;0.0;14.25;23.75;19.0;9.5;14.25
51578;5.75;0.0;0.0;5.75;17.25;0.0
51579;0.0;5.08571428571429;5.08571428571429;5.08571428571429;30.51428571428574;40.68571428571434
51580;57.0296345927193;10.20639019227507;4.98940244055727;42.07028517720672;10.40811805770734;57.26718239919508
51581;29.0;17.4;29.0;46.4;17.4;11.6
51582;19.07411444827202;18.94158240879503;85.66756033493402;75.96731983340784;37.95077338059992;37.62439454323225
51583;4.825;4.825;4.825;53.075;33.775;19.3
51584;5.06666666666667;5.06666666666667;20.26666666666668;5.06666666666667;10.13333333333334;10.13333333333334
51585;68.6180381997893;5.10398503839186;24.32167697792044;52.35042694928917;108.47616811804464;132.09523925914584
51586;0.0;0.0;5.16666666666667;46.49999999999998;15.49999999999997;5.16666666666667
51587;4.97872340425532;9.95744680851064;34.85106382978728;44.80851063829788;19.91489361702128;0.0
51588;5.42055469751593;6.34103101768177;6.34103101768177;24.59995585983544;17.18214041271363;60.16057416058669
51589;5.6;11.2;0.0;16.799999999999997;16.8;22.4
51590;10.1489763822069;0.0;15.062463482894;5.10571536071294;55.71999898069068;65.92901738983221
51591;8.25;4.125;4.125;12.375;12.375;20.625
51592;57.4705237261572;4.80809364428276;4.73044275373537;19.00195062066055;19.00067597024902;34.29065098560932
51594;4.84615384615385;0.0;0.0;9.6923076923077;4.84615384615385;9.6923076923077
51595;9.375;32.8125;9.375;14.0625;9.375;23.4375
51596;5.60656018040947;21.87212330736252;32.36322819525637;43.0342615201451;26.55722862681575;43.376909168044186
51597;50.2612678306844;4.88023025354804;4.88023025354804;34.811064483471924;48.61067548643068;25.84435841871717
51598;4.95357899491882;9.90854034667953;14.69797240488264;49.70682576970293;88.10856002523747;54.09843707062078
51599;19.20167284711258;0.0;14.92078798433;62.71492235517874;28.90694171500818;52.63421550870438
51600;0.0;5.61111111111111;0.0;16.83333333333333;16.83333333333333;5.61111111111111
51601;9.64705882352942;4.82352941176471;4.82352941176471;14.47058823529413;9.64705882352942;9.64705882352942
51602;0.0;0.0;11.45454545454546;0.0;17.18181818181819;11.45454545454546
51603;0.0;0.0;15.34090909090908;30.68181818181818;30.68181818181818;51.1363636363636
51604;0.0;10.1953159093024;34.71786648288848;35.20082463115544;34.54785324873012;19.90236361761464
51605;58.35125851463821;6.2319124378431;15.63628040640098;56.8469346892273;36.16933794413089;69.81142608180599
51607;4.42222222222222;4.42222222222222;4.42222222222222;26.53333333333332;17.68888888888888;44.22222222222224
51608;4.88235294117647;0.0;4.88235294117647;4.88235294117647;4.88235294117647;14.64705882352941
51609;94.0352778437989;25.01433591279838;45.41144812765621;65.79859903964149;49.39409079034561;89.67887934959363
51610;5.30438468736682;0.0;4.60270760688354;81.57444253784243;30.857477136563094;72.12398968027792
51611;24.0842245725656;9.64445332929554;9.61217004344006;43.346216463542206;24.07883199328112;33.75022417814133
51612;222.5760468534649;68.1422542970521;120.3834894097284;218.3418608461862;417.099645290992;400.1151726778919
51613;82.63261423094829;24.33411173971475;88.2999561174003;139.14503057317938;83.6413503548828;98.38704873315872
51614;68.17696113386758;23.96638441999682;83.27678384832657;131.85626594174718;88.31556372851793;108.6981767076476
51616;4.95862669618804;9.91725339237608;20.77996242703325;47.24140080978434;25.98320755048294;9.91725339237608
51617;10.1847751126171;20.28538002622272;35.64653465053981;127.39616204875723;76.42948387074235;30.59676260141945
51618;15.16216216216215;10.1081081081081;5.05405405405405;10.1081081081081;20.2162162162162;20.2162162162162
51619;0.0;0.0;4.23076923076923;8.46153846153846;16.92307692307693;12.69230769230769
51620;0.0;5.35483870967742;5.35483870967742;5.35483870967742;10.7096774193548;26.77419354838714
51621;0.0;5.07254077050551;10.14508154101102;45.48815779047362;30.319088617613588;80.90212275876576
51622;26.5192136338512;5.17378750795367;47.27505278132824;52.44750113648831;36.62868557289828;26.22241892594988
51623;4.45857343168427;8.83346173095867;57.29706505260664;31.34906019778895;27.3092373501938;8.77807947684072
51624;9.750566531736531;28.83212567467671;14.81914119848232;88.7675503096762;112.83461564535057;53.70834226832754
51625;10.40289411091506;14.98850144748614;15.60434116637259;30.83433941811596;29.719760428527746;34.73402826109101
51626;0.0;4.8;4.8;14.4;9.6;48.0
51627;30.0517954616847;4.97418984648468;10.01747698343383;9.99433855733446;34.88821438631826;59.94278773371374
51628;10.5217391304348;5.26086956521739;0.0;0.0;10.5217391304348;10.5217391304348
51629;25.9234207089848;46.10751487208229;138.1175539654003;138.58241223129602;51.480246841760135;51.16752914355087
51630;4.64825518887042;9.29651074532947;23.238662375943232;27.89214617198591;51.129503785048826;55.77514540561376
51631;5.08332062971059;5.08332062971059;33.49226487082779;52.51099261209909;29.730910947956453;19.758375878429128
51632;5.19438139545617;5.68323444404746;5.43331273369901;23.00585130179538;17.061199239770907;27.68889336892612
51633;14.6501027121802;9.62999818423644;14.46699840819674;33.352986439699244;23.58250950879484;19.28143610198852
51634;15.0998335499235;0.0;15.57533448727304;30.19966709984704;48.6331368034975;19.992230899374334
51635;0.0;4.69565217391304;4.69565217391304;9.39130434782608;9.39130434782608;14.086956521739122
51636;40.0518882186042;28.79906289499495;17.10027922708646;85.81016509852354;16.95543663355261;104.23291442427347
51638;10.1;0.0;15.15;10.1;30.3;30.3
51639;0.0;0.0;4.0;8.0;0.0;12.0
51640;0.0;5.77221896423184;0.0;5.37234506948091;36.57108377254642;27.00037569204765
51641;21.7777777777778;0.0;5.44444444444444;5.44444444444444;16.33333333333334;43.55555555555552
51642;4.4;4.4;0.0;22.0;22.0;0.0
51643;24.71082789595826;18.48649859375755;34.52070791749574;48.47893401172933;70.03777621320182;72.66439564326481
51644;24.49511469066168;9.79804587626468;29.51528249325042;15.15587853984832;35.67227495744778;64.72874772524685
51645;5.14285714285714;0.0;0.0;0.0;15.42857142857142;25.71428571428572
51646;5.125;0.0;5.125;5.125;15.375;5.125
51647;14.8211248731139;29.06745364313539;48.1532651232352;101.58598083256643;87.8416516202455;67.42845315577908
51648;5.18823352374749;19.87769569515829;15.56470057124247;62.230073353666256;44.44606394990544;14.86943409864216
51649;7.26205950609301;220.2485765073665;248.19909487812816;701.6655664714099;1159.0891402204484;1246.2427937563425
51650;0.0;0.0;0.0;10.44444444444444;5.22222222222222;10.44444444444444
51652;4.91666666666667;0.0;4.91666666666667;0.0;0.0;9.83333333333334
51654;0.0;4.74074074074074;0.0;23.70370370370368;42.66666666666666;52.14814814814818
51655;9.93494603791408;14.8231778914476;4.96747301895704;34.0386476511071;44.06230368667145;39.17143399850468
51656;5.21029126033707;21.1022432361518;36.64609124866074;26.16754498866223;94.13302335323158;57.66098718895039
51657;32.086956521739;10.69565217391304;26.73913043478256;21.39130434782608;21.39130434782604;16.0434782608696
51658;0.0;0.0;4.72727272727273;9.45454545454546;14.18181818181819;14.18181818181819
51659;5.22222222222222;10.4444444444444;0.0;5.22222222222222;5.22222222222222;0.0
51660;0.0;92.7543169840968;180.35249110282777;360.703222435315;309.1576122122703;262.78045364509546
51662;10.1196246473835;155.33830794519147;430.059154642043;649.2214802400476;577.187195452509;364.7874536175354
51663;14.881193831448927;24.576624322477254;99.02133017160092;217.5493434071489;212.58436207961543;186.98955915510095
52001;0.0;21.63937885220661;16.03417755582344;32.59943126886447;16.29462554190434;59.17123948043496
52002;0.0;0.0;0.0;0.0;0.0;0.0
52003;0.0;4.64516129032258;0.0;9.29032258064516;9.29032258064516;37.1612903225806
52004;2.5;0.0;0.0;0.0;2.5;0.0
52005;0.0;0.0;0.0;0.0;6.0;6.0
52006;0.0;0.0;14.6464730008263;34.47673768786717;34.27052441118188;43.41820957709924
52007;16.5;0.0;0.0;5.5;5.5;11.0
52008;30.5131682514723;10.25643307441756;30.64040294554084;70.76712208545788;112.1689175667702;81.4825373713049
52009;10.5;5.25;0.0;5.25;0.0;10.5
52011;0.0;4.7;9.4;18.8;0.0;4.7
52012;0.0;0.0;0.0;0.0;4.14285714285714;8.28571428571428
52013;4.55555555555556;0.0;0.0;18.22222222222224;13.6666666666667;13.66666666666668
52014;10.32432432432432;15.48648648648646;5.16216216216216;20.648648648648617;25.81081081081082;25.81081081081082
52015;9.33333333333334;4.66666666666667;0.0;0.0;4.66666666666667;9.33333333333334
52016;11.1666666666667;0.0;5.58333333333333;5.58333333333333;0.0;5.58333333333333
52017;5.16668174264402;31.81238011913357;15.867659473184853;63.84133814775845;110.85908122794208;69.00909230924378
52019;0.0;4.3;0.0;25.8;8.6;4.3
52021;10.16507208243068;9.50955100211238;5.80739502600403;33.01907743692464;23.48838994491544;26.76936553997077
52022;0.0;4.97297297297297;0.0;4.97297297297297;24.86486486486485;24.86486486486485
52023;0.0;4.9075334943993;14.7226004831979;0.0;24.31166264001758;29.4452009663958
52025;6.0;0.0;0.0;12.0;0.0;0.0
52027;3.83333333333333;0.0;3.83333333333333;3.83333333333333;3.83333333333333;3.83333333333333
52028;6.11111111111111;6.11111111111111;0.0;6.11111111111111;18.33333333333331;12.22222222222222
52029;0.0;5.03846153846154;10.07692307692308;5.03846153846154;5.03846153846154;15.11538461538462
52030;0.0;8.15384615384616;0.0;0.0;8.15384615384616;0.0
52031;0.0;24.02009974383547;4.60371835774645;60.15899371902675;53.816635672206175;25.03486649757916
52033;4.54166666666667;4.54166666666667;4.54166666666667;9.08333333333334;18.16666666666668;13.625000000000009
52034;0.0;0.0;0.0;25.740740740740694;10.2962962962963;30.888888888888896
52035;0.0;0.0;0.0;9.31578947368422;18.63157894736844;37.26315789473688
52037;0.0;10.16631074764509;15.2431500560577;30.49894797806357;35.57575582601376;45.78004160259563
52038;0.0;0.0;0.0;4.84615384615385;0.0;14.53846153846155
52039;12.28571428571428;0.0;0.0;0.0;0.0;6.14285714285714
52040;0.0;10.8888888888889;0.0;10.88888888888888;5.44444444444444;0.0
52042;14.34782608695651;4.78260869565217;0.0;0.0;19.13043478260868;9.56521739130434
52043;0.0;5.66666666666667;0.0;0.0;11.3333333333333;0.0
52044;0.0;9.93490486409967;14.631614857658729;39.0820865937647;49.35320296076898;89.01372707510959
52045;4.93966508332413;54.71760618513178;60.06845405027026;154.5670188251047;164.94529772019845;75.12189112549581
52047;5.36842105263158;5.36842105263158;0.0;5.36842105263158;5.36842105263158;10.73684210526316
52050;9.65281642384177;33.80756879618381;19.84919061067303;126.05665187733946;175.02429181666096;243.0543694568376
52051;0.0;0.0;0.0;0.0;0.0;0.0
52053;5.15384615384615;5.15384615384615;0.0;15.4615384615384;5.15384615384615;0.0
52055;0.0;5.60064023616565;0.0;22.4025609446626;16.80192070849695;5.60064023616565
52056;9.72972972972972;0.0;0.0;14.59459459459458;34.054054054054035;24.32432432432432
52057;0.0;4.59090909090909;4.59090909090909;4.59090909090909;27.54545454545454;18.36363636363636
52058;0.0;20.009942960500908;39.91403006565894;239.43357649774129;219.3647606792168;274.62752336814003
52059;0.0;5.10718923705258;0.0;5.10718923705258;10.21437847410516;35.750324659368104
52060;24.91358358268143;64.83990420982921;29.83943568407053;99.76254858380652;209.39635450655223;124.75498848031413
52061;5.16476463383965;0.0;5.18963321342916;25.97315439009143;20.634785806265;31.063313285162508
52062;0.0;0.0;10.6;15.9;26.5;53.0
52063;10.0;0.0;0.0;15.0;0.0;5.0
52064;19.92236535206186;19.152417849955174;24.87332426391724;53.02177325340631;92.59602506276774;78.29875745825092
52065;4.25;4.25;4.25;4.25;8.5;4.25
52066;4.71428571428571;0.0;0.0;0.0;9.42857142857142;9.42857142857142
52067;4.3125;4.3125;0.0;8.625;4.3125;12.9375
52069;16.5;0.0;11.0;0.0;16.5;11.0
52070;0.0;4.95833333333333;0.0;14.874999999999991;19.8333333333333;19.83333333333332
52072;5.03530940880324;15.071258874789647;15.10592822640972;25.1941230257585;40.2652009990354;30.21209786290774
52074;18.88676880347987;14.189051111496967;9.44338440173994;47.21692572137251;33.08436926890087;152.84159630584097
52075;0.0;5.40625;5.40625;27.03125;27.03125;5.40625
52076;9.88805336487854;9.43923848606948;25.57841131024837;34.74433622448621;60.11496465671135;50.17331313022715
52079;0.0;0.0;0.0;39.91141223118809;100.70894459679454;80.2632452992801
52082;15.0;5.0;5.0;10.0;20.0;10.0
52083;0.0;10.1735482064203;35.18990838110546;50.61728272371591;70.28927358877772;91.40069652251051
52084;0.0;0.0;0.0;0.0;6.14285714285714;6.14285714285714
52085;8.66666666666667;0.0;0.0;0.0;0.0;17.33333333333334
52087;0.0;8.60161946375108;17.20323892750216;21.50404865937768;28.42550592520309;30.10566812312876
52088;15.0122229186158;35.22234210388632;15.11949892425201;60.293766718495846;95.6850126368444;55.41755738268187
52089;0.0;0.0;5.07142857142857;10.14285714285714;5.07142857142857;5.07142857142857
52090;0.0;0.0;0.0;10.10526315789474;20.21052631578948;10.10526315789474
52091;0.0;0.0;0.0;10.0;5.0;5.0
52092;0.0;0.0;5.04545454545455;35.318181818181856;0.0;10.0909090909091
52093;5.21835516182539;25.00581491881995;55.23695043133851;139.53971505211769;226.28263016689655;394.6353513525608
52094;10.0555555555556;5.02777777777778;5.02777777777778;0.0;25.1388888888889;20.11111111111112
52095;0.0;14.34311745160431;8.958549359149341;0.0;18.93281379570493;37.51623159934774
52097;4.08333333333333;0.0;0.0;4.08333333333333;8.16666666666666;8.16666666666666
52099;0.0;21.12645737085825;15.63060110041661;77.05131043970432;82.86528857597077;147.33630007277728
52101;0.0;0.0;0.0;0.0;11.42857142857144;11.42857142857144
52102;4.88898249004664;19.76664299677811;19.76965591891674;73.90978652540483;9.98968708790613;40.25397144916478
52103;11.45454545454546;5.72727272727273;5.72727272727273;11.45454545454546;5.72727272727273;5.72727272727273
52104;0.0;24.54059888351737;63.71828171401952;112.55001630718284;148.63460381215427;59.387441569341775
52105;11.12883367214246;5.56441683607123;14.98059103836799;30.78731948508498;20.857399526842222;32.84386352936751
52106;0.0;0.0;0.0;0.0;19.68;29.52
52107;0.0;0.0;0.0;33.0;38.5;44.0
52108;0.0;5.28571428571429;0.0;37.00000000000008;10.57142857142858;21.14285714285716
52109;0.0;0.0;0.0;6.0;0.0;0.0
52110;4.38888888888889;4.38888888888889;0.0;4.38888888888889;8.77777777777778;17.55555555555556
52113;5.99699733683307;10.19063233533547;5.61740763328377;30.659071649482076;27.06688198306536;20.49246606202518
52114;15.4129950169945;54.61595747044123;36.47675466840241;102.94156422069815;272.0059111870035;199.57615674554592
52115;0.0;0.0;0.0;9.6;9.6;14.4
52116;3.61538461538462;0.0;0.0;3.61538461538462;3.61538461538462;10.84615384615386
52118;0.0;4.64439510307722;5.0750482314757;38.89688303796701;14.78494609996978;53.71089828018535
52119;4.75825699960016;14.353093858385972;9.59483685878581;38.06986104324663;37.84751534306999;57.196310191695765
52120;0.0;5.32352941176471;10.6470588235294;10.64705882352942;37.26470588235301;15.97058823529413
52121;15.61186059377438;410.6712509236432;1266.783123247928;2309.4685452484964;3209.9460516104964;1775.3200430905272
52122;14.4;0.0;0.0;9.6;9.6;14.4
52123;15.3653686960206;25.74163912983035;20.681847460963706;81.9524122387794;122.6061439709081;199.6361419565335
52124;0.0;0.0;0.0;0.0;10.26666666666666;5.13333333333333
52125;0.0;19.81225262879488;85.48164155638997;124.50936853719332;103.85080466741437;85.10621622013693
52126;15.0;0.0;0.0;10.0;20.0;40.0
52127;0.0;0.0;11.1428571428571;0.0;11.14285714285714;11.14285714285714
52128;0.0;0.0;0.0;5.69226693066074;17.07680079198224;39.84586851462518
52129;4.34615384615385;0.0;0.0;4.34615384615385;8.6923076923077;13.03846153846155
52130;0.0;10.68571428571428;0.0;0.0;10.6857142857143;32.05714285714288
52131;4.61111111111111;0.0;0.0;9.22222222222222;18.44444444444444;4.61111111111111
52132;0.0;9.35294117647058;0.0;14.02941176470587;23.38235294117645;23.38235294117645
52133;0.0;0.0;0.0;10.76923076923078;5.38461538461539;16.15384615384617
52134;0.0;0.0;13.712998837962;33.50122651021024;28.36193737065336;27.95408319321576
52135;0.0;5.375;0.0;5.375;5.375;10.75
52136;0.0;0.0;9.84375;0.0;9.84375;13.125
52137;0.0;0.0;14.66666666666666;0.0;0.0;0.0
52138;4.92307692307692;4.92307692307692;0.0;4.92307692307692;9.84615384615384;4.92307692307692
52140;19.852664855789;36.28732200340424;36.42477288263993;71.7776765405707;70.99167953757733;76.2535531050119
52141;9.89043342282488;15.1223094506712;45.29576088436356;29.81563917085178;24.726083557062204;24.93954239628228
52142;5.35714285714286;0.0;0.0;5.35714285714286;5.35714285714286;5.35714285714286
52145;9.52;0.0;0.0;14.28;0.0;9.52
52146;0.0;14.057142857142871;0.0;4.68571428571429;28.11428571428578;28.114285714285742
52147;0.0;4.84210526315789;0.0;9.68421052631578;4.84210526315789;24.21052631578945
52149;0.0;4.63157894736842;0.0;0.0;9.26315789473684;13.8947368421053
52151;0.0;9.8;0.0;14.7;44.1;19.6
52155;5.21568715735668;0.0;10.40772525345714;46.65811863314567;41.50131328659794;67.44997369380039
52156;5.1020945312069;4.97348398469849;9.98947384031228;35.11302192305906;60.45090955891445;70.18316848938112
52157;0.0;0.0;0.0;0.0;0.0;0.0
52158;15.266391572165473;5.03547339437452;5.07538714739917;25.05982295465371;35.20965309471204;40.16655207015218
52159;0.0;0.0;13.0;0.0;0.0;6.5
52160;12.399999999999991;0.0;0.0;0.0;0.0;0.0
52161;0.0;0.0;0.0;0.0;11.07692307692308;11.07692307692308
52162;10.5263157894737;0.0;0.0;10.52631578947368;15.789473684210538;10.52631578947368
52163;9.35416337210234;10.03249285966838;14.85077313834777;19.67108664381525;29.40160799652225;79.07812569269775
52164;0.0;5.05128205128205;0.0;5.05128205128205;25.2564102564102;55.56410256410256
52165;0.0;15.102781373300989;0.0;15.1659376501836;15.26057609559789;15.22948885444905
52167;5.27083333333333;0.0;10.54166666666666;15.81250000000003;26.35416666666666;42.16666666666669
52168;0.0;0.0;0.0;0.0;11.6363636363636;11.63636363636364
52169;10.0;0.0;5.0;10.0;20.0;15.0
52170;0.0;26.875;5.375;5.375;10.75;37.625
52171;0.0;10.2557494781857;5.13302141149553;25.64968768171358;25.65996555061398;35.926013539144
52172;0.0;5.27646728186932;5.07498382209924;9.95617788977941;31.88428461737249;11.1896991417754
52173;5.0;0.0;0.0;5.0;20.0;0.0
52174;10.85714285714286;0.0;0.0;0.0;0.0;5.42857142857143
52175;0.0;25.85147708031653;27.11350829637952;5.47820420602866;37.97956235552752;49.40552080962471
52177;4.95279082018968;5.11090590114224;28.825850037334178;53.57914102661909;68.59695783746564;111.332034243726
52178;10.8658842264498;0.0;16.27062110880014;21.39025279314652;21.03085404293725;43.58184938613654
52179;0.0;0.0;0.0;0.0;0.0;0.0
52181;9.2;0.0;4.6;13.8;9.2;0.0
52182;5.15230316724732;60.31152482226875;53.773534439047744;220.0305774900603;310.5756994770076;165.42353904594478
52183;0.0;0.0;0.0;0.0;0.0;8.2
52184;22.8;0.0;0.0;0.0;11.4;5.7
52185;4.25;0.0;0.0;0.0;8.5;0.0
52187;0.0;0.0;0.0;5.09677419354839;5.09677419354839;25.48387096774197
52189;6.37576458657376;5.76353381907461;10.47332867712927;31.396660461813788;70.25179526125929;45.849375036926375
52190;0.0;4.65614354875457;9.27398737729037;23.03283363593642;41.84804072664223;51.21797577265884
52193;0.0;28.65002437948946;19.920924479630187;38.158602255395;52.67629042824786;34.46058730192343
52194;0.0;44.74220408958916;54.74568143928339;198.8741188355504;222.2172297689705;262.09629426726275
52195;0.0;0.0;0.0;0.0;5.0;0.0
52196;5.27777777777778;5.27777777777778;0.0;15.83333333333338;15.83333333333334;21.11111111111112
52197;20.17531859847493;60.54165946800031;40.34025774016636;105.95929036983549;131.08338174109315;126.15184286156511
52198;0.0;0.0;0.0;23.63636363636364;11.81818181818182;5.90909090909091
52199;0.0;8.15384615384616;4.07692307692308;0.0;0.0;0.0
52200;20.5714285714286;0.0;0.0;0.0;10.28571428571428;5.14285714285714
52201;0.0;5.83333333333333;0.0;0.0;0.0;5.83333333333333
52203;0.0;5.44444444444444;0.0;5.44444444444444;16.33333333333332;27.2222222222222
52204;0.0;0.0;0.0;12.4;6.2;12.4
52205;0.0;0.0;34.71724277571579;118.26822223401209;99.12945372409696;94.14431443141704
52206;0.0;10.0;10.0;50.0;5.0;25.0
52207;4.6;4.6;0.0;4.6;23.0;9.2
52208;0.0;5.57142857142857;0.0;0.0;11.14285714285714;11.14285714285714
52211;4.77487929560169;19.92021143185657;34.57953764356597;71.98975663043215;130.09783761451655;222.2390035741685
52212;4.8244078602567;9.65275704028331;0.0;23.99398532179191;28.810510542508798;56.73481711469984
52213;4.5;0.0;0.0;4.5;18.0;22.5
52214;0.0;0.0;0.0;10.0;10.0;0.0
52216;0.0;0.0;0.0;6.5;6.5;6.5
52217;0.0;0.0;4.72222222222222;0.0;0.0;18.88888888888888
52218;4.9;0.0;0.0;4.9;0.0;4.9
52219;0.0;0.0;0.0;9.0;0.0;0.0
52220;14.300000000000011;4.76666666666667;0.0;4.76666666666667;4.76666666666667;28.600000000000023
52221;5.34782608695652;0.0;10.69565217391304;10.69565217391304;21.39130434782612;10.695652173913
52222;0.0;0.0;0.0;0.0;0.0;0.0
52223;0.0;0.0;0.0;0.0;5.07692307692308;0.0
52227;0.0;0.0;18.40587208490172;18.70158738709452;12.8322904753326;44.7433724538759
52228;0.0;0.0;0.0;0.0;10.0;15.0
52229;0.0;0.0;5.39285714285714;10.78571428571428;32.35714285714288;21.57142857142858
52230;0.0;5.37775610332893;31.29588524795692;26.15940779207827;25.320503320155908;36.07041370647413
52231;0.0;5.11111111111111;0.0;0.0;15.333333333333329;5.11111111111111
52232;6.0;6.0;6.0;12.0;0.0;6.0
52233;5.64705882352941;0.0;0.0;5.64705882352941;16.94117647058821;11.29411764705882
52234;11.71428571428572;0.0;0.0;0.0;5.85714285714286;5.85714285714286
52235;10.5186870191127;0.0;0.0;15.587778136582909;25.41236639617092;52.13443229596543
52237;9.51436555794328;13.79868793636378;14.28876188302517;17.91893548986462;33.165610714098094;37.25801868862379
52240;5.13513513513514;0.0;0.0;10.27027027027028;30.81081081081082;10.27027027027028
52242;5.10032078622948;30.46386247989279;5.03093323849705;40.42105196325188;137.05269880006136;152.14430554961868
52243;0.0;0.0;0.0;11.2727272727273;11.27272727272728;28.18181818181818
52244;0.0;47.87032734094753;15.48188360775098;100.2247571542657;75.9353779264232;104.67129736401532
52245;4.61538461538461;0.0;0.0;9.23076923076922;0.0;0.0
52246;15.430723036485;30.73508735238579;41.05596385089913;41.08113734867878;87.22128301102127;66.68034621540431
52247;0.0;0.0;5.05;10.1;25.25;70.7
52248;9.698539589009;29.028764119962545;14.51438205998127;48.3657590148203;72.09805935458542;96.31480273072724
52249;18.375;9.1875;9.1875;9.1875;4.59375;18.375
52250;4.97723977489303;50.92865060978412;101.2909044475511;194.72413967057227;239.6632713144243;286.9128599482351
52251;9.67817994529158;32.26097398909284;72.95767676961238;116.80792924239418;125.1947567202825;108.96355872774122
52253;0.0;11.08108108108108;11.08108108108108;16.62162162162162;33.243243243243285;33.243243243243285
52254;0.0;0.0;5.17647058823529;5.17647058823529;15.52941176470587;5.17647058823529
52256;0.0;0.0;0.0;0.0;12.33333333333334;0.0
52257;5.57894736842105;0.0;0.0;0.0;33.47368421052635;5.57894736842105
52258;0.0;5.26208709085887;0.0;10.5241741817177;46.39273026657644;47.12025798338547
52260;0.0;0.0;5.125;10.25;30.75;25.625
52264;0.0;4.28571428571428;0.0;0.0;8.57142857142856;4.28571428571428
52265;0.0;51.79594165413218;37.41884122397505;106.78419119025396;155.9194991459718;181.9543759531087
52266;5.0;0.0;0.0;10.0;5.0;5.0
52267;0.0;5.32558139534884;21.30232558139538;21.302325581395337;21.30232558139536;31.95348837209308
52269;20.04276876221275;174.55341031255864;360.4914954097797;735.4610570561599;786.2912023578767;760.8154286458669
52271;0.0;15.92307692307693;0.0;5.30769230769231;10.6153846153846;42.46153846153853
52272;10.3636363636364;0.0;0.0;25.90909090909086;0.0;10.36363636363636
52273;0.0;0.0;0.0;5.59090909090909;11.18181818181818;16.77272727272727
52274;4.4542360413933;4.96427405659261;0.0;24.879772840557848;43.88854651454613;48.91122312873357
52275;10.4285714285714;0.0;0.0;15.64285714285713;0.0;5.21428571428571
52276;5.27623652641006;0.0;15.818061874960762;26.36520771668494;10.54448559513746;26.37319517436764
52277;4.83333333333333;0.0;0.0;4.83333333333333;0.0;14.499999999999991
52278;0.0;4.125;0.0;4.125;4.125;8.25
52280;0.0;0.0;5.0;20.0;20.0;35.0
52282;4.92938565763053;29.55773348340904;14.77886284592869;19.70824850355923;14.7757680488628;19.6958595795304
52284;11.86666666666666;0.0;0.0;5.93333333333333;11.86666666666666;11.86666666666666
52285;5.21428571428571;0.0;0.0;10.42857142857142;10.42857142857142;10.42857142857142
52286;8.47058823529412;0.0;0.0;4.23529411764706;12.7058823529412;4.23529411764706
52287;20.0;0.0;0.0;0.0;5.0;5.0
52288;11.2;16.799999999999997;0.0;0.0;16.8;28.0
52289;4.95892645736282;5.06866256744212;4.95892645736282;15.09565113014292;35.37272975087786;65.61918700962626
52290;10.41666666666666;0.0;5.20833333333333;0.0;10.41666666666666;15.62500000000003
52291;0.0;4.53846153846154;0.0;4.53846153846154;4.53846153846154;0.0
52292;0.0;25.638189190295968;35.607176411494;82.71620204058976;82.59166995338971;112.6945244211298
52294;0.0;29.77432003815894;14.92589446850999;64.61325170809249;93.92154815844466;69.09640726324625
52295;0.0;11.5;0.0;11.5;0.0;23.0
52297;9.77626472913439;4.8881227568326;29.22242597183791;48.70710461239544;24.40194327107178;34.14912350673449
52298;4.23529411764706;4.23529411764706;0.0;16.94117647058824;0.0;8.47058823529412
52300;4.90625;0.0;4.90625;14.71875;4.90625;14.71875
52301;9.53846153846154;0.0;0.0;14.30769230769231;0.0;9.53846153846154
52302;10.3333333333333;5.16666666666667;0.0;10.3333333333333;36.16666666666661;20.66666666666668
52303;0.0;4.36363636363636;0.0;13.09090909090908;17.45454545454546;4.36363636363636
52304;6.0;0.0;0.0;0.0;0.0;6.0
52305;0.0;29.99563604982896;24.8202077133014;65.42728011095986;59.72776431564149;79.7346661738393
52306;0.0;5.33926316616965;14.78797900481695;16.03715410952505;52.18218577902065;63.91300262989287
52307;0.0;4.90697674418605;19.6279069767442;24.5348837209302;29.44186046511625;24.53488372093025
52308;0.0;4.72193532308127;4.76336346638599;14.22844696918406;43.57782372474688;75.38714501221821
52310;8.25;0.0;0.0;12.375;12.375;4.125
52311;0.0;9.07025283462216;0.0;4.53425966751429;22.67476533675863;41.89155137012413
52312;5.6;0.0;0.0;0.0;22.4;0.0
52313;4.63333333333333;0.0;9.26666666666666;27.79999999999998;9.26666666666666;18.53333333333333
52315;0.0;15.28864964033176;20.61935760668734;35.30821086389677;40.80572018499641;20.18641137098079
52316;9.85714285714286;0.0;9.85714285714286;0.0;0.0;4.92857142857143
52318;0.0;4.9429343932169;0.0;0.0;19.70740398781282;14.509845659151331
52319;5.58333333333333;0.0;11.16666666666666;0.0;5.58333333333333;11.16666666666666
52320;0.0;9.47368421052632;0.0;0.0;4.73684210526316;14.21052631578948
52321;11.25;0.0;0.0;11.25;11.25;33.75
52322;4.51724137931034;0.0;0.0;13.55172413793102;18.06896551724136;18.06896551724136
52325;5.61904761904762;5.61904761904762;5.61904761904762;11.23809523809524;16.85714285714282;11.23809523809524
52326;7.8;0.0;0.0;0.0;3.9;0.0
52327;0.0;24.85528523775337;29.96631547535333;19.95421473987084;49.92477705645089;49.92588537446457
52328;0.0;0.0;0.0;0.0;5.14285714285714;0.0
52330;11.1666666666667;0.0;5.58333333333333;16.749999999999993;0.0;0.0
52331;30.78488155599965;41.79599206835009;30.619783978762197;135.39574507915245;264.522243787936;240.7947723698485
52332;24.740355435887;50.39915979343414;35.19796206014971;131.32953242187384;196.91212711450896;281.08507309704896
52335;0.0;4.66666666666667;0.0;14.000000000000009;4.66666666666667;18.66666666666668
52336;0.0;0.0;4.5;18.0;13.5;22.5
52337;0.0;0.0;0.0;0.0;0.0;10.16666666666666
52341;0.0;5.41666666666667;10.83333333333334;0.0;16.25;37.91666666666667
52342;0.0;0.0;0.0;6.25;0.0;0.0
52344;14.5;0.0;0.0;0.0;0.0;0.0
52346;10.94403841272408;14.944571281608852;5.28070356585738;10.0139818660221;60.82217255839564;31.36801965632198
52347;9.1111943760317;0.0;0.0;30.65950373679637;24.57458745171118;36.08851337436458
52348;13.62546598044297;24.52533965352876;34.30352417712931;62.33531778969305;58.66930105135711;68.59610976998876
52349;0.0;0.0;14.850034841938667;59.47966458648184;24.71444759772298;9.89129766504939
52350;0.0;0.0;0.0;4.71428571428571;0.0;4.71428571428571
52352;11.625;0.0;0.0;0.0;3.875;3.875
52353;19.71825855527555;93.98087894040049;114.2272993144813;273.61193657775414;394.44753788816985;430.8088496677001
52354;0.0;0.0;5.125;10.25;0.0;10.25
52355;0.0;0.0;14.625;34.125;14.625;24.375
52356;9.65217391304348;0.0;9.65217391304348;0.0;4.82608695652174;19.30434782608696
52357;0.0;0.0;0.0;14.91428571428571;24.85714285714287;19.88571428571428
52358;16.76470588235295;0.0;5.58823529411765;11.1764705882353;0.0;5.58823529411765
52359;0.0;10.21428571428572;0.0;0.0;10.21428571428572;20.42857142857142
52360;14.4;0.0;9.6;24.0;4.8;9.6
52362;0.0;0.0;0.0;14.67857142857142;29.35714285714284;14.67857142857142
52363;0.0;10.88888888888888;0.0;5.44444444444444;5.44444444444444;10.88888888888888
52364;5.0;15.0;0.0;10.0;25.0;10.0
52365;10.2056458582884;5.28605493457849;15.363719082155551;31.475170689583923;77.68246706268634;36.26360612922666
52366;4.47058823529412;0.0;4.47058823529412;0.0;4.47058823529412;4.47058823529412
52367;0.0;0.0;6.83333333333333;0.0;6.83333333333333;27.33333333333336
52369;0.0;0.0;0.0;4.53333333333333;4.53333333333333;4.53333333333333
52370;5.03806626448346;0.0;38.959798567818055;24.74324641607048;29.77563271864304;14.66482468937355
52371;10.6153846153846;15.92307692307693;0.0;5.30769230769231;26.53846153846155;5.30769230769231
52372;0.0;4.05;0.0;8.1;4.05;16.2
52373;0.0;0.0;0.0;0.0;0.0;0.0
52374;0.0;0.0;9.71335548870049;34.49206467391695;29.33870893333567;44.07562663901987
52375;0.0;0.0;0.0;0.0;0.0;15.6
52376;0.0;0.0;0.0;0.0;11.22222222222222;16.83333333333331
52377;25.01821870035;4.93062558275458;4.69952054932594;19.6252498980025;9.98103121471297;14.55799827673238
52378;9.0;0.0;0.0;0.0;0.0;0.0
52380;5.8270543568671;14.37257075058651;11.6541087137342;61.8798018294192;27.99137390970887;34.43265149868347
52383;0.0;10.30025005659645;5.33948459145663;26.36260869906986;16.525082673797527;25.93998470464953
52384;11.2;0.0;0.0;16.799999999999997;11.2;0.0
52385;4.14285714285714;0.0;0.0;4.14285714285714;0.0;4.14285714285714
52386;4.95428433653986;0.0;0.0;67.69866861826836;24.202340497648173;85.22339183689107
52388;0.0;5.39285714285714;10.78571428571428;5.39285714285714;5.39285714285714;16.17857142857142
52390;0.0;4.61538461538462;0.0;0.0;13.84615384615386;9.23076923076924
52391;0.0;5.29548857404456;14.70308473401804;49.88408077012555;40.1599674162022;45.0844681493436
52392;10.27272727272728;10.2727272727273;5.13636363636364;5.13636363636364;10.2727272727273;10.27272727272728
52393;0.0;0.0;0.0;11.2;11.2;5.6
52394;4.46808510638298;0.0;0.0;22.3404255319149;8.93617021276596;40.21276595744682
52395;11.4;0.0;0.0;0.0;5.7;5.7
52396;8.6875;0.0;4.34375;17.375;0.0;21.71875
52397;11.6666666666667;0.0;0.0;5.83333333333333;5.83333333333333;29.16666666666665
52398;4.88876113786045;15.05916807123517;19.37377942793531;59.09626625381677;73.3718249363172;74.60116961112396
52399;0.0;0.0;0.0;0.0;4.45454545454545;17.8181818181818
52400;5.03225806451613;10.06451612903226;15.09677419354843;20.12903225806456;10.06451612903226;10.06451612903226
52401;0.0;4.75278233842894;19.86430125302131;43.76144077155815;54.46806944448442;36.63676659841962
52403;0.0;6.30769230769231;0.0;18.923076923076916;12.61538461538462;6.30769230769231
52405;4.90930250398097;24.7711015336369;78.05061185276621;88.75527121580423;119.030098359842;167.53324929654264
52406;4.73809523809524;4.73809523809524;4.73809523809524;0.0;14.21428571428572;28.42857142857142
52407;13.80004883607;0.0;4.33126085718285;39.01109257259782;18.42070756474411;37.65405104341
52411;40.5382370813558;89.1422704938531;44.41506463187154;108.24588087833337;147.86139872318952;107.66770577774122
52413;0.0;0.0;11.1578947368421;0.0;5.57894736842105;5.57894736842105
52414;10.19715743585699;15.33362124206818;20.5069931728551;35.99243420908947;87.39453722442718;97.5164730529701
52415;10.25;0.0;0.0;0.0;10.25;30.75
52416;0.0;0.0;0.0;3.875;7.75;3.875
52419;0.0;0.0;0.0;5.34782608695652;21.39130434782604;32.08695652173908
52420;0.0;0.0;0.0;5.60869565217391;16.82608695652171;28.04347826086953
52421;0.0;6.38941225237487;11.25330866276446;56.76014878116212;21.2434017626758;34.61923237247502
52422;9.63920713211269;0.0;0.0;18.89051625088144;19.66865127227044;43.00536031380188
52423;0.0;5.08493983603316;16.18201172831413;42.00681125804676;62.32993353130842;88.96883747962232
52424;3.83333333333333;3.83333333333333;0.0;0.0;7.66666666666666;11.49999999999999
52425;10.1621621621622;0.0;10.16216216216216;25.40540540540548;25.40540540540536;20.32432432432436
52426;14.33333333333334;0.0;0.0;4.77777777777778;4.77777777777778;14.33333333333334
52428;0.0;0.0;0.0;0.0;11.6363636363636;11.63636363636364
52429;4.71422144957656;14.33038184267964;23.75852763974748;62.30281001146561;72.07165186894903;76.59666321963725
52431;0.0;5.96296296296296;0.0;11.92592592592592;17.88888888888886;17.88888888888888
52432;14.23289403346067;48.34217783457612;34.76423876286241;136.0240221004387;126.22080501581844;219.1923534918074
52433;11.6;5.8;0.0;5.8;5.8;0.0
52436;4.9;4.9;0.0;0.0;0.0;9.8
52437;0.0;3.57142857142857;0.0;0.0;7.14285714285714;0.0
52438;15.13636363636364;5.04545454545454;0.0;5.04545454545454;15.13636363636364;10.09090909090908
52439;0.0;4.66666666666667;0.0;4.66666666666667;9.33333333333334;9.33333333333334
52440;5.09148870677797;24.840516960367893;14.85735923925004;43.70776200073366;34.35047367276751;38.82543603696148
52442;5.25365080438222;0.0;15.730090866491029;26.12923954807396;31.3828447613138;52.41292481437029
52443;5.5;0.0;0.0;0.0;5.5;0.0
52444;8.71629317889258;4.89365791682861;14.972921570636707;18.5036090125498;23.44385259489932;64.88507870397136
52445;0.0;0.0;5.30769230769231;0.0;0.0;5.30769230769231
52446;0.0;9.15626834623878;9.15626834623878;4.57813417311939;41.20320755807448;54.93761007743272
52447;10.41216498656998;0.0;5.20608249328499;10.41216498656998;36.4425774529949;10.41216498656998
52448;4.90818914519747;373.7956997301077;877.0144109061513;1888.542719459628;2900.8792573175037;2010.848301913769
52449;15.4240971733264;43.88518388736365;67.49078141740607;157.6517050215452;103.50110771970076;110.56731939714552
52450;0.0;5.04251646946977;5.04251646946977;4.98300394393787;25.21258234734884;20.17006587787904
52452;0.0;13.95652173913044;4.65217391304348;13.95652173913044;4.65217391304348;9.30434782608696
52453;4.77777777777778;0.0;9.55555555555556;4.77777777777778;4.77777777777778;4.77777777777778
52455;0.0;14.57649306635339;0.0;18.46964517135898;27.140201466657157;75.79428513887775
52456;15.38693886654133;15.27097927490072;19.61781791154833;40.68988452289574;79.8324138545858;59.66255256087551
52457;9.88571428571428;0.0;9.88571428571428;19.77142857142856;29.657142857142823;9.88571428571428
52459;4.95238095238095;0.0;14.85714285714285;9.9047619047619;4.95238095238095;9.9047619047619
52461;0.0;10.20800088247862;9.43761268852222;50.32800623086381;30.22213261770196;72.2600792766063
52463;0.0;0.0;0.0;4.3;8.6;0.0
52464;0.0;0.0;0.0;0.0;0.0;11.33333333333334
52465;5.03846153846154;10.07692307692308;0.0;35.2692307692308;20.15384615384616;0.0
52467;10.5454545454545;0.0;0.0;0.0;5.27272727272727;5.27272727272727
52468;0.0;6.5625;6.5625;13.125;13.125;13.125
52469;9.55311203822588;9.32505981532433;18.84851117587149;84.2210336181814;306.8815239164186;27.34062937393031
52470;0.0;8.9821543076197;4.57454716733206;22.78926937771922;40.79511730749378;54.22719372967792
52472;0.0;0.0;0.0;22.15384615384618;11.07692307692308;33.23076923076924
52473;0.0;0.0;0.0;5.23529411764706;10.47058823529412;15.70588235294118
52474;8.25;0.0;0.0;0.0;0.0;4.125
52475;0.0;0.0;0.0;0.0;11.2;22.4
52476;9.875;0.0;0.0;0.0;4.9375;9.875
52479;24.37085663262298;64.86979263051384;14.73482949365548;34.16658486478693;58.61195519324456;87.75816627217314
52480;0.0;19.95387020370687;19.52322195781015;44.46668365585029;54.90349935926628;24.734035709060016
52482;0.0;5.64705882352941;5.64705882352941;5.64705882352941;5.64705882352941;5.64705882352941
52483;15.923076923076913;0.0;0.0;0.0;10.6153846153846;0.0
52484;0.0;9.7388048249229;19.52215544117965;38.60973862206253;63.52163583757826;53.43271685027258
52486;0.0;5.08333333333333;0.0;5.08333333333333;10.1666666666667;10.16666666666666
52487;0.0;4.84615384615385;0.0;4.84615384615385;4.84615384615385;9.6923076923077
52488;5.18020875683186;0.0;5.15252189297646;36.26235235282952;36.12302697854604;41.33151610579796
52489;0.0;0.0;6.6;6.6;0.0;6.6
52490;4.95504813591321;9.70787160814093;33.69932427692581;33.69071995681132;81.099290297463;129.70574143954093
52491;11.1;0.0;0.0;0.0;22.2;27.75
52492;10.08357490341484;4.87721981764279;9.97264732801406;55.29573841648336;34.79638209578721;64.83014647985317
52493;0.0;0.0;0.0;0.0;0.0;0.0
52494;4.95472748945612;4.95472748945612;19.10741670959636;23.68910976408248;28.82684505940383;5.14475411856086
52495;10.375;0.0;0.0;5.1875;20.75;15.5625
52497;4.702626788371;0.0;9.56627477542498;47.51748608159058;32.444787290868035;51.73702607296042
52499;6.28571428571429;0.0;12.57142857142858;0.0;0.0;6.28571428571429
52500;0.0;9.88551606971404;20.27358944173574;89.68658439886828;84.0799221042377;65.59767810102463
52502;0.0;0.0;0.0;5.58333333333333;0.0;5.58333333333333
52503;0.0;0.0;0.0;8.33333333333334;0.0;0.0
52504;4.84200649749247;4.68574882612824;14.28783337994959;18.97545968239038;37.72660124943924;14.36848040166723
52505;4.71428571428571;0.0;0.0;4.71428571428571;0.0;4.71428571428571
52506;0.0;4.83333333333333;4.83333333333333;4.83333333333333;9.66666666666666;19.33333333333332
52507;12.0;0.0;0.0;0.0;6.0;12.0
52510;16.51543927835305;17.00063902442863;10.7035175761028;61.2097050318981;16.747728484347448;10.94589824476901
52511;4.90909090909091;0.0;0.0;9.81818181818182;9.81818181818182;4.90909090909091
52512;0.0;15.7122928293532;5.23743074187774;15.71537253474896;36.66201700418584;73.31992619165324
52513;0.0;0.0;0.0;0.0;4.61538461538462;18.46153846153848
52514;5.57095902530217;4.88031728146211;16.11997201409454;67.2424550317384;10.4512763067643;56.50702967721119
52515;0.0;0.0;4.5;22.5;4.5;13.5
52516;0.0;4.54545454545455;4.54545454545455;0.0;13.636363636363653;9.0909090909091
52517;0.0;0.0;0.0;10.66666666666666;26.666666666666693;26.666666666666693
52518;0.0;5.1;10.2;10.2;10.2;20.4
52519;0.0;0.0;0.0;0.0;4.6;4.6
52520;0.0;8.97142857142856;0.0;17.94285714285712;8.97142857142856;13.45714285714284
52522;0.0;5.07646837829981;15.121015161669412;50.60618634629968;60.97474590767913;35.53762421540921
52523;0.0;7.0;0.0;0.0;7.0;14.0
52524;0.0;0.0;15.79457918406402;22.25764474011465;21.3926500348677;49.74801547199847
52525;0.0;4.4;4.4;0.0;4.4;8.8
52526;5.5;0.0;0.0;5.5;11.0;16.5
52528;5.40740740740741;0.0;0.0;10.8148148148148;16.22222222222221;16.22222222222223
52529;35.3165967472213;24.42442773266867;28.04908000907632;112.92859607423816;103.19270033954116;113.27299569831028
52534;5.0877361116526;30.21397281500575;15.02980114815388;145.19653781895124;224.9675017676008;120.46306757714405
52535;0.0;20.07585010951597;14.75644531064344;75.81494251364157;95.05587967044578;99.74135589431378
52536;0.0;6.57142857142857;13.14285714285714;0.0;0.0;6.57142857142857
52538;0.0;20.36448706011663;9.81486559150748;25.64335915239708;17.25292513523447;30.15523233284781
52539;4.64285714285714;0.0;0.0;0.0;4.64285714285714;23.214285714285698
52540;8.33333333333334;0.0;0.0;0.0;8.33333333333334;0.0
52541;4.84090909090909;9.68181818181818;9.68181818181818;24.20454545454545;4.84090909090909;24.20454545454545
52542;4.63636363636364;9.27272727272728;9.27272727272728;0.0;4.63636363636364;4.63636363636364
52543;0.0;14.97235844974041;9.95011481864776;53.8774577360393;69.30490580651492;68.67907496798064
52544;0.0;0.0;0.0;10.00625067967054;25.076320769161;44.88928257201263
52545;4.65217391304348;9.30434782608696;9.30434782608696;9.30434782608696;4.65217391304348;9.30434782608696
52546;0.0;0.0;0.0;0.0;5.33333333333333;5.33333333333333
52547;0.0;0.0;19.57717402414707;24.386555218224032;34.345557502879686;24.61416257242862
52548;0.0;0.0;4.63157894736842;13.89473684210526;9.26315789473684;0.0
52549;11.2;0.0;0.0;0.0;5.6;5.6
52550;4.97230985547719;74.93026300645542;79.79396944424467;225.13700202026575;399.5157523038228;234.68259796827388
54001;9.76298582208016;0.0;10.06708415969727;33.8968074413143;43.98548721744578;24.70143914468883
54002;5.51479502445721;5.28717137255321;25.14450086780446;41.233638637368045;40.82459169098924;25.57195039972568
54003;15.16666666666666;5.05555555555556;0.0;10.11111111111112;5.05555555555556;30.33333333333334
54004;14.91666666666666;4.97222222222222;9.94444444444444;24.8611111111111;34.80555555555556;19.88888888888888
54005;0.0;0.0;18.66666666666668;23.33333333333334;4.66666666666667;4.66666666666667
54006;5.17849453307748;0.0;70.75930700263359;65.36079279307489;40.122234381427575;30.273465061380648
54007;5.07295193409754;20.65777812362746;31.1745879089036;67.33425708989942;71.66863912255097;62.0660535093894
54008;0.0;20.34210490331519;20.68488329561963;61.78474073702785;112.84126197499418;36.0677316350338
54009;5.43333333333333;0.0;5.43333333333333;5.43333333333333;32.60000000000003;10.86666666666666
54010;0.0;9.52020014535228;24.35326816227926;24.07345248907861;70.58544405105225;66.2912885547858
54011;5.04076136261455;21.43973416719332;10.71986708359666;104.02640405099646;99.76182159810524;93.9156340056618
54012;0.0;5.04573635590638;59.20886631927158;44.50026886080412;19.64718869267331;29.79281517502648
54013;10.1176470588235;0.0;5.05882352941176;15.17647058823528;10.1176470588235;10.11764705882352
54014;5.22779585922098;10.3371495618434;15.81013036045718;15.446503264465822;21.15355906866116;15.45193237675162
54015;4.63744738921785;9.466029357490669;9.75566537884969;42.12697729171028;28.307346210592534;33.224740184504384
54016;0.0;10.09432905774036;37.43037111737289;32.1223801588105;42.11196770844998;26.99269179201499
54017;0.0;4.18725119574321;0.0;4.18725119574321;0.0;4.18725119574321
54018;4.16539324703044;5.29065641236962;5.29065641236962;9.38885818242936;30.85546886193396;53.5049165097516
54019;0.0;0.0;5.92307692307692;17.76923076923076;5.92307692307692;0.0
54020;14.1835915947144;19.36336562795918;24.09122949286398;43.37967252626959;58.01996112173168;47.88627552647428
54021;0.0;5.1304347826087;5.1304347826087;25.652173913043494;15.3913043478261;51.304347826087
54022;4.93089254204054;4.93089254204054;29.80669570928608;79.73108286144347;79.73460041104985;49.70538251421677
54023;4.24608130709038;13.76060677428966;21.53567277806712;12.73824392127114;23.04402525656492;26.01907764732304
54024;0.0;5.02079063906228;9.60001706163478;43.34288365381316;48.66480328554599;28.80738688363577
54025;27.44845601746482;43.88289722973603;115.17471749056962;250.8781926411945;241.10099775553527;118.20560033957108
54026;5.375;0.0;0.0;26.875;10.75;16.125
54027;15.08729025917018;19.86396479646124;99.5955947998332;124.7866115211934;69.76545304101208;114.88907478749374
54028;0.0;54.0382052025835;54.122628059150585;250.83555467036928;290.29459605024545;383.7560958385074
54029;4.87378428415911;44.72311344652682;129.01916300386603;331.7592649984508;380.50692122689946;273.0980085742716
54030;5.0;5.0;0.0;5.0;10.0;10.0
54031;0.0;4.89560649764238;14.83139623188627;39.885735869593454;39.81031332294137;54.85865694022998
54032;5.05263157894737;15.15789473684207;15.15789473684211;15.15789473684207;5.05263157894737;10.10526315789474
54033;4.82142857142857;4.82142857142857;0.0;14.464285714285712;24.10714285714285;9.64285714285714
54034;0.0;10.23809523809524;35.8333333333333;30.71428571428568;10.23809523809524;35.833333333333385
54035;0.0;0.0;10.4570881913206;15.74820131909466;36.64154901575796;26.16363180923096
54036;0.0;58.91156504513878;68.77240157299079;239.79928360435625;181.70191982468936;132.4608164063551
54037;0.0;0.0;45.18039000318409;60.41696682330144;45.72828503230932;15.105188932327358
54038;14.367136225301248;33.77365406122022;4.41643377545486;83.27243720932847;80.1433087394047;91.0825129453702
54039;9.98601433546432;62.69674019500107;96.52502658516582;306.04062849470233;460.8752198289829;420.075412011867
54040;10.19295428889462;35.70589791310558;30.60977557030284;107.03082720655472;157.5736511165591;86.43136387412821
54041;4.88884474652438;0.0;4.88884474652438;14.66653423957314;9.77768949304876;0.0
54042;10.86646135849362;10.3403332316361;9.81420510477868;41.994819024599686;9.43598665225616;35.713652000508496
54043;5.10671469765304;40.527990201489565;80.68298003754951;110.99582234406104;207.8416333380323;111.3219833165558
54044;20.4102564102564;0.0;0.0;25.512820512820504;10.2051282051282;30.6153846153846
54045;9.64524685860307;24.57866700620041;14.4840786516428;37.48286060831271;42.49921465732869;38.83186190711129
54046;20.5086788658178;5.19193667491278;50.713748359293575;41.02316808015179;25.445905571598267;56.16330038422443
54047;0.0;0.0;0.0;20.01739749283402;45.87383288148426;45.7753059922658
54048;14.319301542340082;9.55189690742286;10.22902257865982;44.15559018502019;44.14969411611194;49.96555134848625
54049;0.0;9.54617378251244;9.54617378251244;63.0059088205479;66.2630274116627;66.419359317192
54050;0.0;0.0;0.0;4.53333333333333;13.599999999999987;4.53333333333333
54051;9.7426034069149;43.84348771815231;102.30737304353316;156.05351976029425;175.59505860995273;117.02801449803476
54052;0.0;0.0;3.97368421052632;31.789473684210577;27.81578947368422;15.89473684210528
54053;5.0;5.0;0.0;15.0;25.0;10.0
54054;0.0;35.59952968518404;60.87640844927808;187.73254408301165;228.58091568242511;111.79515816820144
54055;0.0;13.57564093254132;18.0478790352866;27.17774323973577;36.33453576194345;27.17789888565309
54056;0.0;5.21428571428571;5.21428571428571;15.64285714285711;20.85714285714282;26.071428571428548
54057;0.0;4.4375;0.0;8.875;4.4375;8.875
54058;15.75;0.0;0.0;15.75;5.25;10.5
54059;19.05141331458819;9.30063721768324;37.7684641261024;144.83023667906795;104.40130449588;67.15291495467298
54060;0.0;49.22396730913562;120.168212150619;210.2781261093852;218.6268136129055;178.36970148196153
54061;0.0;9.37805020374724;19.368184800944288;71.82001065622629;99.77193996395134;52.54601334053822
54062;5.44942747417829;45.10279713234684;20.321149774078272;149.41571707349144;35.3520735172706;41.27320746097668
54063;10.48484848484848;15.72727272727274;0.0;15.72727272727272;15.7272727272727;20.96969696969696
54064;9.62994388898344;9.57542017805452;14.49978903869096;28.73994928956508;43.22566149053084;47.93166307984264
54065;0.0;4.97009836690247;25.32781124063384;112.39767156292572;147.04619481202323;112.24599543736316
54066;0.0;5.61915802458697;20.40455043065848;82.2939927435783;62.61785643687824;33.9920673488402
54067;9.70655097657405;19.58299815421012;44.40366365042668;84.86150731027824;118.08475518796178;92.9345269911372
54068;20.9411764705882;0.0;5.23529411764706;5.23529411764706;0.0;5.23529411764706
54069;9.28863164281568;9.55127504044286;55.2316815852297;115.51970248395116;59.751897942973216;36.52309660078479
54070;0.0;10.11111111111112;0.0;10.11111111111112;35.38888888888892;15.16666666666668
54071;4.65714285714286;13.97142857142858;0.0;27.94285714285718;32.60000000000002;18.62857142857144
54072;5.27405145441849;0.0;5.05271115285613;25.925467914487093;21.0972830140424;41.89945064872126
54073;0.0;30.7371027015796;46.22607074440514;112.1395346274512;128.35317780443597;81.84404223882919
54074;0.0;0.0;0.0;10.57142857142858;0.0;0.0
54075;0.0;0.0;9.28;13.919999999999998;9.28;4.64
54076;10.2272348091063;99.85841402884596;168.95529281447708;524.4574825806684;545.9068165038254;398.4210237279812
54077;9.70973928955633;5.04678346498202;5.04678346498202;59.31153570468922;115.73101376726764;149.77571697395675
54078;0.0;1.00536400541043;1.00536400541043;11.35484399768124;3.78494799922708;3.78494799922708
54079;0.0;94.67594110806256;89.69164654379027;458.4557875256687;493.3413907808999;528.1634720622882
54080;0.0;20.18988318779077;49.30886001209634;74.17102722841913;131.9615549086662;141.0906698232373
54081;10.213587628591;15.82009035058708;10.46193244764418;36.01064121208351;40.86024571101725;65.79391595320915
54082;0.0;4.91428571428571;9.82857142857142;49.1428571428571;29.48571428571423;9.82857142857142
54083;4.81081081081081;0.0;14.432432432432428;14.432432432432428;24.05405405405402;24.05405405405405
54084;0.0;19.94514996913584;10.08325538260094;65.34498810890756;150.73260425888273;145.69170518938606
54085;10.23529411764706;5.11764705882353;0.0;5.11764705882353;15.35294117647059;30.70588235294122
54086;0.0;0.0;4.87805763384224;39.64316870933988;48.63647622361566;53.52228615193133
54087;0.0;0.0;0.0;4.35294117647059;21.76470588235299;17.41176470588239
54088;5.97368421052632;5.97368421052632;17.92105263157892;23.89473684210528;29.86842105263164;29.86842105263156
54089;19.8944312140355;73.63849128791017;155.9735739250522;198.43062541303615;111.58913389866336;92.96319918526156
54090;0.0;80.02248434666762;371.8552787853868;492.4092257850033;396.5611185362786;325.4412180037395
54091;0.0;14.34108243065616;57.92958597532308;62.2435068206746;67.51033239458616;29.19195483883863
54092;4.26666666666667;0.0;0.0;8.53333333333334;4.26666666666667;4.26666666666667
54093;0.0;4.97058823529412;0.0;24.8529411764706;9.94117647058824;9.94117647058824
54094;0.0;14.828571428571422;4.94285714285714;24.71428571428568;24.7142857142857;4.94285714285714
54095;5.22222222222222;0.0;0.0;0.0;15.66666666666666;5.22222222222222
54096;0.0;5.13444802041997;20.45134332865295;45.61510502856425;65.63854670074167;55.28024097661151
54097;10.1052631578947;0.0;5.05263157894737;15.15789473684211;0.0;20.21052631578944
54098;0.0;0.0;20.75;20.75;15.5625;15.5625
54099;24.23107279822592;119.17310877138534;402.39154380073234;822.9061188920837;1013.631896060254;812.6326846163528
54100;4.94381822602028;15.42715863506795;40.13777416830186;86.36935410995342;111.56062628551776;44.79789332843165
54101;5.25;0.0;0.0;0.0;5.25;26.25
54102;0.0;21.10606211458505;41.835494007216;83.3664169893021;68.15533581737643;72.93013164577086
54103;10.0;10.0;5.0;25.0;30.0;25.0
54104;0.0;15.599954346647088;15.61574076502434;38.69356368053647;29.47986010723543;20.32848971571325
54105;9.88982803869218;9.96606988773688;10.198340103593129;125.62749201451943;75.47806845181783;10.11972910061238
54106;21.333333333333343;4.26666666666667;4.26666666666667;4.26666666666667;0.0;17.06666666666668
54107;6.0;0.0;6.0;6.0;18.0;6.0
54108;13.0434782608696;26.08695652173916;0.0;13.0434782608696;6.52173913043478;13.0434782608696
54109;15.2357647169271;25.37701337247528;65.86172618520125;162.08316522043486;121.53447030697431;45.53154616375515
54110;14.3426630057353;10.0997514206889;34.9694123096421;65.94457214740154;82.51597329563542;24.80541726113954
54111;0.0;33.95651596449862;199.6162131895001;383.2112039943193;407.4061746581731;244.86913829997877
54112;9.88615621304858;9.805831557079587;29.550930303168208;156.0107393612984;107.1952008206518;53.73082206897466
54113;15.89080721268811;90.54706178723056;107.23682774263098;208.91127198976056;201.72617800638943;75.09283436393288
54114;0.0;10.0061196492158;9.69570884616438;69.79909657400526;24.8291526755804;30.4353521121544
54115;0.0;119.75076858168396;233.13816240550477;811.3234639076705;762.0130805101875;499.8155825113111
54116;9.86310083905702;70.1772155906623;67.25979232330279;249.86243535242943;322.8118695051851;197.8839868891793
54117;4.95652173913043;9.91304347826086;4.95652173913043;9.91304347826086;14.86956521739129;0.0
54118;0.0;10.28228922897654;15.2165191216396;56.13903022434905;96.39236245478529;102.15009803260214
54119;0.0;0.0;0.0;0.0;10.5882352941176;5.29411764705882
54120;5.16701352882676;4.61340042317789;19.27618085061792;49.50369045143104;52.46669629030638;35.64867203582055
54121;5.24324324324324;0.0;15.72972972972972;31.45945945945944;15.72972972972974;10.48648648648648
54122;0.0;30.62983190739558;30.69611392595999;117.8774645940671;102.4550539834683;56.34637766926829
54123;0.0;67.95865531209078;133.13515224871958;267.53499188723595;171.40140490869342;96.74798718493916
54124;10.44444444444444;0.0;0.0;0.0;5.22222222222222;0.0
54125;9.88769391683917;14.92034597929036;19.16009915137929;48.51306623563538;53.53073637295247;58.56307350386923
54126;5.06976744186046;15.20930232558136;15.20930232558138;25.34883720930226;30.41860465116276;20.27906976744184
54127;15.5164362708992;25.64588771176763;26.00551296330974;77.51851584509883;62.21118932730176;72.84573843319009
54128;10.1138128932905;5.1239449092071;40.4085941722032;86.47782021589751;86.43550610284692;71.37730637621404
54129;5.14509293671698;49.28246184383932;40.360370328190726;74.31980100154027;143.63203768876045;163.75749990844906
54130;0.0;14.666666666666671;4.88888888888889;19.55555555555556;24.44444444444445;4.88888888888889
54131;4.92453243743637;24.96921334026132;19.88415020038774;84.48791339087052;84.46227421288378;49.72433721194293
54132;0.0;0.0;14.000000000000009;14.000000000000009;0.0;0.0
54133;10.36363636363636;10.36363636363636;0.0;5.18181818181818;20.72727272727276;10.36363636363636
54134;0.0;0.0;0.0;21.355161395228592;31.47632420787607;79.62858380976924
54135;4.9478542364223;59.66738100472663;29.70345784398381;171.08664234588645;275.77941439076375;138.37964305709363
54136;20.14946453968944;40.4625839311337;55.8212209791858;161.47032197281928;310.15176346489096;283.6440928151345
54137;0.0;24.27592605029284;24.512654223136146;83.15581748486562;53.6786204805596;53.59756209311505
54138;4.9912061390396;65.25695192208059;75.4864354580865;372.8498506406034;401.4787820919448;257.3531829619105
54139;4.83962065268908;9.68212620576003;29.06102050235158;48.76665167241667;59.65123575197666;33.65247666094914
54140;18.0;4.5;0.0;4.5;9.0;18.0
54141;0.0;0.0;10.62068965517242;42.48275862068966;5.31034482758621;10.62068965517242
54142;0.0;0.0;10.06666666666666;20.13333333333336;5.03333333333333;20.13333333333336
54143;0.0;14.05372662745053;4.28793776103659;52.53752371808228;80.2017226121986;53.75274178139736
54144;0.0;20.79399131344929;5.91120742630463;78.65454982938947;38.00646216513507;21.560223996306
54145;0.0;20.32389882349981;25.15770032658486;105.90152258436407;136.3540120227048;110.67823321097428
54146;0.0;20.42867886640525;0.0;40.99124152629838;35.92967194203208;20.5138145133268
54147;9.08333333333334;4.54166666666667;0.0;9.08333333333334;22.70833333333335;9.08333333333334
54148;0.0;9.6279451935364;20.29402094872131;96.9709023818248;85.36514567439627;79.62264105868033
54149;0.0;10.5372922450688;39.79961144604012;202.5343764934315;265.29094655892226;175.71642280315635
54150;10.1802776466413;81.22925611359591;185.67551082938175;443.2432964955478;341.6302368563775;347.2616350795201
54151;0.0;10.02341494885388;40.16396622291972;110.39040315971133;160.42180495410074;120.38273347739424
54152;0.0;44.461253275411984;164.0575659630733;332.53716361570497;455.85673378112085;338.6960936989637
54153;15.27272727272729;0.0;0.0;10.18181818181818;10.18181818181818;5.09090909090909
54154;4.77795678750828;19.71129978566541;18.88015402112026;29.03834856810651;66.78987924972071;24.72963555217115
54155;0.0;5.04399087576815;8.95356766004118;44.88470424212271;49.63559678028828;56.81375181296755
54156;4.95934132411044;14.21941817805157;30.31079505794484;44.80763746785895;64.51185163957992;74.95966250135244
54157;4.97171427783841;65.62107387318994;241.60407900752335;552.984720638568;643.2163171806;628.1092791137336
54158;0.0;16.73076923076924;0.0;11.15384615384616;27.88461538461548;11.15384615384616
54159;9.91767479380482;238.9817728781564;467.4421167287626;1310.861507500579;1334.0027059471172;845.3801642568286
54160;0.0;9.11890875551073;14.69633514290393;43.489563702227954;53.53689465856425;48.92755345853149
54161;4.89466173468043;15.0338119826162;0.0;24.9334134284269;60.006645044864;45.3219368250381
54162;10.2028602795372;19.77731437294534;75.50376665930678;137.79774905131694;154.2184838369097;67.14813289329359
54163;5.37103085642613;15.99967381935722;10.27240259764932;5.49244166410643;15.87563854273283;46.93024234815652
54164;6.38461538461539;0.0;6.38461538461539;31.92307692307695;12.76923076923078;0.0
54165;0.0;45.80341810123565;132.30501475196593;45.80341653846845;25.44446188917145;15.2649837831393
54166;10.875;0.0;0.0;3.625;3.625;0.0
54167;0.0;59.16664604623885;117.24537547076866;339.1412033185719;198.29891480777897;130.84777680369692
54168;10.5486150581771;21.05127287119504;26.65304604089385;37.15529259467751;26.51229184316826;10.59539482180466
54169;12.249999999999991;0.0;0.0;12.249999999999991;12.249999999999991;4.08333333333333
54170;5.46153846153846;0.0;5.46153846153846;16.38461538461538;0.0;10.92307692307692
54171;10.4040795838822;24.17939755489542;42.9907662861448;173.921571020017;151.7868309413582;99.7568505433028
54172;4.01476530760932;14.39307958296299;4.57733231886561;34.31308010822511;42.18694778089708;23.216535879068488
54173;0.0;5.4390243902439;21.7560975609756;0.0;38.0731707317073;16.3170731707317
54174;10.02407569155171;55.20297865231788;175.58581080253788;566.8651105207672;776.6408761277531;406.0211757230213
54175;9.50913957801874;0.0;15.45523032555626;76.20569836611625;32.30367649962277;33.10850701782943
54176;5.14284060652308;34.16280631493803;34.50461049039564;103.7102755400168;159.02041819333058;135.84805926455047
54177;4.99706977531786;9.99413955063572;4.45162059416235;52.27391019714826;33.17999023839626;18.88162389458705
54178;0.0;0.0;11.1111111111111;16.66666666666666;22.22222222222222;50.00000000000002
54179;10.0446987877029;0.0;58.53306584788593;39.27091576603309;19.06940623673656;19.28591352924003
54180;4.92857142857143;4.92857142857143;0.0;4.92857142857143;4.92857142857143;0.0
54181;0.0;13.89798133352607;29.86303430436014;71.98098484645641;87.19240370704651;90.74703441279662
54182;0.0;30.23826554895546;8.35750454150394;27.13627022035347;29.252989639261923;45.42731769558872
54183;13.058823529411768;0.0;0.0;8.70588235294118;4.35294117647059;4.35294117647059
54184;0.0;161.76609916424655;743.0002352086946;1049.8153633201932;1090.543347226562;462.3455801050144
54185;0.0;4.53846153846154;0.0;4.53846153846154;9.07692307692308;0.0
54186;0.0;39.71531839566563;119.14484305793816;198.57214357283496;89.35881768982699;59.56908492031471
54187;0.0;5.19047619047619;10.38095238095238;15.571428571428587;15.571428571428587;5.19047619047619
54188;10.0495710838633;40.19871710038595;90.44570663555184;185.91554945119907;145.71791465471833;130.6418265962606
54189;0.0;27.79140245571618;28.08252956521465;73.5646198573543;69.08167963338285;92.90699109061998
54190;20.7619047619048;0.0;0.0;15.571428571428587;20.76190476190476;20.76190476190478
54191;0.0;0.0;0.0;10.94736842105264;10.94736842105264;21.89473684210528
54192;0.0;5.70475220204942;21.14920826197599;26.5172293561863;54.17756125039591;21.09051934104702
54193;0.0;0.0;0.0;11.8181818181818;11.8181818181818;5.90909090909091
54194;8.9029039707612;4.95233974694664;34.42333998976408;75.30838797112483;90.6593063756502;56.67598255801237
54195;0.0;14.583333333333329;4.86111111111111;29.16666666666662;0.0;14.583333333333329
54196;4.97723587134222;25.0389656795107;91.34121514655943;254.24773408195009;130.68818159535218;158.17726675104163
54197;0.0;86.94787827674544;195.09857266837;249.93796782813095;120.47037325190227;74.41138801069216
54198;0.0;10.39208143373917;5.21427280310752;41.78890834814412;62.42695412636301;41.86209709245192
54199;5.14308993515312;15.04217023948501;10.09354923724511;34.56499903144328;54.65847012995312;63.61437594212004
54200;0.0;9.2;0.0;23.0;13.8;23.0
54201;0.0;10.18856489276384;5.10349015674658;25.50517629967236;45.87618731637336;40.76656361223516
54202;0.0;15.45811104320776;42.91492858175484;67.86003924300933;41.935185113287005;10.06050321517005
54203;4.51515151515152;0.0;9.03030303030304;18.06060606060608;13.54545454545456;9.03030303030304
54204;4.73684210526316;0.0;0.0;23.6842105263158;14.21052631578948;4.73684210526316
54205;0.0;14.891220643540471;64.85423628211329;169.2844135413819;366.9496740369107;333.1671144600353
54206;19.8350494265772;0.0;48.31920162821764;53.46493413516721;38.31211508539348;28.01315218496148
54207;0.0;5.5625;0.0;27.8125;0.0;11.125
54208;0.0;0.0;9.66682748346211;64.85912421290703;64.58067151373619;29.74925979803254
54209;0.0;0.0;0.0;8.53333333333334;8.53333333333334;17.06666666666668
54210;0.0;0.0;5.21428571428571;36.49999999999992;26.0714285714285;36.49999999999995
54211;4.80952380952381;0.0;4.80952380952381;33.66666666666667;19.23809523809524;19.23809523809524
54212;4.90808734648881;24.4703825787738;9.72299135420316;73.1559468928002;48.801545650544135;39.07822099463529
54213;0.0;0.0;29.98328494040165;55.03904092688304;25.86513904480961;41.32346430575204
54214;4.92061838986999;44.11440044560994;64.03154250145019;137.08989817704924;84.30420511340577;63.68230046066458
54215;5.04320546759352;132.09363172503765;402.6141915342546;675.6893579304366;983.8747085669024;569.2362197205462
54216;0.0;10.7826086956522;10.78260869565218;5.39130434782609;21.56521739130436;10.78260869565218
54217;15.17142857142856;0.0;10.11428571428572;0.0;10.11428571428572;20.22857142857144
54218;0.0;5.66666666666667;5.66666666666667;0.0;5.66666666666667;5.66666666666667
54219;4.82352941176471;0.0;14.47058823529413;9.64705882352942;9.64705882352942;14.47058823529413
54220;3.8;3.8;7.6;3.8;11.4;3.8
54221;4.95833333333333;19.83333333333332;9.91666666666666;39.66666666666665;19.83333333333332;4.95833333333333
54222;29.59065590347482;29.7664737703924;39.95068804172707;128.94690959416013;140.36087877276475;114.17278322066034
54223;5.21052631578947;0.0;10.42105263157894;10.42105263157894;15.631578947368372;20.84210526315784
54224;4.3448275862069;8.6896551724138;13.0344827586207;30.413793103448302;0.0;4.3448275862069
54225;0.0;0.0;10.05555555555556;35.19444444444446;30.1666666666668;5.02777777777778
54226;5.27272727272727;0.0;0.0;21.09090909090908;21.090909090909072;26.36363636363631
54227;9.90277090404411;25.44103019415286;25.42460998504313;157.18085863784682;222.11603802118145;212.65001422117868
54228;0.0;3.88888888888889;3.88888888888889;0.0;7.77777777777778;11.666666666666671
54229;19.78514935941977;4.93706805072762;15.10733928442097;24.979287723229262;29.73250088687534;39.68039529712583
54230;5.0;0.0;0.0;10.0;5.0;0.0
54231;4.64102564102564;0.0;9.28205128205128;9.28205128205128;9.28205128205128;23.2051282051282
54232;0.0;69.68351475199805;211.3988350014591;483.1921658889618;316.5962739221041;118.61922834142838
54233;0.0;0.0;0.0;0.0;6.6;0.0
54234;0.0;52.44041106108644;99.98466607748632;335.5490416214751;393.7635175745844;420.25051696262494
54235;10.6665909352951;26.19125988488395;16.12105305066863;31.41918432182908;42.778258659036496;48.000917457177366
54236;16.593216068881972;0.0;17.369174963860267;28.3660410777674;40.6128269013984;42.96750660530365
54237;0.0;9.45454545454546;0.0;14.18181818181819;9.45454545454546;0.0
54238;0.0;29.889593945911702;10.0162729089601;46.036657388110335;44.17347012618751;29.73571118681484
54239;0.0;9.58620689655172;0.0;19.17241379310344;4.79310344827586;23.965517241379303
54240;4.81818181818182;0.0;0.0;4.81818181818182;14.45454545454546;0.0
54241;0.0;18.0;4.5;9.0;0.0;0.0
54242;10.1454545454545;5.07272727272727;20.29090909090904;45.654545454545406;25.36363636363631;20.29090909090908
54243;5.39024390243903;5.39024390243903;5.39024390243903;10.7804878048781;43.12195121951223;16.17073170731709
54244;0.0;5.73684210526316;17.210526315789462;5.73684210526316;17.21052631578948;17.21052631578948
54245;0.0;0.0;5.81818181818182;11.63636363636364;5.81818181818182;11.63636363636364
54246;0.0;0.0;0.0;3.9375;7.875;11.8125
54247;0.0;9.94594594594594;14.91891891891891;9.94594594594594;34.81081081081078;9.94594594594594
54248;0.0;0.0;0.0;4.59090909090909;18.363636363636388;22.95454545454545
54249;0.0;9.03323540427609;4.39089698084051;29.47951710142166;25.11824185963292;49.76579058125577
54250;0.0;9.83707772715726;38.606493424789065;111.20121693780618;101.61853548851424;58.40234901348303
54251;5.03846153846154;10.07692307692308;0.0;0.0;25.19230769230772;10.07692307692308
54252;0.0;9.77732074365602;34.00529053517747;43.75782981058451;92.60073738156616;39.14607347749332
54253;4.99292564869519;24.329410459358694;39.31324142511607;88.95899015577274;138.46144245022813;93.81264550004268
54254;0.0;20.60921694773068;147.59415026296602;351.28498315020846;381.0268463734232;493.12894916303566
54255;0.0;0.0;0.0;0.0;5.92857142857143;11.85714285714286
54256;4.56035644502193;0.0;9.24141341728714;78.18920837010457;55.126437019834775;32.30471409700363
54257;0.0;108.97588405648554;568.5665963892529;647.6870343034556;479.8014141270685;257.0542344773932
54258;5.06896551724138;0.0;0.0;25.34482758620694;15.2068965517241;20.27586206896548
54259;5.28571428571429;5.28571428571429;10.57142857142858;42.28571428571427;10.57142857142858;21.14285714285718
54260;4.71090101728312;34.85604574163353;49.68462940510699;102.5817804909738;122.73683691906854;72.85903754076476
54261;5.05415491551125;66.2008287793504;86.41522163728672;346.6452557250508;638.9994436443026;750.675246998759
54262;0.0;0.0;10.1;5.05;20.2;30.3
54263;0.0;158.48482362053753;190.93388647071603;564.2942328530863;846.9405444111632;866.6757693070156
54264;0.0;15.05093264172234;15.24555717537564;65.33266817220115;70.78808180691063;40.50652715663052
54265;0.0;34.84121498868659;222.85132056772252;262.40919704188246;173.29018838369166;69.68591167081894
54266;0.0;10.7055944165982;13.56635810599358;44.12635107298886;55.28850037103971;32.24669320470801
54268;15.0;0.0;5.0;20.0;25.0;10.0
54269;0.0;10.20695172505958;38.46866578820492;35.37072851095544;49.08186765315893;40.13399958839532
54270;0.0;67.12194432477907;191.03576086134208;407.188605805758;490.7229593241524;412.6325339570907
54271;5.85;11.7;0.0;17.549999999999997;5.85;0.0
54272;0.0;20.94671216531613;20.930268033029648;104.5025576140932;46.98968605402106;31.37039596299172
54273;0.0;182.10098597002332;265.2711734162366;732.3911310512216;1020.5087134294048;1022.6195841120016
54274;0.0;164.32803752422905;549.0946780633172;963.8600637939788;1023.55689227389;803.5525985244509
54275;0.0;4.30952380952381;12.92857142857143;21.54761904761905;34.47619047619044;30.16666666666667
54276;4.85748240077691;19.95499309165655;34.85350678604805;74.50227231087473;154.71835491419796;104.63233170464156
54277;15.44859966691082;0.0;5.14625057286572;61.6371886180105;20.55553364739522;46.24750750181662
54278;0.0;0.0;17.82352941176469;29.705882352941188;0.0;5.94117647058823
54279;5.02616139834766;20.26285639258043;50.49837960545953;136.4443029903062;95.86807528998334;105.9195965779736
54280;0.0;85.29161982806865;130.40269400988018;424.09661003188967;676.2902945068987;864.9801474096562
54281;5.01999189702015;24.94195344740596;59.89237921425128;125.04155993180603;115.25436652361338;40.0336402999658
54282;4.61764705882353;0.0;0.0;27.705882352941178;27.705882352941188;36.941176470588246
54283;10.11234684215449;5.19544888103034;5.19544888103034;51.26024447658699;41.57926125978652;36.37997522107304
54284;4.87333536994063;19.676357963433382;24.414636543678093;54.15363204571361;127.8031435521432;137.1921995778532
54285;8.16666666666667;0.0;0.0;16.33333333333334;0.0;8.16666666666667
54286;5.12707433174374;30.3123631617198;75.56838337405169;169.72536848286032;175.63157331266308;160.25995018638844
54287;0.0;10.481249909809;0.0;48.28131214941876;27.00525906426148;52.19340638985034
54288;28.2765327879409;18.95495754686051;18.99706212806822;52.14346768355816;56.67753100749189;52.07893042241467
54289;0.0;24.16512509378191;16.296235670389308;35.86311157618777;48.68305225513079;14.7539704492411
54290;9.33333333333334;9.33333333333334;14.000000000000009;28.000000000000007;28.000000000000018;23.33333333333334
54291;16.574008024125888;5.38887491819978;38.40213634581447;48.11876118464981;32.60587815808819;16.452471557075718
54292;0.0;0.0;9.57894736842106;23.94736842105265;19.15789473684213;23.947368421052666
54293;0.0;8.94736842105264;8.94736842105264;8.94736842105264;13.42105263157896;8.94736842105264
54294;0.0;5.0;10.0;30.0;15.0;15.0
54295;0.0;20.371465830478748;10.28054511581951;80.72555270930891;150.89396186175023;131.47516606139155
54296;19.92634426895918;29.76509906263591;39.349441341042194;49.25217504414314;39.79027302829251;14.851750367701053
54297;0.0;0.0;10.18762764468244;15.08599404200452;59.29706622155318;34.97450557703396
54298;5.0;0.0;5.0;5.0;25.0;10.0
54299;0.0;5.20454545454545;15.613636363636347;31.227272727272695;26.022727272727305;20.8181818181818
54300;9.76287849601468;212.9771288654639;441.94654288717726;683.9979319307838;812.6615734949064;547.9162117149796
54301;4.74074074074074;0.0;14.222222222222218;9.48148148148148;18.96296296296294;9.48148148148148
54302;14.823682707624;24.886115409214987;29.58841762852493;84.12191617683709;54.53567786679817;68.64257571663764
54303;0.0;0.0;4.70680515458152;28.387414836352768;52.50562881553443;47.86769453353877
54304;0.0;258.1550454741111;1539.8694064518672;1650.8567252526293;1530.46219625391;729.8818719074961
54305;5.00088852049402;140.8307687759881;337.04134458370004;261.7424269396486;190.8361434382892;100.96571426438211
54306;0.0;5.36523657507403;10.7304731501481;19.05829490839826;41.58569792306942;30.16901520124517
54307;10.8965517241379;5.44827586206897;16.34482758620687;43.586206896551744;5.44827586206897;10.89655172413794
54308;5.44444444444444;5.44444444444444;10.88888888888888;0.0;21.77777777777776;10.88888888888888
54309;0.0;5.0691513016396;10.73115078059547;64.40337936183455;53.1739153951093;49.35108318943905
54310;0.0;0.0;0.0;0.0;0.0;0.0
54311;15.3547902846471;15.43752744409108;35.02087639101253;116.604036558423;101.16515596962672;35.11049248152346
54312;5.13512878418953;0.0;56.16856533072289;102.13941350946004;30.56593001955136;56.14403418684371
54313;0.0;0.0;19.91304347826088;69.69565217391312;19.91304347826092;24.8913043478261
54314;4.91752071002411;74.60644651181073;259.4300712828891;454.77478828973904;499.62970633974425;354.371927587792
54315;5.03126657208816;20.14693675106446;30.26787566546779;181.39562801091716;125.97136671478626;80.62429287498765
54316;0.0;20.01297464896186;25.26608357798144;55.48186144095221;45.43319521929627;10.12208546202029
54317;0.0;0.0;0.0;40.96551724137928;9.10344827586206;22.758620689655157
54318;0.0;188.84853638832908;346.75928982530763;771.7313172771435;705.6362981064256;468.003198625955
54320;4.66384378783693;0.0;18.55527489205183;56.18139900219474;33.067600916939455;19.13080097209932
54321;0.0;74.81819295270068;54.78966446248287;199.06314684006503;308.54054869965046;308.4387520412421
54322;29.8377266562962;84.60258988759226;110.32429753587724;344.3827537143919;628.7828588007413;597.2960349181654
54323;0.0;239.5465259631944;544.9379408247576;1168.2814677755043;2035.4915410771516;1940.0113817194497
54324;0.0;0.0;4.19992756507367;4.19992756507367;16.79971026029468;0.0
54325;4.875;0.0;0.0;9.75;4.875;9.75
54326;0.0;4.93181818181818;0.0;19.72727272727272;24.6590909090909;24.6590909090909
54327;5.14356029380012;10.2472437891153;35.68269569169002;96.96132316218085;81.77246912140785;61.39890127902372
54328;0.0;109.3899661484228;546.8497433422732;801.4312749185569;658.5782699254326;281.4436042878307
54329;20.0485315679287;362.56725856802905;684.5096445145529;1545.7811566834214;2427.4516742942133;1459.903576313172
54330;0.0;24.85669135237512;33.99889165765727;69.76861766611474;49.54797251302913;20.05004637049978
54331;5.00310381826458;0.0;9.59356548100655;29.32928074957843;28.918578369235107;19.66581114591389
54332;0.0;35.57378342642157;121.82944106851431;232.9489824876132;156.6577558498623;127.7893440678456
54333;5.02321914671122;0.0;4.90921087443262;34.71173615174884;43.97034796361262;29.35678370440258
54334;0.0;9.039359387417113;13.98096278476169;62.257694913604766;89.50608791361125;66.38154966349525
54335;14.587090354609;4.61733977257564;28.98848718469958;63.30124168299974;47.82101638169826;29.34553561091692
54336;4.77344524797613;24.42704985187112;72.04495224744262;118.7190382279521;98.51401042154424;78.96342486355351
54337;0.0;14.33333333333334;0.0;0.0;9.55555555555556;14.33333333333334
54338;5.21360783320162;14.7046937088683;92.25562995174292;152.48806349040422;73.77299761022336;94.14835879898042
54339;4.88413516230953;303.77818358421285;846.0813656862036;1130.785729906335;787.2675012523974;526.2630466685613
54340;4.82799574905751;15.56555398498869;0.0;44.17476234971698;60.80928436765771;49.54938579164992
54343;23.095238095238106;4.61904761904762;4.61904761904762;9.23809523809524;23.095238095238106;13.85714285714286
54344;0.0;5.04761904761905;15.14285714285715;5.04761904761905;15.14285714285715;55.523809523809554
54345;0.0;14.46063504042667;14.76811838379561;30.48304702922703;59.52857098062923;34.97442966303827
54346;15.41809959133681;20.99896466439651;20.99394314751714;21.17179704532584;20.82645804485416;10.6698039546879
54348;0.0;5.06382978723404;15.19148936170214;35.44680851063828;20.25531914893618;25.31914893617022
54349;5.09090909090909;0.0;10.18181818181818;15.27272727272729;25.45454545454549;0.0
54350;20.5458375472325;15.4920496277199;5.1571012992859;103.01863184019622;82.5766063985015;61.94786905233452
54351;0.0;34.35158348463238;88.00473680052075;203.03383694340985;207.21625668527008;148.09961334647994
54352;0.0;25.2082923983324;135.33395349929842;100.46814135098212;95.12525872923248;39.87857401364961
54353;19.6783647067032;25.502101894626698;25.04875259647724;115.9252532700586;120.37107187829436;75.26087140649472
54354;0.0;0.0;17.0;12.75;0.0;4.25
54355;5.6875;0.0;5.6875;5.6875;0.0;17.0625
54356;5.90909090909091;0.0;0.0;5.90909090909091;11.8181818181818;5.90909090909091
54357;0.0;160.94304084325225;296.26189236615267;763.0312349103915;1039.38908521056;653.2487809897129
54358;5.18592180103617;0.0;25.99301077846681;41.576279376424566;26.0565054769813;36.42834915475531
54359;5.34782608695652;0.0;10.69565217391304;32.086956521739154;37.4347826086956;37.43478260869556
54360;0.0;9.92071356125425;4.95559949605389;34.7034660404598;39.65431965388429;49.56553232482581
54362;0.0;35.71303682929759;51.04392893122606;91.61181152429626;171.90675302564853;158.19875107351297
54363;10.30451328501723;9.68466992151913;4.62163455441561;9.38887362383605;28.76294525633474;9.69398897865298
54364;4.60510005538376;61.87601318465382;140.62332602359675;172.1162635201481;158.7396863070852;31.45806181762
54365;9.44676689930282;28.25877133990134;22.89758672307418;28.1786255644135;42.9344908781686;23.61758555962387
54366;0.0;49.64350224038588;139.92516782078528;343.40874494809674;183.74300681081849;129.1899606535684
54367;0.0;51.3678777497976;154.50961731906506;231.3279760995766;323.3787767463163;169.48650260860558
54368;0.0;0.0;21.75;16.3125;16.3125;10.875
54369;10.4166964731813;36.25550570271019;56.0370620100263;103.54566309943009;60.82738101206352;35.82463025164152
54370;0.0;0.0;4.78723404255319;28.72340425531917;33.51063829787238;38.29787234042552
54371;0.0;60.37282853603495;60.30566313515286;171.10285983134958;95.82062671321312;90.71936770358973
54372;0.0;20.55855260633505;10.36894395027714;87.60241104641511;86.0441764303622;50.4218171926459
54373;5.10570381994872;4.94770596245826;19.18312762385168;69.13937755591577;108.52450767489891;68.27850436767683
54374;5.10666763632248;10.11110957686;30.85285251830814;62.55313052827327;67.44460562873137;31.16370593261534
54375;0.0;38.78314488927039;63.41865647079147;97.5001707936793;126.77010071047827;112.3363571329842
54376;0.0;14.668589217093242;40.44847284942074;75.88691031066097;29.34796830701228;31.02218045599872
54377;9.75;4.875;0.0;9.75;19.5;24.375
54378;0.0;14.221515874658468;13.97043606353601;56.71089198878118;101.18302200559998;62.72729265959477
54379;0.0;0.0;0.0;0.0;19.92089720739;0.0
54380;0.0;9.62099516629652;15.07080006811903;56.16043169121088;81.23740353917287;51.46067714630631
54381;5.3;5.3;5.3;0.0;0.0;5.3
54382;0.0;134.4674430528182;165.79024067535042;527.690095083127;1137.095750051608;1326.0808597762125
54383;5.2209810355909;30.63218753639875;20.756814171104654;149.79612397612416;175.01969409726425;107.77942424146192
54385;0.0;14.75706920095459;49.941771010244864;156.64923807257668;119.6736049542032;136.20776288934903
54386;0.0;0.0;4.89473684210526;19.57894736842104;0.0;4.89473684210526
54387;5.78571428571429;0.0;5.78571428571429;28.92857142857148;23.14285714285719;23.14285714285718
54388;14.600000000000009;0.0;0.0;0.0;0.0;0.0
54389;0.0;4.90476190476191;4.90476190476191;14.714285714285731;29.428571428571463;14.714285714285731
54390;0.0;4.45371153637544;4.45371153637544;17.81484614550176;13.36113460912632;4.45371153637544
54391;0.0;52.82520070915667;28.75556106543747;186.17546140995492;177.1402028234989;235.14311284628957
54392;5.08670938278422;5.08670938278422;10.19658022253172;33.637471981261;50.71912253988901;44.87443611220099
54393;4.9224138636746;5.02144733715804;14.7672415910238;55.16091919564306;55.75320618388775;80.16896204912894
54394;0.0;11.0;22.0;16.5;16.5;11.0
54395;9.65580538031853;2120.4316475166515;13424.080084919124;12157.020119719056;10610.284769160273;4582.521754243225
54396;0.0;14.53020833258622;0.0;19.37361111011496;14.53020833258622;14.53020833258622
54397;0.0;185.4826289848375;384.0835807298565;688.5294384128601;1037.813055734699;607.9723683930869
54398;5.875;11.75;0.0;11.75;17.625;5.875
54399;0.0;0.0;5.04866657733895;14.80166290351659;42.42647091559266;58.29197376895343
54400;4.80360510625056;57.18826720229768;75.0630086877069;178.5650788691746;144.7608322609571;102.13057851483288
54401;14.65384615384614;0.0;4.88461538461538;14.65384615384614;4.88461538461538;19.53846153846152
54402;5.24229046323586;10.50745110739176;15.7383064801676;36.69608302115289;31.45384239071039;20.969161852943422
54403;0.0;44.38953048020982;83.64801493423363;186.50745168763945;108.07508499427882;93.3759775289224
54404;17.4418604651163;5.81395348837209;5.81395348837209;34.88372093023258;40.69767441860467;34.88372093023254
54405;0.0;9.93478168797372;14.77480162995336;44.38871184126629;83.99596952363689;83.81285643941328
54406;0.0;0.0;5.32455911955648;10.67843580886276;42.802018795804834;31.89000303631121
54407;0.0;0.0;0.0;12.81818181818181;21.36363636363635;17.09090909090908
54408;6.30646918564921;0.0;5.52570735220377;29.00461275506673;32.8584777061958;15.8930211316108
54409;5.45714285714286;10.91428571428572;0.0;16.37142857142858;27.28571428571426;32.74285714285714
54410;0.0;0.0;31.04083745559145;67.13728169720174;36.07134090477294;56.77234615329694
54411;0.0;0.0;40.0;50.0;5.0;15.0
54412;0.0;0.0;0.0;0.0;10.0;0.0
54413;0.0;5.51851851851852;0.0;16.55555555555552;5.51851851851852;38.629629629629605
54414;0.0;14.977075936888308;50.75617490582864;100.7522892969242;60.40148636808975;55.83655462387181
54415;0.0;64.65296864143038;213.10760073458025;505.4585803163167;553.9698432396672;380.5527330078508
54416;0.0;5.05714285714286;5.05714285714286;15.171428571428578;10.1142857142857;35.4
54417;0.0;10.4255319148936;5.21276595744681;20.85106382978724;31.27659574468082;31.27659574468084
54418;14.5833333333333;0.0;4.86111111111111;34.02777777777774;4.86111111111111;19.44444444444444
54419;4.625;0.0;0.0;0.0;13.875;4.625
54420;0.0;4.55;9.1;0.0;4.55;9.1
54421;4.45837021475656;18.6700745031462;4.94825351834593;18.79090840790777;22.89602270929018;33.27627583965564
54422;0.0;0.0;6.7;0.0;6.7;13.4
54423;0.0;4.7081451642599;19.00607337934932;38.19351574032885;42.729737546493794;28.428698994990462
54424;0.0;0.0;0.0;12.9;0.0;8.6
54425;5.39173054426618;70.62764759192277;30.23226877185525;172.08640558105898;278.1612733865344;285.4465016502084
54426;0.0;5.09131678306667;15.27395034920001;45.82321926148897;81.7999029497988;56.23046530787626
54427;0.0;6.33333333333333;0.0;6.33333333333333;12.66666666666666;6.33333333333333
54428;15.2048358487373;14.9638902863264;15.081543590722958;61.783395911527066;97.1084387745195;129.26027679218828
54429;4.82645897454507;4.89893198916168;34.005880481773644;38.97731792529461;39.27045859986941;24.42327516956185
54430;0.0;114.6144280505367;235.15155763808212;498.487227378383;532.8415857855733;435.3271169640887
54431;4.04244377490959;311.55122402630195;776.3978135256199;1551.893029853352;1594.632385468874;1440.455822039282
54432;0.0;29.25938603118644;79.0799144333152;271.2344869433359;217.1745036486564;186.90616919384652
54433;0.0;5.27906976744186;52.79069767441854;36.953488372093;0.0;10.55813953488372
54434;4.8761652549747;15.120258712574252;9.0768985206229;43.93106632719156;23.94537064245501;15.13151497876931
54435;9.76755429044038;14.58524266837506;19.461701262578693;63.39369571546168;24.41192319538269;14.71786475962792
54436;5.64285714285714;0.0;16.92857142857142;11.28571428571428;22.57142857142856;16.92857142857142
54437;0.0;14.86548447056138;79.82762313985972;174.253085052798;144.65035651153883;109.82634075627216
54438;0.0;0.0;0.0;8.3076923076923;8.3076923076923;0.0
54439;0.0;74.8022007778827;379.55996049283607;609.771212419748;680.4639651159732;335.20114953921586
54440;0.0;5.08695652173913;5.08695652173913;10.17391304347826;0.0;20.34782608695652
54441;4.91304347826087;4.91304347826087;9.82608695652174;14.73913043478261;24.56521739130435;39.30434782608696
54442;0.0;0.0;10.10526315789474;20.21052631578948;5.05263157894737;0.0
54443;0.0;0.0;0.0;0.0;0.0;5.42857142857143
54444;4.79166666666667;9.58333333333334;14.375000000000009;9.58333333333334;38.33333333333335;28.750000000000018
54445;0.0;4.68181818181818;9.36363636363636;9.36363636363636;18.72727272727272;9.36363636363636
54446;5.33333333333333;5.33333333333333;0.0;10.66666666666666;0.0;5.33333333333333
54447;0.0;0.0;4.5;13.5;4.5;9.0
54449;0.0;19.922451856243494;80.22024869442599;80.51868796191353;166.05849700951288;95.22866814137257
54450;5.10344827586207;5.10344827586207;5.10344827586207;15.3103448275862;35.72413793103448;35.72413793103445
54451;4.97080641569954;44.73761563106494;184.19210311133267;442.7880586914441;562.1673517645618;407.6415870943819
54452;4.29411764705882;0.0;0.0;4.29411764705882;17.17647058823528;21.470588235294095
54453;0.0;4.58823529411765;4.58823529411765;18.3529411764706;27.529411764705905;32.11764705882355
54455;0.0;10.4;0.0;20.8;20.8;20.8
54456;0.0;19.54021993601586;39.04742213866689;137.24810330013327;78.36352341114721;34.31310361981762
54457;0.0;0.0;0.0;0.0;0.0;0.0
54458;9.7391304347826;4.8695652173913;0.0;4.8695652173913;19.4782608695652;4.8695652173913
54459;0.0;54.19406254189131;217.105751192778;241.36025019661128;225.9097573765442;123.53579985127756
54460;5.3448275862069;16.0344827586207;0.0;10.6896551724138;26.7241379310345;16.0344827586207
54461;5.75;0.0;17.25;17.25;5.75;0.0
54462;5.00518698689935;77.71316837357205;148.3480478829539;346.38148156485704;304.79164181720694;229.22307025911445
54463;0.0;0.0;13.03636363636365;47.8000000000001;17.3818181818182;34.7636363636364
54464;5.77777777777778;5.77777777777778;5.77777777777778;5.77777777777778;0.0;28.888888888888943
54465;9.94392270953844;29.92252811462046;44.49106142664233;83.3029141798606;75.03956389039581;65.00805276585459
54466;0.0;0.0;5.38115628040626;43.98209155703402;43.529669031516434;49.42177990227334
54467;0.0;4.76923076923077;4.76923076923077;4.76923076923077;28.61538461538461;9.53846153846154
54468;0.0;8.38461538461538;16.76923076923076;4.19230769230769;4.19230769230769;16.76923076923076
54469;4.30937364467928;23.649484231931854;18.56133842391946;41.21520226686134;40.637955437928085;51.21516608335948
54470;0.0;0.0;0.0;7.0;21.0;7.0
54471;0.0;0.0;0.0;0.0;5.21428571428571;15.64285714285713
54472;5.21669633938235;15.43792196742504;15.50824227949294;134.07861515681904;108.06521190146684;72.50309006634919
54473;0.0;15.35812704308713;18.14473984626939;27.50197232055428;32.98135395567848;26.48996618932479
54474;5.21621621621622;5.21621621621622;15.64864864864866;41.72972972972981;5.21621621621622;20.86486486486484
54475;9.93548387096774;4.96774193548387;9.93548387096774;14.90322580645161;14.9032258064516;9.93548387096774
54476;4.98921340499184;9.892875330290462;0.0;48.961337043245614;49.12953120554908;73.82481213376984
54477;10.4516129032258;0.0;0.0;10.4516129032258;36.5806451612903;26.1290322580645
54478;16.07142857142856;10.7142857142857;5.35714285714286;5.35714285714286;16.0714285714286;5.35714285714286
54479;5.61111111111111;0.0;5.61111111111111;5.61111111111111;16.83333333333331;11.22222222222222
54480;0.0;0.0;0.0;4.58333333333333;13.749999999999991;4.58333333333333
54481;0.0;5.76470588235294;0.0;5.76470588235294;11.52941176470588;11.52941176470588
54482;0.0;225.926291224382;902.2292574180372;1257.2657303665883;1415.533652234013;539.7847496628428
54483;0.0;141.93334376402294;259.5337192022004;729.1131049635935;1000.1594358236018;738.714703183979
54484;4.89189189189189;4.89189189189189;4.89189189189189;19.56756756756756;4.89189189189189;19.56756756756756
54485;4.47942189195948;9.88648515785002;9.17896109519951;55.46029242187858;23.55021153506136;27.42808189842093
54486;0.0;0.0;24.97171062772489;61.11760751926075;59.90857668124167;16.66027790523042
54487;0.0;0.0;0.0;4.92307692307692;4.92307692307692;9.84615384615384
54488;0.0;0.0;0.0;0.0;0.0;4.11111111111111
54489;0.0;0.0;4.57575757575758;9.15151515151516;9.15151515151516;27.45454545454548
54490;0.0;60.36433329088274;112.25557671363676;221.4432714608012;193.8635246913361;138.85372937300812
54491;4.92349103041148;9.9263085797744;19.64660043411401;29.469881635845;44.24833107481278;54.15877571774796
54492;0.0;5.64285714285714;0.0;5.64285714285714;22.571428571428537;16.92857142857142
54493;0.0;25.3237548497532;81.20799300629041;259.3158543900277;352.6031486972376;301.3069044759908
54494;0.0;0.0;5.55555555555556;5.55555555555556;11.11111111111112;27.77777777777778
54495;0.0;71.50095805593651;346.5740744814343;606.7657269059076;417.66853715621454;183.41383500927097
54496;5.29095287491503;10.5339962257556;15.837076131404611;21.11603803764183;26.43080961253789;52.80174596936981
54497;0.0;4.24407220577818;0.0;8.48814441155636;4.24407220577818;4.24407220577818
54498;0.0;112.69958362729506;312.1671632094231;593.0239363174541;686.1457684344134;301.85409394513385
54499;11.1;0.0;5.55;16.65;5.55;11.1
54500;0.0;5.14285714285714;0.0;25.714285714285698;20.57142857142854;20.5714285714286
54501;4.54545454545455;9.0909090909091;0.0;4.54545454545455;4.54545454545455;13.636363636363653
54502;0.0;23.43046328028487;4.58479091543007;22.70733904738168;31.66222808081597;22.7623049586457
54504;5.02692505453055;13.32643702027806;24.29998416724897;112.5044644740623;93.64923712068646;54.04946440069296
54505;10.5444929691745;31.01035951423503;52.35052467126982;124.92783340492882;109.79492307623164;46.88766119418438
54507;0.0;4.34782608695652;8.69565217391304;8.69565217391304;13.04347826086956;8.69565217391304
54508;0.0;5.06382978723404;5.06382978723404;60.76595744680846;40.51063829787234;5.06382978723404
54509;4.88020970066926;26.84002085896312;49.22954197708191;120.2278475207489;135.20628019527183;84.91859962245628
54510;0.0;19.15258128137228;13.67347207607557;36.07049415387044;65.213289361155;22.97463031793845
54511;15.13636363636364;0.0;0.0;0.0;10.09090909090908;15.13636363636362
54512;4.86363636363636;0.0;0.0;9.72727272727272;24.3181818181818;4.86363636363636
54513;15.56493608141244;25.76547281895992;20.93267467659107;41.79300594885294;68.23913830827138;52.21263745736872
54514;0.0;15.53634119980407;10.38051875082084;92.91789463602952;113.10731733962508;109.26111943513312
54515;14.570779802734709;18.76196396407492;19.76095051417311;24.59030998816573;19.27785024617365;14.23778638291843
54516;0.0;0.0;0.0;3.6;0.0;0.0
54517;14.780487804878;9.85365853658536;9.85365853658536;9.85365853658536;44.34146341463412;24.6341463414634
54518;0.0;4.89983280157486;39.37576566598848;117.86383365363574;157.10188506138985;137.4172798209497
54519;0.0;14.9950844458999;0.0;59.88974335343978;74.930595508222;60.0038480858286
54520;0.0;14.477918352887867;9.69912511643068;58.01773016203842;57.87527905773642;33.92962205763201
54521;0.0;34.71099873809227;59.46234133492937;196.70184351351415;232.37908628146275;336.32419114294765
54522;0.0;0.0;0.0;11.21739130434782;11.2173913043478;11.21739130434782
54523;5.53019439947474;0.0;15.5290523573228;83.17545618608855;167.63498340724604;73.70736364879126
54524;0.0;4.75;0.0;4.75;14.25;9.5
54525;0.0;45.22219051587262;34.814992365919835;80.72930747383276;86.81532098546681;31.15726800272389
54526;0.0;157.79063875830744;530.6566652490479;1167.8791675676396;954.1689170755324;729.1369750617708
54527;10.4018939966717;15.890949338609168;47.00109862489832;95.22313421288068;69.31731397072559;42.55381352255719
54528;6.60737727136777;340.75344519449607;533.4362597093284;1466.0219231931765;2020.813132801522;1429.5681126255215
54529;8.0;0.0;0.0;0.0;12.0;0.0
54530;0.0;0.0;4.68421052631579;4.68421052631579;0.0;14.05263157894737
54531;0.0;0.0;5.36264184917483;10.72528369834966;5.36264184917483;5.36264184917483
54532;5.33333333333333;0.0;0.0;32.00000000000006;15.999999999999991;21.33333333333336
54533;10.2631302537538;71.80753100192206;71.76452963346675;276.8578321712791;368.894228575818;287.2131435863
54534;0.0;10.443406843353682;15.52204250355227;51.5631964091945;71.7909612749646;82.80836613651583
54535;0.0;0.0;15.55263157894737;31.10526315789476;10.3684210526316;15.55263157894737
54536;15.03137021848116;80.15953305555573;55.11614180975706;250.5106471290385;300.6542085491204;300.5941099451018
54537;5.05392623471541;21.18928910984836;66.44930421713165;85.51941790427657;75.62593123713722;71.04309532856644
54538;5.21841421590477;10.38547527898976;15.197597538804658;30.54773355005223;61.753501070121686;25.43200594279561
54539;0.0;5.47418527148496;0.0;33.94536342849746;22.48740822861848;24.82597854687248
54540;0.0;18.796068785361665;4.77503238120664;9.4289075307292;55.92789014600005;55.91207082399758
54541;0.0;0.0;5.2258064516129;31.3548387096774;20.9032258064516;10.4516129032258
54542;0.0;54.28507176507209;98.89940203631647;330.0702156144844;345.4921636166452;242.6152529718686
54543;5.19230769230769;0.0;10.3846153846154;31.153846153846175;0.0;5.19230769230769
54544;0.0;0.0;9.6551724137931;43.44827586206895;14.48275862068965;0.0
54545;0.0;14.72093023255815;14.72093023255815;44.16279069767435;44.1627906976744;4.90697674418605
54546;0.0;19.99520764837957;9.95986674792126;130.1077758050713;104.98079447920352;115.04184262299344
54547;0.0;465.70896993719896;2153.891205246794;2446.4133785501;2639.15706536811;1625.795732801076
54548;0.0;4.93732400709416;9.876872110270511;62.75114141243463;57.513466926139486;57.71434951246482
54549;10.0608697099431;131.8794701420859;172.04650904269613;402.5329987990836;428.876602680431;363.0447384428292
54550;0.0;14.15529243692149;9.80954633643179;60.02680566957629;28.47859796962754;30.21097488116309
54551;4.61538461538461;0.0;0.0;0.0;4.61538461538461;4.61538461538461
54552;0.0;10.3076923076923;5.15384615384615;15.46153846153845;0.0;0.0
54553;0.0;15.3;0.0;20.4;20.4;5.1
54554;5.71428571428571;0.0;0.0;11.42857142857142;17.14285714285713;5.71428571428571
54555;4.77777777777778;4.77777777777778;4.77777777777778;4.77777777777778;9.55555555555556;28.66666666666668
54556;0.0;0.0;0.0;4.78260869565217;4.78260869565217;19.13043478260868
54557;5.18753012108183;52.02704908657302;259.43308028593884;379.917642987789;234.82276334219364;52.22244200390906
54558;4.60404131902208;13.86975585555624;4.60404131902208;32.36286385981017;50.92327911242013;23.10670452038612
54559;0.0;9.98266604114138;15.16272832252765;40.62293355709346;10.17297778836687;35.6323967143202
54560;0.0;0.0;4.41666666666667;4.41666666666667;4.41666666666667;8.83333333333334
54561;0.0;0.0;0.0;4.55555555555556;9.11111111111112;4.55555555555556
54562;0.0;0.0;5.03703703703704;25.1851851851852;15.11111111111112;15.11111111111114
54563;0.0;29.56970056370995;63.897992902475934;158.23412803228933;178.36838493659468;123.30845224241187
54564;13.03125;0.0;17.375;8.6875;8.6875;8.6875
54565;0.0;0.0;28.999999999999982;33.833333333333314;28.999999999999996;24.16666666666665
54566;4.50608872538334;13.51826617615;4.50608872538334;13.51826617615002;9.01217745076668;9.01217745076668
54567;0.0;15.33180821301332;13.90500255020136;49.86234329033991;38.936133303136245;44.05923074581087
54568;5.12627041546483;4.83283585065422;16.64271337353589;30.18856978534438;44.79199811998401;15.39662766857111
54569;0.0;4.7;28.2;23.5;14.1;14.1
54570;0.0;10.21215879652276;4.96157838511078;53.273766013531386;41.51157364694646;69.71850903281423
54571;4.72669909782223;20.2614849174758;43.88452580459831;84.46928406213637;78.16658324382479;20.039188363774173
54572;0.0;14.78097017752022;14.686522816523;93.53759735597237;132.2732117379206;63.640703055691446
54573;0.0;5.58620689655172;5.58620689655172;33.51724137931028;27.93103448275856;27.9310344827586
54574;0.0;0.0;51.989086947137054;88.96851299085027;72.93381206379456;62.80407901612569
54575;4.89161707245322;39.1334678422646;102.68310377100312;161.17610456333168;235.09200861007224;117.64589742717057
54576;0.0;0.0;0.0;17.42857142857143;29.04761904761901;11.61904761904762
54577;0.0;0.0;10.28571428571428;25.71428571428568;15.42857142857144;15.42857142857144
54578;0.0;180.795717883592;1935.619393533029;1987.6533012593727;1284.5426132475118;519.8543175373474
54579;0.0;5.62677838824068;15.29911783178747;49.87165041808754;33.689241803640954;36.30933150199928
54580;5.13972476785656;170.38255056134744;254.9837994436204;832.812409373269;1472.0682094955948;1489.7912463348214
54581;5.26440629760881;10.63679201962928;5.31839600981464;36.372039415519126;20.84440116139392;57.429670169756704
54582;0.0;0.0;5.05405405405405;30.3243243243243;20.2162162162162;20.2162162162162
54583;0.0;5.0186694025433;49.09457828426067;59.53002165667705;63.86452360457416;43.98989504679357
54584;0.0;24.67170570402988;80.69565941781737;179.67205223121218;105.03338502075768;84.1525711982398
54585;0.0;15.49609439672602;46.66749029432293;46.53903312966927;82.79049346857033;20.72967476055766
54586;4.94790331113968;14.89909391643116;29.964494764809;90.0884901815075;130.05971451753032;70.01980203897782
54587;4.65853658536585;0.0;9.3170731707317;9.3170731707317;27.95121951219505;27.9512195121951
54588;4.76846570927328;20.86643799300795;45.29073879336953;45.26644800798876;42.169558935198246;37.24857477051095
54589;0.0;4.7037037037037;4.7037037037037;18.8148148148148;23.518518518518498;18.8148148148148
54590;24.8665982850121;5.0898237219037;24.86592388387341;65.5811416544807;100.85768995393468;110.39927457725987
54591;5.26025646799724;0.0;20.38712835976796;24.6716175885457;55.90096300795231;35.85178027839013
54592;9.501883595494393;0.0;14.570131408695111;57.56213309548803;14.570131408695111;9.50188359549439
54593;0.0;24.34184231888093;9.69153494424982;66.92814473239154;63.116550243684415;63.127484848582434
54594;5.58064516129032;5.58064516129032;16.74193548387096;22.32258064516124;16.74193548387096;5.58064516129032
54595;0.0;30.58841728545962;15.26049040439017;66.21870633447581;71.26038231888108;66.26323778211001
54596;9.98015002367164;19.8107481543274;34.60732794263001;134.26835152940947;159.04259043143338;99.45674608312908
54597;4.75976891684873;9.51953783369746;39.71258593574678;95.58921591263604;46.3183030750208;35.844842305689
54598;0.0;10.18863479680786;20.19256890742476;35.50758597486765;20.43985220662716;25.69217326901029
54599;0.0;0.0;5.0952380952381;10.1904761904762;15.2857142857143;5.0952380952381
54600;0.0;5.61904761904762;0.0;5.61904761904762;11.23809523809524;11.23809523809524
54601;0.0;0.0;0.0;9.89572946817298;24.73932367043245;14.843594202259473
54602;0.0;0.0;9.93333333333334;4.96666666666667;14.900000000000013;39.73333333333336
55001;0.0;0.0;14.63410415275193;24.16411905495606;38.79822320770805;28.78737800042098
55002;0.0;0.0;0.0;9.9;14.85;14.85
55004;10.8;0.0;5.4;0.0;10.8;16.200000000000003
55005;0.0;0.0;0.0;0.0;7.0;0.0
55007;4.64705882352941;13.941176470588232;0.0;23.23529411764705;32.52941176470587;27.882352941176432
55008;17.81818181818185;0.0;8.9090909090909;8.9090909090909;17.8181818181818;31.181818181818148
55009;4.98704393261708;9.57863818568415;31.20191679548608;56.15415818886428;43.48741622910884;54.93375116502709
55010;4.9458740556754;44.31893797757369;158.88974412422505;267.9710593793398;377.793575811046;272.7835001625615
55011;16.3273110525506;5.42465238033101;16.31462539337723;10.586978072674;34.949662629417574;25.087463237358836
55012;14.58896123146376;14.61381337684693;4.87125702181015;38.99503532619103;38.98669483846858;24.41452766945011
55013;9.899269937959;0.0;29.140316133791927;49.390983640922286;73.28545293636624;73.62925981507232
55014;13.45002034786839;4.95100993571196;9.90201987142392;32.287559708418016;27.69188546261256;32.97432016171341
55015;5.24390199277678;9.84207917226806;35.41586432286646;83.57020353824068;68.45495965146348;47.44182721665816
55017;5.22727272727273;0.0;5.22727272727273;5.22727272727273;15.6818181818182;10.45454545454546
55018;0.0;4.625;0.0;0.0;9.25;0.0
55021;8.22222222222222;4.11111111111111;4.11111111111111;8.22222222222222;4.11111111111111;0.0
55022;16.60965020352165;0.0;0.0;5.53655006784055;11.0731001356811;16.60965020352165
55023;5.5;5.5;5.5;5.5;5.5;5.5
55024;9.2;0.0;0.0;18.4;18.4;9.2
55025;18.6685371231768;4.48057536030539;4.48057536030539;23.52910338816418;19.31921146683096;42.23201089067793
55026;22.85714285714284;0.0;0.0;9.14285714285714;31.99999999999998;18.28571428571428
55027;0.0;0.0;0.0;4.6;27.6;36.8
55028;6.23529411764706;0.0;6.23529411764706;0.0;31.17647058823528;18.70588235294118
55029;33.841352176396;325.8537728448737;877.6960873828468;1341.4858169947308;1580.763261484254;1240.5981961017717
55031;0.0;4.7395486284888;14.50556681763361;49.42117283731652;54.13083430970797;49.68676376221445
55032;8.6;8.6;0.0;0.0;8.6;4.3
55033;0.0;0.0;0.0;0.0;0.0;0.0
55034;5.00006838856858;0.0;5.00006838856858;5.00006838856858;15.0002051657057;10.0001367771372
55035;0.0;0.0;5.33333333333333;16.00000000000003;5.33333333333333;26.6666666666667
55036;0.0;0.0;0.0;0.0;15.66666666666662;20.88888888888888
55037;5.11538461538461;0.0;0.0;5.11538461538461;30.69230769230764;15.346153846153827
55038;0.0;6.5;6.5;0.0;6.5;6.5
55039;0.0;0.0;0.0;0.0;0.0;0.0
55040;23.509653443902;4.20918934931481;5.11686798606941;26.61655177110892;13.130488010087252;18.58126363339884
55041;0.0;19.899422950332323;29.0028920306566;83.35275547332802;62.93874756953006;24.045678880322903
55042;0.0;11.73010542332702;16.37514622883141;58.82454195715663;55.02646146381001;52.32396461510937
55043;0.0;49.96338891872326;99.87473373381692;359.5821344320265;566.3180883625769;234.7128887446074
55044;0.0;0.0;0.0;0.0;0.0;3.88888888888889
55045;0.0;25.02997629202155;14.758295948162289;90.25678040689584;55.46877520968082;44.95761189436889
55046;11.0833333333333;5.54166666666667;0.0;16.62499999999997;11.08333333333334;33.24999999999998
55047;20.0;25.0;5.0;10.0;15.0;10.0
55048;0.0;0.0;0.0;0.0;0.0;9.21428571428571
55049;0.0;10.44639122611186;15.70298633126853;57.67272914954928;26.19953018842324;41.91948323074514
55050;0.0;0.0;0.0;0.0;0.0;0.0
55051;11.047619047619;0.0;0.0;0.0;22.09523809523808;38.66666666666656
55053;0.0;19.37591929012143;9.85385471150166;33.85146945010547;19.59461142192584;43.70592719456793
55054;8.26666666666666;0.0;0.0;4.13333333333333;0.0;16.53333333333332
55055;8.66666666666666;0.0;0.0;0.0;0.0;0.0
55057;0.0;0.0;4.58823529411765;9.1764705882353;9.1764705882353;9.1764705882353
55058;9.86153069811081;0.0;20.24587293373856;24.74540360689708;29.45372732351122;34.50136077675752
55059;32.55;4.65;4.65;4.65;9.3;13.95
55060;0.0;18.94715580072716;18.94716005745538;61.57625135763988;37.89430989832998;42.63110012621616
55061;0.0;5.15217391304348;10.304347826087;10.30434782608696;30.91304347826086;36.06521739130445
55062;0.0;15.75;0.0;10.5;15.75;5.25
55063;0.0;29.199483143484787;34.56990704261922;129.0679985970572;279.6181760441148;304.892831639616
55064;0.0;4.70833333333333;4.70833333333333;0.0;9.41666666666666;18.83333333333332
55065;5.22727272727273;5.22727272727273;0.0;15.68181818181819;20.909090909090928;20.90909090909096
55066;0.0;5.08;10.16;15.24;10.16;40.64
55067;0.0;5.44444444444444;0.0;10.88888888888888;5.44444444444444;5.44444444444444
55068;5.2;0.0;0.0;10.4;10.4;15.6
55069;5.61656814647111;16.22291835030831;5.40735083831531;16.6387222428544;21.97457281210219;16.56809883490714
55070;14.04;4.68;0.0;4.68;4.68;28.08
55071;0.0;0.0;0.0;4.81081081081081;24.05405405405405;33.67567567567567
55072;0.0;0.0;9.21739130434782;4.60869565217391;4.60869565217391;18.43478260869561
55073;4.73231743292461;9.8878794483739;25.58963724250681;112.8947200473982;110.05572246373684;55.64893604115762
55075;0.0;4.85714285714286;4.85714285714286;24.285714285714302;4.85714285714286;29.142857142857164
55076;0.0;0.0;0.0;4.18604651162791;25.11627906976743;20.93023255813955
55077;5.31325027246589;0.0;0.0;10.66868430745033;47.486750774437375;42.13197866957155
55078;4.83659350893392;9.67318701786784;0.0;8.50470839161089;37.05985410443341;50.45202610397785
55079;9.89151906211016;24.94221372765287;19.99719156185257;89.62277841396282;79.86164587347463;70.0116573871245
55080;5.2;0.0;0.0;15.6;5.2;0.0
55081;0.0;0.0;0.0;13.55555555555556;13.55555555555556;0.0
55082;4.18181818181818;0.0;0.0;12.54545454545454;8.36363636363636;8.36363636363636
55083;8.91428571428572;13.37142857142858;4.45714285714286;8.91428571428572;17.8285714285714;13.37142857142858
55084;12.4444444444444;0.0;0.0;6.22222222222222;12.44444444444444;6.22222222222222
55085;9.78221623249576;9.68520144429837;0.0;19.40259798019199;14.544114468951;58.27498028707328
55087;0.0;3.81818181818182;0.0;0.0;11.45454545454546;15.27272727272728
55088;0.0;5.37931034482759;5.37931034482759;0.0;16.13793103448279;16.13793103448279
55089;0.0;4.57894736842105;0.0;4.57894736842105;13.73684210526315;9.1578947368421
55093;14.75831827636086;10.7019504468974;15.79273531151477;20.70620672781468;25.26582305321763;41.384110680102594
55094;10.2968601823874;15.76444713570874;20.13882843903467;40.57776789248477;56.182636597129616;71.79245152328477
55095;0.0;0.0;4.90909090909091;24.54545454545455;4.90909090909091;9.81818181818182
55096;0.0;0.0;4.95454545454545;14.863636363636347;9.9090909090909;29.727272727272748
55097;4.97734172233508;19.912389260958072;0.0;40.70025302983523;15.81996992567532;30.87299197676602
55099;4.73076923076923;9.46153846153846;0.0;18.92307692307693;14.19230769230769;9.46153846153846
55100;10.125;10.125;15.1875;10.125;0.0;10.125
55101;0.0;14.64294437185577;14.846738125993149;34.36855363076423;43.9267071658724;39.2607031733096
55102;5.07317655315804;20.14724008348358;15.16127631773532;70.70525183794476;40.0929317489297;60.50080779799918
55103;0.0;0.0;0.0;0.0;0.0;0.0
55104;4.38888888888889;0.0;4.38888888888889;8.77777777777778;0.0;4.38888888888889
55105;5.0;10.0;10.0;25.0;10.0;20.0
55106;5.5;0.0;0.0;22.0;16.5;44.0
55107;0.0;0.0;0.0;6.71428571428571;0.0;13.42857142857142
55108;4.84;4.84;0.0;19.36;19.36;19.36
55109;4.83570104248498;0.0;0.0;14.777617312252012;19.89047289773062;40.33147171529786
55110;0.0;0.0;0.0;4.84782608695652;38.78260869565218;48.47826086956524
55111;10.0528957072906;20.10908227421391;24.81522482474676;35.00093570665072;45.44214680923545;24.56284594659141
55113;0.0;9.6875;0.0;9.6875;24.21875;9.6875
55114;0.0;5.39473684210526;0.0;16.18421052631578;43.15789473684208;32.36842105263152
55115;0.0;0.0;0.0;0.0;5.625;5.625
55116;0.0;0.0;4.54545454545454;13.63636363636362;0.0;9.09090909090908
55117;19.79271536645095;24.71623479270862;29.74800874964122;109.27408823252571;113.69492681865606;123.28027709662894
55118;0.0;4.78947368421053;0.0;14.36842105263159;4.78947368421053;9.57894736842106
55119;0.0;0.0;0.0;16.11428571428571;5.37142857142857;32.22857142857138
55120;5.17224956227414;20.27679661279517;48.21415510487141;79.6955491732733;69.38674510718079;40.58109399410576
55121;8.87990562639736;13.31985843959604;0.0;17.75981125279472;8.87990562639736;8.87990562639736
55122;0.0;75.04532671393157;133.93953686474487;401.2761079660798;524.3849683535334;481.2391325052631
55123;48.0041066015742;9.4507053176404;23.79906274162985;99.86716294397527;71.45989728640255;76.5877602925909
55124;15.3383836270309;4.78103810020636;10.2463987153195;35.68598915571184;40.010888542455;35.288303408406684
55125;0.0;14.79303694302929;19.495850218584337;82.52990705464138;140.4703940380104;97.57696975862928
55127;9.0;0.0;4.5;0.0;4.5;0.0
55128;10.5;10.5;0.0;0.0;0.0;0.0
55129;0.0;0.0;0.0;0.0;0.0;6.5
55132;10.0843959301699;24.85228702500953;39.15185292981676;148.89734408985186;192.86642523056145;195.6183920759888
55133;0.0;0.0;0.0;0.0;9.22222222222222;23.05555555555555
55134;0.0;0.0;5.39285714285714;16.17857142857142;43.14285714285714;26.96428571428568
55137;6.0;0.0;0.0;0.0;6.0;0.0
55138;5.68181818181818;11.36363636363636;5.68181818181818;11.36363636363636;11.36363636363636;5.68181818181818
55139;0.0;0.0;0.0;0.0;0.0;0.0
55140;20.0;0.0;0.0;0.0;0.0;0.0
55141;4.42105263157895;4.42105263157895;0.0;8.8421052631579;0.0;13.26315789473685
55142;4.88;4.88;0.0;4.88;9.76;29.28
55143;0.0;9.92;0.0;34.72;14.88;9.92
55144;0.0;9.75389043864718;0.0;37.85017586954022;10.2569991918279;65.99401610701057
55145;5.02879042667865;20.1986306473188;25.1037481136212;49.71280161558265;75.03477925287793;65.17019733995261
55146;0.0;4.73170731707317;0.0;9.46341463414634;23.658536585365848;18.92682926829268
55148;0.0;5.8;0.0;0.0;11.6;23.2
55149;11.4285714285714;0.0;0.0;11.42857142857142;22.85714285714282;17.14285714285711
55150;9.90434075681186;10.1392353939494;14.581991592838552;29.2432329961605;44.68970123162071;128.29078792513775
55153;4.19565217391304;0.0;8.39130434782608;8.39130434782608;20.9782608695652;8.39130434782608
55154;15.08851633316852;19.87962604256178;84.5112432886977;145.26185819212802;184.3795323975863;154.90852509490438
55155;0.0;19.65029905499167;21.14175950058455;41.07250894359334;47.80470384000319;47.04192949209843
55156;11.04;5.52;0.0;0.0;16.56;11.04
55157;0.0;4.63636363636364;0.0;4.63636363636364;13.90909090909092;4.63636363636364
55158;0.0;35.70500425398766;0.0;56.96542320197735;93.01740692055706;102.13337753893562
55159;0.0;4.86654417471597;5.13635297192501;9.55959005050446;54.15826642395471;60.36744208010282
55160;8.22222222222222;0.0;0.0;0.0;0.0;0.0
55162;0.0;0.0;0.0;0.0;3.75;7.5
55163;0.0;4.28571428571429;4.28571428571429;4.28571428571429;8.57142857142858;0.0
55165;0.0;15.73083887592795;5.37162478472899;31.52180217342498;36.89264563420507;26.47175389664057
55166;10.2397926737887;31.27754928709322;50.08660309010102;181.91434445650984;140.1404867831438;138.17562748540698
55167;0.0;10.26141389880403;31.10949809812681;72.76282767250518;72.65084752575244;74.1643627999325
55168;5.625;0.0;5.625;5.625;11.25;0.0
55169;4.87433362344132;19.23721735647354;14.10710438782094;19.498225802650648;66.94706100676558;91.12323735599878
55170;8.51851851851852;0.0;0.0;8.51851851851852;12.777777777777782;42.59259259259264
55171;0.0;10.15922583246578;25.398064581164448;30.47767749739737;40.63690332986319;15.238838748698669
55172;4.06666666666667;0.0;4.06666666666667;0.0;8.13333333333334;4.06666666666667
55173;10.8571428571429;0.0;0.0;0.0;0.0;5.42857142857143
55174;10.57142857142858;0.0;0.0;0.0;0.0;5.28571428571429
55175;0.0;9.67567567567568;0.0;33.86486486486486;33.864864864864884;24.1891891891892
55177;0.0;3.66666666666667;3.66666666666667;3.66666666666667;0.0;0.0
55178;0.0;0.0;10.55555555555556;21.11111111111112;21.11111111111112;21.11111111111112
55179;12.81818181818181;4.27272727272727;4.27272727272727;4.27272727272727;17.090909090909072;12.81818181818181
55180;5.23076923076923;5.23076923076923;10.46153846153846;5.23076923076923;15.69230769230769;26.15384615384619
55181;5.07486639603391;55.48208397405798;110.28583658769472;183.48685833359104;454.2453121617462;374.099078338179
55182;5.07317073170732;5.07317073170732;5.07317073170732;15.21951219512196;20.29268292682932;35.5121951219512
55183;8.22222222222222;0.0;0.0;0.0;12.333333333333329;8.22222222222222
55184;9.92914974954769;24.96608147079829;40.126617108453736;155.02353804333245;243.41925380652916;173.99988978847315
55185;9.88888888888888;0.0;0.0;4.94444444444444;4.94444444444444;9.88888888888888
55186;0.0;49.47236164249837;79.18232391688748;291.2503122418543;216.76656637357272;162.83986483196077
55188;3.66666666666667;0.0;0.0;3.66666666666667;0.0;7.33333333333334
55189;0.0;0.0;0.0;0.0;0.0;0.0
55191;0.0;0.0;20.363636363636388;20.36363636363638;35.63636363636369;25.45454545454548
55192;4.75;0.0;0.0;4.75;0.0;0.0
55193;4.35709103460409;0.0;0.0;17.42836413841636;13.07127310381227;4.35709103460409
55194;4.06666666666667;4.06666666666667;0.0;8.13333333333334;4.06666666666667;8.13333333333334
55195;4.12903225806452;4.12903225806452;0.0;8.25806451612904;12.38709677419356;4.12903225806452
55196;4.42857142857143;4.42857142857143;4.42857142857143;13.285714285714288;8.85714285714286;13.285714285714288
55197;4.71428571428571;14.1428571428571;9.42857142857142;23.571428571428548;28.28571428571426;14.14285714285713
55198;4.86710237352915;9.98631418908438;44.2035421034083;73.558179186183;49.36922920059008;88.44294048549116
55199;9.55555555555556;0.0;4.77777777777778;4.77777777777778;9.55555555555556;19.11111111111112
55200;14.92857142857144;19.90476190476192;14.92857142857144;34.83333333333336;9.95238095238096;14.92857142857144
55201;0.0;5.25;10.5;5.25;10.5;10.5
55202;5.07142857142857;0.0;5.07142857142857;15.214285714285712;0.0;15.214285714285712
55204;0.0;0.0;4.67808836921051;33.30354471957457;23.808483437214267;77.1445127798705
55206;5.0;0.0;10.0;15.0;10.0;25.0
55207;0.0;0.0;4.33333333333333;4.33333333333333;0.0;8.66666666666666
55208;4.23076923076923;12.69230769230769;0.0;0.0;4.23076923076923;4.23076923076923
55210;0.0;0.0;0.0;6.5;6.5;0.0
55211;0.0;0.0;0.0;8.26666666666666;4.13333333333333;16.53333333333332
55212;0.0;0.0;0.0;14.82352941176469;4.94117647058823;4.94117647058823
55214;4.66891833658106;10.3691578139079;15.442828481477978;35.49977022521364;25.06934190906262;35.55109167199833
55215;31.5297478071616;5.23680732068744;10.167420942366933;73.01934759990941;108.9721549960265;145.85394767598814
55216;0.0;0.0;0.0;8.375;4.1875;12.5625
55217;4.72;4.72;4.72;4.72;9.44;4.72
55218;0.0;0.0;0.0;6.0;0.0;12.0
55219;13.636363636363653;0.0;0.0;4.54545454545455;13.636363636363653;9.0909090909091
55220;11.0;5.5;0.0;5.5;16.5;22.0
55221;0.0;10.48427074479197;5.43268392666294;14.98103857308217;30.87745482673293;14.80707809235419
55222;0.0;6.6;0.0;0.0;6.6;6.6
55224;0.0;9.94869922543944;24.81218009235988;80.64215636071268;64.59350297621822;70.36497641674896
55225;0.0;4.79310344827586;0.0;9.58620689655172;19.17241379310344;43.13793103448276
55226;0.0;0.0;10.3333333333333;20.66666666666664;5.16666666666667;30.99999999999998
55228;0.0;26.78527275868835;14.4661220679303;48.67738850651532;23.59621280283836;62.8067713277086
55229;0.0;4.9014171550881;10.7527672106682;21.516262702198368;21.25426440525087;10.99280702604502
55232;0.0;9.04;9.04;9.04;4.52;18.08
55236;5.19696810679266;25.93489214187848;51.74563454835496;129.30140680113763;118.68414011661484;98.17074266662544
55237;13.83634973597049;4.61211657865683;0.0;18.44846631462733;32.28481605059779;32.28481605059781
55239;0.0;0.0;0.0;0.0;0.0;0.0
55241;4.70588235294118;0.0;4.70588235294118;4.70588235294118;14.1176470588235;14.11764705882354
55242;0.0;4.48;0.0;4.48;31.360000000000003;13.44
55243;0.0;10.0;20.0;20.0;15.0;15.0
55244;12.9807692307692;8.65384615384616;0.0;25.96153846153844;8.65384615384616;34.61538461538464
55245;21.41935483870972;5.35483870967742;10.70967741935484;5.35483870967742;10.70967741935484;32.129032258064484
55246;4.4;17.6;0.0;0.0;17.6;13.2
55247;5.22222222222222;0.0;0.0;0.0;10.44444444444444;10.44444444444444
55248;0.0;9.75394013869733;11.10212539542275;0.0;16.72882813451935;36.95437597734908
55250;5.29411764705882;5.29411764705882;0.0;10.58823529411764;26.47058823529406;15.88235294117646
55251;11.64705882352942;0.0;0.0;5.82352941176471;11.64705882352942;11.6470588235294
55252;0.0;0.0;4.81818181818182;14.45454545454546;28.90909090909092;28.90909090909096
55253;0.0;19.164325156138386;14.57203780723229;23.854500491111608;110.60347187856672;106.41085443064776
55254;5.26086956521739;5.26086956521739;0.0;5.26086956521739;10.5217391304348;26.304347826086968
55255;5.2443881739195;5.32006334126515;5.2820902369643;15.84708578318471;26.67762982635771;53.31728459989082
55256;0.0;0.0;0.0;4.67741935483871;14.03225806451613;32.74193548387094
55257;8.0;0.0;0.0;4.0;4.0;0.0
55258;23.447430168889312;9.60016324726027;24.219780243870623;72.05691020518;38.66644431097847;82.37573748490365
55260;12.9230769230769;4.30769230769231;0.0;0.0;12.92307692307693;17.230769230769212
55261;0.0;5.52;11.04;22.08;5.52;11.04
55262;5.08997850672764;0.0;15.26993552018292;23.78017194617894;10.17995701345528;55.98976357400404
55263;0.0;5.0625;0.0;20.25;25.3125;5.0625
55264;4.86423949876103;5.10964075240825;4.6306241569244;33.38478280139863;29.020300134107742;29.75709849519898
55265;0.0;5.6;0.0;22.4;11.2;11.2
55266;0.0;0.0;9.27272727272728;0.0;9.27272727272728;0.0
55267;0.0;5.44917209454039;0.0;11.2016449971546;54.74154800850016;53.09308090761301
55268;0.0;30.505022460706527;43.83659440129805;61.82958481696315;39.57527287670063;103.7425648766878
55269;13.0588235294118;4.35294117647059;0.0;4.35294117647059;8.70588235294118;0.0
55270;4.28571428571429;0.0;0.0;4.28571428571429;4.28571428571429;0.0
55271;4.90195527752446;9.55633314633892;19.86501955844168;34.326598080106244;25.02104935568866;24.3891946964786
55272;0.0;28.9582879917319;18.9345128055719;66.92645846358626;47.89229349209178;33.2857168939242
55274;13.1423627185494;0.0;4.8396111422893;25.010861439649943;32.90276092071829;31.58204279892466
55275;0.0;0.0;4.47368421052632;8.94736842105264;4.47368421052632;17.89473684210528
55276;0.0;10.47619047619048;0.0;47.14285714285718;31.42857142857144;15.71428571428572
55278;5.44444444444444;0.0;10.88888888888888;10.88888888888888;16.33333333333332;32.66666666666666
55279;15.356471994791;0.0;0.0;41.01839464835121;25.63648088465784;61.57869741795614
55280;0.0;0.0;6.22222222222222;12.44444444444444;6.22222222222222;12.44444444444444
55281;0.0;5.05555555555556;0.0;5.05555555555556;25.27777777777778;15.16666666666666
55282;0.0;0.0;0.0;18.20000000000001;12.13333333333334;6.06666666666667
55284;0.0;0.0;0.0;0.0;6.08333333333333;6.08333333333333
55285;16.44444444444448;5.48148148148148;10.96296296296296;10.96296296296296;21.92592592592588;16.44444444444444
55286;0.0;5.61904761904762;0.0;5.61904761904762;28.09523809523806;39.333333333333385
55288;20.35097254153828;24.93338071567152;35.382216560195616;146.29464928810842;134.2873522569521;179.95250373677834
55289;6.0;0.0;12.0;12.0;0.0;0.0
55290;6.875;0.0;0.0;13.75;0.0;6.875
55291;10.0161362478997;93.58725648560298;83.4032083782689;154.73563176357885;358.091037035496;466.47503483684864
55292;5.4;0.0;10.8;0.0;21.6;27.0
55293;0.0;10.6060606060606;0.0;15.9090909090909;37.1212121212121;31.8181818181818
55295;10.0;0.0;0.0;0.0;0.0;0.0
55296;0.0;5.10616830782325;15.21710181852286;35.443037158254484;60.580390440078745;65.28090552672735
55297;0.0;0.0;0.0;16.35;10.9;21.8
55298;8.9851941018988;0.0;13.477791152848202;39.21984798938003;29.6001162513298;50.93891970911381
55299;10.3478260869565;5.17391304347826;0.0;10.34782608695652;5.17391304347826;20.695652173913015
55300;0.0;4.63829787234043;9.27659574468086;37.106382978723445;18.55319148936172;23.19148936170215
55301;20.86956521739133;0.0;10.43478260869566;15.65217391304349;10.43478260869566;5.21739130434783
55302;9.95477598058938;9.73347646894256;49.65953999432258;140.92842796800323;115.03809519206878;125.21920029359867
55303;10.0;0.0;5.0;5.0;10.0;10.0
55304;0.0;15.6774193548387;0.0;0.0;20.9032258064516;31.3548387096774
55306;0.0;0.0;0.0;10.66666666666666;26.666666666666693;10.66666666666666
55307;0.0;0.0;0.0;0.0;0.0;0.0
55310;9.7391304347826;0.0;0.0;4.8695652173913;14.6086956521739;14.6086956521739
55311;0.0;4.33333333333333;0.0;0.0;0.0;4.33333333333333
55312;10.8666666666667;0.0;5.43333333333333;21.73333333333332;16.30000000000003;27.16666666666669
55313;9.85714285714286;0.0;0.0;4.92857142857143;4.92857142857143;19.71428571428572
55315;8.51851851851852;4.25925925925926;4.25925925925926;0.0;21.2962962962963;0.0
55316;4.92505347693236;29.35911022291384;4.5105550039736;52.10350520664336;61.373280457468;61.1870802565355
55317;0.0;4.7741935483871;9.5483870967742;0.0;14.3225806451613;14.3225806451613
55320;0.0;0.0;11.0;5.5;5.5;5.5
55321;18.9189189189189;0.0;4.72972972972973;23.64864864864865;33.10810810810812;0.0
55322;0.0;0.0;0.0;0.0;6.0;12.0
55323;4.11764705882353;0.0;0.0;0.0;16.47058823529413;12.3529411764706
55324;0.0;24.21646906849707;15.01969115775075;53.24991326748031;34.19156440590231;58.87502219396657
55325;0.0;0.0;0.0;0.0;12.5;18.75
55326;0.0;0.0;4.90909090909091;19.63636363636364;4.90909090909091;14.72727272727273
55327;10.68628004377358;0.0;21.71040903587804;11.3394739752702;11.00288612444464;29.08692993120381
55328;4.96434615974862;4.96434615974862;15.2408600870739;25.84625936724141;37.76318703574992;21.21079856033494
55329;0.0;6.157898048274;6.157898048274;6.157898048274;37.01666266483046;15.47792646091994
55330;10.47058823529412;10.47058823529412;0.0;10.47058823529412;5.23529411764706;10.47058823529412
55331;5.0;0.0;0.0;0.0;10.0;5.0
55332;5.02464357084644;5.22417369943532;0.0;15.07583572667718;20.39495577088572;39.91593372465088
55333;0.0;13.5;0.0;9.0;0.0;4.5
55334;0.0;0.0;14.911830797957007;19.88244106394268;9.94122053197134;39.76488212788535
55335;5.39451378436617;16.85047784412894;16.51252839866598;16.85047784412898;16.97615757084167;44.83020729071416
55336;0.0;4.25714285714286;21.2857142857143;8.51428571428572;17.02857142857144;29.80000000000002
55338;0.0;0.0;0.0;5.44444444444444;16.33333333333334;16.33333333333332
55339;0.0;0.0;4.625;9.25;4.625;4.625
55340;5.15373658711168;0.0;21.28108630487024;37.18708310232723;31.360279819267;57.24530621203975
55341;4.875;0.0;4.875;34.125;0.0;4.875
55343;4.75;4.75;0.0;0.0;4.75;4.75
55344;0.0;0.0;0.0;0.0;0.0;0.0
55345;0.0;0.0;9.52380952380952;0.0;4.76190476190476;9.52380952380952
55346;5.23616309697903;4.94725624473161;5.23616309697903;24.79916378578941;15.13067558644221;29.18454684730667
55347;0.0;10.06767100715792;0.0;28.02740574577367;60.567757711463095;49.4204067280658
55348;10.2586252384194;15.34963856614749;0.0;46.04921283172909;61.08947008220205;76.2835411748726
55349;4.76923076923077;0.0;0.0;14.30769230769231;0.0;4.76923076923077
55350;0.0;0.0;4.47058823529412;8.94117647058824;0.0;0.0
55351;14.2453171251946;24.37910199918348;68.40681407108757;141.9800447856088;224.3463343120509;152.36742901191985
55352;5.5;0.0;0.0;16.5;5.5;27.5
55353;0.0;4.43742250043163;0.0;8.87484500086326;8.87484500086326;0.0
55355;4.84375;4.84375;0.0;4.84375;29.0625;14.53125
55356;5.77777777777778;0.0;0.0;23.11111111111108;17.333333333333343;11.55555555555556
55357;0.0;0.0;0.0;0.0;22.29166666666665;22.29166666666665
55358;15.5833333333333;5.19444444444444;5.19444444444444;36.36111111111114;10.3888888888889;15.58333333333334
55359;0.0;0.0;0.0;20.7;20.7;31.05
55360;0.0;0.0;0.0;0.0;25.71428571428568;10.28571428571428
55361;0.0;5.95454545454545;11.9090909090909;11.9090909090909;29.77272727272725;17.86363636363635
55362;0.0;0.0;0.0;15.68571428571429;31.37142857142859;20.91428571428572
55363;0.0;0.0;0.0;4.94444444444444;9.88888888888888;24.7222222222222
55364;10.15932373640186;5.07629308817926;14.34663664874126;64.22154284977526;49.50472907898538;114.64124684969266
55365;0.0;0.0;0.0;10.2962962962963;10.2962962962963;20.5925925925926
55366;9.4300421676639;65.99354379983215;55.376322546121614;90.46341265320834;104.12365659685608;127.56520963404688
55367;20.0;0.0;25.0;5.0;15.0;15.0
55368;4.90322580645161;9.80645161290322;4.90322580645161;9.80645161290322;14.709677419354833;14.709677419354833
55369;0.0;14.705100887632293;55.90762581712037;80.49638455082206;96.08483609010815;74.52803562772846
55370;6.02857142857143;30.142857142857157;0.0;12.05714285714286;18.08571428571429;48.228571428571485
55371;0.0;4.8125;4.8125;4.8125;0.0;9.625
55372;0.0;5.00930659897074;10.36610337487263;35.30284289267555;34.84555923869356;54.66824029467994
55373;0.0;5.125;10.25;10.25;0.0;0.0
55374;0.0;4.93333333333333;0.0;9.86666666666666;9.86666666666666;4.93333333333333
55375;6.3;0.0;0.0;0.0;25.2;6.3
55376;31.538461538461497;0.0;0.0;0.0;12.6153846153846;6.30769230769231
55377;22.35294117647055;0.0;0.0;0.0;16.76470588235295;0.0
55378;0.0;4.88960950736221;13.58523586149813;10.559234176675;14.69763854953241;24.532349410052163
55379;0.0;0.0;4.61538461538461;0.0;0.0;18.46153846153844
55380;0.0;0.0;0.0;0.0;0.0;19.125
55381;0.0;0.0;9.75;14.625;19.5;19.5
55382;5.26472227832613;10.4298437120079;15.696486628286358;31.19561953391495;47.890107917918655;42.12734508070996
55383;4.51020408163265;4.51020408163265;0.0;13.530612244897949;36.08163265306125;27.061224489795897
55384;16.00000000000003;0.0;5.33333333333333;10.6666666666667;10.66666666666666;10.66666666666666
55385;4.82932344951054;15.34945865704418;20.42670519032104;40.366948778383644;65.74387454238966;85.67186045961735
55386;4.95555555555556;9.91111111111112;0.0;29.733333333333363;34.68888888888888;39.64444444444448
55387;4.76603049585081;4.78390553839999;4.78390553839999;23.75891946913698;28.61432492817304;42.80576802397482
55388;0.0;9.23157047570361;0.0;27.9578128695591;37.26959481252317;36.60342764787407
55389;30.014248567482163;4.71111105458327;0.0;19.4210897899289;39.19904919318552;23.68581552804041
55391;4.80487804878049;0.0;4.80487804878049;24.02439024390245;33.63414634146347;43.24390243902441
55394;0.0;0.0;0.0;0.0;0.0;0.0
55395;8.61538461538462;0.0;8.61538461538462;8.61538461538462;4.30769230769231;8.61538461538462
55396;0.0;5.6857378904484;0.0;27.9416731511631;33.372176036498644;27.94167315116303
55397;0.0;10.07643574464536;4.9539929784723;24.8548937758881;30.10422434837438;24.89647674075897
55398;4.75768245201394;5.03008503355951;43.64372431952166;132.00646539882982;161.8374674178958;125.62141786328192
55399;5.13636363636364;0.0;10.27272727272728;10.27272727272728;5.13636363636364;5.13636363636364
55400;3.90909090909091;0.0;0.0;11.72727272727273;0.0;0.0
55401;0.0;9.75117928139494;15.35757887694066;41.13963433554811;30.06923263796569;51.90856549682244
55403;8.13333333333334;0.0;0.0;8.13333333333334;16.26666666666668;4.06666666666667
55404;5.41853001862544;9.10042969870075;18.42827396199788;36.17111671992481;40.01532361699779;19.62423047685646
55405;14.68800321353709;4.59878736851776;0.0;14.23985618235206;23.2956600589216;37.98366327245868
55406;0.0;5.94444444444444;0.0;17.83333333333334;23.77777777777776;0.0
55407;14.666666666666671;9.77777777777778;0.0;14.666666666666671;19.55555555555556;9.77777777777778
55408;5.34375;0.0;10.6875;5.34375;16.03125;21.375
55409;4.13333333333333;0.0;0.0;4.13333333333333;20.66666666666665;0.0
55410;0.0;0.0;0.0;14.035714285714288;9.35714285714286;18.71428571428572
55411;0.0;13.86268427678873;0.0;0.0;8.8372945846468;13.2559418769702
55412;0.0;9.89473684210526;0.0;4.94736842105263;34.63157894736842;9.89473684210526
55414;9.47368421052632;0.0;0.0;4.73684210526316;4.73684210526316;33.157894736842124
55415;0.0;5.93333333333333;0.0;11.86666666666666;11.86666666666666;17.79999999999999
55416;0.0;11.02564102564102;0.0;49.61538461538455;11.02564102564102;22.051282051282023
55419;11.0;5.5;5.5;22.0;5.5;16.5
55420;12.0;6.0;0.0;12.0;0.0;12.0
55421;4.93333333333333;4.93333333333333;4.93333333333333;0.0;9.86666666666666;9.86666666666666
55422;0.0;0.0;0.0;0.0;11.11111111111112;5.55555555555556
55423;14.383812268527;9.45640470701159;33.04954282289221;38.1416392007178;14.54448474136074;38.29958093426477
55424;0.0;0.0;0.0;8.36363636363636;0.0;4.18181818181818
55425;0.0;0.0;5.03846153846154;10.07692307692308;0.0;25.19230769230774
55426;0.0;0.0;14.8960989984089;75.41865296480671;50.27734396803152;30.37826885080358
55427;15.67742625788803;48.16826015179944;29.28722557290618;216.28726781194865;382.8438808018252;369.2875471478801
55428;0.0;0.0;0.0;16.00000000000003;16.00000000000003;26.666666666666693
55429;5.55555555555556;0.0;5.55555555555556;11.11111111111112;5.55555555555556;0.0
55430;0.0;0.0;0.0;0.0;0.0;5.30769230769231
55431;4.66666666666667;0.0;4.66666666666667;0.0;4.66666666666667;9.33333333333334
55433;9.85108032517468;19.83019027732038;19.765992827409832;29.655338990178898;44.547389305402376;39.634681687195
55434;4.54545454545455;0.0;0.0;18.1818181818182;4.54545454545455;9.0909090909091
55435;0.0;32.91446146283405;25.41311606947913;56.855282235340816;88.60971983907525;81.67851995013989
55436;0.0;0.0;0.0;0.0;0.0;8.0
55437;4.88;0.0;4.88;9.76;9.76;24.4
55438;11.6774193548387;0.0;11.6774193548387;5.83870967741935;17.51612903225805;17.51612903225805
55439;0.0;0.0;4.71422101728065;23.57110508640325;4.71422101728065;0.0
55442;0.0;0.0;28.3609027406404;38.7589276588131;15.51696487647558;24.189900114480203
55443;9.98837110526392;0.0;9.99305619882813;54.77301172214473;229.5338104063682;84.6372407805445
55444;10.63157894736842;0.0;0.0;5.31578947368421;47.84210526315783;26.57894736842103
55445;0.0;5.05263157894737;5.05263157894737;10.10526315789474;40.42105263157898;10.10526315789474
55446;0.0;5.66666666666667;0.0;5.66666666666667;16.99999999999997;22.6666666666666
55447;5.42480971697031;5.14653395721108;20.49658634738905;31.33649372696052;57.71353736730502;53.497892646007465
55448;4.66666666666667;0.0;0.0;9.33333333333334;4.66666666666667;9.33333333333334
55449;9.75008340869949;0.0;0.0;29.1555790288768;24.04386394925161;28.96391606651786
55450;0.0;0.0;3.35714285714286;0.0;0.0;6.71428571428572
55452;0.0;0.0;5.09090909090909;5.09090909090909;5.09090909090909;5.09090909090909
55453;0.0;0.0;4.76923076923077;14.30769230769231;4.76923076923077;9.53846153846154
55454;4.80555555555556;4.80555555555556;24.0277777777778;24.02777777777782;19.22222222222224;4.80555555555556
55456;0.0;14.41537622998008;9.76355269223697;18.99819248491556;25.30576200414148;25.51129621476938
55457;19.7837837837838;0.0;0.0;24.72972972972975;14.83783783783785;24.72972972972975
55458;0.0;0.0;9.2289015939887;45.58785793982391;63.17689972562535;39.79503847697737
55459;5.75881035429915;5.75881035429915;0.0;39.87568810951948;22.93812816411575;28.79446820199641
55460;0.0;4.63333333333333;0.0;23.16666666666665;23.16666666666666;13.899999999999991
55461;14.83573287059721;0.0;14.45449810643768;19.580527444900568;33.28530777170641;77.44083961227373
55462;0.0;19.1612235754631;24.05958778932024;52.74459030293333;28.79899235248528;47.84687181220987
55463;10.1800542937942;51.373680384907445;107.82955891248363;211.09821846616836;451.5300353008676;390.2940106852993
55464;10.8571428571429;5.42857142857143;10.8571428571429;16.28571428571433;16.28571428571429;10.85714285714286
55465;0.0;0.0;0.0;4.54545454545454;9.09090909090908;13.63636363636362
55466;4.87547535071011;0.0;0.0;42.8365813671555;28.44424487422523;33.20542020040377
55467;5.21052877069274;20.67232038512028;20.64386616581489;72.32404558973103;87.61604166259367;41.25881365178161
55468;0.0;0.0;5.88235294117647;5.88235294117647;17.64705882352937;29.41176470588231
55469;0.0;0.0;0.0;0.0;0.0;9.1
55470;0.0;0.0;13.97560975609755;18.6341463414634;18.6341463414634;32.60975609756095
55471;0.0;0.0;0.0;10.125;0.0;20.25
55472;5.42857142857143;0.0;5.42857142857143;5.42857142857143;10.85714285714286;16.28571428571433
55473;29.727272727272695;0.0;4.95454545454545;14.863636363636347;9.9090909090909;9.9090909090909
55474;10.1500871267073;5.07504356335363;0.0;55.04174973135425;9.37360209576308;19.13166293282851
55475;7.44444444444444;0.0;0.0;3.72222222222222;3.72222222222222;11.16666666666666
55476;9.81336860465786;4.9225080749123;34.23350741470481;39.38069538481307;63.802310181819095;59.10511142688965
55477;0.0;30.79010042701822;5.1010618793341;56.20579709532534;25.73487247856502;40.90220336384159
55479;10.82758620689656;5.41379310344828;0.0;32.48275862068972;21.65517241379308;21.65517241379312
55481;10.7707201780203;25.91840663154593;16.224487704919;20.92339639472969;26.85840030866246;53.55775742810112
55482;0.0;5.66666666666667;0.0;28.333333333333307;5.66666666666667;17.000000000000007
55484;4.7;0.0;4.7;4.7;4.7;14.1
55485;0.0;0.0;4.85714285714286;9.71428571428572;0.0;0.0
55487;4.77777777777778;0.0;4.77777777777778;9.55555555555556;0.0;9.55555555555556
55488;5.33333333333333;0.0;5.33333333333333;15.999999999999991;21.33333333333332;10.66666666666666
55489;10.5007796081376;5.31391563677374;5.22932763598738;26.27436307909968;31.5444631605756;36.39769594315358
55490;20.4320687859122;10.24383167596207;0.0;10.24390731088193;40.73794781171387;20.43214421559194
55492;4.88443705769361;15.0265793476315;39.48950405340941;89.97578077950858;143.3963869841249;161.17968242358498
55493;0.0;0.0;0.0;4.525;18.1;31.675000000000004
55494;0.0;10.51741525284612;4.12805425568552;52.01498188309442;83.02045083099338;14.09684597987422
55495;0.0;9.91666666666666;0.0;34.708333333333314;14.874999999999991;14.875
55496;10.2991663153695;51.0130818173011;20.39097855302548;102.33499742288336;143.32360658608005;168.5898240999117
55497;10.1190272125819;0.0;10.12185756257812;50.651784251574405;35.44349782561875;40.5044266060216
55498;4.87000638472249;16.58355779652758;5.87782435525726;57.15738132534554;55.86767365995226;47.77457640511829
55500;29.3402391503545;39.85817114976189;20.11271376530868;34.85748174651452;89.7916350098789;149.77909572249703
55501;10.08060655594621;5.03899573884229;15.23838533334399;60.14571899452599;30.81980336624795;40.562548480100105
55502;10.294468148670369;92.65620724946474;80.35640305075835;154.07295140152158;176.7343010067711;295.861392038672
55503;0.0;11.18181818181818;0.0;5.59090909090909;11.1818181818182;27.954545454545467
55504;0.0;10.87895693499895;20.2640051790526;68.75940591284433;31.39208167776463;31.18602339620797
55505;20.1812279024842;65.59801362148602;115.85964846138688;272.2872956505465;908.824471787967;266.9993328063697
55506;0.0;0.0;0.0;0.0;0.0;0.0
55507;8.4;8.4;8.4;8.4;16.8;21.0
55508;0.0;0.0;28.7131610534342;52.62235543652631;43.05312881754504;76.52051715445761
55509;0.0;0.0;0.0;26.05333391996182;26.037423430012023;57.26753932680228
55510;0.0;0.0;0.0;10.0;20.0;30.0
55511;4.95652173913043;0.0;4.95652173913043;0.0;19.82608695652172;19.82608695652172
55512;0.0;19.95004820492727;4.90050122596603;24.85358554117853;40.16763761547567;34.8324385018645
55514;6.81218990465868;20.0283820683122;17.21894570815743;70.27729244113995;78.6943872158898;37.41966996419379
55515;0.0;5.75;0.0;5.75;0.0;11.5
55516;5.10072302548212;15.27469406673315;25.4212642954831;66.24091604948597;71.28657755948771;76.35964018295289
55517;0.0;19.38383438922402;9.27661731219615;38.32554698727312;76.99169074954169;42.13540223625597
55518;28.0645161290322;0.0;0.0;9.35483870967742;28.064516129032228;9.35483870967742
55519;0.0;14.83681296898657;39.51587354410199;156.15314586185875;169.12069996207845;231.0493023548573
55520;0.0;19.15140532717437;23.93980029247815;47.88006657525325;52.66582099102392;81.39215234304874
55521;4.56010383441313;4.56010383441313;4.56010383441313;9.12020766882626;9.12020766882626;18.24041533765252
55522;11.0;5.5;11.0;5.5;0.0;5.5
55523;0.0;5.13513513513514;20.54054054054056;20.540540540540583;15.40540540540544;15.40540540540542
55525;10.71428571428572;5.35714285714286;5.35714285714286;5.35714285714286;5.35714285714286;5.35714285714286
55526;0.0;0.0;5.28929457643444;22.70802661496428;15.336857150793278;46.10654203721733
55527;24.48104547703105;19.39499530695565;9.54174113487482;14.50073253259906;87.03175372351777;67.42170198186696
55528;0.0;0.0;7.14285714285714;7.14285714285714;0.0;21.42857142857142
55530;0.0;4.47619047619048;4.47619047619048;4.47619047619048;17.90476190476188;8.95238095238096
55531;0.0;5.37995445591593;5.33254722533515;26.853207965307448;37.80439836002245;48.374286449617685
55532;10.57992969780452;0.0;0.0;36.99056081167005;26.1702673219941;36.511356207823454
55533;0.0;30.52977060073939;30.8025694248558;126.55326127799222;242.38712020739447;232.20911094285856
55534;5.77777777777778;0.0;0.0;11.55555555555556;5.77777777777778;5.77777777777778
55535;0.0;5.3125;0.0;10.625;10.625;0.0
55536;0.0;0.0;0.0;7.0;3.5;7.0
55537;0.0;8.77777777777778;4.38888888888889;13.166666666666671;4.38888888888889;0.0
55540;0.0;4.21428571428571;4.21428571428571;4.21428571428571;0.0;12.64285714285713
55541;4.93574164136787;9.87148328273574;44.75978999662652;64.35028999993379;49.52609919154622;44.64114112163516
55543;0.0;15.29024328117669;46.54897397190623;124.06074162740356;98.87151000006928;91.60556000055496
55544;8.72727272727272;0.0;0.0;13.09090909090908;21.8181818181818;30.54545454545454
55545;22.38482903059035;410.6159733870628;899.7659838648458;1423.269983590939;1961.982748368684;1430.866714041652
55546;10.45;0.0;15.675;31.35;15.675;31.35
55547;5.04545454545454;5.04545454545454;0.0;25.22727272727268;15.13636363636362;10.0909090909091
55549;5.73333333333333;0.0;11.46666666666666;0.0;11.46666666666666;0.0
55551;64.98281513424025;35.32237327373661;60.27935141432814;141.07949481930055;105.19357022628624;272.1625917032396
55552;0.0;0.0;0.0;10.8;10.8;10.8
55553;0.0;30.41342044919728;24.13829979303535;133.346181497078;122.40962249782136;177.19693919168324
55554;10.71235711135884;5.35617855567942;10.23795267475429;33.86236747421834;19.136729405936748;29.2074168656422
55555;0.0;3.55555555555556;0.0;0.0;3.55555555555556;0.0
55556;8.16666666666666;0.0;0.0;0.0;4.08333333333333;8.16666666666666
55557;8.75862068965518;0.0;0.0;4.37931034482759;17.51724137931036;13.137931034482769
55559;0.0;0.0;0.0;0.0;12.0;24.0
55560;11.21739130434782;11.21739130434782;0.0;16.82608695652171;5.60869565217391;0.0
55561;0.0;5.66666666666667;5.66666666666667;0.0;0.0;0.0
55562;9.76923076923076;0.0;0.0;14.65384615384614;0.0;14.65384615384614
55563;0.0;0.0;0.0;9.25;9.25;13.875
55565;0.0;0.0;0.0;0.0;5.42857142857143;21.71428571428572
55566;4.85887559950828;4.8427837312725;4.87502093868923;38.83898129534242;53.54493317695392;29.1694524071758
55567;0.0;0.0;0.0;20.0;25.0;15.0
55568;0.0;5.20232532506441;0.0;25.71901746120283;46.40155601763807;30.962466473085662
55569;9.87878787878788;14.81818181818182;0.0;9.87878787878788;14.81818181818182;9.87878787878788
55570;25.83333333333337;15.500000000000009;5.16666666666667;20.66666666666664;36.16666666666667;5.16666666666667
55571;15.73058679678229;0.0;0.0;10.4256967676018;25.82006402790705;14.48627514581829
55572;10.0;10.0;0.0;5.0;5.0;25.0
55573;30.377564903647;82.04997092087093;39.85575922246474;168.01961518075376;218.9809954215997;224.1989449569574
55574;4.55555555555556;0.0;0.0;4.55555555555556;4.55555555555556;0.0
55575;0.0;0.0;0.0;0.0;0.0;11.06666666666666
55577;0.0;0.0;0.0;5.6;5.6;0.0
55578;4.0;0.0;0.0;24.0;24.0;24.0
55579;10.0;5.0;0.0;30.0;5.0;15.0
55580;11.11111111111112;0.0;0.0;5.55555555555556;0.0;16.66666666666668
55581;0.0;5.0;5.0;20.0;15.0;15.0
55582;5.5;0.0;0.0;0.0;0.0;11.0
55583;5.47368421052632;5.47368421052632;5.47368421052632;32.84210526315788;10.94736842105264;10.94736842105264
55584;0.0;0.0;0.0;0.0;17.31818181818177;28.86363636363631
55586;4.70833333333333;9.41666666666666;4.70833333333333;18.83333333333332;9.41666666666666;4.70833333333333
57001;4.75155883671826;5.06188919470113;0.0;19.00623534687304;64.72422124120504;58.958032734586425
57002;4.33333333333333;0.0;4.33333333333333;4.33333333333333;4.33333333333333;4.33333333333333
57003;0.0;19.85655107581688;59.61525412513724;144.4615704308836;180.18574097997947;139.30947153746757
57004;5.64285714285714;0.0;0.0;22.57142857142856;0.0;11.28571428571428
57006;0.0;5.12337801413574;61.505272910334725;148.56751470944454;87.58640072314851;77.1794555661986
57007;0.0;0.0;0.0;30.56666666666664;4.36666666666667;21.83333333333334
57008;0.0;5.12195121951219;20.487804878048777;10.24390243902438;35.85365853658538;25.60975609756099
57009;10.3;0.0;0.0;20.6;10.3;20.6
57010;4.96875;9.9375;4.96875;19.875;19.875;19.875
57011;0.0;4.63618881745025;29.11671383530675;51.21752832965185;89.33430752220242;57.08509991121745
57012;10.2398400058359;94.65545476952596;221.81180765974025;633.5036589415135;942.6961492565254;665.6382539817815
57013;0.0;70.60281360099074;176.3742446115111;333.5474857226986;362.59519525774846;297.8430853127488
57014;9.96296213642507;4.97647918244844;9.98298475669832;54.85135270301827;44.86334847215129;29.91389835432877
57015;0.0;14.76605657076128;36.14325811739844;53.93692128000595;34.53768373084267;36.14994333694812
57016;0.0;4.69093935213556;9.28283389384513;23.41462193913587;42.03061040475641;55.54975160684535
57017;14.41672138568758;71.99687860386683;177.6095846669311;335.9417824253483;244.80981680169043;124.81187478679958
57018;4.84;0.0;0.0;24.2;24.2;9.68
57019;0.0;236.09911730003864;436.8657740456342;1366.5883581983228;1469.1412138234;1250.0395997994303
57020;0.0;5.26755240599894;5.1092789747534;61.02333455621861;61.20078221293591;30.525938565385303
57021;0.0;60.85927796472911;160.14843591162696;201.4841766730036;182.470444427391;97.9150634714078
57022;4.95702929369458;12.90734148264164;73.02680783478607;196.40503705530944;218.87829639737717;135.8046340969419
57024;0.0;5.02631578947368;25.13157894736844;35.18421052631584;25.13157894736848;0.0
57025;0.0;15.721106952723972;26.35988749977116;54.89202493522095;73.54353432023993;64.66025244238384
57026;0.0;29.40300939947802;131.62468412473623;93.40400762516484;166.0074925964989;123.14461909103709
57027;4.84;9.68;0.0;4.84;14.52;4.84
57028;14.87856409217622;39.78060331594678;123.5142522958386;221.3234621256632;109.24172918447024;113.13700460120552
57029;4.82222222222222;9.64444444444444;9.64444444444444;14.46666666666666;43.39999999999998;38.57777777777776
57030;4.37040256745963;16.60056651199532;26.86626443646501;89.82314638453457;73.35149617066409;53.16308208301477
57031;0.0;24.18298173776282;186.1881722808011;134.14509583005463;80.79315013438512;21.0029727106269
57032;0.0;159.1861595087795;202.93506402330743;502.63096196993735;699.3778035144669;405.9019957531127
57033;0.0;20.88906196587483;20.1621662353851;45.60918332699916;90.21877988970158;105.33311116443842
57034;5.83333333333333;0.0;5.83333333333333;0.0;5.83333333333333;5.83333333333333
57035;14.25;0.0;0.0;9.5;0.0;9.5
57036;4.34782608695652;4.34782608695652;4.34782608695652;17.39130434782608;21.73913043478264;4.34782608695652
57037;0.0;4.62985862701379;4.4327319489698;69.1066140595489;28.21762676789045;27.59955780545933
57038;0.0;109.19604055400896;290.66970779035967;668.9688612479254;1035.2600702337372;1173.6908141914598
57039;29.08799772546589;55.12522630703431;195.47914360724053;280.9910534536436;312.7030165955193;112.71566382575926
57040;0.0;14.04055118648583;0.0;70.94985745856752;13.94335967595984;28.82428903830431
57041;0.0;34.816179398146005;69.52726040430296;263.58072746828014;413.4154836559162;303.0477214936352
57042;15.16859875154697;25.41177904062318;20.01729955868701;20.32900041643605;55.32113288734499;75.88450981519102
57043;0.0;43.069660002305135;118.20174141424548;190.60586218687243;147.8447207714419;156.43425031051217
57044;5.64991196588987;5.64991196588987;0.0;5.64991196588987;22.599647863559472;16.94973589766961
57045;0.0;10.1818181818182;5.09090909090909;15.27272727272727;5.09090909090909;20.36363636363638
57046;0.0;9.77041310069916;24.28017050309398;67.71954250377286;72.55862181799017;101.87209074031996
57047;0.0;14.91296706988296;29.90987214406284;120.53630857239096;119.8753335533384;164.63340614531592
57048;0.0;5.07142857142857;5.07142857142857;5.07142857142857;15.21428571428567;5.07142857142857
57049;0.0;150.93365285954357;493.3830982088337;665.6446737623896;674.962317182185;286.6203089886084
57050;0.0;0.0;5.73684210526316;11.47368421052632;5.73684210526316;22.947368421052623
57051;5.03558591006162;5.02883951176539;15.07979021389934;60.34614644879851;45.2596188629434;60.36642180962776
57052;5.13336303882156;24.34745453347439;34.73867300111074;89.57576606902288;64.80621287349167;49.25456822725002
57053;0.0;0.0;0.0;20.76190476190478;36.333333333333385;10.38095238095238
57054;0.0;10.0;5.0;30.0;15.0;10.0
57055;9.52534159740522;4.68708254446926;42.41172426079995;79.91048400662041;51.59645068727012;42.26052840550483
57056;0.0;0.0;9.64102564102564;19.28205128205128;24.102564102564106;14.46153846153846
57057;4.94313353924548;4.94313353924548;49.28940950320648;83.68886349130936;73.8025756223702;59.08467810478802
57058;0.0;68.16999302187259;83.10181242069075;269.54110999116455;442.413470056525;771.3984234121556
57059;11.00000000000001;0.0;0.0;0.0;3.66666666666667;3.66666666666667
57060;0.0;29.90415062503392;9.98218354775434;58.96592525175545;64.39999865238163;59.276566891640925
57061;0.0;28.518976065252268;38.61120803957223;141.0374834650938;126.18867950637808;139.80209069704705
57062;0.0;0.0;44.86284658425574;64.5086225634035;29.77018501404852;34.51116394846732
57063;14.65909090909092;0.0;9.77272727272728;4.88636363636364;4.88636363636364;29.31818181818184
57064;8.13720239576872;8.55763902648369;17.23691159827941;21.080616426949483;8.34346625691628;63.75783534794058
57065;5.175;0.0;0.0;0.0;20.7;41.4
57066;0.0;5.1724751077348;10.238456084943367;78.41075936309794;51.61830967092739;41.15956991557204
57067;0.0;53.90852837385147;180.14375885187908;477.48089303768825;413.7533559984948;179.21610158517865
57069;0.0;10.19275566595962;20.33009066212161;40.37672969943633;45.47057815226405;75.32134810208113
57070;0.0;9.64705882352942;33.76470588235294;43.41176470588239;14.47058823529413;33.76470588235294
57071;0.0;14.40236664789047;34.13246118301983;48.29771886153172;62.97910485460428;49.31903149981545
57072;4.99425378447282;4.94256736370756;24.66222022169692;84.13611729537988;59.46854778038762;83.88084483903698
57073;5.10245907607563;15.60299816664294;31.089664304561055;103.23384385497184;114.15166355655782;93.44223639313488
57074;9.77119453691032;0.0;43.67938713421335;58.41065118777784;78.18531533537295;136.66564924185576
57075;9.78785530581854;0.0;4.82935131913983;62.47247978296345;24.14843852289375;33.743831858233136
57076;0.0;9.49199284708886;32.68245915663581;64.9226183703171;33.472175705808255;71.97488875403457
57077;0.0;0.0;10.55555555555556;21.11111111111112;0.0;26.3888888888889
57079;5.00223445565161;21.09610513432919;10.00446891130322;65.93163898647899;64.78554399662376;61.13303655827178
57080;0.0;0.0;0.0;5.25;15.75;10.5
57081;5.47826086956522;0.0;5.47826086956522;21.91304347826084;16.434782608695663;10.95652173913044
57082;0.0;0.0;16.04713996406769;58.408766138744056;21.2716676054152;31.95360980142436
57083;0.0;45.60147651313412;45.85886277304547;171.63726702591345;128.76700445381078;165.89411607382596
57084;10.6675033555648;0.0;57.00538867271925;35.65404481377382;26.32795996055008;30.16587750003084
57085;0.0;14.76177349525971;19.572839173408937;49.374764303006685;44.51095746444491;53.7345705578917
57086;16.255813953488392;0.0;0.0;16.25581395348837;54.18604651162798;43.34883720930236
57087;0.0;9.7006572103459;4.91469096532874;24.36016969336398;43.71807675813721;34.01779305979661
57088;5.48157278906199;4.83270430437419;9.407567516818473;14.203076864255792;38.44215942239313;83.82423108330276
57089;0.0;129.97339265738424;185.22690327068165;269.79043836032207;1164.3833177278984;507.9119981271404
57090;4.65217391304348;0.0;0.0;4.65217391304348;13.95652173913044;18.60869565217392
57091;0.0;10.63238874317906;15.2884602358313;116.42468564600938;126.47099431341218;90.05670569712902
57092;0.0;30.13793098301356;25.22858113642225;74.62129293380106;69.24309540155436;98.3322035095434
57093;0.0;5.08619019206995;40.85458295022926;86.59066494054322;60.91375357060925;50.8638604705552
57095;14.94390156582114;9.96106181593043;25.25316319297442;81.98410556697338;55.8435054488107;90.96995383609674
57096;9.8606987317995;70.12816247280715;109.7648454074298;289.46184208057787;342.84330742013884;330.57696413683004
57097;15.4629062539424;196.6534182270998;242.33988133337775;647.9946033509915;629.1717690059306;526.8958424514178
57098;5.13333333333333;10.26666666666666;5.13333333333333;10.26666666666666;30.79999999999996;35.93333333333332
57099;15.6176706222906;0.0;5.14945500102628;5.24642706070914;46.6347679324601;26.01321241556727
57100;5.2962962962963;5.2962962962963;20.2962962962963;26.481481481481502;31.481481481481502;20.5925925925926
57101;0.0;21.15629701154222;149.08855879316448;176.1917659096418;159.351910446607;126.6307552569076
57102;4.93588103240053;55.17237174175389;330.60386323762793;531.0484025712873;395.9965086437302;236.58032699635848
57103;0.0;5.61904761904762;5.61904761904762;16.85714285714282;5.61904761904762;16.85714285714286
57104;0.0;14.63666366987853;93.7282311755539;187.6105931278224;207.2617484536229;94.05548534172044
57105;0.0;5.59259259259259;5.59259259259259;11.18518518518518;16.77777777777779;16.77777777777779
57106;4.9736880167713;65.0186299551639;169.8576833799928;180.00019958167397;265.0647920924742;499.7836285930441
57107;0.0;0.0;0.0;17.166666666666657;0.0;11.4444444444444
57108;5.10068544578103;0.0;0.0;10.23452365086381;40.93725432353257;92.17408808318194
57109;5.37126870906995;21.38458378590855;73.74342524184611;131.07356795229626;136.97182093240664;84.60079589259371
57110;0.0;19.134740079343388;14.34589586548325;52.71873828729431;47.8779771754159;43.08915553404045
57111;0.0;14.46460832429367;28.4270649166138;93.83985192234428;70.53163945953119;28.658243030858067
57112;5.46666666666667;0.0;0.0;10.93333333333334;10.93333333333334;10.93333333333334
57113;4.86331551126136;9.67206226191662;24.60641150054424;117.18404748501;141.16474433067668;189.51534947016933
57114;11.39286812985926;5.20619198624906;60.893394926440216;53.34205466887889;34.85880400057442;30.83129150389396
57115;0.0;5.38888888888889;5.38888888888889;21.55555555555558;5.38888888888889;10.77777777777778
57116;0.0;0.0;0.0;45.91304347826086;12.52173913043478;0.0
57117;0.0;9.83054488463848;79.30369923185125;52.68380661059334;72.95970060372045;53.27406752121261
57118;4.62857142857143;4.62857142857143;9.25714285714286;9.25714285714286;18.51428571428572;18.51428571428572
57119;0.0;30.32633420889372;59.88652868307166;136.24754456243;179.01055535127233;154.98779940633008
57120;0.0;0.0;0.0;8.14285714285714;20.35714285714285;32.57142857142855
57121;0.0;9.78260869565218;9.78260869565218;34.23913043478266;29.34782608695658;19.56521739130436
57122;0.0;0.0;15.04016537836396;80.33348881375318;75.12487554535838;70.07159395490277
57123;0.0;61.40292425037599;91.93773332615577;301.07941056007314;460.4188729844616;451.9240746824427
57124;19.76006616798416;54.58615028592976;232.92464425316135;379.4324008966967;355.76323502153303;209.52552017337527
57125;0.0;5.71654983405377;49.49124195243274;98.2258260522424;46.7909755473971;5.71654983405377
57126;0.0;9.40560760129476;28.64220182117908;33.31655893735686;33.84458395932834;29.82302719057198
57127;15.3103448275862;0.0;15.31034482758621;20.41379310344824;10.20689655172414;10.20689655172414
57128;0.0;16.416862761945332;27.36143793657553;32.83372552389062;21.88915034926042;33.07362624633946
57129;5.05021267935048;39.526648119416286;103.25143974262822;98.87209040922218;102.75688089722958;47.555196619700126
57130;0.0;0.0;4.0;8.0;0.0;8.0
57131;0.0;10.385411449092;20.55975104011202;47.04990886334829;46.62982499813919;42.06941092452742
57132;9.86434800393749;54.25236843550125;74.24401201591199;207.2171319055628;232.05246287664545;202.336004813067
57133;0.0;0.0;0.0;19.04761904761904;23.80952380952376;23.8095238095238
57134;0.0;92.02994537388308;152.05816064672294;340.6720673282728;237.5645492772832;101.15797544609684
57136;10.45435509937227;20.95257032809248;52.29361394145841;67.93124216724468;109.83629082373182;62.68263467736548
57137;10.475556384414151;42.27404348740943;72.65564437559738;91.23602927839217;97.039065338016;77.80043111635558
57138;0.0;0.0;11.71428571428572;11.71428571428572;0.0;17.57142857142856
57139;4.84632418998524;9.91602602189718;20.76470908789858;65.72153399261765;20.5228955349087;10.26144776745436
57140;0.0;20.96408842928906;63.84726729564058;123.27935157969426;59.68355160840484;35.46161224671246
57141;0.0;5.93333333333333;5.93333333333333;0.0;5.93333333333333;11.86666666666666
57142;0.0;17.57321264692938;49.00069259507837;73.82457897747221;50.96148923299667;10.8312297389335
57143;10.2467148313723;30.294417109162534;140.11352813221353;351.9015702347129;499.702564783917;327.4409010274194
57144;0.0;59.96813538609262;69.91485331677141;282.77594294730034;384.1902670482857;442.0865152526639
57145;0.0;4.69039518732054;28.996841043762917;45.17243192113562;25.73876653169607;30.59246884199048
57146;0.0;39.50203592438809;88.83753165655733;166.95755448306485;54.14318360914072;69.11761264827555
57147;0.0;9.20018913748738;41.5661305571658;50.88887401526193;32.4196746703143;13.89596597315523
57148;9.59938104618546;18.647148467165312;58.27377836868308;116.347734130348;58.6258204488637;24.62010242124801
57149;0.0;0.0;15.84615384615388;21.12820512820516;15.84615384615384;15.84615384615384
57150;0.0;4.81645167166735;46.9330294633288;130.7851685730588;97.97648660786304;50.91815407376027
57151;5.0;0.0;0.0;15.0;25.0;25.0
57152;4.9408329893415;4.89814607001609;39.24942963769874;44.12637074737782;63.48606367441128;78.24393635498232
57153;0.0;104.14308847425974;158.17717102293216;297.63231329352965;268.4379859689401;138.48009411794288
57154;9.96562437629394;25.07306036305756;19.94530712126937;80.98814499326622;95.60887519901536;85.08105948819697
57155;5.21521399219506;50.38867705612388;256.7593922043633;418.9810043673913;371.6593886764924;180.56934969615284
57156;0.0;31.43857401558807;122.3133441207852;189.1751727932337;140.23545150065382;20.819488137768072
57158;0.0;15.9545454545455;5.31818181818182;31.90909090909084;26.59090909090914;31.90909090909084
57159;0.0;40.27037464049866;125.06236609208248;323.400345657602;472.6763721203984;554.6532297204647
57160;8.0303053007653;234.9263651913435;454.8792423852113;948.9620142727366;1121.974843109463;1611.156617319544
57161;0.0;0.0;15.45;0.0;10.3;20.6
57162;0.0;41.36268861637467;103.34277759071917;176.58157696475976;99.56690227777165;65.19381859495616
57163;9.6910439851008;83.50161283113421;112.47967563475686;152.51390278374564;240.42820463233977;367.87727433954177
57165;0.0;5.16299251617209;35.91044192965006;52.03832030163064;92.9814455609059;113.61768656473129
57166;5.05;5.05;10.1;5.05;5.05;15.15
57167;0.0;5.44261301566613;16.3227197616573;97.97045516667724;32.65226684249351;43.53578591036025
57168;0.0;10.28693347762928;30.62109643717312;96.6715421785261;71.1438980048402;86.47923176915006
57169;0.0;9.89218428995241;19.783996580056108;64.25630694192773;74.27885104834567;59.18301061067919
57171;0.0;25.0960671279153;90.88792987595656;151.3678870200078;121.2305800600405;125.6242184925991
57172;9.3181730809034;0.0;9.3181730809034;40.7620907607623;38.51336140944982;24.71471663156028
57173;5.05;5.05;20.2;10.1;15.15;10.1
57174;0.0;0.0;10.5;21.0;0.0;15.75
57175;4.72835329198566;4.51077017106943;19.380065661154894;43.95614962888528;34.97760347663039;4.72835329198566
57176;4.73320398381615;40.07240937139905;69.20423687262004;244.4789144828901;148.30370872868443;184.40668466761335
57177;10.0161117207769;80.7684546013692;126.03808169102936;217.30385939019584;311.4139832479442;312.39612830709456
57178;0.0;0.0;9.89748710250684;84.08989298717098;29.6593409388792;34.58034410722188
57179;30.034444356972298;30.10363866765617;125.15184874909902;266.17181787829617;251.299551707794;166.02814265978006
57180;0.0;0.0;0.0;39.57314707184352;79.21192544181643;24.84334021022735
57181;0.0;4.33333333333333;4.33333333333333;8.66666666666666;8.66666666666666;0.0
57182;0.0;5.22222222222222;5.22222222222222;15.66666666666662;10.44444444444444;5.22222222222222
57183;21.371428571428535;5.34285714285714;5.34285714285714;32.05714285714284;10.68571428571428;0.0
57186;4.98810337245429;19.74257964678974;29.92911641904052;124.63842626331108;99.7991083655705;114.69603171283543
57187;5.00350963973606;14.76705071784071;9.885652698502293;69.01861839437167;29.65621305607906;59.19474847360358
57188;4.64784276037279;0.0;9.242821789251847;51.02102333177707;51.30156122556926;55.61744311700821
57189;10.41860465116278;0.0;5.20930232558139;36.465116279069775;5.20930232558139;41.67441860465114
57190;4.85315939210065;14.70486623059666;14.85025428489137;35.01148268497822;50.14828431269085;44.73985116705414
57191;0.0;9.565541429884998;29.48216056155514;94.25838787274826;109.86821954840153;69.01737806368585
57192;0.0;29.76052622198164;59.37022494367145;153.5819621296903;158.5121195119631;183.1302533146367
57193;0.0;45.67619147620577;178.6174910952249;305.3248504209778;309.82973332020504;204.1053355825769
57194;0.0;20.54153920693194;114.74919201806114;177.07702458415704;164.89491336152446;59.943331894593
57195;24.7336370465835;4.97597324956056;34.52813092319784;65.05811403928425;85.64130135621538;66.05764503540345
57196;10.52158623891792;4.94699077229877;19.51159688934089;41.51726916854561;56.690761906255176;55.49289408169102
57197;10.1043475275649;0.0;45.67652913123738;60.93745580006;65.6899868488455;49.938141965531536
57198;5.0;5.0;10.0;5.0;20.0;30.0
57199;0.0;15.044277448016931;54.74874141449981;139.86455665333153;107.77834818460286;73.99855710004249
57200;9.51442212682713;14.45472891520502;30.54730541551697;58.31714747724398;13.84877189143915;19.96702180554683
57201;8.6403348047823;9.44382098529254;30.770613549302738;100.08545419932184;69.0034431501823;92.2376498664768
57202;0.0;19.19521797958812;62.49553296983012;140.03611704199238;127.69454012032438;147.82798130159324
57203;0.0;9.95856264614174;30.31931808972375;54.56726685820703;40.20144287999279;0.0
57204;0.0;9.79184473095748;34.96371603319388;68.65082849791844;44.11725602797974;24.48237544470388
57205;0.0;19.94482311339778;76.28714631563497;260.42500567292655;275.2297845565128;382.5203352250333
57206;0.0;222.0626476121625;392.1423281759125;1122.3868330589974;1807.7154027270883;1758.4543655212392
57207;0.0;111.5654226668408;25.24198710449003;303.8534058731572;410.0014431345493;587.6765034886321
57208;0.0;19.85677306263959;24.67494147909778;208.04258191976268;162.92420407121162;158.2958674423042
57209;5.05055300301332;95.27356965197778;95.70453930905664;387.4215528884378;543.2640185429808;608.3266574021002
57210;0.0;25.26523795532609;23.60677539521134;62.97506543716993;61.8246964956331;79.99437233233067
57211;0.0;35.072854804748324;110.53811635990962;156.137863985563;146.0115079980806;115.68821326046688
57212;0.0;20.40939866163288;96.98977265017032;96.91308637070854;91.6487509128096;30.70461108115692
57213;5.21742639319382;5.21742639319382;25.021307944450378;83.94820243735313;91.96307048513331;139.90048760492607
57214;9.75496225352412;4.55186821086652;43.078873056796695;29.7335862477174;70.099139265708;44.64339162221956
57215;0.0;10.26197257781126;5.02983895444877;45.28215906522518;35.97646121614231;55.39628928406526
57216;8.75;8.75;4.375;13.125;13.125;26.25
57217;8.8917229996648;9.41114387017976;29.14152171430986;92.41716111579912;111.2604517042586;118.40859913400206
57218;0.0;59.91255203731675;140.95826231163784;216.64095387797715;100.26827770430268;40.968706545553786
57219;0.0;14.352219812529247;77.00174170810497;66.4913972080364;85.37074690627753;75.93451044870011
57220;19.68;4.92;14.76;0.0;4.92;9.84
57221;3.40679429874377;218.53328426368688;534.5086959238663;1173.0892667013202;1715.2893268244952;1182.204624303152
57222;10.67266909926158;37.07469185289334;69.43921812661557;127.9019409925025;202.395382660989;138.6197725093708
57224;0.0;69.90988244795173;66.04156764315518;281.9570309559872;288.1593078046549;440.0406899949109
57225;4.86206896551724;0.0;4.86206896551724;34.03448275862072;14.58620689655172;19.44827586206896
57226;4.93444239016338;93.8482576329356;211.91205933088213;476.9804438922349;434.1832185627165;310.6977599479692
57227;3.34182962941883;344.7494401372731;661.2171247132387;1369.8983924126694;2064.350770331018;2015.819273133029
57228;4.5;0.0;0.0;40.5;27.0;18.0
57229;13.72727272727274;4.57575757575758;0.0;9.15151515151516;13.72727272727274;13.72727272727274
57230;0.0;4.59523809523809;22.97619047619045;22.97619047619045;27.57142857142857;9.19047619047618
57231;0.0;4.40195534570441;0.0;8.80391069140882;4.40195534570441;13.20586603711323
57232;5.19735554190083;29.804142432871306;34.74248830891725;100.64413799916326;82.16939920191561;83.9119981968757
57233;0.0;0.0;5.05882352941176;0.0;5.05882352941176;20.235294117647022
57234;0.0;49.64900915697608;24.797319622226738;75.12241965251906;109.316482112521;84.96500384937923
57235;5.10770501839042;39.60210657364664;15.33675598708994;96.62674352084758;128.18323021184835;210.6307527740994
57236;0.0;0.0;0.0;0.0;12.0;12.0
57237;5.06714788924992;19.716563100847083;20.18919721203804;25.25760888907456;29.78013376532939;44.42704120294705
57238;15.07692307692313;0.0;10.05128205128206;15.07692307692313;30.15384615384616;15.07692307692309
57239;10.15079418606746;0.0;20.647918068186694;83.17228032882268;30.92864498014697;67.26619464916281
57240;3.31111001962381;180.33673849688165;234.06045401635217;864.2803376377153;1268.680588154679;1513.8872213977272
57241;9.37142857142858;0.0;9.37142857142858;0.0;18.74285714285716;9.37142857142858
57242;0.0;63.6258560050221;98.12098732372836;394.15433528056747;449.2820440746816;264.6412784080789
57244;0.0;0.0;10.176677819610951;30.3377973945543;40.200579803171024;100.50218873105716
57245;0.0;14.07127617072047;46.81605010542495;89.07387575374108;70.24653069691044;47.013490817931945
57246;24.55555555555552;4.91111111111111;4.91111111111111;19.64444444444441;4.91111111111111;34.377777777777766
57247;0.0;0.0;0.0;11.1;7.4;3.7
57248;0.0;4.68421052631579;0.0;0.0;4.68421052631579;18.73684210526316
57249;0.0;13.40785784307516;4.85311639461328;36.60370657993826;54.76872983609081;8.90859941688413
57250;0.0;24.5827427918083;43.72570928679314;162.79364609704453;182.2590224524301;281.17677365760346
57251;0.0;16.17055228284557;16.110473174145667;47.84873185860273;37.63205898469671;37.5726854171672
57252;0.0;9.17728490092664;18.2838636385482;61.14277554006812;51.25624454826335;65.844158567275
57253;15.532927781798332;10.29248646639735;15.4857195058031;46.36274983706885;102.92700617510498;72.28600148051531
57254;15.1782728504413;35.22632550109521;88.95036961545227;92.94440927737163;129.13749055278635;69.24115156594254
57255;0.0;9.62241469889389;23.83113143381381;61.98930547951559;67.7201729534208;81.89444766253499
57256;4.97229737276043;20.29414347539831;49.85868528842165;151.55156566634895;128.02886824878885;86.8673233858919
57257;0.0;10.2;5.1;10.2;10.2;15.3
57258;0.0;0.0;8.84615384615384;4.42307692307692;8.84615384615384;26.53846153846152
57259;5.16793720686255;0.0;15.50752345604893;56.58894236357187;31.30692382850498;31.428731357209543
57260;0.0;80.43349540946369;240.77147232102905;366.2732083782878;436.3985528715991;334.20806834771383
57261;30.299534317637104;56.06378320976509;50.85961134398672;171.73014481978146;199.0260115324984;133.1399993513658
57262;24.97189187701312;0.0;21.7541266392205;71.39290632920603;100.45887712269396;116.45538751686934
57263;0.0;19.94106407396469;42.03411612987416;60.14620270291379;112.6819377158683;77.79167119100354
57264;0.0;5.10526671580726;25.48346058926781;20.20407361098698;35.606750726793166;65.11605810461037
57265;0.0;0.0;0.0;0.0;26.22222222222222;6.55555555555556
57266;0.0;4.83333333333333;4.83333333333333;14.499999999999991;14.499999999999991;38.66666666666664
57267;0.0;0.0;61.49742704859199;97.5280761889034;51.73935788835985;108.2853935552746
57268;0.0;0.0;4.96;0.0;14.88;19.84
57269;0.0;105.49445769915326;263.7496951787573;900.1214563835382;1139.8151391328956;812.3281244078719
57270;5.29528132869794;21.69952268661268;16.146463909389922;59.92124685491641;70.16689793132288;37.58835451541689
57271;4.99050530906094;19.97237449093599;19.98270639953542;84.82857844889864;64.918024728838;64.93881653466381
57272;0.0;0.0;5.35294117647059;5.35294117647059;10.70588235294118;5.35294117647059
57273;5.05773989479111;4.86857040528326;5.05773989479111;35.22943531422284;19.313148755203;82.4937830921138
57274;0.0;14.95857383137685;24.51034940658608;172.99947786397587;68.90897770561735;108.70706972086371
57275;0.0;44.82465521935158;10.14908442988709;104.65222501983556;111.39754475777347;141.05933138369016
57276;4.80042533005013;0.0;14.39252779248642;62.29189840535347;52.64740229589372;28.63687708137072
57277;0.0;5.37037037037037;0.0;5.37037037037037;32.22222222222224;26.85185185185181
57278;0.0;0.0;0.0;9.14285714285714;9.14285714285714;27.428571428571423
57280;0.0;20.46252858888942;15.08143904510025;54.74381621518502;50.86045311537172;35.78695320316382
57281;0.0;0.0;4.46734269411381;36.794242863030746;17.86937077645524;26.804056164682866
57282;0.0;5.37604714993862;52.7771750191349;94.8578638637964;36.81301213168578;37.19544489482709
57283;5.01480959963762;229.78345439755063;460.0874794954509;1205.7114954079864;1135.346399734142;955.7022160802824
57284;0.0;0.0;10.28571428571428;30.85714285714284;5.14285714285714;25.7142857142857
57286;0.0;4.74249037167853;14.1554056091529;23.41594074145828;13.93095999810118;37.65390492549184
57287;0.0;50.28707823009272;180.4747992144116;287.1989291570335;300.9422260917034;240.3566859096428
57288;0.0;100.237296956697;90.19856716726494;295.4742861991414;315.72077925438293;320.4857095186507
57289;0.0;72.52772839665072;134.63954788824475;310.75298590933056;386.905723456475;342.7129822444744
57290;0.0;0.0;5.18181818181818;41.45454545454548;5.18181818181818;20.72727272727276
57291;0.0;5.03285947679092;0.0;20.41328828904397;35.87744974677243;46.32744473422011
57292;5.66666666666667;0.0;0.0;5.66666666666667;0.0;5.66666666666667
57293;0.0;0.0;4.94117647058824;44.47058823529414;54.35294117647062;39.52941176470594
57294;0.0;0.0;21.33333333333336;5.33333333333333;42.66666666666673;32.00000000000002
57295;5.09523809523809;0.0;0.0;10.19047619047618;10.19047619047618;10.19047619047618
57296;0.0;35.38774730608706;20.05195836331464;135.3694024485966;104.24965826877867;154.35740328905007
57297;0.0;16.81818181818181;5.60606060606061;11.2121212121212;11.21212121212122;33.63636363636364
57298;0.0;19.60952916754763;19.3294314947497;39.17202109423103;29.00054633761877;53.13519521988407
57299;5.13712559265425;20.62392908389683;46.3147049813924;143.78270445858593;82.27663458311336;139.7499293790299
57300;0.0;19.8567563664625;10.48041588329842;61.05079918734047;24.40557780334565;62.37031638044364
57301;9.18375806887677;9.18375806887677;13.95584065147445;23.72510517877423;66.44569237430716;28.20615950731359
57302;0.0;3.89589427296931;8.56930311020862;0.0;45.15503123689204;24.42945605649848
57303;0.0;14.86100891112198;40.29173039645487;99.43829253764454;74.8408708126386;54.101755316525455
57304;0.0;5.33885522787302;4.68378016622886;46.2557080875482;55.93722735601107;56.060123649130354
57305;0.0;19.256374036279;29.18088392083529;103.49942564291337;34.45046016223936;53.40237150747788
57306;3.41971140224427;312.3612512944369;602.2839704667716;1624.791044785985;2164.37673064369;1816.0255539377836
57307;0.0;10.625;5.3125;47.8125;37.1875;37.1875
57308;0.0;0.0;5.55555555555556;22.22222222222226;5.55555555555556;11.11111111111112
57309;0.0;19.16043549830522;14.04392107969582;70.10907448242712;55.8141040643321;56.8224988622624
57310;4.75;9.5;9.5;23.75;28.5;38.0
57311;14.2742139404581;13.17919609777443;16.22850293634002;74.34029938209008;73.46715708783867;19.76229714906664
57312;9.9961440304523;10.13753839432908;34.92775278182684;82.98329692824515;59.00288053553642;59.717743962141576
57313;4.73333333333333;0.0;9.46666666666666;23.66666666666665;18.93333333333332;9.46666666666666
57314;0.0;15.195084367440629;10.49650744861238;66.2477905235479;79.1100765652817;54.20737092420947
57315;4.88772063531527;14.867937168880609;44.21072949018206;87.28937636186856;106.82344541253164;113.41837592622586
57316;0.0;14.64516919262137;39.16052790379649;73.57704455447296;48.96959163228792;73.37887121167957
57317;0.0;5.0;5.0;20.0;10.0;10.0
57318;0.0;4.86363636363636;14.59090909090908;38.90909090909088;34.04545454545454;24.3181818181818
57319;5.2992848081757;20.00108649219998;20.9865427342593;100.67745076559548;35.6421015643247;101.59170158897405
57320;0.0;0.0;10.05555555555556;20.11111111111116;40.22222222222236;15.08333333333334
57321;9.778900347702209;4.91853675751091;38.87846568190923;58.25089428068626;67.74243766660757;63.05594990119779
57322;0.0;5.17771300645354;20.574775942386708;46.32726413455544;108.24278802153128;87.66772628857342
57323;9.83287730376284;201.76718356705288;943.5578789335428;1095.612156327068;1257.5273121478665;549.2731375779333
57324;0.0;3.75470065588976;46.65998446499843;65.36271857689218;84.86795429240736;106.8112264810758
57325;0.0;5.21074762266159;14.7684214829459;89.6667287667955;111.03547681296588;134.03006124075347
57326;0.0;9.60229263674548;24.72427660374839;42.7991362769913;37.44794236709992;48.33826763066402
57328;0.0;5.0;0.0;15.0;10.0;0.0
57329;5.15137551773047;10.30310511585433;15.49692339844269;36.05971714383139;82.50839902087797;66.98989979266928
57330;0.0;24.794024398208343;44.79856391524012;154.10043233542785;119.2156901990196;168.85685063673927
57331;0.0;15.74024269950484;44.30833173701514;30.73297495066708;55.7719166214119;91.84387632769412
57332;5.0422762062031;89.94810801620163;114.55937803553668;379.0982227299286;644.4445085655416;626.5203736986972
57333;0.0;25.17239295157066;39.36988251898547;94.29893366619274;99.996775311337;115.55552153593794
57334;0.0;5.52691594978313;15.67536177262678;32.08457949052887;46.84866413023665;62.72541596190271
57335;0.0;4.86363636363636;0.0;19.45454545454544;14.59090909090908;53.5
57336;0.0;68.96835863704207;85.06528255896343;359.6742985076171;562.3320786245215;818.0429054541087
57337;0.0;15.168614308116489;24.836451245111952;85.45277571064436;85.121626236364;101.43735522259333
57338;5.07362466958052;15.28142231250065;10.11708765414218;71.0614915391214;20.30966944070513;71.12168029662655
57339;10.161579517310209;4.93245325498476;34.74937672912953;39.83177839856946;65.08302778204782;19.95094227777362
57340;14.04648132772494;29.51476418260519;72.01664564350419;195.68629772129057;148.63712653518476;174.77925829622706
57341;4.98848440852969;4.98848440852969;70.60371366971596;85.39905580772026;74.51273753873666;74.70878004962248
57342;6.57142857142857;0.0;0.0;6.57142857142857;13.14285714285714;6.57142857142857
57343;0.0;20.15761967879805;123.22400518100962;257.7111046146071;170.99713351167145;121.32281791086338
57344;0.0;36.92828989910152;21.06731599144459;85.58647264746705;104.7148168014598;63.74054518729452
57345;5.29066200943895;0.0;32.05075952064384;86.71346728890563;53.86257975425619;40.97250568791874
57346;4.78707260468229;19.30089625218002;19.1266861702696;77.05028555669487;33.574811136427655;91.45649177841145
57347;4.91428571428571;0.0;4.91428571428571;4.91428571428571;9.82857142857142;49.1428571428571
57348;5.41807498036809;5.15125468545856;70.1393880870981;92.56023630757602;111.16212540396498;74.0931494591844
57349;0.0;0.0;0.0;28.07692307692305;16.84615384615381;22.461538461538417
57350;0.0;43.6159070946944;195.69278224679957;194.24059222675956;142.00760962261964;48.0178804351996
57351;0.0;20.12964570396479;80.0616657701568;214.95918215699265;185.33325113281225;75.06835812489962
57352;10.10892420425158;40.13684445442869;70.2927451346037;60.14055906365352;35.16745883782559;4.96902457729214
57353;4.23529411764706;0.0;0.0;0.0;4.23529411764706;4.23529411764706
57354;0.0;0.0;12.9;21.5;4.3;17.2
57355;5.05573532932289;10.37675871072676;33.67535663061059;119.04457658784337;100.36738291505355;153.30210463243384
57356;15.255247771802392;9.744092481487373;157.77347425909468;128.84839622460106;177.54782608825658;93.11302622776948
57357;10.40321504841307;0.0;0.0;52.286164792880776;67.9902014968156;83.52132678197141
57358;0.0;28.64906155333661;43.25871459351645;121.81355601672853;150.27185388137974;149.17973284168437
57359;0.0;9.10526315789474;13.65789473684211;18.210526315789476;18.210526315789476;18.21052631578948
57360;0.0;19.40754889102607;58.32098622996793;174.93002220597924;131.2112483505612;141.00839733887526
57361;0.0;20.30302006663443;45.21659968102502;75.58109918075401;80.85472246825132;50.62368872002192
57362;0.0;0.0;0.0;14.91884685215247;19.89179580286996;54.70243845789239
57364;0.0;10.13990108037032;25.00080064848939;60.35078076670082;15.07041510155043;40.45496932872126
57365;13.525199472738093;4.83678662086807;28.56635241405649;46.73079964988298;41.89747320382979;46.20851015202108
57366;0.0;4.89285714285714;9.78571428571428;24.464285714285698;9.78571428571428;34.24999999999998
57367;0.0;0.0;19.53993693442206;14.7181471029646;29.233255462016743;33.81551930339687
57368;0.0;120.8011719941058;90.30887154912908;281.0094365807967;397.3239950560933;412.931892026606
57370;5.73713803496795;79.95091479253763;199.29468293839813;306.035567778051;248.10096807130896;220.6551275940608
57371;0.0;32.96207849695294;29.50606288116007;120.97028742377408;52.17530098094934;61.18762501643902
57372;0.0;24.35939725801153;116.90397439598848;175.18361270665017;207.21881656249607;145.20584724530815
57373;5.34670394191983;24.709774049336907;60.08834113797329;140.59507815577197;118.5570318022648;65.45446823714917
57374;0.0;4.99162776087844;10.426152347557458;34.63993474066404;19.22215463222817;13.75447694040066
57375;19.56765647713188;0.0;4.89191411928298;14.67574235784894;14.67574235784894;14.67574235784894
57376;0.0;24.13409965382797;9.44011426183974;34.16002459022711;48.12869921468782;49.491974268030106
57377;9.57103491895218;4.39564468040114;5.2099700999628;9.18116213987723;44.21080868829993;30.24412908894658
57379;0.0;10.25111508868036;0.0;26.27758501175626;36.23898755680614;41.50838542205759
57380;5.57894736842105;0.0;11.1578947368421;22.3157894736842;22.3157894736842;11.1578947368421
57381;4.75108047853717;9.3170486333604;4.75108047853717;37.76237700708136;57.26905090356897;32.64509273912394
57382;14.87558430602378;4.95554504318627;49.5882622914782;89.28033364959161;89.24454590170177;84.32776987205114
57383;4.72727272727273;9.45454545454546;4.72727272727273;9.45454545454546;9.45454545454546;9.45454545454546
57384;19.438258039052;9.73133089773912;24.39863488963739;97.4311775923682;58.31465974051299;63.37291237375641
57385;0.0;15.54075183341733;122.2923866959601;203.93178653780848;121.66073534262983;96.6567837944282
57386;5.41394061268719;10.58356643825654;20.60776159547779;65.2975095236406;59.05173149381145;16.52872698299016
57387;12.8938168283896;5.00265921207313;23.15533979441156;15.164444279534491;60.29119665822636;24.98690404979064
57388;5.10204081632653;5.10204081632653;5.10204081632653;40.81632653061229;35.714285714285786;15.30612244897959
57389;4.63598943636945;14.28127377294187;19.69423651328483;82.65851875456796;47.71040104423137;56.07801265161714
57390;4.89098784511091;14.73165942443586;48.99799059251116;146.97456246873205;171.44912499020006;161.82339929585987
57391;5.54545454545454;0.0;0.0;5.54545454545454;22.18181818181814;5.54545454545454
57392;4.61431278835692;42.4213377925265;21.7458344150632;83.25735513861817;107.12282356246712;53.2646201457538
57393;0.0;5.36111111111111;0.0;5.36111111111111;37.52777777777773;26.80555555555553
57394;0.0;0.0;6.08921516583216;68.63153375240628;40.52894453968425;48.40219861883657
57395;0.0;0.0;14.92682926829268;19.90243902439024;39.8048780487805;24.8780487804878
57396;0.0;20.458063364574222;82.92499568411667;82.98983381978849;36.472126281139495;25.87658158418355
57397;9.45454545454546;4.72727272727273;0.0;18.909090909090928;14.18181818181819;9.45454545454546
57398;5.06226108896168;15.1482215518329;40.15011749648901;50.23607565130884;65.2662160747515;55.41493074100778
57399;0.0;5.35294117647059;10.70588235294118;10.70588235294118;21.41176470588236;5.35294117647059
57401;0.0;0.0;0.0;6.0;18.0;12.0
57402;0.0;0.0;0.0;5.36363636363636;26.81818181818182;21.45454545454544
57403;0.0;0.0;0.0;30.95238095238098;12.38095238095238;12.38095238095238
57404;0.0;0.0;13.74161213296561;29.14911842651596;19.63636700813292;29.42484018664224
57405;0.0;0.0;0.0;6.5;6.5;0.0
57406;0.0;0.0;9.0321235028482;18.0642470056964;18.0642470056964;23.069461270329025
57407;0.0;10.03190157868;22.71616404130357;52.46209648769209;94.45278186660124;103.46965041383746
57408;0.0;14.726554624746662;39.70546643791423;107.27594787026072;122.39075793607186;78.36520238814725
57409;0.0;34.67214023279095;39.6611734599445;70.27043754307509;59.79441070178639;66.0128072170973
57410;11.44;0.0;0.0;11.44;11.44;28.6
57411;0.0;10.7709613883105;5.03011363605466;21.36748185305036;53.15683269438728;53.89246220065682
57412;0.0;84.52322231983209;458.68294407857815;569.6914103627904;447.0531701587555;216.46458918837268
57413;4.81173101177339;85.74191395447018;192.20233103376157;391.3012933721214;483.6220164958335;356.92376371909813
57414;9.68569356585058;13.99618684526392;43.25673829866304;111.2687082699669;139.43433594624028;119.42178061301948
57415;5.01672466561473;69.5187960805653;166.1144046214645;282.00949144191964;146.38053220501197;54.58553251174759
57416;5.19601644335708;25.23029457151048;50.9853560320458;122.43885638171504;60.84799349506278;25.33474132112294
57417;4.66666666666667;4.66666666666667;0.0;9.33333333333334;4.66666666666667;14.000000000000009
57418;0.0;0.0;11.79711969983375;16.12314467768547;12.5728752089029;60.161599931502806
57419;0.0;24.749131922977703;57.5957026174241;128.10562598458677;82.53932081803339;94.10277409109344
57421;0.0;0.0;21.51724137931036;16.13793103448277;16.13793103448277;32.27586206896556
57422;5.34035877703467;68.39444096414834;64.19748245162377;129.6239996116572;88.67707833742568;108.69531008315936
57423;0.0;0.0;0.0;10.76923076923078;5.38461538461539;10.76923076923078
57424;0.0;5.37209302325581;16.11627906976743;16.11627906976743;21.488372093023223;21.48837209302324
57425;4.90221996680359;33.06472640284161;33.397273202054976;90.4414772302963;71.60298429275527;66.7974194853135
57426;4.70597864356935;14.11916830272685;65.7363164003844;155.16843739170784;145.83196064745363;80.09695704391584
57427;0.0;15.10328021573657;33.69614929202518;29.87994113759483;69.31995192985742;82.23794148155405
57428;0.0;88.87941393421983;148.0139965861996;335.1358589746404;276.113054760464;257.02928589262524
57430;4.92246801033203;14.06784940064268;14.37472436510706;80.39776374436913;28.90089582567021;14.37472436510706
57431;4.97174620489058;5.08748637587977;30.47410169198953;95.33288631425;35.26451825076741;50.15027376978932
57433;3.22041019053286;215.0593062624856;555.390441684171;1259.2290233206804;1601.168178402277;1246.4433916486946
57434;10.1891503923907;20.33447336814293;5.11593207511542;45.91302324704422;92.13882054769844;46.00179809045426
57436;0.0;5.33333333333333;0.0;0.0;21.33333333333336;15.999999999999991
57437;4.92537341842845;29.26664242486405;57.8123399615488;96.51332427637324;73.02484978820043;24.34021072502868
57438;5.09537596678074;9.84328210566322;39.28667373549162;59.23417479493747;24.953408462377865;24.95039503902332
57439;35.1076128446713;25.0739226134844;35.10765439895511;80.27957593187841;55.195391844835385;70.21526732819208
57440;0.0;0.0;10.4444444444444;20.88888888888888;26.11111111111114;26.111111111111025
57441;4.73063594242456;34.04471694827008;286.1594245150968;461.12283571173646;394.94775071846254;220.02873760399729
57442;0.0;0.0;9.61823654475878;33.641115019710696;52.80179460716028;43.266994298069065
57443;5.07572258007684;111.56260419261412;304.6227743252024;892.3615864891672;867.9585008066102;603.4418200578059
57444;0.0;9.70238521119249;43.66392273505525;38.88500169539801;38.83472157557582;24.24026879889687
57445;19.29441134594877;48.36144664602643;42.84033763484737;95.98249869064584;86.41354399181598;23.886518311362742
57446;0.0;0.0;3.76923076923077;0.0;3.76923076923077;7.53846153846154
57447;8.02556910433959;309.55204481971;971.2808176417392;1133.2543224203646;903.7590347142558;542.8788085219405
57448;5.2121376938492;0.0;10.43671485402838;71.55187072150615;19.8783005144818;15.15128795109008
57449;0.0;50.22878647436766;75.29964075506477;121.10871712325886;76.69713167487933;14.95444647823486
57451;0.0;5.21875;0.0;26.09375;15.65625;20.875
57452;5.1653691934279;21.31827182492876;63.63332895474146;148.36523551029302;105.40020003503469;58.46810520089267
57453;0.0;4.8828201741893;9.7656403483786;56.20071761303636;29.73650860786145;42.61097963211844
57454;14.67982240610308;20.86142507068612;127.79448537446108;139.67460250850235;139.8815128678268;78.62964847611302
57455;0.0;5.22222222222222;5.22222222222222;20.88888888888888;10.4444444444444;10.4444444444444
57456;5.29113911486824;10.11066968532764;35.31971885539319;126.1897408173694;49.81081495578488;65.35263929789843
57457;0.0;0.0;0.0;33.31034482758618;19.03448275862067;19.03448275862068
57459;0.0;4.96371495816034;24.67813108195811;34.898716709205694;31.095713528904;30.95551143889586
57460;0.0;45.33911022455868;74.78259598537775;140.7294369407433;195.13568962563937;155.21412675233907
57461;0.0;14.988684727326689;0.0;30.24275029928249;34.71055070361962;50.03115419036426
57462;0.0;10.98458899735591;16.22938582409084;48.86178868517023;54.7903125364542;80.49849248032668
57463;30.33608491177228;2150.1483112404403;11542.402854836886;13340.013792185537;14219.973396127529;8710.565684373014
57464;10.1611698794998;20.03481004069106;125.9977330162908;145.19614129996006;105.31408672559616;104.74611736178906
57465;0.0;50.0018658078097;115.30598694724594;337.13042221855085;342.1131075122562;206.7325921780202
57466;4.92767116466949;29.70895432332549;9.96241059204301;114.05185074992288;94.23513796282953;84.48815200937953
57467;0.0;5.20218514455261;41.93560298947649;41.87232731956257;20.96818690882812;15.67021828191478
57468;0.0;21.43462595160598;26.060940567406465;94.6164049964176;89.5784182321546;115.9431713657038
57469;4.64851976048751;9.76284564611291;52.99694186591419;18.90630775140839;87.26652814763663;73.50025093308943
57470;2.33333333333333;0.0;0.0;0.0;0.0;0.0
57471;0.0;9.7579740608659;24.33568600880897;34.03448200198303;14.59749125925364;34.08714403865398
57472;0.0;0.0;4.59375;13.78125;13.78125;27.5625
57473;0.0;0.0;9.14285714285714;4.57142857142857;0.0;9.14285714285714
57474;0.0;125.12863501724011;258.60477737682584;739.4405966304997;797.3648450158402;560.3218543974452
57475;0.0;13.90193996309176;57.02062760500897;97.55342829900988;87.48180729772868;37.33956364113065
57476;10.35426321456336;25.88567718380606;5.17009620082874;46.6365501746817;62.1678779024151;36.26108492555138
57477;0.0;28.96077280941419;44.246753097613976;126.3118823066664;197.21087276193535;265.6337423283943
57478;0.0;0.0;0.0;15.17647058823528;5.05882352941176;5.05882352941176
57479;10.08557886230361;5.40071902479277;54.35020894296607;52.510382627692415;48.90973526694352;72.48854327447864
57480;12.59825891556043;322.8024455075946;1791.682060776322;2468.154112158134;2739.947957393194;1772.6756843729152
57481;0.0;54.78313338941892;136.49769967658082;330.2372680157966;277.33182859636617;334.51903225928334
57482;0.0;48.43350755273444;163.9540272080166;260.9484213879969;224.8486262062221;144.47904149835654
57483;15.00641453166498;92.0231404494173;68.92458855953673;143.44783097974152;357.9040849099828;378.2419519123462
57484;0.0;84.37307239390698;65.5147872576863;235.5748877840965;424.2511234429364;271.2365913215702
57485;6.21052631578947;0.0;12.4210526315789;12.42105263157894;0.0;0.0
57486;10.08695652173914;5.04347826086957;20.17391304347824;10.08695652173914;0.0;5.04347826086957
57487;0.0;121.9194211301827;389.34591788831153;584.2817924416197;586.2427576281879;307.97926486024284
57488;10.2480017572673;20.46500697112592;15.34109928391354;46.0242275312852;46.0346160999229;81.79877808760892
57489;0.0;15.31555883496518;0.0;20.90082623371034;41.44159000836386;82.87678128116323
57490;9.24352629105913;10.64058494510782;4.49132502452686;31.0785657971592;46.76341411407762;41.10202925403976
57491;0.0;74.33851541770852;149.11772476319334;676.898134847396;980.2242834266916;958.1954228701068
57492;0.0;0.0;10.26382222133134;45.33348660836116;71.08647714171147;50.55442649530424
57493;0.0;0.0;16.15384615384617;21.538461538461583;26.92307692307699;26.92307692307695
57494;9.3097126680871;0.0;4.600155661367;28.15308384290845;25.88710990750938;32.328342299835825
57495;5.0;0.0;10.0;25.0;10.0;15.0
57496;0.0;14.405017109907782;0.0;33.80438121245123;28.82672380808302;30.11587424753223
57497;0.0;21.55874549256872;10.505392569919849;15.82483185832557;26.53438135225957;37.10870411165711
57498;0.0;69.82010203873055;119.49764680218362;368.9669669732525;363.9103264345728;234.14293602487933
57499;8.25310333854568;18.100079298409128;118.47634676688264;136.08284824876552;187.27652117982592;119.61276014696912
57500;0.0;0.0;0.0;0.0;4.44444444444444;4.44444444444444
57501;4.4;0.0;0.0;4.4;8.8;8.8
57502;5.2743790872319;10.714569972425;5.35728498621249;37.08614215285832;37.00387774332712;37.45970611251943
57504;0.0;0.0;5.11376533911328;40.83712238278286;30.91397152735327;35.64698533564176
57505;10.93736608716422;15.87824856750359;24.89399520381542;158.73044269028824;157.11343580235493;145.0553179736254
57506;0.0;0.0;0.0;28.1201261338433;4.78151555499971;28.26157161825837
57507;9.84901046558644;19.70753077625195;0.0;49.31134936743719;9.84902858602176;29.50928208257904
57508;0.0;104.06937767859438;89.33833255246732;337.6237990272813;725.4630953799017;565.5040376109152
57509;0.0;5.02108728534304;25.24728615820583;85.76076183994982;60.65543585929932;40.40518848038542
57510;5.6074468984115;33.684891977623586;97.06276901184096;167.6277605051934;165.21807908695794;51.21869682433509
57511;9.9956472163745;29.61266732272783;72.87308486211028;161.7643067476074;78.91981365699115;78.77811920000462
57512;0.0;19.860066668991;89.08542542458396;114.06245749507622;89.28155260551047;44.6605374526813
57513;0.0;10.0;5.0;20.0;20.0;25.0
57514;5.09263918602406;50.71608570594076;81.6125549301287;173.4568148162109;147.51979999211713;91.84139711421447
57515;0.0;30.43162460886829;156.52698661568337;219.1245583600431;278.76554008113226;162.05934359739052
57516;0.0;28.67337719607897;0.0;38.96206959790443;35.164312146294094;54.86679246550647
57517;10.6706543490982;5.33532717454909;5.89446376785896;69.37256999496024;34.00166459072766;32.47833929401053
57518;10.44533315732612;10.28205133110125;21.57031170643912;32.53744809970373;48.722157022310455;49.05942994926435
57519;9.6969696969697;0.0;0.0;19.3939393939394;19.3939393939394;24.242424242424253
57520;5.0;0.0;15.0;0.0;0.0;0.0
57521;0.0;70.62211850122165;297.85347214901293;369.4929261329643;304.0378161003373;262.32421595579166
57524;0.0;0.0;8.82758620689656;4.41379310344828;8.82758620689656;17.65517241379312
57525;0.0;0.0;5.09090909090909;10.18181818181818;0.0;10.1818181818182
57526;4.55341967145723;9.53520458218724;10.94498744221009;65.06899136098907;62.742273667295166;62.11347470175759
57527;4.64534598668639;22.180231657556;35.8303942113438;72.03735242057918;39.44120850314284;17.53886061153497
57528;5.57894736842105;5.57894736842105;0.0;22.31578947368425;16.7368421052632;5.57894736842105
57529;0.0;30.59030067597913;92.98909670770544;259.2343542017067;483.1538971345428;541.2193993649438
57530;0.0;9.91299333474662;29.73866534577092;53.93985698719685;58.68169759785224;60.86752774055266
57531;5.86708497923663;34.94865292190338;39.19517452784928;95.24539435801027;75.32592009165441;77.85408686130447
57532;0.0;8.43217457438461;13.24847586679584;22.90827051126574;22.639139269899403;31.08418851882985
57533;14.99955898604386;39.80409463617473;104.23506022219227;89.17828886906001;64.40321933115608;34.46440242296608
57534;0.0;54.192397283523306;149.58460489210597;259.05541305639167;164.1552798672712;60.17988490891342
57535;14.7392031629021;34.18859074988352;52.67746355881478;208.6341409562517;147.3993201696423;186.4783540718828
57536;9.9090909090909;0.0;0.0;24.77272727272725;34.6818181818182;14.863636363636347
57537;0.0;85.88459401673596;221.78396695424124;494.3392576238991;680.3020456254217;877.2574995784576
57538;0.0;15.58397247870873;25.04585730684617;25.19267459152329;35.20810442445938;30.48276570182314
57539;0.0;4.88888888888889;0.0;4.88888888888889;0.0;4.88888888888889
57540;0.0;134.86740154585422;253.53899262475136;477.8810729980496;609.2375877544082;460.6101345992605
57541;0.0;21.00317724260588;24.94944284049004;45.046192110281766;34.97749048850086;150.88505547758885
57542;9.8546415095121;4.9593848100126;59.3227536330917;153.82770754247773;128.45020485083998;113.2405426996284
57543;0.0;57.273373146884;99.01151563779084;210.8789180313416;151.9521109220105;167.66150544442422
57544;0.0;29.991075644569708;20.02511640169976;97.3059648064694;114.43894813304917;54.60747563499869
57545;0.0;80.66204730672494;347.5591059074266;342.61078774000964;105.4445696036494;30.14704192750118
57546;0.0;44.686188508501566;85.28732920969306;177.00770668513314;30.26598101385812;40.35658000355659
57547;0.0;21.0191670396597;56.099950403759465;113.2072020421719;98.21794848464718;34.89767913507
57548;0.0;20.82960311146192;51.88663170753949;67.30661056989712;98.75768860116696;52.02426469881975
57549;9.29406334903298;18.60469195612828;23.206242917947968;115.73488257646616;60.3493952441491;102.22660603137342
57550;0.0;35.02092821936325;133.74191384689075;336.3452501939952;304.913419460984;247.4291973586911
57551;10.6842105263158;10.68421052631578;10.68421052631578;16.026315789473692;32.05263157894737;21.36842105263156
57552;0.0;17.98028171089896;87.69941974899793;163.55235073145235;92.97772735282751;22.6509505393396
57553;0.0;15.74052646486917;74.92892940913833;90.4760978177356;87.87061837626926;37.12779359958598
57554;0.0;20.01912238941485;80.40839569657041;108.59580520714258;99.17990398030288;37.02524569082639
57555;0.0;4.56;9.12;9.12;13.68;13.68
57556;0.0;74.2011390656302;99.74715434073262;288.4119192233369;304.5729643738329;341.93146546530505
57557;15.40305889728932;35.82184747181342;45.92810417472885;157.4902648457352;132.33687508562895;172.886332895843
57558;0.0;0.0;0.0;0.0;15.19999999999997;20.26666666666664
57559;0.0;10.625;15.9375;26.5625;15.9375;26.5625
57560;5.26922757389581;5.26922757389581;10.39212781672844;52.1120460313941;72.54562344234104;92.53216153037928
57561;15.1851448975236;4.81408072688788;34.43910189900978;59.56369275414768;88.4503973858495;127.92156273925238
57562;0.0;24.80206197271691;44.70717440986652;131.9373067409197;107.76765259746308;39.60161342279921
57563;15.37335391682129;4.33008500053969;4.88969800147806;45.8937117948273;18.999179004973872;4.88969800147806
57564;4.77988789355801;23.16879446716688;8.96608439697648;23.693511396433472;47.07124901428347;80.51237266865976
57565;0.0;4.96840132311962;68.34125203367826;82.60297635137317;169.630932253024;121.65868578441628
57566;0.0;88.78717008141078;97.42438580129672;311.968133486725;338.77592675788816;192.49542437315856
57567;4.83333333333333;9.66666666666666;4.83333333333333;9.66666666666666;9.66666666666666;24.16666666666665
57568;0.0;35.288714629104604;65.71586769772205;114.12644693908628;197.1391102464573;149.7594236380424
57569;0.0;5.12609532573671;5.14695270139702;20.56697464635292;82.16348445167856;35.9454089236407
57570;0.0;4.89730969888147;29.35239218175251;53.82321241424843;19.593176395715;63.60603797670901
57571;12.2899383781406;32.67045553049541;98.80884692148594;108.4503485588013;148.8249453110935;106.50597342806182
57572;34.86607662491123;44.84862027417185;166.89574774724653;285.57643807434755;244.59688225351528;185.3455420587733
57573;11.47826086956522;11.4782608695652;5.73913043478261;5.73913043478261;0.0;11.4782608695652
57574;0.0;15.67357979947679;73.24807449007415;120.40160533660725;36.648131742249774;26.16686891745201
57575;0.0;40.05006818301467;110.58260492512896;196.86684345732056;155.7911661549279;60.00444813339493
57576;14.71301477991414;14.71046703854461;34.33163954112524;112.71753744938007;132.26158723350963;83.36610884883085
57577;0.0;18.934320275035983;4.96081592683733;63.15014045285964;43.38298336590633;48.41085456839703
57578;10.29747460303554;25.51405390416795;39.00227320821954;55.53185606903859;60.54065209038002;45.62626439170564
57579;0.0;4.5;18.0;0.0;9.0;4.5
57580;0.0;10.57142857142858;0.0;10.57142857142858;15.8571428571429;42.28571428571439
57581;9.91067835100822;27.403628866881668;9.44441310640456;60.2259421169958;36.00033651192095;15.00674891291156
57582;0.0;86.70665609951114;111.26860709980082;361.7803463439778;253.2331461987517;142.6060072570068
57583;0.0;0.0;10.16666666666666;15.25000000000003;10.16666666666666;25.41666666666665
57584;0.0;10.553991105996;61.67048291761821;49.93765730713782;76.43123728200904;96.5191144501497
57586;4.33333333333333;4.33333333333333;8.66666666666666;12.999999999999991;21.66666666666666;21.66666666666665
57587;4.96298207815196;0.0;14.24526992233801;34.09491627464431;14.78491298681709;24.4931519766645
57588;4.95777305578379;14.61276106473452;187.2573930195043;227.5995183169066;169.74171261988008;34.46023879468761
57589;0.0;49.9862421271618;120.18786207100833;240.35445767255916;364.5935305695272;246.0267433017098
57590;14.943162865193472;0.0;0.0;44.829498844124544;34.881088504098614;34.87215320226856
57591;0.0;201.701198645079;362.5194298128549;1003.1985892168112;1262.823613943039;1116.4056811127143
57592;10.3933573545302;5.20515346072026;15.61551575543146;31.29910700666021;41.70941392810072;36.50420491320847
57593;4.92010932984982;24.62697227038802;34.47285283952964;118.18643306612132;147.7221901247282;128.00967106754993
57594;5.10526315789474;0.0;0.0;10.2105263157895;10.21052631578948;20.42105263157898
57595;8.16666666666666;0.0;0.0;0.0;4.08333333333333;0.0
57596;0.0;14.685091108448953;3.95725127079376;86.39165925555801;69.90625342918496;33.36129348817142
57597;0.0;25.57621723072625;19.91752309929226;275.20518101964814;275.31127368363286;384.4395610780361
57598;0.0;39.30897301869037;43.780494929941085;267.6044222955627;217.9277733415233;186.2269312481393
57599;0.0;5.50558907133228;6.1893649745388;55.9662889700644;15.3002969766072;28.97103794758614
57600;11.0811616387959;11.08025368122366;159.6238132997636;260.06260225707945;177.5109084606418;138.0903073315738
57601;0.0;59.57944538462893;139.58227424525745;198.941477140655;140.19414973538625;84.78100331802442
57602;15.4614281010516;89.7898366334667;223.9454588732825;385.0777942997843;349.7966009774136;180.8408436093386
57603;0.0;10.06849279353608;55.52454185415234;166.50495940377692;185.468362451665;177.13374817571054
57604;0.0;15.56203369895574;41.70910769680661;68.7465188992752;53.61315743657154;78.58203475247439
57605;0.0;5.37012083711848;26.87554467932139;58.94818595369958;16.048776764981;26.73984594277944
57606;0.0;299.9360563835674;866.3766754999697;1488.1501483282725;1489.813111993889;1372.8685214648394
57607;0.0;20.63367029761825;100.20774217624472;141.43441742076482;63.76380727584912;32.98611859079539
57609;0.0;0.0;5.77794959535526;23.111798381421018;5.77794959535526;28.88974797677628
57610;0.0;10.57504150245414;15.88015958164125;26.490394240787374;63.73043252668344;53.15470715992526
57611;10.21052631578948;10.21052631578948;10.21052631578948;10.21052631578948;35.73684210526322;20.42105263157896
57612;0.0;4.98554196829028;33.91375386415423;14.85117439268095;28.81624519123826;23.70340013794002
57613;5.03686057576293;10.07372115152586;15.110581727288787;25.18430287881469;25.52307226030455;20.14744230305176
57614;0.0;25.000864629956368;9.5028865474794;50.77991994307807;226.56183754848135;146.253032112711
57615;15.03005274786429;20.05033925039936;10.009766245329178;109.7407711444677;99.85272073676396;149.74846338610354
57616;4.84240762730927;142.11744999996444;441.3074675101593;367.1897817717575;388.5563079759059;222.08627822088656
57617;9.2917280714965;0.0;9.30748862582391;44.1250772960238;19.43593032408012;44.71761443639444
57618;0.0;15.35403301826608;20.82262806713717;55.96286836904761;86.44764057816899;102.36865006286789
57619;0.0;0.0;19.9417434605507;39.7635456217548;55.35291861949631;70.62041651465584
57620;0.0;104.6237549163261;204.6548189377469;496.9096006042191;655.2348471266592;628.9952342322282
57621;4.65217391304348;0.0;4.65217391304348;9.30434782608696;9.30434782608696;18.60869565217392
57622;0.0;61.12398381967867;85.65058925629938;303.6641597170166;213.50498942437255;146.76358034344796
57623;0.0;20.57989176061637;5.09389874522937;35.86564450817508;108.41412064332084;91.72636624364216
57624;0.0;29.15754159808814;65.86400400010514;88.11982124507114;51.654341623116274;23.889995698053117
57625;0.0;13.183611218300731;4.39453707276691;4.39453707276691;21.97268536383455;13.183611218300731
57626;4.97295891168631;25.311245168794727;25.76688617621721;58.2841683823685;52.64675199169545;46.97971059048415
57627;0.0;14.48079828716126;24.28775190193846;74.45184895447822;49.066634170774094;28.31574003745612
57628;9.80468273931793;83.80875510969904;182.58804613048292;359.5131010802935;394.6790977728813;659.7674625041374
57629;5.10581353213618;10.18578067408982;20.294153015916898;71.27553619351868;102.1435635800472;117.48830247322569
57630;0.0;213.9642819457925;554.1814700420666;1165.0904305989943;1240.0785106907713;1234.4767854230524
57631;12.14571672064348;458.958397186812;1086.306070615247;1868.182262938668;2367.218415308804;2014.2340419182967
57633;7.30756519680481;20.33556531508458;94.024087249058;209.31348527659225;121.87339029626924;103.65189699027653
57634;0.0;30.887244889624363;185.37569824558204;263.3697089442816;169.54452874804727;87.50495651746589
57635;5.05295443332145;5.04292265350132;15.17896677162123;35.36070916115309;45.48678132785851;80.8476101855209
57636;0.0;4.62327854891591;14.0924267324123;37.580197347906406;47.12790018569726;42.2808150460273
57637;0.0;10.24339182360159;15.132749697897973;41.11100425122695;15.13186890639516;35.5521592319144
57638;0.0;20.65756616451022;64.46727740420712;384.2103671212964;360.98374684294606;328.30118100846346
57639;0.0;9.50345818580596;14.138190785163498;14.98397042386392;58.24144546231796;92.97581335965752
57640;9.03921107252842;0.0;9.58771347510008;84.53760046102376;74.81980599675006;51.54407947600227
57641;4.61742951694357;9.3098517916406;14.00257856008761;73.9922675306992;32.13753783512196;50.794745135800426
57642;0.0;116.00469148797984;317.52779348212704;333.0824249055142;302.55697263159607;166.09897931860803
57643;4.44444444444444;13.33333333333332;8.88888888888888;48.88888888888884;22.22222222222224;22.2222222222222
57644;10.16327986843;77.94406426194018;70.66465199967922;218.01388070482653;172.42468431339245;178.1501935385507
57645;0.0;4.99597202288326;60.28947145772162;160.46210811039143;151.52151781514053;51.50676722425298
57647;0.0;45.10356620745077;100.15493579190854;410.76722188900806;561.2619767159238;425.97831626044353
57648;4.45761909006703;9.692756975991893;14.950813844630929;59.47961244570404;92.0380707605685;68.90185021092299
57649;0.0;16.17728425685441;40.43097223206385;75.73657144675317;66.14768733888062;20.18970078667995
57650;5.32672801545157;59.79067115476662;128.81886713497238;217.84560044533495;308.04000953202984;171.42373274679412
57651;0.0;4.89245750811605;4.85294476584483;106.88372196756774;77.53049239285828;101.63820044493085
57652;5.14671749997037;24.55451006498288;62.56513631445443;92.19235085438338;84.61184342399912;44.30841317491632
57653;0.0;0.0;0.0;0.0;0.0;0.0
57654;5.31906200896852;10.3707742129871;75.64207050907086;96.86591860232996;80.4136706290579;66.55425880730233
57655;20.22878702718367;30.12479249748432;65.54692609974242;166.16926003815678;155.69248208992258;85.51415282846189
57656;9.83804841102388;4.87269418427657;19.957609406858857;49.09934824134812;59.26523925841841;34.71512253346702
57657;0.0;0.0;0.0;0.0;7.66666666666667;0.0
57658;0.0;5.24140842986746;44.88060180823465;114.5822068658666;134.42655932427303;150.24897343802243
57659;5.16013101826646;91.34500597790556;286.8097015613089;386.8987434376384;410.4996566783408;360.9347441705383
57660;0.0;152.61320862677655;193.06094477790936;589.7644959956407;1118.042568200092;1559.364909295591
57661;0.0;11.33333333333334;0.0;5.66666666666667;34.000000000000014;34.000000000000014
57662;0.0;6.0625;0.0;30.3125;12.125;12.125
57663;0.0;116.593088203773;304.0500851338465;795.5640829169107;1231.2512529051962;987.650992881998
57664;4.35714285714286;0.0;0.0;0.0;8.71428571428572;8.71428571428572
57665;9.96121325703532;30.2694271744088;60.92383274681159;161.43936223097762;116.09381361969636;85.64168534684096
57666;0.0;140.27516143276972;406.5455797055645;981.6043352248436;979.658662951638;737.4574275277728
57667;5.04109582872612;5.12984406810338;29.55639005583825;98.67611689706384;108.75385996585707;104.83623204368214
57668;0.0;25.5157894080056;61.36224940652554;137.78023468166504;188.87614401820872;179.1694148226479
57669;0.0;44.336080255436265;38.38177880443782;269.3215674561971;266.4923806897879;289.2734778486603
57670;0.0;0.0;10.15384615384616;10.15384615384616;20.30769230769232;20.30769230769236
57671;0.0;9.8;4.9;29.4;24.5;14.7
57672;18.6572016100026;826.9800529350764;3946.9662620140366;4966.3672246932365;6126.589901971797;3038.5060447251653
57673;0.0;5.0;10.0;10.0;0.0;0.0
57674;9.88571428571428;0.0;9.88571428571428;14.828571428571422;44.4857142857143;14.828571428571422
57675;10.2608695652174;0.0;0.0;20.5217391304348;15.3913043478261;10.2608695652174
57676;0.0;0.0;6.35714285714286;12.71428571428572;19.07142857142858;0.0
57677;5.21887629483936;25.08924443731662;100.4758210768581;149.22342634870765;143.52287514147153;108.12038953800624
57678;4.83176631026626;38.95657939310761;150.6595348246205;262.3784082050772;364.67378077014376;272.4722601565903
57679;0.0;15.15518750704287;9.7380306431094;116.65594625934038;44.840900836698026;66.397745070023
57680;4.86610770267169;25.01818009600581;49.68397389381148;92.21012455195796;197.14133083705343;167.90725829438503
57681;0.0;5.15636320385241;5.15636320385241;52.30725501764073;32.19779204696467;50.76040125313124
57682;0.0;0.0;0.0;0.0;0.0;0.0
57683;9.9598989954951;129.91973577624103;189.5219824101193;618.8432117013236;803.1764465134233;864.2946220359888
57684;10.365223190628;9.79074085091691;35.11492047796534;110.50384142873077;50.67805546556466;29.725318847525507
57685;9.27272727272728;0.0;4.63636363636364;13.9090909090909;9.27272727272728;23.1818181818182
57686;0.0;10.5843940959985;0.0;48.0038981640192;31.754405664696375;21.2262985262639
57687;5.02380952380952;5.02380952380952;15.07142857142856;10.04761904761904;25.11904761904764;30.14285714285716
57689;0.0;8.53378924516179;19.02615970709564;47.56717180371267;14.257602772409111;38.33013132251947
57690;0.0;49.497579291259;145.8470343327787;299.1445254152822;273.2143745083812;356.9230746424341
57691;4.15;0.0;4.15;8.3;0.0;4.15
57692;0.0;0.0;0.0;17.75;0.0;13.3125
57693;0.0;25.32992065583661;82.51669765774564;109.12635223140956;65.185220750558;26.68923497093637
57694;10.3197782953901;10.34195705459793;62.02963540102184;72.30491271847815;41.3567986392986;5.18769031678116
57695;0.0;15.62474887373442;59.51302599365647;70.45882107191157;50.20619303740611;60.28239830791762
57696;0.0;35.89443697910017;40.7854928797409;89.90686469775562;117.20898368417284;142.92240971926904
57697;0.0;4.78554340664879;19.14034024063357;52.66299427142789;43.08640448665668;14.36580206888716
57698;9.48061045666264;0.0;4.55319501644975;36.62724539697377;32.009189051631736;68.81475781715262
57700;0.0;0.0;15.200888231163582;14.693097188603172;39.49789828518523;85.42649758225386
57701;9.80923647849248;34.24892805971529;116.77940977784274;83.832812238996;49.67259726342243;53.69746808276053
57702;0.0;4.70571865009031;9.41143730018062;14.117155950270927;9.41143730018062;9.41143730018062
57703;14.45109751883925;9.6340650125595;0.0;14.02528733381468;9.54703890563057;66.40520535688054
57704;0.0;24.68532716009633;18.84346675116387;83.41104445773819;51.98724444358806;80.6387196104725
57705;0.0;4.77272727272727;0.0;28.63636363636362;33.40909090909091;38.18181818181815
57706;15.1084176565147;18.84842022733077;9.41259404775696;28.55093843203069;47.98300869524322;94.80649582483596
57707;5.04469364819399;25.32177683901252;40.45575599900699;131.56252347317886;101.18858387753654;60.72525698550629
57708;0.0;46.28035720894775;199.52472302346845;309.5057007260588;253.00401335717467;134.29139030921291
57709;0.0;5.12175534429868;14.24737794689074;42.62195630036228;28.78441585747189;42.90772381662903
57711;9.68152284316811;24.11194540471317;4.60936764310194;29.6570446845579;34.26141503661778;73.74919550640722
57712;4.93884761425654;25.46247207975959;39.78995959227353;130.2111068253094;180.31482827996996;99.82142516161174
57713;0.0;20.16326530612244;5.04081632653061;55.44897959183661;20.16326530612242;45.36734693877543
57714;20.79952929273363;0.0;15.59985754986289;62.39974606165954;36.39980799576035;57.20007432305281
57715;5.41697258366383;16.08651944524361;21.0165147866586;52.86941288686312;52.22546447971354;36.701960249299006
57716;20.85032965704387;60.96666395954124;142.91650838346555;254.87660410189;202.2096742220071;108.7533608183673
57717;4.53846153846154;0.0;4.53846153846154;9.07692307692308;22.6923076923077;40.84615384615386
57718;10.4285714285714;10.42857142857142;20.85714285714282;10.42857142857142;46.92857142857135;26.071428571428516
57719;6.30769230769231;6.30769230769231;0.0;0.0;18.92307692307693;18.92307692307693
57720;0.0;35.6736046398847;51.0697308716785;96.9328125772247;76.379560979428;61.05893421254652
57721;0.0;15.10197743014705;15.096856621351549;30.19883405149861;50.23217085324236;20.53576270381583
57723;4.78132228784308;0.0;15.98923897683616;20.08831948311709;39.6563054089914;50.44315051553392
57724;0.0;70.60342561209798;148.32810402631094;434.8778141696052;373.1382657535991;297.3056103407164
57725;4.35557452080413;4.62797312850773;20.62957240327381;18.23949390632732;20.89977352465704;33.63985729799356
57726;10.3307499308291;10.31338853927293;25.75748761438848;46.24572348559474;66.9591912077674;41.219123142342895
57727;0.0;5.43478260869565;21.7391304347826;5.43478260869565;5.43478260869565;21.7391304347826
57728;9.38181818181818;4.69090909090909;14.072727272727269;46.90909090909094;32.83636363636366;32.83636363636363
57730;0.0;16.60092819166687;56.83394707157325;75.24606092682724;80.21756755907585;45.689348080547376
57731;0.0;39.54307893293522;173.3991428718988;390.407922652723;291.31848449100943;183.1091136010399
57732;4.87016474608705;9.80504221374142;14.73970612892727;68.73311484971539;68.82922152253944;117.66327997457046
57733;5.16024496452955;35.18901736216653;101.15731783366286;394.2625738837641;322.95379315357445;166.19825672601326
57734;4.882430078737;5.50429527898545;10.06647645510832;67.82356334988539;59.58283656090692;27.24079479251824
57736;4.59730322951583;36.453564640133806;73.92964553242756;88.04907046101525;65.84885242385025;46.57020031561446
57737;0.0;4.57142857142857;0.0;9.14285714285714;9.14285714285714;0.0
57738;0.0;22.93105318219637;14.82141795916495;15.97325750673504;42.93477854166527;79.71943399558388
57739;0.0;15.09447965306755;4.93398461409317;69.75959739202911;40.40078142814508;80.1162628382635
57740;0.0;5.00866158526561;40.32345559443963;110.21735488169816;100.55122771962796;110.30198208531992
57741;4.7477032965919;14.06391474701668;9.89238506223327;23.94833128592312;72.46621736096822;54.00684150329442
57742;5.1642981488975;30.985788893385;48.27817236826784;110.49456340047388;129.8391840952525;221.08459883613904
57743;0.0;10.08510638297872;10.08510638297872;55.4680851063829;15.12765957446808;35.29787234042552
57745;0.0;24.58949049110973;35.60578013164909;108.40585013424524;130.2197974750874;113.51501480473344
57746;10.226248896677;35.83306348831909;81.72866036799239;184.0734975194557;153.4626895255122;209.62576581799655
57747;4.87842789815483;0.0;26.441953834407222;47.64877099877222;26.45604067594433;21.39561002010693
57748;0.0;14.4691388122761;24.77997097149499;48.53393028491978;93.01988274270025;117.07313174803326
57749;5.09677419354839;0.0;5.09677419354839;15.290322580645167;5.09677419354839;15.290322580645167
57750;4.85316052559539;5.03573850979073;33.84227175123521;87.96420910271621;53.40462466833306;92.08729769575278
57751;5.69089646170161;271.4583367728874;580.2710797409529;1107.0184905975834;1463.5748249109874;1596.5501920932747
57752;0.0;68.79578764228333;129.14826004639724;322.2801670641145;291.4916606004002;287.808902132511
57753;9.07692307692308;0.0;0.0;4.53846153846154;4.53846153846154;4.53846153846154
57754;11.4736842105263;5.73684210526316;5.73684210526316;17.21052631578948;0.0;17.21052631578948
57755;0.0;0.0;14.14285714285713;14.14285714285713;4.71428571428571;0.0
57756;0.0;15.67684011556434;5.16876205181641;51.7092385368588;46.55137250739655;21.02178390703362
57757;0.0;269.2523841956743;1437.969157485056;2117.724897077489;2317.006226360182;1472.095386387297
57759;0.0;0.0;5.58333333333333;11.16666666666666;5.58333333333333;5.58333333333333
57760;0.0;9.781792348004029;19.53001416253051;103.06734913107545;88.37437987241529;64.00592227548925
57761;0.0;0.0;24.73474275379553;29.83935752899732;55.80498155587127;41.524800711459136
57762;0.0;20.04668792888123;20.04675315623733;85.23920021682034;75.20691780521216;70.1907930973294
57763;0.0;0.0;11.49999999999999;0.0;3.83333333333333;7.66666666666666
57764;0.0;20.02089490480908;151.53573245693306;224.8408675188837;160.69887396355884;84.72639659668464
57765;0.0;29.580813616747516;34.936739041368895;118.74139210637662;71.089360061407;120.55274873823502
57767;0.0;18.06218244315479;128.91984582081326;272.87490758773504;175.69117711894197;63.24114565595606
67001;0.0;105.10563072907595;323.7460353040192;291.70293665715496;297.1909313868157;143.29982436439056
67002;10.3305435702458;5.14382757163901;5.18680539784997;46.66016382918439;31.14272471489487;67.4078342818461
67003;14.38050532281475;9.8522421093001;20.29142727856629;74.90115062640862;45.2099560267349;79.29241040568407
67004;9.70904026726888;53.42998590987117;53.054176774411225;199.1782379016649;252.9391215399901;197.0762573527757
67005;10.4627088237894;18.94384173263149;99.46402448637087;103.997726519476;80.73402250836419;93.83554110197731
67006;5.18181818181818;0.0;0.0;36.27272727272726;36.27272727272726;31.09090909090912
67008;0.0;30.1897961831853;120.76594100213276;206.2794371572057;206.3099451922728;211.3692134253388
67009;0.0;14.39215639028917;25.244477525661488;40.37490218498772;28.35027860123528;50.465981053978695
67010;15.49297341244145;61.533920787077335;102.04924175805012;240.74599062467908;235.15040587843535;168.7171531243942
67011;5.0521125956923;25.2705427606843;65.60860886942362;101.01283379567889;95.89180839863134;207.31482336428115
67012;10.9237702108893;10.52321216192789;0.0;82.50082761508503;79.26696983997253;122.5815389885062
67013;4.73370375890835;0.0;21.35417145778057;34.89115362820656;4.9235834511652;36.06089781795763
67016;9.97214225526284;30.68645824587898;39.24588007617188;133.19893353299597;93.79441138461527;49.42440085720945
67017;12.5845001324923;8.78656465663776;8.78656465663776;53.51892945410977;43.83118406378896;35.68775548263035
67018;24.93103088051558;4.95933423999145;25.06541410273163;69.97076568881383;95.83090897513418;100.65504397771387
67019;5.31678079584841;26.58390397924203;86.49598937148536;194.36676032678372;108.40113320417156;203.1890782684741
67020;0.0;19.22136301656179;20.02291787728343;80.6629144394222;84.18831882177568;139.34168389797054
67021;0.0;228.20976460644167;580.3791087515804;822.585644525177;735.2273500327001;764.2882934259936
67022;0.0;22.88611612235205;4.51605339104808;13.45140191882542;26.94332758969194;26.63747842258035
67023;5.03538828778958;35.851128002261746;64.46113701785028;109.43897965004292;151.70573600048957;102.2951866144253
67025;9.95289417055559;45.31327620281103;103.62059527799944;214.4476557661914;249.56683127555627;386.4002316516167
67026;4.43229368805904;22.1614684402952;13.296881064177118;13.296881064177118;26.59376212835424;8.86458737611808
67027;0.0;0.0;14.02702702702704;23.3783783783784;23.37837837837836;9.35135135135136
67028;5.03488181141503;132.6745590623889;334.05277111177367;721.5918145003785;663.0530027778717;805.2116134605345
67029;0.0;10.48853046441527;43.8489463980101;30.09628850407276;43.83145218360919;53.46485745986641
67030;5.06635446747054;46.19046535175018;41.12399839728244;110.16789854523776;77.58568947583032;88.74341094248473
67031;4.65837408491326;75.59531524691353;213.3306514314435;210.11935826174889;129.8842975992037;114.19146974806274
67032;14.841951811622522;4.94731727054084;14.841951811622522;34.68459780876222;19.78926908216334;24.7365863527042
67033;0.0;26.5143192999239;57.97218392262259;131.39579667670293;62.28756690592785;73.5050473497125
67034;25.5892319881829;51.097009053201255;318.6549315284832;353.68078165442245;227.59154478486167;197.53057007439065
67035;4.79195313233789;37.75417398925511;4.70888914539786;98.93162833292956;42.34261774903887;65.76480879211643
67036;0.0;5.28258074875301;9.02612871439809;28.83577985197821;37.80998700450273;41.7200188384361
67037;0.0;31.08282368464894;45.8923820952981;25.31810671404058;51.59531803134072;46.33520332082338
67038;5.24838514563348;0.0;5.39036849721631;42.57038147974639;48.67066399784506;33.2328332536178
67039;15.4196207895098;15.50372915667609;41.34776832692382;93.1987182810666;67.35059405746595;30.92602250652849
67040;15.1926249098657;15.19343154288884;45.32356216191176;115.67832448338328;105.71537574280208;166.43221969004026
67043;3.53592292861801;419.4839781267689;1272.165028505712;2184.246385363689;2196.092521591715;1557.6189241929617
67044;0.0;5.32907750985349;10.26553618883022;41.64731757287659;20.130942689264742;81.17656328988366
67045;20.3342852647402;79.71273756899818;271.67297192663926;472.9623380584368;329.8415926528735;369.72080072862616
67046;8.33401857916858;219.91969087900787;389.3723363316751;1095.480407270965;1237.282851687204;1823.1592538367167
67047;0.0;0.0;11.14285714285714;16.71428571428571;16.71428571428571;27.85714285714277
67048;4.97436095114376;10.34782478164636;25.68571217270182;62.94088212977076;66.51839538900803;66.54336202714816
67049;20.6239941208291;36.760537533032526;99.17724139536897;158.73787724070613;144.4450717544165;132.74058769364467
67050;0.0;0.0;0.0;8.85714285714286;4.42857142857143;0.0
67051;25.28460872531716;10.422754419997538;15.10438028487309;45.3625100043118;29.505561087036902;41.40907431588703
67052;15.03575430685965;110.59440823202232;272.40501812829524;368.1655875878829;179.61992482872674;250.1067753926453
67053;0.0;14.20024481820009;15.19964789494494;79.97789328573137;24.06030245977293;38.48133596352648
67054;0.0;10.06525560884138;45.313213282465554;90.63945662982186;60.43717793534688;80.557924507404
67055;0.0;29.578687413079123;54.32365404642897;182.4485381841544;192.29947355830484;163.08406600167814
67056;0.0;40.607953187646046;30.4393200605192;91.27424617321456;91.45073720041484;116.44074278456031
67057;4.75;9.5;14.25;9.5;38.0;19.0
67058;15.211679931272;10.28536805676298;40.79349579699793;55.83264656038813;46.07372114642514;51.08628505184014
67059;0.0;18.9854430443484;28.54877292644498;18.920492312044;43.35395633617373;76.74605061310211
67060;11.1085909901548;19.06356218983873;71.5876037756207;109.97636689152644;70.99943258050907;101.33321101715796
67061;4.96640729913352;63.870348057923024;160.4669958730751;382.199050191838;421.152238032898;466.70157726371406
67062;20.61482123503254;0.0;30.9085010452606;56.70905294019487;20.60109246190602;20.61023414169167
67063;9.96505242332419;24.49400519734377;49.037277667973854;53.37491807237185;101.97628536453956;75.85433622067094
67065;15.13363328018927;50.43642322375451;136.23835414754825;166.4338977188659;105.9442152924415;115.96162897672971
67066;4.8341438810016;44.72976598755549;54.678311453138434;237.1143980270829;305.4262313967083;421.8363872935282
67067;11.0851435562448;246.77617630384665;782.6202159767329;1366.6250941311544;1277.8221813657103;1026.0527713972008
67068;0.0;4.79891730220542;19.61370776306213;37.41647632480569;28.106663623361904;33.22686505819886
67069;9.90432427257372;29.649273995111344;0.0;49.36429179153018;54.50522971575515;89.20342370643057
67070;0.0;9.67891560531878;10.10873656897385;29.89638874326648;44.9949119908426;55.68795835338156
67071;0.0;14.892913831342527;4.82695995211354;19.44898430516492;60.01115619975318;78.6472588227325
67072;9.85282642049278;9.8487521092767;35.13196045518605;50.0635923350394;100.12911739381032;128.86780629885658
67073;35.3521268027103;118.67003173705592;395.3771358977337;641.5414566779559;388.0250757982159;359.5264137870381
67074;10.0599342924267;5.13917847998822;45.49637737694973;75.56346262717182;55.0113399540992;95.35905176902294
67075;0.0;0.0;24.14661356444885;33.856237965370354;77.54007645239808;64.02739483006457
67076;5.03732353521807;14.74825266933367;14.99574803584625;45.10354043028715;54.20911588543423;63.57969536147378
67077;0.0;25.75089343166404;40.61523968242524;91.603678677973;71.243024878804;51.25285831785747
67078;5.19160524186364;10.3207692266028;26.14763041699835;36.5331305908672;36.15997591138422;31.593580067643067
67079;4.81081081081081;4.81081081081081;0.0;19.24324324324324;19.24324324324324;28.864864864864856
67080;0.0;40.27584436821416;220.16778526278392;271.0814619447457;180.87596164166916;120.0904198226318
67081;10.4055391901368;31.22403922841808;101.63428136709936;104.6861592261404;76.41073461459247;65.73450300717911
67082;0.0;40.05643151785985;65.90916375698146;156.82294437997678;117.30179386090322;253.675891310742
67083;0.0;14.69875082128124;39.00522805412509;68.5615716775914;53.75404463127258;111.9660933867582
67084;65.5139463278908;60.45395317833518;172.32100422800931;324.45367820998007;165.87550122142363;237.44354483084197
67085;0.0;16.44162492525808;75.87282991210836;101.84335249837277;73.79731750537857;55.69985868559586
67086;0.0;28.22193448467436;22.23873098378028;107.63357809598332;17.68782374750049;24.58751831539017
67087;9.7567639933218;60.52540005071978;65.90102994086124;100.37155740805096;170.57188376749988;182.08278100588973
67088;9.40758054921719;9.10821504228742;10.72837523869411;40.20761553517437;32.495948729296785;56.84081555820506
67089;5.10318702534835;65.43424737481578;100.33319464247008;254.36123628821176;313.5429950050076;323.66503442278605
67090;4.87916725382992;24.67484174393932;38.52332263927897;93.28761953452454;102.7703287017404;150.51970977591597
67091;0.0;10.73440699294136;21.44982059388359;43.09059062217796;16.1685953594494;59.18321337695332
67092;5.03901471602203;5.09997239331499;70.4946767042478;105.76709466107252;60.414478995664446;40.37453260489476
67093;0.0;10.22692079890438;15.245594950993867;30.53329793959457;35.76268601183694;51.00810651095291
67094;4.96425663526726;0.0;0.0;29.635788121990828;49.66954889352143;24.83754433162124
67095;0.0;45.09307956468386;69.38575502399588;180.0403045961291;108.43799686565018;244.4798261689641
67096;0.0;4.99611465817755;0.0;81.30978951825989;56.088761913518425;61.08422844094628
67097;0.0;85.08826798583051;194.93381059796923;175.77674920208904;80.2317198608817;55.10837011853009
67098;9.92667115585632;54.20644751778567;165.40350400348913;197.01197411170116;159.970844904935;124.90860182044416
67099;14.661456911788653;0.0;9.98881665968086;20.58237689783353;30.32436233147306;60.48236945299314
67100;10.0533971781698;40.37688656281383;20.12313981344288;40.31166230892756;40.40941956126332;5.04299140760249
67101;39.4952994411135;85.10299040016248;196.62616076661143;375.8432341761524;267.5032213128135;244.16137109231377
67102;5.08439718768508;9.59245419291805;47.67215379955032;42.73915046557863;43.44593161435;43.44166692940838
67103;0.0;9.82912085831866;79.41956071541479;129.07624092379183;132.69914132687117;105.49164040375165
67104;9.73680525685387;19.20287750708258;23.82001268220136;78.3976649432425;68.37444009365406;54.33221998098417
67105;15.241415706798172;43.50693454308888;38.834868507418;123.83336000595564;95.59068051741198;183.33353938277784
67106;0.0;130.62909131304772;317.58679081086103;616.7976449608333;671.4778208708522;654.8360369910018
67107;10.0202602353357;20.0272930797619;45.05484138143852;100.22228255305144;75.12217928396348;70.09559098000472
67108;5.8540585683905;40.91714452159206;99.16510587794389;280.33366118315536;210.3307101188368;233.42427545436288
67109;9.56750945996608;33.73101075349416;73.22885994396158;92.4477243013084;97.4747615968466;38.84061051002364
67110;5.21325316105308;25.76683650435324;51.08560387983722;97.7765250453876;158.69619425730843;175.16445044335975
67111;0.0;14.72621610786784;5.04656887906115;48.91467910951534;48.91686375176862;74.77543020533417
67112;14.42408574018115;81.72003995615307;226.3795015254972;463.472643441347;313.5136710799557;256.0614224481124
67113;0.0;15.133729812458782;40.42080385894906;45.41221723547923;55.505010424451086;65.57034795974587
67115;34.3529420406192;64.083707545856;153.26540936183662;283.14407177146575;262.69305174961033;334.7602083446816
67116;0.0;19.34978135001527;9.73216234106889;87.20917853462008;68.12665694249642;56.73022263686723
67117;0.0;0.0;19.0100208047501;62.13170503442214;67.417471224276;54.07809614263892
67118;5.17777314298564;222.1488708543096;564.4914297016168;963.261766290954;952.8983627729016;528.2322275877947
67119;0.0;73.3205269584621;180.5744988945441;170.92215305348174;141.4175148046329;93.11261629255992
67120;9.68454220832868;26.54329889498134;32.92770742920163;75.43867076190543;61.503073206968246;71.44213973397922
67121;5.01249050492385;0.0;25.35970354591017;90.31759849240504;110.43858395261267;135.13713672847254
67122;5.04191483594034;65.32767704460404;85.43932717739541;160.51022346316935;130.76241938753824;140.90417554321536
67123;9.88062405941146;28.86329088867213;20.24678094777201;48.478096201579824;93.45278465969166;100.05448192494248
67124;0.0;117.34928350368648;213.9968243444365;324.66923574245584;311.04504108330696;188.805806097628
67125;59.28914257764074;56.26028252841314;144.32723218560926;304.0746096167372;259.15375876083834;305.00489184507035
67126;4.58788420307372;19.15429560411404;28.2055387298397;18.49459779581284;19.02250744322732;33.45322975504083
67127;0.0;19.32594949803124;188.6799067175056;216.82034058146743;157.4073248557437;140.862741930024
67128;4.87427615755952;95.3206154711312;205.9806516583677;288.60713665257856;137.13740605932432;94.39922474204664
67129;15.1773736554209;15.17798805666353;25.13798216613158;70.75480763463334;75.61004560353794;65.64882775569315
67130;12.04344426692391;168.79569859617985;757.8966195345027;1134.9290363617056;1343.796777838094;1387.849949444538
67131;0.0;164.8089073590388;577.5218834898875;830.9137050492624;662.7461670347974;487.3968702991384
67132;0.0;9.84484789311615;81.07225250223084;137.60031691800444;124.8013602847566;124.432899733924
67133;0.0;20.083625693992648;10.03105736639782;55.02009900801068;55.17095609733924;105.15341159876452
67134;0.0;10.0;5.0;20.0;15.0;30.0
67135;0.0;20.58918457485781;34.55447147971055;137.4968145941869;57.77015997524396;89.8003054841841
67136;0.0;9.35455728566262;9.51046308381065;18.870585100404615;22.90522797638537;27.27320518785975
67137;5.04463138199643;176.23170754636757;562.7891096070107;806.5631875771121;711.8065431140525;493.5488378340667
67138;28.7032771210488;15.17668213614276;80.02282651681108;84.69685225796802;79.31264204790986;55.19630533568812
67139;0.0;19.60845140459379;48.89328486386446;67.70923845308347;48.89984453687397;24.80985341919645
67140;0.0;21.26844286669912;33.00297362756686;99.2183462095604;125.29114930137462;109.64169581213056
67141;5.19756662302996;10.2171363308147;15.53314006199429;87.35226642753263;61.83887207197681;77.13786803249812
67142;0.0;4.77681928646524;20.81247227633185;39.90133633706784;29.724916642773792;60.29849617485016
67143;0.0;14.86794176123844;64.5979398738674;88.52770425966774;73.46578654290855;68.54757392076287
67144;0.0;0.0;10.32336172767602;48.512568923364405;66.25839713552352;43.18028532522545
67145;0.0;4.98647365196903;4.98647365196903;35.52030140083579;40.812114085379534;25.65253836636733
67146;9.95079901144222;9.95079901144222;15.19461306748606;55.37371050830567;95.55624755703616;90.31012406391376
67147;5.1451456776271;4.76759623227282;0.0;41.87909395967866;57.06725909980537;114.55951715986625
67148;0.0;0.0;0.0;33.72727272727274;33.727272727272776;28.90909090909092
67149;0.0;10.53101446943508;40.46360483651496;105.3847495812606;32.28306629076016;14.32918776976438
67150;5.76968680095324;57.31707718447853;124.51692729651424;260.9663247982879;181.2492689921129;112.4984564727288
67151;9.58230132541208;143.70871903484726;459.8258310660933;771.9172591458524;574.4681258435259;548.8689512216804
67152;19.99412736712305;123.2685155924289;705.145013061454;877.8016411391948;865.902073950567;545.2433137625488
67153;14.6147099245334;0.0;29.85129411262649;49.342934655004896;88.08440476706645;53.18609734151164
67154;9.983985816754998;65.37231365991092;255.93283107505457;456.2789560130695;441.1663327350108;371.02510537165057
67155;9.9705543690503;40.11302589692776;70.55219155455669;170.94995495401474;155.9777661483253;166.21359338309836
67156;9.8237864765615;102.3524760633433;220.3471121372146;426.9975528013305;354.01759992440134;273.9727769311035
67159;0.0;0.0;4.73809523809524;23.6904761904762;33.16666666666672;47.38095238095238
67160;0.0;20.301893960251363;25.34057667571324;120.95099147950242;65.40730179580852;226.8187265229842
67161;4.59265271821956;10.4638121146349;26.29550829650217;66.83231142158166;25.793666331079383;20.42578226384702
67162;9.83133055953278;23.48741198224676;13.580037893293891;38.78875239457234;51.36301115622662;40.66450420670933
67163;0.0;25.759758708258552;55.83518982293586;116.98412251634456;80.74298754949214;35.504709435233366
67164;4.99604094351961;24.98994638070472;34.36184015424011;144.69888676201987;84.71113682888029;109.83903304044864
67165;0.0;18.614534085651847;4.63207294857621;41.69057182946704;32.21807699342552;64.7280623852677
67166;0.0;9.8076923076923;29.4230769230769;39.23076923076915;19.6153846153846;29.4230769230769
67167;0.0;24.936122927259643;104.46572159940187;144.40762301307774;149.5070306318218;149.384977117631
67168;0.0;40.011221597956265;140.23972493364988;200.5953690483805;280.15705470420846;165.0428645619232
67169;0.0;95.70061268825036;186.36627670564803;306.8239902225192;311.73875944234794;413.9934478532075
67172;19.58332032011211;73.48186257422681;298.8834844430852;338.04207670813;249.93320544762256;186.1949115380276
67173;14.94492792863064;15.11706961539316;181.2292987342852;116.1863308957338;90.8692119811508;70.60299416065752
67174;0.0;26.06439787771681;52.65439973357629;98.93744620295882;131.59149465967775;161.05866373940668
67176;25.41910466054806;50.83988955614856;96.60670370205251;477.97054392374656;477.9856394229838;615.2793792208978
67177;0.0;19.43834695573678;29.61892744426328;69.41791226662878;111.11034257765164;79.10887939570227
67178;0.0;0.0;11.01477304738756;32.94243285021276;32.88149695187114;71.19892479319626
67179;0.0;14.29456251483369;47.66030512821755;80.81821430819272;76.14595541321734;71.26573595285768
67180;35.73462126969155;840.2829426315916;2426.431397108896;4331.065028301236;5133.797644779596;3900.393720376699
67181;0.0;14.3545774105503;19.19145329497061;33.4231439159295;28.617673748037987;38.28986418815607
67182;5.09966907473299;73.63688610051828;180.7074812988888;357.90198787630146;157.490849290762;151.3976466194994
67183;5.04985569899436;34.60283375192562;39.65132097275577;123.35127972167813;103.80026728624932;124.60920818446982
67184;14.75592791797156;40.25285244884746;49.93296043992368;210.1640931920246;265.00614254304827;386.1520619243715
67185;20.9161610449673;30.32480772541015;15.17556529866748;61.91804783727875;87.81051093885742;125.0490286792798
67186;0.0;0.0;9.91385381050771;69.82033285251103;69.18401932917101;35.024650599406435
67187;0.0;5.45962767984839;32.86382197660149;65.7676681098107;49.22949213259899;76.68679501954976
67188;0.0;19.71403286603432;44.29822365062539;93.5574180072098;49.14221927321622;68.83036433074916
67189;14.934407039784748;55.76091224359262;111.37600289120462;71.45703513570146;66.03207761638959;178.06876580114988
67190;0.0;5.13157894736842;35.92105263157894;20.52631578947368;20.52631578947368;15.39473684210526
67191;0.0;59.77029598319626;84.45689236043361;124.0367954307552;243.53776362893743;273.72735666902463
67192;9.88482157786316;19.67796675480129;84.20540100618231;99.07869212286602;138.4856431186992;84.34549620300795
67194;5.10179795217046;101.40630688731726;306.8148629425881;729.1108669068607;535.3903849211996;571.310621365042
67195;0.0;13.8960316627797;14.47138866796615;69.46879499947427;93.49512411026426;83.95711155817784
67196;10.03356203515412;60.46282146135454;121.03534107053716;312.6739663809045;353.333336923333;380.5351051804027
67197;0.0;87.20663516551497;140.70076138831976;199.8102212895553;146.71613740093713;143.24243016547152
67198;0.0;0.0;0.0;9.41666666666666;14.124999999999991;23.54166666666665
67199;17.35714285714289;5.78571428571429;0.0;0.0;0.0;5.78571428571429
67200;4.81944702407618;29.46062873415342;79.29916230607958;244.5462264733688;128.2614867870084;59.37399380710502
67201;4.56964939280339;4.56964939280339;5.23388566768065;20.49349429068335;40.0595853127632;55.74121615232661
67202;25.30809812802989;85.42205932150635;305.45239965602514;521.2747905634261;439.833554624058;468.0703176948151
67203;4.87007478132337;9.66509725322826;38.58766805668489;62.86649573548871;47.88209433363516;29.15479477256398
67204;0.0;188.31346635112487;865.3246249401028;1206.5484546622536;1457.1351686342057;874.2635419207605
67205;14.87546175599174;169.52813383956382;432.3407090515032;701.7527553821365;463.4025987609083;483.3802322783802
67206;5.08791116529019;25.14033421982708;40.7840115058814;111.8836392730331;147.79718009264184;214.62368923853285
67208;0.0;9.50550849514072;39.97953633410668;93.64411459279468;68.70021340585545;68.29657473239331
67209;0.0;0.0;10.4345143627142;62.88646545124072;36.71726765495571;36.80175763735999
67210;14.2281660119734;36.50163968933816;78.76477487258984;54.15434243729686;46.3961386443434;49.27518751182896
67212;0.0;128.20221154563492;352.91890397076816;681.6172656701038;401.2436001454121;343.0650610944818
67213;5.15116906254076;4.41090764495956;36.98689595200808;50.219618886886806;79.07585274438807;97.71873726587296
67214;5.53263590956997;44.27727836649855;138.83386208289772;93.51098082509765;170.39167174160752;109.05943182321444
67215;4.72911282770269;4.35116339125911;45.19273355824072;57.69110326836064;36.12032646661754;57.90634904111513
67216;0.0;50.86798827763647;216.60849068261396;334.9908709873392;263.53756968042114;376.60680820277776
67217;4.38144839035115;0.0;60.18180093936376;42.1379924544133;24.12846670223651;29.682230323061876
67218;9.57500449228576;533.0869605671729;2629.964379426872;3243.886351742992;3527.2069975079908;2154.390413867399
67220;4.69840158419132;13.979841589157822;23.20571576334039;60.28781998255862;31.644956368035203;32.375307371388644
67221;10.42961916803293;5.11146111620479;15.49745318159716;46.6183286529714;25.72102057374297;77.81991893933126
67222;0.0;124.49916323736774;154.4974124274664;393.8015749846057;393.8392805678453;538.1871692809339
67223;14.85073280694198;53.08186667919317;93.5295443358139;171.10070121064845;141.14920519927932;155.22931351096952
67225;0.0;0.0;29.2105263157895;5.8421052631579;11.6842105263158;17.5263157894737
67226;4.92428224636536;29.32729138122737;176.75347403721193;269.1385921822922;208.87357988502887;122.46776333343598
67227;4.81178768288321;15.90213421664685;10.09679529136774;30.58574204621184;10.34504007228302;48.98424736506533
67228;5.07268939494924;25.40051648474018;112.0424159354462;80.79922611305999;66.16711410086805;35.43707272412927
67229;14.26829268292683;0.0;14.26829268292683;28.53658536585366;19.02439024390244;9.51219512195122
67230;0.0;35.69174355197164;137.97213950176354;337.91014190698144;296.55139465267507;352.9679580010068
67231;0.0;0.0;9.77272727272728;24.4318181818182;39.09090909090912;29.31818181818184
67232;0.0;0.0;10.2;20.4;20.4;51.0
67233;4.67186577226448;43.37423068305228;54.85778717360704;155.15228733320566;126.78891594678149;179.98350547344458
67234;0.0;69.82008955565206;49.65418500954266;158.45861766672073;179.2604890448948;159.09926448824206
67235;0.0;19.82046511551264;19.63563999446996;54.32166725084264;84.24299742981263;54.63045887074358
67236;0.0;41.61783334391035;82.45150476032813;48.53033008600358;58.22634562144167;35.65193958643336
67237;4.47698362524648;116.08595432496912;264.5374589965392;464.7187028803834;270.9037832109023;231.0230767761695
67238;5.00001332813618;20.00001204858758;14.99998496582424;85.00002025871858;65.00003571953658;110.00007314473454
67239;19.72949285891688;69.14521101602882;252.5027693602176;217.7953679345472;167.9836706607024;142.9182135117141
67240;4.87470630492014;24.947136843004188;66.18474514644129;81.71973945023421;89.98442628312266;66.94097582393078
67241;0.0;5.21428571428571;0.0;15.64285714285713;10.42857142857142;15.64285714285713
67242;0.0;20.46274609473076;46.7120831596655;60.564754774373625;44.92072095150397;54.44427758684535
67244;5.23333333333333;0.0;0.0;15.699999999999989;15.700000000000031;47.09999999999998
67245;5.05263157894737;0.0;5.05263157894737;45.47368421052635;10.10526315789474;25.26315789473685
67246;0.0;36.56342502205426;60.06673494837387;187.80023195665672;167.37057883310678;164.17687516089217
67247;4.93464925588352;44.702848038823575;114.45165120927363;179.3099599896927;69.70778200407544;64.90742268590436
67248;10.07763379906862;55.7875951780863;127.26326402424402;232.76324827840733;208.94973204025084;208.3662049869831
67249;0.0;10.22222222222222;5.11111111111111;66.44444444444439;15.333333333333329;25.55555555555553
67250;23.94403058901204;33.53717905349266;65.14672616480206;135.82633587176718;84.824211017207;74.3122215860037
67252;0.0;34.42982129178717;94.75368353218776;213.41437029462023;108.9523275791194;118.76889538254996
67253;0.0;30.52034004136134;50.86723102470725;106.80728314633286;76.3043253698807;76.3043324976896
67254;0.0;10.19076585008858;55.00763598490694;125.20857569610976;84.77035138669424;120.35422788469744
67255;0.0;28.67731001106599;44.06361556086877;82.81441125925856;29.72583564664077;53.17526122717429
67256;0.0;105.30490654966827;465.9057844018082;431.8454326451213;346.0148744304694;199.82710890927197
67257;0.0;9.04007797895865;15.18674129325828;74.58059463015829;94.26121298068584;163.54195496348734
67258;4.63414634146341;4.63414634146341;9.26829268292682;9.26829268292682;32.43902439024383;41.70731707317065
67259;0.0;15.3128992223271;25.570399888834253;137.08677899202675;106.97350680377204;121.99665942113724
67260;0.0;4.22691987787372;38.33414970533569;38.73987232804282;27.25853445977689;42.8604463143933
67261;0.0;50.38411019283552;176.4475348545239;216.6000689684065;241.91110868495227;342.56824619145146
67263;11.1356684672583;45.17443044448664;84.0469568325321;130.348951088404;164.07522371672476;216.51178439474344
67264;0.0;20.78644419193332;20.4136995231678;102.06344734464344;117.89922614856076;188.6420890263485
67265;0.0;19.3566653935362;38.940563957376966;54.02565849474449;66.90309738748145;81.85781842078387
67266;0.0;41.12760149874949;77.54274035552253;119.179060906414;51.51030701906072;82.91230102607805
67267;1.48281276684516;473.764364360746;1578.661955220372;2347.480516804085;2197.3066682536946;1772.6817703791155
67268;0.0;89.39793061153536;213.29689725760255;367.1780569310317;402.12289653398045;168.78159148276836
67269;5.20666043112008;0.0;20.91731742075904;72.75958076370867;26.03408491308224;41.79125391650287
67270;0.0;10.561789599016327;53.223767705602256;74.14606702227475;26.4117635022057;37.18301948115722
67271;0.0;9.93710919879383;34.96520925674244;99.47186715536816;64.60407584928102;104.87996478785372
67272;10.254281827008349;14.98896446153289;24.12690091537068;63.61760649508817;29.052821966810733;30.36670098415987
67273;0.0;22.37932701009141;12.17532647311088;53.34728756353337;34.99363388964893;96.68578768651562
67274;0.0;11.2913928362588;15.487502496422028;21.3853415823243;10.59789128244187;48.48926623430407
67275;0.0;20.08496758489271;80.51680689966294;125.68004777805142;65.4625601398404;120.74272671018724
67276;0.0;85.39520789780903;189.54193214227783;296.4187789974017;244.44199543718813;160.86028598698184
67277;0.0;26.17705625848833;46.993959722308766;125.52037207992365;94.32874441962068;120.08986130353846
67278;5.06176825713394;14.48214872576696;19.69066258475034;62.84010973392069;33.609165288401314;96.893527026685
67279;10.62222222222222;10.62222222222222;15.93333333333333;31.86666666666664;5.31111111111111;31.86666666666662
67280;0.0;20.63460745745332;26.04095371145274;123.3041581219036;87.8227733009105;116.07320383216543
67281;9.68409087977904;107.6741190341728;171.28899365375685;493.7014229235589;468.7304914319942;577.1638430781868
67282;14.593755205759798;130.23514540558753;379.1539359755426;493.9253787138903;612.1700892595322;343.7146007236657
67283;0.0;24.82310884315661;125.17427197490449;339.0258343378587;276.35137332034594;368.0988247512541
67285;5.11135803970892;59.41702594249505;90.09896962233778;203.0696555475078;189.5311803491923;162.45710708490645
67286;9.63079378965236;39.66672451936616;128.92207684939964;173.82403267990156;173.4452103904442;173.51155835686413
67287;4.89603086876853;31.05660837232171;10.39877643506874;66.39299369563125;86.25228679632019;55.527223495915386
67288;0.0;15.64714649368792;15.1380758138793;40.50240892342846;26.5414107044626;41.67842840183669
67289;5.22611120507584;23.20497920348786;45.59852053746109;91.779727184843;72.43762818722647;70.13207083826238
67290;5.05095017860751;14.98916365698366;39.163450367948;119.10546500990824;93.68941464626026;118.5649488096715
67291;10.190996934864527;60.24963520003382;129.344147073581;295.7096750452571;411.2905116925635;441.2565642990491
67292;51.61545899109248;20.46607893602236;30.66789931688165;66.88869208429799;112.59188708515174;81.86154968993678
67293;21.4186987717376;43.57433240534457;36.90083471059941;139.44652571171565;78.23689717243644;46.56065491197087
67295;25.11574510171649;30.034769501788467;70.56978968904939;74.52090970361431;60.7224023085552;45.46064741263183
67296;10.2955490162007;80.93403014573255;376.0636670125723;242.97066370041975;200.750000791664;75.40181625636312
67298;10.0384953722374;40.60330165284929;50.63411949725147;95.32952854445752;75.33720897101512;55.52486777845514
67299;0.0;24.57232843874549;96.81863955596155;142.71779324189316;142.2893368117858;88.81086850826841
67300;15.041548342108127;185.5747536665296;770.4161954923751;1023.0789017279034;973.1129106344;951.4014773118028
67301;5.04170568550151;55.097833059990165;169.85499920236856;376.1197050332338;310.9788595842193;235.14968205255423
67302;0.0;73.89433294958152;98.17461700227464;144.42677602372785;260.5437794629356;259.1026558486556
67303;0.0;30.456182373324825;40.68828370004227;55.33775094296314;70.60068660366784;106.5266347743173
67304;4.88508190968427;24.14188989096579;48.49609756091045;106.58486845599565;43.64635618278053;48.49531917425213
67305;0.0;37.77299673528269;72.48223089201745;289.6465984405783;246.22487666235796;364.6141344112402
67306;0.0;36.07182913960515;35.9813787363203;114.00523154357282;41.19024892306571;109.8932052649754
67307;0.0;4.90769858893848;28.99439125512858;24.31318878034863;57.83812126364509;67.21094438754072
67308;10.2142381338075;10.06181682036544;47.71659892489488;83.63746076444463;94.4996212995102;110.27824244054771
67309;0.0;145.1814819251807;508.36898531773545;609.602965188521;618.7043640438435;371.6070325748846
67310;30.0000688268681;26.14042927696176;55.50277899535252;112.13367945450602;168.42165053882186;138.1173486556529
67311;5.05273240957153;50.45253305137571;151.1331328499588;327.617420751498;216.6819294603759;262.1190011773262
67312;5.10619115320687;10.37058648137558;45.81163625507257;56.81503943629557;42.46113250491323;72.6911245878508
67313;15.00691256807829;170.11736164635522;360.3415674964842;610.7597990333686;846.0043796595393;730.5179569597766
67314;0.0;0.0;14.837035469605327;45.04170059442659;96.05449102134764;125.7331502692627
67315;0.0;14.51025385565265;37.5472663823749;106.52826385805224;81.39984159789134;114.92670627421316
67317;0.0;10.0966987549117;106.62955474707807;66.4843250099903;61.15154320045919;66.49463986476253
67319;0.0;0.0;15.32774768246458;56.11630249312358;45.23731663756074;75.30833387313089
67320;0.0;10.01010791986688;15.27879934256396;130.66553360773645;35.16130888265425;99.85256068550107
67321;0.0;28.31795834944431;28.60843276237082;28.61469684364965;42.76839060285196;52.3361523498544
67322;0.0;50.56993919280978;66.01602706447159;167.15451831101672;101.30475032176253;146.89434582906702
67324;5.06415292412081;94.14171359478192;233.3417675909446;397.8139823950835;522.7997550850708;517.6432895558734
67325;0.0;25.19809885398966;106.51241077192408;197.2416360293187;166.98096834372103;161.32411356716815
67326;5.16336834558379;41.08920357528472;246.5127311172272;277.05687329012784;133.16144548473034;66.79782020204671
67327;9.94996482970126;25.497814579024;85.64056536588215;102.6236043744561;102.05681394760148;164.28728536824372
67328;4.97096130227245;24.9363859756663;29.853096767729628;99.70464336056344;154.7664555644626;104.75722138392366
67329;0.0;66.87287383546814;92.49963483136868;168.66432439231144;142.40669013097516;133.10013127281212
67330;0.0;41.43032618267714;51.789672107351365;97.63577296222483;87.35603210099964;230.66143593452728
67331;0.0;72.1007027121757;116.0163632071678;136.50992188139722;172.7114379903549;135.61859603459595
67333;14.193553501941327;5.01272046068176;4.67604755938212;49.1598151836903;38.91463165034075;24.72692940210916
67334;0.0;0.0;0.0;5.22727272727273;10.45454545454546;36.59090909090912
67335;20.05178010864125;24.9152308134053;70.06585505167416;125.03473733205767;150.13398740912103;69.78959833103188
67336;0.0;60.417822652161405;139.17877830253025;274.7900758448412;224.8741256199921;201.26982440305525
67337;21.688121905736;40.46200529745881;29.68848850404704;34.20708300954411;54.44925740068269;20.91694747379938
67338;15.5487488281241;73.34923317105971;95.50170976401829;167.23854504794664;144.1614547081866;170.29465524648492
67339;4.88155678225425;86.33200091306611;170.52902598608284;380.6884896968157;466.4702505840368;733.7822832958981
67340;10.37692506226194;31.54703692315765;49.93763729300609;155.74898765317877;177.5726247642773;219.4965894552052
67341;4.8955543048157;10.2822275638809;30.69011712501924;35.909513690271424;40.34126979683195;75.60828306504567
67342;0.0;78.55306864506709;152.802724541844;238.0288588120632;197.5209420421507;216.37207667563425
67343;0.0;156.68434418117826;681.4697082983743;792.8504869442352;578.8403153004305;294.51852698872835
67344;0.0;9.009327540897;14.7409392749685;37.59793649703414;41.82651623687028;28.55066946283127
67345;4.92544958158316;127.60014038921128;241.08885534592991;501.25468334320544;418.6903239083594;549.4150890834943
67346;0.0;0.0;19.85135027079315;81.84960513069692;51.45965580661774;122.78118282808484
67347;0.0;24.50747387686281;102.92618556386518;313.69047444910353;249.97639062983933;215.67641010323808
67348;25.67978921359932;322.42609479254725;1093.974195224699;1452.6428924127538;1326.6208873475389;1319.695467253724
67349;4.96383762769034;5.27468182956674;10.13279996294128;51.38522170750687;61.93661847661393;102.99874966782028
67350;5.4565755837582;55.93730716063226;359.4430094461856;285.880242181179;258.2848358576593;221.46335194689144
67351;15.538717060802073;47.8296789170022;78.04157836377581;231.19976794747043;242.77244585317283;285.45517881989355
67352;0.0;4.87086351216092;20.01379610570661;49.13603930981833;49.3463598336391;49.87679888798663
67353;5.16417531897202;9.92216746732006;0.0;30.30065292730042;5.16417531897202;30.15789879341586
67354;0.0;41.0924883867256;72.16464567311802;76.57372317030092;51.01623063339607;35.68410642786919
67355;4.7093252647986;19.33267327728461;47.86026329188426;97.20358809334256;131.3454286192598;160.97080485489164
67356;4.9857357852378;54.76890934887633;219.3107518707139;443.64573762517045;249.79856311557535;344.9983831887083
67358;0.0;39.13645897996616;38.70668848923263;112.4440918549968;72.95662865651971;122.20805234043908
67359;9.70873185569;20.09179468878324;87.07854969170742;160.9879948034269;137.71606995816637;159.89577786594333
67360;16.29810924335863;38.04336219560084;38.01456673589155;173.76748508804005;119.45483770740752;152.13034615513348
67361;4.7466866753241;5.24438999742347;44.762575685279046;71.96876548535587;36.22606495108728;70.02445856687272
67362;9.73960847698446;24.96090526531665;39.24020853865324;93.4125936163933;69.65381231844037;59.2581970327796
67363;4.49921979399104;13.96293279265418;61.62363684822476;93.59186810269487;89.11732769741216;51.63388490247363
67364;0.0;9.84402276420782;40.32778083039926;153.6147495485038;103.49410741559832;131.98623848965832
67365;6.38833944470458;365.4109946863095;1063.090924179438;1513.49864890575;1595.149380189642;1014.9641934074482
67366;0.0;20.07401002485933;69.99175204541102;89.81898356487095;75.65726593145185;91.0199312905336
67367;0.0;28.58624743226681;81.89885282082703;129.34721483261376;147.22987027736698;99.38166770782274
67368;19.14164894721385;85.51651921076956;149.47052906744574;186.49596153205863;166.46746005224276;130.2937646781698
67369;5.42626483300223;15.72983892121256;5.2427625474754;21.5215844281743;10.4855250949508;42.77180661541391
67370;0.0;20.133438909126617;20.3764471352694;71.05710340112007;96.12257904618173;100.9802732542529
67371;0.0;32.9310851541557;19.813650349819294;65.50728287987208;59.09315932013408;58.61722360901884
67372;0.0;84.66995783496324;215.0867967262174;519.6775220902446;649.0864005418945;695.4383221137448
67373;11.0891734644482;20.57799649512596;15.72206722648437;36.07661775390406;26.36475921662085;48.11703251755226
67375;19.93740849377808;54.43441710674995;167.72206521662062;128.55978290443235;138.46198428586868;73.800809889066
67377;4.98666703610138;24.70030184245652;25.05633374793302;124.62071016991452;99.44569043007036;154.90245984287262
67378;0.0;130.10126137874718;485.34266843957073;703.8598016584879;488.5692417619074;365.7570519589307
67379;0.0;34.78508561739752;24.525360755504103;83.74908236882314;123.2695856798554;161.83579665504178
67380;0.0;0.0;10.35897435897436;10.35897435897436;41.43589743589748;46.615384615384784
67381;0.0;5.23790034632414;21.261175880187707;32.6617563801804;48.85113012702411;65.33253708223376
67382;0.0;64.92952090775172;77.6433445856163;96.4427806593054;105.0729317142036;82.53459235762922
67383;4.875;14.625;19.5;14.625;9.75;14.625
67384;4.74573845547215;9.4914769109443;10.77088208919945;25.49197084953616;19.04951493039922;40.9724047238379
67385;0.0;4.95643765030337;14.1889124949987;28.6057780746508;19.443023052525582;23.6528173642765
67386;0.0;4.84066915861978;19.31763117586311;33.70575590380114;38.1889878255542;19.22838254838359
67387;15.57377677255201;14.49293600532098;21.26780427175154;27.350059692310808;45.966066053900406;39.69587542463694
67388;5.07905675616821;124.9731385173771;226.5519828776113;478.785488385381;505.27342894419104;770.9281212092574
67389;0.0;83.94386475822763;340.30441191425;517.4538295698443;454.7674392193405;350.2112651655462
67391;6.08949363438764;5.32178122276319;14.94765798162551;72.54533292617936;41.90489896387117;78.99923696743686
67392;10.18521328678688;15.24892486878289;25.35621864593834;60.99532719391696;86.40963401347246;101.67772356687318
67394;9.55001906059459;14.52995767681566;4.81517307003773;43.26029608520713;28.89921534179645;9.55001906059459
67395;5.05312591824638;29.7473290580758;50.95565489978157;44.702722979663626;49.76680167374782;56.36147573765045
67396;0.0;4.90243902439024;0.0;34.31707317073166;24.5121951219512;24.5121951219512
67397;9.69028975726454;63.11470128025534;128.22650668624786;252.5439628247709;298.80379661193695;446.9122797907479
67398;5.09390038288197;0.0;10.34225691925476;36.2014117571291;46.70161988363583;72.40745444264601
67400;10.19410406015339;20.38421952821554;56.05362122660589;163.03190642206027;112.09128964452574;219.06957951962937
67401;0.0;23.05193264710433;16.0801260717573;26.49959680016402;40.33060268424784;47.76249116467208
67403;0.0;15.30272522112096;36.14664503124406;77.36482728812337;61.89787094705689;77.20166797231569
67404;14.8568475566498;25.0405088018238;24.70671450779599;84.3426415178463;84.30029933064058;238.8820401201257
67405;19.2502089399187;55.83653973709536;161.4752345659065;248.54798118939857;293.41034300571124;440.94732331096776
67406;16.6309560807986;10.8465122816136;5.33515357413418;76.382102986343;32.720106648563224;32.90217939334474
67407;0.0;44.60484613565823;104.2260612855257;178.7784845848485;233.15471576588396;208.4692964035212
67408;5.01676841681832;40.37322370285099;61.73384767844876;159.661453161996;112.60540244939304;122.89156287658967
67409;24.86245139566153;25.27410307328809;59.79204476796796;70.6531005528839;136.2823171755689;247.22997966853012
67410;4.88260243747623;39.98955066525989;43.81557111515716;72.78057057357499;14.946440103051302;83.39687396364407
67411;9.47682532431774;168.68272728967528;605.9277658703002;774.8090428472057;513.4977798934776;464.3053537595896
67412;4.99739902749653;29.80398602695757;59.8878777776621;134.3159945570723;114.68223819499318;128.70605037408092
67413;0.0;5.21243359074171;10.42486718148342;37.48327432196802;70.42943038187947;86.39886287660742
67414;0.0;39.05305759241567;19.55131059837299;97.660082185195;179.95444327790676;232.76665913696743
67415;0.0;24.42322383769145;14.594650306726148;73.47952152580302;34.222698304311265;63.59165740272224
67416;0.0;4.84083844940151;14.69958008848247;19.62815581540143;64.4415451171482;103.43771255749168
67417;10.32008612703592;25.40461023679976;19.84896209249182;61.392311143816514;43.427297170036994;38.4737932866362
67418;4.90638428250449;54.299115733839045;93.61155602784328;236.4928538040132;266.03543288436;374.717256080972
67420;0.0;24.3867963293571;34.315211579954465;147.11850942393576;157.02920238623656;175.8677607447096
67421;4.83319907867696;29.0814461014352;4.84492898711719;63.0312528150502;72.74631199940538;111.44603474359084
67422;4.05826997989303;16.14508968979065;41.92853563664306;88.48937776839519;44.19256349484313;63.7228396979224
67423;9.89265668570888;14.77976891900494;36.47001198851911;110.6128390422977;59.50293987367102;74.41186577168315
67424;0.0;0.0;0.0;47.159743675917;12.0713111172711;33.39564967256353
67425;0.0;14.93901048874206;33.26305290377659;63.25025572219717;67.55375655802364;25.19663784713392
67426;0.0;0.0;14.37483026286678;43.81261939190324;34.27768206472498;82.84284365774454
67427;0.0;4.71737700570487;20.50965777375831;25.22703477946316;65.88313701354825;42.56995449084349
67428;0.0;14.59341474293435;33.856906571953274;87.51869167781321;29.00638045518118;34.12865402250464
67429;0.0;10.13817211693446;35.58272120341141;45.86837842239146;81.45676950517768;76.40798174873817
67430;0.0;28.25754509855575;34.39870914485128;93.3023792610411;90.53860506454708;68.04047568945545
67432;5.29683593887135;4.61562504821435;48.459870924798345;61.78742596048328;29.69571887312165;119.44362299055342
67433;15.8128851168612;42.54346681514843;85.11622267470736;175.66300580113364;148.51603990782638;249.3860720476036
67434;5.61840719717335;77.84100530423264;30.0623134763587;127.03814256195012;301.5592532586948;389.8717918682143
67435;10.12525115632797;24.92670408652501;50.21124100980457;65.37126699699277;105.28147924381253;131.63608108034782
67436;0.0;4.68130264949348;10.36013547197236;59.90318192120672;39.05651896056575;64.60731821849659
67437;3.61034933019088;252.0957868298846;978.237436582108;1237.3241371180702;1239.0177432598582;1127.874188186839
67438;5.21666764022854;19.98481048267093;78.25045747606163;118.67695056191276;78.41740557154795;66.09188658819438
67440;0.0;29.37238071261338;20.44815609828541;91.4834558897994;50.37155759538982;67.12079905713674
67441;0.0;10.36312692996542;15.28098872322866;74.55598436679803;35.06960595431105;25.23770510439905
67442;0.0;37.53177190276199;89.02560686688982;238.08837860330704;130.7866719368282;140.31972707007074
67443;4.97569226988531;4.97569226988531;54.6413911684796;119.141982698727;99.60949795131124;193.46975644993893
67444;0.0;0.0;0.0;20.173913043478223;20.17391304347822;10.08695652173912
67445;24.7200807034589;72.2215035684432;317.98568228356606;439.213400939968;332.35714931720526;364.682780453092
67446;5.24309508291006;10.50888837462109;15.6390786139923;52.454236083677856;52.40864398293341;57.56153243110543
67447;0.0;745.9186890778028;3216.039215372057;4095.95116075793;3827.092206247693;2479.635248280856
67448;0.0;35.49301131478682;60.85840977612828;217.9590560022692;244.4522075533518;264.54040285216945
67449;0.0;64.54961356723531;105.82028815631196;300.5310288265053;305.9648045733093;435.23263157521154
67450;0.0;37.61668304192397;49.802468196142776;125.57952487539592;112.599316154022;89.94058947796876
67451;8.90005494038566;24.01971454089566;53.94045709479976;186.9718780556384;156.52609544495795;267.0069014989457
67452;16.1474815848557;69.77728266325971;187.0965579958957;278.51948403054354;273.4711956124856;123.02560864876554
67453;0.0;5.0728838409983;16.07027203241802;105.17363189654776;53.43861122315076;115.69580168679111
67454;0.0;4.44330114020465;4.58758064956594;28.44346080606093;61.320244224427;75.83748251592615
67455;0.0;9.30459597611248;38.4612156271355;110.6072585684952;110.50348386865832;90.90365183573488
67456;5.44211392178963;5.44211392178963;4.73408403394167;60.76580174201835;59.12460817041723;54.84028257311799
67458;0.0;77.8807164830736;352.4660045369794;661.5894499933522;580.3053454824036;555.3550210881258
67459;0.0;30.28054855163548;40.79459207580396;122.38514236335745;91.5985194164545;106.86855107237156
67460;0.0;37.94392022655056;101.31764678076048;242.09885048398567;250.14282609501123;224.8502369575653
67461;0.0;15.12269878040064;15.440040160586978;46.94609114130457;46.10635564146982;47.27875822043333
67462;42.361577149980775;415.58616229046527;1391.4760323317353;2107.0205942655166;2227.50084897925;2345.58810690623
67463;0.0;54.34908197019336;132.780746647883;375.8861750171744;417.7786421234125;610.2886477751545
67464;5.13474952730176;25.71354595950082;41.11817629163101;154.2612231017314;113.06482469673274;149.08690512537217
67465;4.91663193563891;110.1583411863106;170.69026744157495;346.39901651159687;306.3034971865517;256.48341931697064
67466;4.83696203506775;19.67090023515288;9.75736195696039;38.46003900144147;87.32347952331807;111.11902132114288
67467;4.79097575097142;19.20866330426912;9.59822106915986;14.40547674369213;57.55276645424589;47.96266635632984
67468;0.0;9.98867488722567;36.23564048118162;96.94930449011012;55.06393641412847;65.633637834949
67470;0.0;0.0;0.0;23.1818181818182;23.1818181818182;4.63636363636364
67471;4.97230145030006;277.7726551780343;873.265190817724;1042.5943250072862;892.9604141377147;600.4083717320457
67472;5.05219485934602;145.5503558384146;234.7090798054245;420.3424683455368;540.9514699804062;847.3363348062225
67473;20.0151425466244;29.673559967575606;88.88976179268013;147.18254660771774;84.27329951748484;134.39041386035737
67474;0.0;55.12516489315567;185.3476361271808;360.3587622596819;356.3172434361789;435.9755981836422
67475;4.91942038879496;0.0;15.450587417130173;46.6100740977549;14.7682975297545;19.68771791854952
67476;0.0;10.01363950088888;25.03199661235017;85.11609731439628;75.10051733492179;95.12811968016152
67477;19.6700621904087;9.80303765297622;24.42858366008607;78.20535998256807;68.11876719516715;63.76809419706885
67478;0.0;19.89964101104508;55.19478292337722;211.06906443622591;290.833693164763;266.28270671596897
67479;10.05569643341863;35.93931999370504;29.649642345195232;60.24025645913543;85.32490404974556;85.76987480254238
67480;0.0;24.45480109070124;117.54165206510046;264.5913393584341;264.1596539434456;270.74379491240654
67481;19.99993829141082;15.009881596805482;71.45705252146392;99.10440467631209;138.97769272484396;179.32541910000296
67482;66.7707704457319;5764.181203220575;33409.084923389375;31089.079171904552;28915.61743397505;18274.13647614229
67483;0.0;4.85479519479787;14.838375067094727;24.56321638272018;24.01126554713657;19.696929947175377
67484;9.50080515532336;14.289157939523111;14.21066253236438;90.51686690762826;75.99089272372302;100.0255875120322
67485;5.16192564737134;49.6807282800196;262.310108747791;252.42283727855917;129.68442626589277;95.36662170420728
67486;4.79508965090967;90.24480985075024;25.08464244763087;217.924884203276;286.4694971237923;271.6652872950639
67487;9.95228345581016;44.67034524821366;99.2419189188573;188.4556445125595;223.18619882112844;193.5714080692215
67488;0.0;0.0;0.0;10.1081081081081;30.3243243243243;55.59459459459465
67489;0.0;24.95392257642244;49.96007085403421;74.86377480888017;84.74398560064688;74.91150091469406
67490;4.8783758255341;4.8783758255341;84.6842624872213;104.01369001233826;44.27662376967792;34.88272773258801
67491;0.0;14.83073166061739;9.7735163215191;34.79451308426539;24.676161355991063;24.882071278814863
67492;20.45714759640063;30.91953646549605;71.47372041248799;87.07057281530021;51.64793996571414;45.88353819699272
67493;0.0;4.84952729483986;35.0574577000438;59.8163511064653;30.46830798722567;49.125522072152094
67494;4.86851117865246;15.03633114139292;14.77664971565962;84.40838952841023;58.94875744837945;132.76718865833485
67495;20.2687313417943;161.13405389011726;571.7045528590492;659.2421756263666;425.0055646367629;211.23642631687372
67497;9.93221415591566;28.56390181089555;48.747687847768674;96.585505846139;68.4597069267881;107.04244795677351
67498;0.0;20.11530917560922;25.153952068649;90.34304769805613;90.34319978001356;115.37959470279644
67499;0.0;10.54445482866976;5.27222741433488;51.7418477807401;41.09425913600802;15.61797564505656
67500;0.0;54.37707436830111;92.69004468603256;179.5532263697337;156.20436597432524;157.9203042723629
67501;9.77778499645669;9.77736267979908;44.00013806264945;112.44410512777358;53.7776063153426;88.00164870516912
67502;0.0;9.42222222222222;14.133333333333333;28.266666666666666;28.26666666666663;37.68888888888888
67503;0.0;9.9375;9.9375;19.875;9.9375;9.9375
67504;14.63973442334026;30.444230772516462;70.2714790362851;131.25448254855468;146.6601616665207;228.001285249169
67505;4.97221771336754;19.97964141516068;44.99944906795744;59.98394740398959;35.03219253951029;35.05470458555977
67506;0.0;134.75975866254498;664.8710740965976;741.3229942396017;682.2911519648966;392.1394548311961
67507;0.0;79.16323503822672;64.4765620532792;208.66196442631275;159.14937417547898;184.5969736176658
67508;0.0;5.13899613666817;5.17037338226917;41.45826944780004;67.0591148993272;108.48715543619385
67509;0.0;4.80474824114124;4.80474824114124;38.41802829930076;14.4966253752921;52.93522568810761
67510;10.7771602625669;10.51216018693529;35.03313524772193;95.97313595315016;68.66044194123276;73.0943949762562
67511;9.986861396205333;30.75043442380787;61.30961412781066;95.5375093235063;101.35461451220068;109.74624955387272
67513;5.59090909090909;5.59090909090909;5.59090909090909;5.59090909090909;16.77272727272727;16.772727272727288
67514;10.3479630382288;24.33156177048968;20.47537918560874;68.13703493089449;46.95579866765258;77.99758374628084
67515;0.0;19.87026644052878;14.96888951256485;55.30299500374222;60.20006878308544;70.10956534314839
67516;5.16587347534209;10.03718473740903;55.65392116204546;96.10482097530496;80.79345634737528;56.14241084652869
67517;14.90387212389872;15.41887044433807;44.72517353839287;108.49935355937292;77.8916920342144;54.03184773016568
67519;4.98830316340427;230.19861833460368;966.1267174163544;751.3663217638164;535.6778465762989;305.34732286046955
67520;9.79420872681828;105.78288334774012;302.3929193537903;771.1027695875199;772.4394614253176;703.1530270981574
67521;0.0;19.4891099752941;19.48685307175861;78.21321844247849;33.84139974980312;43.79369694085257
67522;15.39329108539528;0.0;15.40039632503661;51.36780245776758;56.44922154402028;82.17574942004117
67523;0.0;88.26996360651502;162.8671660136501;311.8165034483912;357.3689645997665;361.5841113758339
67524;0.0;19.52293975258128;19.374044709453425;43.18451619917681;91.83066687838485;58.13114047145922
67525;10.62678978246322;5.07908705880704;145.9394997717604;302.77510278628614;217.6741715325577;172.41585050738735
67526;0.0;66.58973395837094;97.33914032242176;271.5198156916891;179.30157895169137;169.06276926116658
67527;0.0;4.74376227246221;14.3652096876164;43.18588120853465;57.77738071047713;43.27615681655181
67528;0.0;10.01725606868325;20.04077629108443;85.81778107659953;71.21807081928344;90.89473898516034
67529;15.2927883153693;127.4708006999801;246.33290503676224;451.46614724900815;353.62992615880137;363.82154053127954
67530;9.9242752678837;15.11824441786323;34.90967060743633;44.37493986915976;34.73695926761624;29.89240454651751
67531;4.37812451275131;0.0;19.77050891532295;30.4809054941355;48.11904562056832;58.45055984554182
67532;20.3235356651596;30.27124484912403;108.57782069533695;185.74550592755483;114.98075075490482;101.69675095036315
67534;0.0;15.51422773456182;15.5719026721451;108.6582276884823;103.46844172476632;119.12677669730034
67535;0.0;38.63304752723473;63.6535902359828;150.84044614918363;128.86510662464065;161.37300062070935
67536;0.0;15.89045585846066;10.49031338907168;0.0;5.24515669453584;36.71609686175086
67537;9.7152338802013;0.0;9.67712339119177;48.95877168217524;82.50490344111981;82.65735236201706
67538;0.0;39.37135273145291;88.88382788835787;113.78887086509326;178.04500543429629;187.59223155119903
67539;22.62902111140808;64.13245015825198;152.50854641991666;402.2802180579064;302.22369234109124;241.4712068731455
67540;5.16330363418305;18.722125888349623;73.85931782757139;187.65630057706704;127.00532102884075;101.90869848056444
67541;4.85117229860642;10.37535524961693;20.98175817613147;67.38516093316073;46.5941657000049;126.71466068123728
67542;0.0;16.72731226636052;55.58609369769288;72.16108290013733;72.38801414713849;33.45672909319475
67543;0.0;59.1260521887487;55.29538896207452;243.87664362236265;245.68373059109;321.3860776298055
67544;24.36157379521888;214.6093224929678;463.3926499088571;718.7795903433623;800.7877507279792;866.2974479555276
67545;25.37789190606671;10.25907367184402;10.07854023162714;66.14077952343631;65.96145340230517;60.96701571585534
67546;4.7629996241893;48.57382978795454;57.65370638950365;114.02169887480174;99.44262812496405;67.16928824433361
67547;0.0;39.79545339410082;88.86434930686045;217.87769825527772;256.8217888161298;400.7653844301587
67548;5.27016380901099;25.53353678372659;99.28833363669352;165.0421036844753;100.5442046159573;65.25840044378911
67550;0.0;4.85265149285418;107.08379741016806;189.2459980298988;196.00137264979915;230.52569406440085
67551;30.08558881416814;69.85390814071897;494.7630214258603;527.2093511270728;572.8544436224813;189.8298554161441
67552;0.0;4.8184773288353;21.288452080872688;21.11939378730667;38.0438034273165;85.76297774928494
67553;9.70352802868351;9.82358303429168;23.97034846956967;38.59762621194851;47.93196543608245;37.76812145853264
67554;30.383309053182792;20.3849288385973;81.65427739089243;179.50264199952863;86.95662551337564;56.10500405300864
67555;10.3152360652965;5.15761803264827;10.21042370991948;31.15856619798113;25.68327780786425;36.15842773605732
67556;0.0;0.0;18.55319148936172;60.297872340425606;18.55319148936172;32.468085106383015
67557;20.46106216210894;20.46595794449607;61.37832331574883;86.90465333396848;102.2858068982468;76.69118758532453
67558;0.0;14.34906094415889;18.66280791832021;62.21742811265957;145.97953984058844;136.34337955542455
67559;0.0;9.1911783734705;13.10736968306238;51.50482129182796;30.091612954974742;26.0087975235884
68001;5.16618072947288;10.0826113599501;70.84667308250316;165.66663792000253;136.63185018274743;151.10965673353914
68002;9.86008003749944;9.54601973527758;28.44041245712931;37.10122165455088;42.42471683649181;55.91797908626106
68004;5.04112886762144;113.87730326352496;322.2547598280355;611.5280443838732;666.3249557859767;687.4967993109966
68005;60.68791524243991;46.385646456774985;107.04552159866032;172.69895267395177;171.83739430393186;148.99541929361334
68006;5.00499078985858;35.36914859503276;111.44055055106442;223.076388512517;157.28581724159713;137.40216001240535
68007;4.9924778578896;65.09884541251024;229.35259705969577;269.04627819015104;310.3347834748758;155.35589884377262
68008;4.83013231473639;19.41441696551659;28.8579955888507;77.84604136538893;63.35385670965975;43.87724490707631
68009;10.0104545717676;44.57440698711386;49.83185625430846;94.92173729819302;64.81359240210587;129.49372666295105
68010;0.0;30.0382682947454;75.17403210536287;214.90614364437417;130.01303722486932;139.38352016011433
68011;4.95123928154068;15.37087510617216;128.31430993070867;218.50947406960927;153.25243254656974;132.484897791634
68012;10.4253670354875;45.73239735780543;170.96512995144698;326.1711382540461;169.04080191778206;107.52739737842904
68013;0.0;40.46040753649037;86.14620408110515;167.03550993845616;96.24969316548405;121.63403395038188
68014;0.0;8.68663748358966;9.42221428116513;43.14230741628128;70.97363337607123;36.91361377228953
68015;10.2095090320341;50.4339609647928;245.8094348090039;372.76055973000825;257.35327446635256;277.6769165245749
68016;5.31528439953489;0.0;36.18282827955083;149.35048482361358;133.7149031464249;184.33361894445449
68017;0.0;14.95221895483678;54.60633906693522;138.95893668212955;114.8531539310952;80.46515635222816
68018;19.57836403621754;10.6229310381318;60.548494671461896;109.6157810379941;112.6575210881895;84.07600542403677
68019;0.0;30.27069517952898;4.97297377554253;53.96591189133785;89.2211048932559;49.53174932643963
68020;0.0;53.411022338672;73.69402864996991;189.8000779354281;157.68440800987602;196.2615523842274
68021;25.2457907166854;100.97353287323294;267.6819288626147;656.5321029356822;616.0944628344556;479.67606157769495
68022;0.0;70.80188222200155;96.0137119539459;221.58339832443;218.6111273179643;163.21203629637307
68023;25.5201643950999;40.213773782289024;25.66843855437885;147.29261094683488;122.48233748434006;107.38779063290492
68024;4.99511876602665;9.56228081125218;4.78114040562609;9.56228081125218;14.34342121687827;9.56228081125218
68025;0.0;5.39130434782609;5.39130434782609;26.95652173913047;43.130434782608745;48.52173913043485
68026;44.5043969216466;51.28634638824665;113.18633893062342;198.2522874374989;136.6962118007877;79.95761700154554
68027;0.0;0.0;36.39556157480464;70.01465167301961;36.67778857400748;16.52826511032151
68028;20.313576613917498;55.62010582776492;138.8661240478496;293.9420002870856;193.9115910399397;232.05585812972467
68029;20.70534104861144;62.13880210657782;41.43042487287853;201.9347837883871;88.0204778607852;77.67692368732924
68030;0.0;15.094076995516373;32.511535300381894;62.475199479426095;25.797875534065;41.43146395458296
68032;10.20140921365595;53.30005893476554;56.92845000615347;249.9848557415941;119.97759393448716;114.38015840690132
68033;0.0;4.88474482840586;4.88474482840586;53.25435192838621;44.71847640818079;98.83482486385977
68034;9.1630393840893;0.0;33.86309168591243;39.13620326245727;49.56777889580298;44.98625920375829
68035;9.77251076252406;0.0;24.631484288336654;44.24032798949333;35.196165598305384;24.892909067574895
68036;9.92453872669185;74.95614740655466;139.51072688169734;265.4155105161868;294.5721053006794;280.97396560922084
68037;5.06135429832134;10.09627018451631;45.47724592301147;55.59113274737156;65.69180998573877;65.66977861406906
68038;10.6068045246849;15.770436746440293;105.51648189494546;183.9271705746056;115.93082465600982;115.85136641766542
68039;5.15971950692193;14.470826376543968;9.88256003642763;65.77853035029233;60.18587893683178;105.04357268928398
68040;0.0;50.319177342747;60.32765905720948;190.8464224735436;161.14046553532336;296.4998014468567
68041;0.0;45.47997733546746;110.5197947568226;253.41389185850076;329.9031474349914;240.53675192310732
68042;5.23968661745372;153.9189656904799;381.1945204678316;578.364509165012;647.4904250436975;640.5357534645432
68043;14.57313163922229;93.08400837119376;244.0354337480423;519.4735409663627;432.5088386358026;388.3317313373676
68044;5.46918531974318;58.19502705481473;34.38125863176737;67.67721507120208;111.17997912915652;95.33848561999936
68045;0.0;14.907571400675728;34.77009530222136;99.25287589117224;64.51704573904028;54.55588989227647
68046;4.72928483717769;20.44419982893005;30.84629139281844;66.63594110719819;34.40331312595575;30.07197624355234
68049;15.1694791901982;20.49102033676478;14.779619952890052;45.41662463123992;55.3712375412043;86.14413315377776
68050;10.4240711338261;10.4071876907543;31.37389787239425;52.27269029152545;31.28920622653496;20.89906649530841
68051;24.97960074465978;15.06782802616393;44.28900354187758;88.96789270774322;131.60021435344913;88.4536607003495
68052;0.0;16.11428571428571;5.37142857142857;10.74285714285714;16.11428571428567;48.34285714285708
68054;14.99042714035962;0.0;66.36125837233774;41.52105495523884;45.94415975820333;30.4614308791423
68055;0.0;70.91384422792487;110.35319780102982;181.87080588373436;95.8623477944776;54.91735768224991
68056;4.97650622915614;294.2470509074346;877.750192702863;1101.3243093286387;852.6782521479826;508.7557582036961
68057;0.0;15.673469387755109;15.67346938775507;15.673469387755109;26.12244897959181;62.69387755102042
68058;5.13009025812263;56.29529030426278;152.5883465238291;332.7885157546721;432.0567848233677;459.6453282380686
68059;19.5473927264189;39.33935206979576;113.1077108075442;364.10151784752605;187.23431817954264;196.58924448064548
68060;9.68345867070661;54.59665949919162;93.46743324480276;310.192708043087;260.02825147828594;151.6759960653162
68061;0.0;10.390431458737227;117.45089902058756;118.47294537444584;124.45959863984112;107.86627446983717
68062;9.78390197247565;39.75326675085504;159.014449426828;267.70074222378827;253.33901034506212;227.4078136251507
68063;11.56926795448421;202.80348183016696;660.3796276473538;1227.1823246684266;1361.6380412689086;1428.3903165322072
68064;0.0;15.02086299124954;45.10349893241904;130.53066063864736;80.12260038944214;140.36800475994573
68065;0.0;10.1650929279946;40.79036850420412;124.2107859024086;65.58250478589162;64.84507360498658
68066;74.41634364299296;1334.846736024234;4823.59309175779;6638.447465454502;8116.645678451722;6987.239171343205
68067;4.99352781772274;19.98666913878126;0.0;34.45143561304302;50.84925263906464;71.04778896866515
68068;0.0;54.5829524984301;69.70976270265388;204.39768757723365;300.086068241994;314.29714092493754
68069;35.6353437326874;20.73350340522893;56.93926203105846;215.1356248119193;180.3505680324324;208.30268495147436
68071;0.0;5.23266120565705;9.96746619300649;24.914171801777;66.16022003785038;61.28016798969566
68072;5.0711075191662;29.55706183454124;223.28511120680704;203.5184327083805;133.72589758513408;69.75669473220474
68073;0.0;0.0;19.70487810678831;59.16097521600585;57.68735415229984;105.49993050819036
68074;15.41010372973148;10.89697512425407;15.44483040856956;62.93493443586488;41.066126279381336;86.51147278928735
68075;23.938203285082;19.79551122060397;4.81942588943242;61.14297923711205;102.15038839567424;160.8838553105467
68076;10.2660799504403;5.15448226460477;30.79815027988138;169.75528746037332;138.69911200994065;189.94392062731507
68077;0.0;16.58573201396483;33.07159397969483;44.88405934337623;48.272193528042735;33.963900308972896
68078;71.284953546295;80.96563998467003;207.3219806260038;203.27835366896792;163.03012006673805;106.5519936979058
68079;4.71280079429607;9.70548903406001;9.57148535298142;38.12021925034456;19.12705407820052;38.95584504229653
68080;0.0;9.9638884959034;39.29128656873104;54.851419647669445;35.719725505662;24.91800262742657
68081;9.72679670852784;28.68666291702231;24.1390577043826;91.33105133815512;71.34110977077992;38.23509538718579
68082;15.1795218941639;161.44070906538886;315.8907770387866;1028.0110590528627;946.397914526098;832.016790000351
68083;0.0;0.0;41.03882802170635;77.04340169849883;40.9200978923731;25.83261712956648
68084;4.89503281958062;49.25778861708338;216.97359487051745;241.4484920853492;147.82741488089465;64.12367479387126
68085;0.0;19.05389228101735;47.57857624848954;48.74365011912993;37.54489561737246;14.24219610082481
68086;0.0;0.0;10.5;47.25;21.0;26.25
68087;5.11249596210982;5.11249596210982;35.6568037052995;30.544038221101943;71.23603748760544;66.12313689598136
68088;0.0;15.40536158834572;91.60263588924391;133.71166590716757;134.08270254138412;85.98167863324645
68089;0.0;35.076775449447084;39.97508872311624;175.1823689302229;174.27771307418575;185.37012389428173
68090;0.0;36.25830784942854;25.82913228490744;111.86014614329378;80.95745801317148;81.80598288012857
68091;5.01791361317281;35.54075444881826;111.56892729114271;371.6906312150498;239.7086274585921;307.1756904021138
68092;9.94599582891859;0.0;9.53016308664932;77.89668822276157;14.36260015150101;52.93320865159397
68093;15.70354734743825;61.327024713635865;188.93891592142649;229.92392543313267;138.25729292516098;66.76016844530392
68094;0.0;15.46321531065376;72.50633958882433;110.45876782762808;141.19036093427226;105.18401459670784
68095;5.30503371086309;33.57630165665359;120.06264547888006;178.62613248037164;126.17972886337698;118.16796639378
68096;0.0;5.17426683412558;41.62220449349789;47.41087915236793;30.6754593207929;62.75205325991932
68097;14.78638129744622;68.86000691917617;54.39542568047106;201.90995702179103;187.83747583504743;203.80643860613804
68098;0.0;31.0252032913825;26.00480696945615;51.84913978640167;46.45808669638237;108.51012265632654
68099;5.77225721342287;22.83944885625403;85.8861495960053;113.93579536076558;99.02608537374653;82.52095403583185
68100;0.0;9.98222725857524;19.62778812974528;47.26870944411933;27.98818286144821;53.60631697131364
68101;5.16014757125853;41.29374642184163;67.77622519375404;168.84631631632482;92.22093160292653;66.31504441083324
68102;0.0;9.9887981064763;33.82572434671988;44.2798112071297;38.49407072594452;53.53647670928482
68103;4.95533621188521;31.39958845222386;56.35857434432495;98.41866880606918;24.96545482438505;15.04831346833065
68104;12.136858088352;0.0;27.15037744314433;49.730284309789866;68.867585929797;56.841283210585104
68105;0.0;0.0;19.46080035013118;48.46107237568148;24.12945238106383;24.72126966467766
68106;0.0;19.32391079466851;15.13380943394409;14.47310724931972;44.31392432292375;53.73206386266923
68107;31.0375391478954;0.0;10.90924845811551;48.61883980765098;21.0538694441094;49.23055536600295
68109;0.0;5.05181558560136;19.75028573055605;79.37108721266803;133.39096830770362;74.59721117521079
68110;9.93752624349408;24.45160677800967;48.87559475735205;83.37999683417893;88.76074354334972;135.8995287891064
68111;25.949983022648;21.3306138110764;67.04057371411294;131.6640234906424;101.28991297911574;70.34019990832955
68112;9.32071105365414;272.6437338165686;548.409843274935;1101.464339218563;1167.6614680727648;1209.655575477869
68113;15.36115512196412;61.30737380840525;66.45123526109145;202.5809629538079;182.76848836766155;156.785611238938
68114;0.0;0.0;4.9;34.300000000000004;24.5;19.6
68115;4.91461552365899;44.75355308506316;59.60865392015066;188.1697080196108;153.62073388083536;183.4082053710257
68116;10.24372066218298;15.18524108274362;60.55461193997774;126.29546072728412;65.91868598897398;50.67726484660626
68117;10.14360239426164;39.62646666592123;24.57545909484982;143.2492424373786;111.53650024741304;86.78815540614124
68118;9.956464019481713;94.77869871899026;388.3022931423589;738.5211196274292;652.8176505765338;508.892339562851
68119;0.0;30.15575813489692;59.37869352137968;139.75072626190638;92.42314450419757;87.75003135472983
68120;0.0;38.33613913532986;93.14764960719825;169.89239755834686;164.20245104823636;207.96738405877915
68121;0.0;14.63061632366943;119.20426855832052;87.7826440986164;93.62964356055114;67.33492612002567
68122;5.45566434027304;43.27102305842631;32.04679494018526;118.0301883858687;53.931594180676775;53.81163206939826
68123;0.0;49.64221990038838;39.7081913954322;119.14784285813668;129.07954520507212;59.579738869662975
68124;5.13287789030893;25.30301520879216;20.16508191281642;35.19562115441948;65.8146385830043;30.70652285167771
68125;0.0;14.57862290389702;23.68477710433139;77.09188533717956;66.53440607738895;62.39011241921325
68126;5.06518506965981;136.4434691883229;520.7103024229312;348.6308028495442;348.7828104186668;242.7712917642982
68127;0.0;27.34351889506424;79.68291333985408;73.81351181057008;59.51513106465168;54.33603283261433
68128;0.0;9.92824703199993;39.50440908698188;84.43378484958218;69.68161111888108;74.58098532546389
68129;0.0;58.94353305236025;126.98589177083916;211.05456306011413;111.46949233109692;94.9718660978496
68130;0.0;15.75204639471812;10.49999076575656;126.02625976989488;204.79638074378173;168.03693668176632
68131;0.0;5.7;5.7;28.5;5.7;22.8
68132;4.92486642721393;24.422369962770432;48.82490859506055;122.1530863624811;63.47828083753985;73.24736178821743
68134;10.2444698511753;56.25509821922737;121.69621471953158;309.946378585186;188.8810382581101;177.82512123285662
68135;15.7617108827767;98.6777331771864;192.46607052359315;411.665869277776;291.1095205860862;353.1716527594158
68136;0.0;5.55362617845019;11.763844299056467;41.03013808804923;34.58700908716963;87.92757121633255
68137;0.0;5.20520911986531;14.88306086270341;53.40874573785711;69.08358960206972;101.68610701983611
68138;5.04212159683785;50.07706010020403;80.27646808209575;250.51059685812012;230.49206374182725;305.5457439569722
68139;10.11337551105282;29.05625183164345;42.85873283706779;141.04572396782112;210.9945355988478;273.65439665259703
68140;10.45121739214506;5.22502327929661;67.00649284354279;253.18262611431857;129.23281846824278;97.66720800855732
68141;0.0;50.13406043943081;266.2329375652203;276.2479198180867;174.80234199001984;145.99361410070958
68142;12.81676375373266;8.75987252871567;14.49766682537063;58.30501734687776;62.57679786863665;49.79655708392349
68143;15.00938051447805;55.16432708734944;171.0100779071614;216.44179214934047;201.23260083996027;241.55375652079903
68144;4.92593582649919;20.34458467972408;131.41531980316836;121.85530407223511;172.33202479962665;197.67502024277525
68145;15.2302475233587;128.06764800290244;376.9068451966273;924.2747613685696;771.9043219467001;632.9745000174136
68146;19.4826558378231;81.97999643019077;165.90867408609785;311.5298162865336;346.9633642005124;265.32711121656894
68147;35.04288148419782;35.41901329389403;19.86567881939682;56.72873115288404;50.39085338590127;61.06889700124382
68148;0.0;10.52545645765599;15.54628163713888;56.84514524129262;67.21118483666858;72.75608386483245
68149;0.0;110.7193887238036;668.9115908721889;653.8779901180055;709.2975190185537;785.2487832142376
68150;34.61021130023671;21.07290269873908;51.426404829907874;30.1615434835162;71.68982484430114;39.48376407192888
68151;0.0;57.24796514031227;41.276057826804;113.38732038884386;103.51758718596749;154.03675976384108
68152;10.507381397322;45.63234920643198;180.52321767181087;339.1018502795924;297.2339147070696;253.61095391943672
68153;9.39323789484671;24.34077811042012;58.61390696616229;117.46487857309388;62.41152488965242;83.43065011571854
68154;0.0;344.53561345553874;530.3761514490856;1372.187121448938;1676.6565784599732;1669.4290975350227
68155;20.3233006971445;160.96973017396826;285.21283698222965;539.6821083692096;639.300167224379;398.853879664719
68156;4.91352906815557;48.71878007524034;194.45848838176835;371.6747388277229;481.67482852146776;430.7239724871664
68157;5.03075012396739;30.187085615010403;113.8789103876332;212.2821307212112;192.2465707018744;138.4929544675331
68158;0.0;0.0;49.972049961849926;55.88785384445196;64.7575139472146;36.15252293907838
68159;20.04526358937718;9.92343461493615;79.18732366730976;149.250090808347;114.78810290655689;104.19827727282484
68160;0.0;35.48742221077306;90.51383832493958;70.54924241720967;40.40485488292972;50.34056454962915
68161;21.9092942971217;16.2121458215266;73.63317206077517;54.04911277446108;54.61679181021214;16.2121458215266
68162;54.83563581906036;149.2832347559771;296.47798128313536;549.2629256394758;502.1831710492366;431.8385762133956
68163;0.0;90.18542857217376;521.5778668205561;688.4018054807375;728.1810523692869;843.4089448539856
68165;0.0;4.59145971691049;14.37619034556319;14.42002572190431;56.7718438233335;33.34544682635051
68166;0.0;329.65571012196574;564.456960077611;1510.640847405019;1564.3958266616005;1286.059438833698
68167;4.81694665161946;17.98532829435196;22.40717999501872;46.28005773390682;91.78336150241051;138.97747678364993
68168;0.0;0.0;34.722473512597;44.76085312603114;39.9286277306467;70.00527475204488
68169;19.4745273446498;14.5863558899528;14.6451773430602;82.75691923226047;63.32163923254636;48.5982436760256
68170;4.82429017308396;4.95542819239531;72.52701202980323;54.16573790571272;90.26401807620586;95.24008482519332
68171;11.6658572573496;16.47887577974639;37.74902651294243;77.79886855876084;107.10865783531798;117.03850805137596
68172;10.2484891502958;30.52930596147112;66.46245069336081;194.3280210144649;214.48014113354665;265.8078668683912
68173;5.13692902514692;82.38136790463;196.2442679977016;264.1019603356124;275.2306526972967;180.02563276963156
68174;5.1182410641578;25.250226157549232;91.31387181585764;227.46143650229223;226.7849399085095;160.9251714156475
68175;24.431634560624676;64.96358040231712;59.40094283837343;188.4058385410663;213.58261965572717;184.66032761040853
68176;4.87027283430894;4.73851403696582;9.48059263412528;43.84701109730604;43.71168773976936;38.72064989245969
68177;0.0;47.97274691987948;63.87091626406948;191.3054833873716;178.95384264959466;155.51942423681515
68178;5.1628361101866;15.47297121986136;46.37239584224934;154.37178959141022;159.61268858870508;77.30261271789382
68179;0.0;21.23747200491114;35.27652207682855;119.84307639894423;85.35439593608923;114.48450584698143
68180;0.0;30.263879917529216;70.59930577979185;161.48167233835585;85.70659786562005;65.65431356290689
68181;4.36291970525276;0.0;9.23827956149865;4.79400269151388;20.21275972434067;65.6008437588381
68182;5.13525283727476;34.44498156069088;180.7608409432223;184.6301110598188;98.19981644277892;58.174401241508434
68183;4.86111111111111;0.0;19.44444444444444;24.30555555555555;34.02777777777777;29.166666666666657
68184;5.26176831920026;10.29712659354528;5.03535827434502;43.82019607925963;44.25395085375693;69.28362295005425
68185;23.94390641530582;59.06398925711631;73.63886955902615;147.89350316282383;167.45485588849164;266.1227061881571
68186;0.0;0.0;40.4980212174077;20.18490112087479;25.2069743681592;55.78705172792006
68187;0.0;10.49564470597115;21.69553665029952;36.49513327297586;25.795482919907226;58.17012434432115
68188;0.0;25.88024722459242;41.52778889070666;82.90835445494326;82.86973348383282;78.05484360056151
68189;5.17161189938724;15.73973048542432;110.64741067206934;227.72551875351175;89.2837296863458;74.78357474873211
68190;5.33333333333333;16.00000000000003;0.0;0.0;10.6666666666667;0.0
68191;0.0;0.0;44.86262692412376;104.88022140423227;80.18212075506922;70.1711991618216
68192;0.0;20.5204900065791;20.36722274322015;35.657050107861906;40.57661846872869;66.01783445676361
68193;10.3506292455098;25.68264494499428;26.18481620836343;46.89381632454296;108.42566067801704;138.2850539932238
68194;5.00712576832511;0.0;20.05856619078632;45.17687425459774;35.102462672854585;50.19907668998629
68195;5.10821696063656;155.52585823620467;363.6402399021548;718.9866144099657;627.5288227440692;605.3483384543819
68196;4.1076734184852;4.95517965785812;8.762515008187481;46.95915112785231;64.62373671918576;24.03264343066616
68197;0.0;4.78351466854979;66.88678217429693;62.01019784593031;57.27828426146321;38.20616033032673
68198;0.0;14.376597349165678;18.77601127166216;70.22546480017586;38.15461635899566;23.88064998917582
68199;0.0;0.0;9.24659363632164;50.70086321846834;42.94015934235938;73.63609419248188
68200;0.0;4.85435221625386;20.19935985143704;71.19236202571221;106.13325444113958;96.2344412511436
68201;4.84143823293372;84.99180333122345;145.29743884166572;388.9730747179189;359.10768876483223;454.5711446822989
68202;0.0;4.8;0.0;19.2;19.2;38.4
68203;4.82481281800457;35.90066047521081;72.53851653649838;167.71545420300177;171.94178474997528;147.82106100404934
68204;5.0305468778409;20.21249197670012;30.05119473018445;115.17069092603876;161.4346071886418;141.04070287494173
68205;4.95179880593591;40.13623583113272;59.91399230328479;215.3302778914604;1030.3211965123726;115.22065597384122
68207;5.00615481898303;15.01846445694909;82.13783184772551;56.1347332817145;45.48840022852514;86.2865345061086
68208;5.16371603666976;14.612925427807358;97.80536675591404;110.168907802599;42.7979814379789;59.31118427640491
68209;33.2768982583283;18.06926061005581;57.42925342136627;97.08623168965032;104.70238538071771;72.67616564122885
68210;5.19751328849698;15.49171680634988;15.46657186133609;30.9833107788683;31.11001579184592;51.84977965295061
68211;0.0;15.08655122690306;35.18592722244487;40.11307804001463;35.26870456565869;54.774524948909466
68212;14.94221710142271;19.92092910056956;25.52805853589657;50.68934672247306;55.66648485574895;91.23651373778864
68213;9.19430472846396;14.46561974672227;9.8745356780947;23.82694806479172;42.74047598551401;38.34741840386723
68214;0.0;9.81159805458425;9.9758642159655;68.14605796838434;36.12788037010892;62.45515361125617
68215;0.0;25.08027798493272;70.03481472253536;65.16054409224328;79.73902182343714;109.4873939378576
68216;5.33996320372765;14.469954494938971;19.46443042165074;41.15241398671154;59.70468713408828;74.94770144665017
68217;4.97098118552007;44.96018317498506;34.90727342361669;158.7873439080024;144.45778859896586;188.6901636543454
68218;5.0314196135225;70.28389714240478;282.2201539914959;564.0778350785629;386.7936139314753;261.0389848108721
68219;9.66141654218934;19.08495550725535;62.39267785801657;155.83341557940736;116.06153304092362;86.79865497752955
68221;4.99103280891292;14.80563568605365;44.422736103752186;140.5313252092533;75.09561478141505;105.14322451317524
68222;4.66336512342904;13.8777992494904;69.66976658302372;149.5848898073078;144.9270856427637;163.23600989600942
68223;0.0;60.44461726463431;50.85330593576346;114.61883872220338;90.57611676537611;138.37362971598662
68224;11.00302178865481;1980.1775757633231;5191.960204772919;7884.322423715108;10042.315507787014;9712.186576396462
68225;0.0;57.75475256232348;144.79122461581247;187.12935518102705;192.77463424670145;212.97526659012416
68226;9.94817850505596;115.28267089863807;200.06224440046395;380.4138644045895;565.8830725288784;484.8260884175173
68227;0.0;19.944899201511568;100.00569855797724;235.5510717226496;135.3571200312918;150.4818539859201
68228;9.79266816171302;14.84005782498041;29.69115548028268;59.887166282274265;65.04708595551068;54.62372813616565
68229;0.0;9.64705882352942;19.29411764705884;38.58823529411768;9.64705882352942;19.29411764705884
68230;0.0;0.0;14.91546971249523;74.03758303377657;75.64261138677293;82.01698360140895
68231;0.0;25.083859972568987;14.938516425554573;149.56483408620062;159.68936789748278;389.90797427285713
68232;0.0;31.75477627733138;31.76031708516789;68.84635043954655;68.8130823832226;63.55386743393557
68234;0.0;4.94673159203039;57.02641505897771;150.89098416750195;78.291410870839;72.31798285798232
68235;10.0570476595802;29.986397244030712;65.65398077350434;245.94661761395844;146.30029783211276;120.87666054829992
68237;9.83226873095339;34.75883117818576;54.1660360340504;69.17092409509237;39.58343126811224;54.67772498439122
68238;0.0;31.5918090530405;92.29234251264567;127.72253167624744;87.98633805023147;87.36052206289887
68239;0.0;9.72893753976766;14.55546859380447;43.48456174858737;43.27802432036313;19.27728047961341
68240;4.94669233093405;30.361708630249183;57.96622264994863;109.56902569983684;119.44611388885885;212.7154074345397
68241;5.16230668815093;14.158594854232993;42.72196633459439;125.12362848597598;86.60103327531257;105.45508554723702
68242;15.3406979397752;15.402353357218072;56.44728967362802;189.61903186932216;194.760766603085;174.01165483549332
68243;0.0;4.72413793103448;4.72413793103448;14.1724137931034;18.89655172413792;33.068965517241324
68244;4.63547772641683;13.73726632602413;19.07528373874833;42.27213724782984;63.40575581052131;50.33898333214802
68245;4.77639349460765;19.1674449239042;47.72383765053561;47.76473332936308;23.902768454594693;33.39395011673342
68246;0.0;19.84498758972558;44.7707279156773;99.45824691130872;139.26856860694463;188.53902775920503
68247;0.0;25.40608020274856;35.903914817871474;118.96594106156364;128.331791316669;207.80283853842417
68248;5.06598900292115;25.34173635192951;24.86401616574276;107.1736442583348;94.68761478361311;72.371262271192
68249;25.5377829552877;149.91027099546682;180.07865227245654;386.2853651003122;408.57159679410506;325.8110248282224
68250;31.10950283958517;30.63816426617492;87.84772919964277;118.72331639475183;93.25658865162414;92.24419634408856
68251;18.94771801585631;33.21417372443817;85.92377297517973;139.77510778971484;77.34603786744943;67.7660316954032
68252;9.893637548668613;55.36639125607278;116.3336437459338;199.1458241335899;203.82238735378564;194.802705600143
68253;10.18298799683096;35.86780739770539;92.07664711903465;306.7040780286696;229.92784565983595;305.9504736372513
68254;10.085279078589;25.03972437487508;55.18035144870364;131.40030318942058;80.91264547741571;106.07020493970175
68255;30.019941720896;30.13819638129272;119.96291273520632;184.75557876355043;185.04840609962287;159.48492709258286
68256;15.885497354494;288.1589949759453;497.4867980542266;1100.2176094964927;1129.8286442099998;1029.8028951909694
68257;15.15498772551191;26.63578219050188;14.55237377837418;78.65089801725561;89.0057176715704;167.13525395885733
68258;0.0;96.13357133406468;223.48122014562028;422.40567945824426;385.8080566736802;328.9564979761529
68259;15.42034126888715;5.21893896402748;20.66484398021528;80.41343597472422;67.98343144847378;45.79875772643992
68260;15.638199477021187;52.42137907923616;52.76763666300175;172.4814022763249;173.99847197976774;106.48537074931706
68261;0.0;5.05967060397346;5.09062582899014;45.53760013604834;25.29910480896824;15.21071997765608
68262;0.0;14.28623045154708;14.15905427755189;68.21415975803268;93.36765184733824;132.3607882717079
68263;0.0;19.62307409706445;44.80543904631747;110.4573168427828;66.43819215542582;65.02276935950567
68264;5.07309528177472;20.92486940178742;57.55404107655277;77.97277489984822;87.61591086991866;72.8877267694889
68265;0.0;25.174110777826;125.6501426237955;171.3297456799202;56.49755701492042;57.31365256937973
68266;20.6065444440826;36.18652838279856;98.2400862937613;366.32685760973567;263.1930663884121;283.8381266571875
68267;15.9377572959321;30.32485491140655;122.46879193211554;309.8788249442526;224.46970336454635;232.10719132271493
68268;0.0;14.93890191731523;25.21027043545014;74.39360783450795;79.13819114743099;124.97072434499556
68269;49.71543874828546;158.43689678915106;207.7911676085276;481.0843810461927;534.5629793185316;446.3839536332341
68270;0.0;90.75242325235408;280.3535694466374;490.1157343706979;421.5104123383905;381.4146405799171
68271;4.0641290569073;300.4202536793688;1207.9206186067995;1491.212975925662;1366.0897773597694;881.0479546609348
68273;19.76997697545578;15.30679324420783;34.67627880703658;59.31190798753044;69.95127701403457;49.87594919257713
68274;0.0;4.81818427732567;4.81818427732567;48.18184277325674;19.27273710930268;24.09092138662835
68275;0.0;9.77093715716266;15.2444029411519;54.73506642256104;49.88638320923065;30.00062761593702
68276;0.0;5.18918918918919;15.567567567567572;25.94594594594595;20.75675675675676;20.75675675675676
68277;40.710963212050274;50.79601611878178;103.8204782673103;101.84401322295778;122.6289674010988;92.60804106859914
68278;13.41265178467911;307.2616779988651;995.0464227340724;1782.3949403630957;1658.4684859481547;1407.4066350366109
68279;5.0981218623966;4.94370515861588;79.86765866238362;124.51540572875828;69.82636746006985;94.90938653386064
68280;10.7743941177519;0.0;0.0;48.61676109358401;48.705693445432935;32.58859083614058
68281;9.99130209350728;25.35400154315902;54.42842514684814;73.99525062558808;34.77053322275331;29.72934895332228
68282;0.0;15.59731881452523;25.59080318896156;30.740676606362356;20.58965535549562;41.47158879327263
68283;0.0;4.93237176231984;50.22100075154776;105.65750390507168;81.14146508257704;79.68669671010343
68284;0.0;20.48546745419728;10.3358595077083;91.90306468588024;71.60429350664516;81.9427205191641
68285;4.64119407231119;0.0;20.10115365890616;62.30742426746486;43.12028985767256;44.67173715302387
68286;0.0;105.03576679061308;205.52087345591485;351.6180350350102;289.85874854053594;261.2842854718248
68287;19.99159690328736;109.51643592918694;289.0725451486471;538.3814143533507;414.00031583806935;393.2238333126991
68288;4.82386772909068;0.0;24.699401333457335;59.4532534541879;70.37538417331093;70.5686461003456
68289;26.8769058458637;62.37550728114429;125.3910350882008;277.07659222429425;316.3561595256549;269.77640496966313
68290;10.80297243314468;26.86708317931105;32.032584612125284;128.50874041920156;102.06478094786422;150.06582858441243
68291;0.0;55.95579223520572;48.95636638432773;111.52918833062476;125.63980931808896;226.33478230341728
68292;0.0;110.58122185597446;90.31383631398214;190.5070216392603;227.39219385373207;308.33277713555924
68293;0.0;4.9375;0.0;19.75;4.9375;14.8125
68294;10.1371195605719;50.28772422107021;87.88157492300218;159.61732487684037;230.12858668143988;226.9560973788686
68295;15.2311517265295;87.77566200270078;218.57169001942987;490.9167052756041;431.77345105822616;357.9954311638226
68296;20.5956770578974;10.05127761871791;68.05307793800245;101.69613110604575;103.95917518126336;83.18876641817832
68297;11.42309052305658;352.9871749812448;1539.4754432054808;1895.6507479118811;2589.281040785349;2882.2167562950845
68298;49.595191984133706;109.50757798197844;139.07341486149906;416.2172551268357;476.2926714803467;474.7393950754208
68299;0.0;0.0;20.85717939890801;51.778919320357545;41.24666806271493;30.464658086817657
68300;0.0;120.67084314820748;321.2669122433685;652.77314352106;673.5307330901711;495.3258661641749
68301;0.0;35.78598130553565;173.72577037889954;181.667008257641;116.0588233740045;124.5101114403512
68302;0.0;14.75340917871288;78.4589245826161;131.9911751883362;78.0736580884491;33.62563132474492
68303;0.0;19.14893617021276;9.57446808510638;33.51063829787233;14.36170212765957;57.44680851063831
68304;4.69454313352358;39.30622886735005;69.23063991291987;217.90889947538088;201.749653091105;162.29449408714723
68305;0.0;34.01049538456342;43.75579652647663;155.51563600376085;189.57694482507156;189.54330216080723
68306;4.65150884941189;19.55913685478217;23.66914223664992;71.69492774492727;56.36704881222336;102.48341997818184
68307;0.0;9.67204760402864;9.58767849768336;28.933195767650982;62.29556433908897;116.73812814900324
68308;0.0;4.82830707104538;19.08480105292741;52.82882638730946;33.51488564987347;47.14094276036128
68309;14.41142221449027;81.95206414452281;366.1164643708331;573.566846806483;582.4394297044561;467.3754254796346
68311;38.48109645269595;10.25184217628481;28.54013678086822;77.27481320064268;67.11292630087058;87.87788516501777
68312;0.0;15.07004704539299;15.73606718414306;20.74767488534178;47.05724870271134;41.49897396649574
68313;5.08399028924901;24.75961529681916;51.39951911649996;76.41753352067157;127.55509622463354;132.10438887410447
68315;14.7614729239349;222.0699899544401;472.8667781419384;988.5407609318996;762.1094879437792;792.0604845452553
68316;0.0;30.07905245558767;45.050917206075326;90.24147911181733;76.1157850770822;60.5894391106728
68317;14.27669774161794;48.270040054563474;53.38061904267726;91.85481541787271;149.4902394650107;207.6858525348156
68318;34.79050374171007;66.85608791822551;151.15384417179368;391.47722052618656;238.90809388853776;237.4330726661848
68320;0.0;71.27513682426924;114.3241854566719;217.0740349965829;166.23718282954792;132.24689733375033
68321;4.93710879295347;75.00968905686213;159.99768963892038;564.5448093807388;424.0724200998321;595.0340409511306
68322;0.0;20.35076600741415;96.43394945476076;163.22681872131582;112.35440581670322;86.18218706162335
68323;5.39780984942679;10.69488244857361;75.17589625380337;189.9709855985135;75.07523119016881;32.29183341472018
68324;0.0;37.8303597474256;52.76698396412444;100.4539792391967;81.59337651491553;43.12414104843612
68325;14.81560570944216;20.06450553835972;26.358185807643583;96.27940651155532;108.32475786638555;111.12290467702584
68326;9.86678532594842;14.80017798892263;0.0;34.53374864081944;9.86678532594842;14.80017798892263
68327;0.0;4.98261016229211;4.98261016229211;40.16101673584224;55.16337492539368;60.25519291323912
68328;0.0;10.66666666666666;5.33333333333333;5.33333333333333;10.6666666666667;26.66666666666666
68329;19.11871133962596;67.91295796431882;58.60495165415977;120.3598125501991;121.43355250507082;196.10868406608827
68330;0.0;0.0;0.0;52.334185996428346;37.90195841432513;80.9232678112088
68331;0.0;122.85768142467442;156.3107571456578;256.52908447429223;178.98804572594688;148.8306503142665
68332;0.0;20.35769243944436;97.7583443407671;180.2715017055003;107.19109327064552;86.34426157301753
68333;0.0;8.98732457860465;4.5999870186223;31.66702743074351;27.064524306095777;44.22515400237315
68334;0.0;151.8853104379136;507.3407838303049;846.5137770935834;785.5481086117926;840.647735768394
68335;0.0;10.08148992882872;27.64979840325827;69.69537008037238;46.36616877269884;36.72233732622317
68336;4.79594133469121;0.0;8.66273665964516;63.3057919805935;28.505564462482013;86.6510179695194
68337;10.46452067707394;5.47686932447472;10.70633572158072;46.86218218739696;77.5546915808358;99.33573657803622
68338;47.55952868093637;133.78262469513817;296.0617010643117;535.5713494526573;364.0136804927329;335.4747555953711
68340;0.0;21.79532223321312;16.45651513516501;63.83755028596537;58.20547263940966;37.31774052843751
68341;4.73381730343512;4.73381730343512;102.83631886287723;152.81818739461545;97.6281735818097;97.47987812359264
68342;15.003989156939248;44.70520860098181;130.70817252967964;226.2893855829693;225.9868541009826;190.3174109570931
68343;4.91592399105135;59.1496050351565;177.62561607736106;429.0960820471507;261.54904316637067;261.4781739737692
68344;0.0;4.95933567262949;10.12329743596389;40.3557652692906;35.22633313180832;85.80805668958646
68345;10.84956107214146;16.17273943952283;37.56705507773781;112.95589110298891;107.37990791757623;134.29916097465946
68347;0.0;21.02420139829673;36.19056062127575;61.58357356706929;76.78509324556786;65.02168090589237
68348;0.0;39.59607821590184;123.78906888029285;322.07189985213154;326.838282215442;345.819603815045
68349;10.0753050915611;100.96491269879512;530.6007077593266;500.085054241984;545.3479255083996;439.0069519630295
68350;14.18004753128056;10.93315433190358;64.29079263571694;39.24498406968202;50.17730239537363;19.62706959150637
68351;5.25669634816837;15.05929510009817;51.84373148477401;72.0102392123445;60.94798196440917;96.88994186843232
68352;0.0;45.24376758673506;89.77089972462218;288.7554685656173;323.60259371824367;489.07481167105385
68353;4.9949357824767;4.63885544783538;54.93994261556246;69.35165609240578;49.2918628833322;55.4097053975806
68354;4.88314152045019;34.86535757689529;62.95539703709049;156.3885174960967;117.52883637642648;59.69748199281972
68355;0.0;24.77925186957227;64.61248095060193;239.39116764248723;196.40954735044332;214.45229190123672
68356;9.83307753360657;9.83307753360657;44.24741036322211;157.32492476587063;142.5875373802812;83.58259736314967
68357;0.0;4.94200117949017;60.4238021508557;75.65369220211484;60.5115898446163;45.48166125390841
68358;10.2783743654413;30.43524576849238;10.038475319293209;70.59039128031912;60.78808199717477;50.11857989308762
68359;0.0;44.64077242761944;194.06486954254785;222.45717953589937;133.74309620619798;183.92180033349103
68360;8.73765396788768;9.89609075519292;53.55984526078498;77.93190117120798;115.1438184780016;100.65116839348715
68361;0.0;0.0;8.65850066884071;35.70499432626182;26.87290951339571;40.94666260669432
68362;0.0;15.30713063357456;51.14980604791142;117.4676847833145;86.95759789733575;71.71976436080476
68363;5.15958364377784;5.18732741252027;31.26417915341556;67.77132243877763;98.81145405825306;125.25106815731806
68364;29.56073239274188;44.26552811470652;68.90532816443014;147.48997728746718;98.56255117723386;64.05797199842885
68365;36.4620602505021;61.8749210651259;161.58423922227036;193.70312855245285;168.5816814391895;119.46832208873822
68366;5.42803688539734;15.77451059772298;56.133657101623086;78.02364891164918;90.33496684919952;88.58853221153085
68367;0.0;43.09587516855463;90.1177100414468;228.5935264276071;135.0610430507778;160.50488528295304
68368;4.9426366134333;54.80775168663557;113.87387626622872;167.5777792072551;103.8993226181962;59.58231442487843
68370;5.19354838709677;0.0;5.19354838709677;5.19354838709677;20.77419354838704;5.19354838709677
68371;0.0;5.13841905915874;5.37366456038597;37.03154659638917;31.54151729699544;42.28633171343916
68372;4.95244696260085;50.02194536681053;69.96125294534335;148.0353933623099;162.65416112568727;249.75305987949076
68373;9.20265910820349;9.72419469462428;9.36327421217002;40.244277968562194;29.18649626797675;37.19269332370799
68374;5.0528741648403;243.4439923547316;592.9901474363708;1068.349493959594;766.7728149100641;651.3401164529911
68375;20.102557795955956;243.70657806647145;472.9932160966774;1240.9461180872052;1182.9643023744914;1330.452626671041
68376;7.04443268027397;312.49527999602805;423.3221169352863;1455.6102084870058;1685.8442446877589;1872.542451312594
68377;4.70335574336116;10.27277986549566;59.970761193317664;117.63221144770375;96.0461908065742;96.68183204934272
68378;10.15952551183398;21.02346532970832;20.02834584365984;39.12249387458467;30.22719026167437;63.66955331590224
68379;11.5780522155172;16.982714228255702;54.72363272519118;166.58797876665295;107.5358964246756;150.48437229296033
68380;5.24524551685153;10.27628645598648;14.59806583268837;67.29903785100004;41.29762676389751;76.36234807459974
68381;15.369564771302649;31.199085351312903;30.05667152727213;120.7191302388288;65.3372841542909;90.69296637119209
68382;0.0;10.74350279755782;39.74476773662268;30.30626884931843;38.30424399173031;61.325667927228174
68383;10.3876415328553;25.78566565597949;36.78888015375744;36.5408975659939;57.56270066509532;15.64235884815884
68384;0.0;69.32779524266317;172.64022068250858;306.9196758425689;340.0361752556987;272.7183761081761
68385;15.309690081707782;30.747109000689868;76.71109124778182;97.2515729182978;86.90569425757533;71.61926107935044
68386;10.0779781330698;55.465052869679056;121.016309404328;131.12553136303063;95.81972025237064;50.417842026020686
88001;4.13333333333333;4.13333333333333;0.0;8.26666666666666;8.26666666666666;12.399999999999991
88002;0.0;0.0;0.0;6.36363636363636;6.36363636363636;0.0
88003;0.0;0.0;4.06666666666667;0.0;4.06666666666667;8.13333333333334
88004;0.0;0.0;0.0;13.65517241379309;4.55172413793103;31.86206896551722
88005;0.0;13.70154083034695;4.83327526660839;9.37736313932186;22.21024062951972;19.94828383467198
88006;0.0;5.28459243535703;27.69296163598713;43.33110363350961;38.26214650670122;23.64935835777036
88007;14.4;0.0;0.0;4.8;14.4;0.0
88008;16.65517241379313;5.55172413793103;0.0;5.55172413793103;11.10344827586206;33.31034482758626
88009;21.798897226808236;105.95388468607165;75.2856480206899;337.66810981517807;382.0749498178948;385.7868106795826
88010;5.43243243243243;5.43243243243243;0.0;16.29729729729733;16.2972972972973;38.027027027027046
88011;5.04576500555458;64.47122988523388;70.57779647857028;191.42444379051776;196.0714720122784;184.52173003817293
88012;0.0;25.52346073265287;50.21619034792777;157.27955229787338;111.30683782421012;145.9328604916997
88013;0.0;0.0;0.0;0.0;4.5;18.0
88014;5.25714285714286;26.28571428571428;0.0;36.80000000000002;26.2857142857143;10.51428571428572
88015;4.82957214537116;9.11049280625619;0.0;9.00381962382422;0.0;9.00628874890325
88016;13.59487579704135;4.53162526568045;0.0;8.97201653989922;22.29502715194344;35.80425480445303
88017;15.636363636363612;10.42424242424242;15.63636363636363;5.21212121212121;26.060606060606;5.21212121212121
88019;4.7;14.1;0.0;9.4;9.4;14.1
88020;0.0;5.30555555555556;21.22222222222222;26.52777777777776;26.52777777777782;10.61111111111112
88021;5.30966701017209;4.61050406997295;5.065562292358;9.6653599137576;24.4279092511845;32.58676015948796
88022;0.0;0.0;6.05405405405405;6.05405405405405;30.27027027027025;42.37837837837835
88023;0.0;5.3125;0.0;10.625;5.3125;26.5625
88024;0.0;4.44444444444444;4.44444444444444;31.11111111111112;13.33333333333332;13.33333333333332
88025;0.0;0.0;0.0;14.000000000000009;23.33333333333335;0.0
88026;0.0;39.39296988024386;87.73598897386051;123.59904374573676;140.39184346602204;61.91776552418525
88027;0.0;14.37931034482758;4.79310344827586;28.75862068965516;14.37931034482758;14.37931034482758
88028;9.40194694111956;19.59362468696271;72.40387783314286;87.78568778134152;51.33564323799047;75.6043613619184
88029;9.86406598680449;29.747351665729617;40.410567494960105;123.3770918536986;184.22470797732385;89.51292690596404
88030;0.0;27.5;22.0;11.0;11.0;22.0
88031;5.05;5.05;0.0;5.05;20.2;5.05
88032;9.72683590730398;34.81774386383302;39.731615465465154;128.00271962352832;143.05119879598803;143.56208386323624
88033;5.21246938781152;0.0;5.05832704305587;40.8877594573463;25.6359985059004;20.5020462145701
88035;0.0;5.53846153846154;0.0;0.0;22.15384615384618;33.23076923076926
88036;0.0;0.0;0.0;0.0;18.21428571428567;18.21428571428567
88037;5.28642780174108;53.30428827545354;58.23021478735659;133.72175252695098;84.32182566536179;77.81126842890997
88038;0.0;0.0;0.0;0.0;0.0;6.0
88039;0.0;13.30468795950654;10.690476960521242;53.56517292484264;21.4436192356626;45.88635255496671
88040;0.0;0.0;9.13690901245772;23.54956850740336;29.4480284670773;27.71240368607053
88041;0.0;0.0;13.636363636363653;22.72727272727275;9.0909090909091;13.636363636363653
88042;0.0;0.0;5.33333333333333;5.33333333333333;0.0;15.999999999999991
88043;0.0;0.0;0.0;17.44;21.8;4.36
88044;5.12293561787665;35.86082356055011;35.916969717409586;35.82346199731057;61.494560478966925;82.17427934547968
88045;0.0;4.63157894736842;4.63157894736842;9.26315789473684;4.63157894736842;4.63157894736842
88046;0.0;0.0;0.0;10.64;10.64;10.64
88047;0.0;5.10714285714286;5.10714285714286;25.53571428571428;20.42857142857146;40.85714285714288
88048;19.948843137323;39.77332193993595;49.541394000633645;147.88376611531004;113.5458883037653;83.8710067831348
88049;0.0;0.0;0.0;16.799999999999997;0.0;16.799999999999997
88050;9.483433557195193;9.47730247721804;13.73125346003194;47.12463589659573;28.4687018441839;24.06531490058681
88051;0.0;0.0;9.4074074074074;0.0;0.0;18.8148148148148
88052;4.84210526315789;4.84210526315789;4.84210526315789;9.68421052631578;19.36842105263156;19.36842105263156
88053;4.75757575757576;0.0;14.27272727272728;9.51515151515152;33.30303030303034;23.7878787878788
88054;4.70520509233592;14.45070865181622;24.572317181291226;32.21127480122088;34.405162430080225;24.97495152753499
88055;9.87878787878788;9.87878787878788;0.0;9.87878787878788;19.75757575757576;29.636363636363644
88056;0.0;5.52941176470588;0.0;16.588235294117638;16.588235294117638;5.52941176470588
88057;0.0;0.0;4.33333333333333;0.0;8.66666666666666;8.66666666666666
88058;0.0;10.22222222222222;0.0;15.33333333333331;5.11111111111111;5.11111111111111
88059;4.6934748778001;13.45439802396713;4.74729847114149;9.44077334894159;32.8035448196822;56.37735283922103
88060;0.0;0.0;0.0;0.0;10.6666666666667;0.0
88061;5.12126559629589;10.310688747120071;0.0;15.43284952041435;41.24546434681794;36.12419875052202
88062;0.0;0.0;5.8125;5.8125;5.8125;5.8125
88063;0.0;9.92592592592592;0.0;24.8148148148148;19.85185185185184;24.8148148148148
88064;0.0;0.0;0.0;14.85714285714285;0.0;24.76190476190475
88065;5.15124583723135;20.5925270572086;0.0;30.89501688684789;25.74555157413764;36.03914431606655
88066;5.41666666666667;5.41666666666667;5.41666666666667;5.41666666666667;5.41666666666667;0.0
88068;0.0;15.977760898455148;47.2651883621348;108.14914944038983;138.58358519380508;85.29601610205961
88069;0.0;0.0;20.148148148148135;10.07407407407408;15.11111111111112;15.11111111111112
88070;0.0;0.0;5.23529411764706;26.17647058823528;10.4705882352941;20.941176470588218
88071;0.0;6.125;6.125;6.125;6.125;0.0
88073;0.0;5.36842105263158;26.842105263157897;32.21052631578956;5.36842105263158;21.47368421052636
88074;12.85714285714287;8.57142857142858;0.0;0.0;0.0;0.0
88075;31.88211984650992;170.43846881323043;168.69272786244002;533.7354860021085;448.38416048447743;282.90338850527075
88076;0.0;19.90768380337607;0.0;24.380066119446823;69.09238445152263;63.71559454369836
88077;5.11737057132362;15.30939292687832;15.28830061714524;50.70593275814469;76.0371868460233;106.16958847247976
88078;5.12168998208316;50.95726976366846;61.36333588632472;168.512180790258;341.2537814445575;290.13403495605104
88079;0.0;54.95090431487122;54.74194994717353;184.6180792323121;164.73125357712897;198.49807487191268
88080;5.49709872865289;5.49709872865289;24.60774829264294;30.94948005319632;31.27903296689063;20.26783290806569
88081;4.69943228866084;38.88043216786152;24.543882439068295;99.05638174032322;134.19495497996195;134.84904020179548
88082;5.47030639398985;13.98304342776915;30.0300620431776;60.08272143501496;89.58562100207956;76.32435861772318
88083;0.0;5.24390243902439;10.48780487804878;15.73170731707317;15.7317073170732;36.70731707317077
88084;4.88403211237445;40.13885135204746;20.09587135377062;65.17741664518498;44.96550296067751;59.558307500139726
88085;0.0;10.0;20.0;35.0;30.0;10.0
88086;0.0;5.12330349788245;19.27131548381486;58.84572163292539;56.68852694022525;37.57605070250731
88087;0.0;64.37721696502577;258.64633358993126;432.8971466944204;432.8189865229006;214.2978283739461
88088;45.6237156797595;25.310509831017548;15.20732335588404;85.99861753314572;66.11270668862964;50.58591473002008
88089;4.93416469952831;34.31864325584766;9.86946391297652;77.76866446269581;38.5933786093376;77.55697662968112
88090;0.0;137.77579705853952;157.97726145321263;497.9589997200852;574.998318467969;510.2166078379457
88091;9.67362751364278;0.0;9.67500205682612;29.18811088881946;49.44551210840347;79.46436082981037
88092;19.92399050851483;19.67247480278825;10.02568333687956;49.56046548191108;85.12869073864009;69.9956620000804
88093;0.0;4.625;0.0;0.0;9.25;0.0
88094;5.07669698455278;51.23529943637184;61.32200836927328;142.81786686010048;193.8539842819073;183.93377756467976
88095;10.016402704879;35.21164878720206;34.78299054520443;165.06361114777644;185.2166341440073;273.20138438598684
88096;0.0;5.14285714285714;0.0;5.14285714285714;15.42857142857144;15.42857142857142
88097;0.0;0.0;0.0;4.2;8.4;8.4
88098;4.78682973692586;29.34510419812444;59.23171357129157;148.15900993024815;107.09332346009936;34.64798859086856
88099;0.0;28.971557303756263;74.37022910212421;184.78938134712908;148.0380481463529;104.34757297671688
88100;11.5;0.0;0.0;11.5;0.0;5.75
88101;14.9561899380996;40.56397463757822;60.478995290049234;171.63074415743264;105.69246536376482;105.61454864893582
88102;0.0;0.0;0.0;11.25;0.0;22.5
88103;10.25;5.125;5.125;10.25;5.125;25.625
88104;4.60527503563244;0.0;9.21055007126488;18.42110014252974;32.23692524942706;18.42110014252976
88105;0.0;0.0;15.688861291003391;10.45024127009973;15.68889634884917;15.63486356620463
88106;14.7617371131204;75.30962326741569;35.57717235079632;90.19239736197817;115.29348582482233;116.54552390196032
88107;0.0;0.0;8.57142857142858;0.0;8.57142857142858;0.0
88108;23.960386681919893;9.95444252386556;14.43255899379685;56.91351574338903;24.52781897927467;28.313976975279942
88109;0.0;14.20619608228078;19.549324039500192;58.02966803835143;24.253135259698272;84.56649477527317
88110;34.89473684210531;23.26315789473684;0.0;11.63157894736842;40.710526315789416;0.0
88111;0.0;10.188557948532;20.853923738707188;41.7768762209035;15.52168726840981;26.11803633204098
88113;5.44;0.0;0.0;0.0;16.32;32.64
88114;15.21904099516776;55.33083942471151;92.07591011065207;179.9814584480006;368.28069285168806;374.09803686749234
88115;14.9048325786354;34.07097692818806;24.224003280410106;79.38453098135793;163.51335624883927;185.40310128462124
88116;10.0790481337534;49.69743593219183;80.41735351487331;225.228505103774;344.5537666985472;374.53522510368776
88117;0.0;0.0;0.0;4.9375;19.75;14.8125
88118;9.97175626341252;4.73155542334437;4.85623124369285;55.10901313772164;89.2669963666877;100.89299398433953
88119;10.4705882352941;0.0;0.0;5.23529411764706;10.47058823529412;31.41176470588236
88120;4.98610262236763;14.95830786710289;9.16101650815856;54.26136015775264;48.66219230598987;88.11924065654611
88121;10.3249037528717;9.00630103129048;21.82055870904394;32.90521928222983;37.66220150141061;24.17377540431307
88122;20.12277124602328;10.24798853418102;4.96159800507966;40.94698182099284;40.6637404265656;50.81875118946987
88123;5.26187661706843;5.18494986247129;0.0;25.326057404269832;35.39165667910136;35.69488157276972
88124;0.0;19.3956901894762;15.03505182308995;23.58109027200011;92.20244551961572;145.98495516633648
88125;0.0;5.81818181818182;0.0;5.81818181818182;5.81818181818182;11.63636363636364
88126;4.95732200739538;44.7564093943002;49.696150597509146;188.73683502723952;238.4073665289733;119.18575098283266
88127;9.33333333333334;0.0;0.0;9.33333333333334;4.66666666666667;4.66666666666667
88128;0.0;20.70095344306761;10.34183742779784;25.77763694792187;5.17950103024969;46.49569814087274
88129;8.0;8.0;0.0;8.0;4.0;12.0
88130;0.0;13.871967377715702;10.2495209625309;5.32656177145561;39.84786010134122;39.6763508073303
88131;0.0;0.0;5.54210709969184;45.85085181638255;41.14955118938832;56.28744829308201
88132;0.0;25.48751733289409;158.74482342337743;140.42851513782392;150.97521790608522;114.03842365855088
88133;0.0;0.0;21.43589743589744;48.23076923076926;10.71794871794872;21.43589743589742
88134;4.91911641169729;25.074343408251742;29.64602677722199;73.95135737591758;34.20953713095627;48.39262371945718
88135;0.0;33.99908462261161;19.4298015519371;106.7149708640327;77.66957620081766;111.63762225486886
88136;5.08804301825472;15.080967301472022;130.56222358808623;141.10395223697654;181.6504699453892;130.79888943116325
88137;0.0;0.0;4.57142857142857;9.14285714285714;4.57142857142857;4.57142857142857
88138;0.0;7.42857142857142;3.71428571428571;11.1428571428571;3.71428571428571;18.571428571428548
88139;0.0;5.71428571428571;5.71428571428571;11.42857142857142;17.14285714285713;22.85714285714284
88140;0.0;9.52307395227596;0.0;33.54968975991944;47.921082226310105;19.35186394022049
88141;5.02316952326132;5.39875035082632;10.99569420593609;0.0;41.48973451493058;47.653434467266976
88142;0.0;0.0;42.786165310392846;78.15404115702735;53.6386336759547;39.23503084595835
88143;0.0;0.0;4.73835892412793;11.09535815584136;27.17025323375882;36.33455289481681
88144;10.7272727272727;0.0;5.36363636363636;5.36363636363636;5.36363636363636;16.09090909090908
88145;4.81818181818182;14.45454545454546;4.81818181818182;24.0909090909091;9.63636363636364;19.27272727272728
88146;14.583333333333329;0.0;0.0;14.583333333333329;34.02777777777777;29.16666666666666
88147;18.7537557821504;24.34467806822464;4.6884389455376;57.736899331731664;47.00882278664834;38.52690784388359
88148;13.144856733990007;93.0695116022102;84.13018633850724;173.66353436811022;190.23688586112505;215.83991877876164
88149;0.0;0.0;5.88888888888889;5.88888888888889;17.66666666666667;0.0
88150;10.4440596864543;5.22202984322715;0.0;36.554208902590105;10.4440596864543;20.8881193729086
88151;5.09179228997731;60.638189319887296;40.11147373003801;118.02479668438752;153.7117024819691;109.3871440227351
88152;4.93335357015474;15.3592135557512;9.97704597472174;46.426153967706895;20.29256712590594;20.6310423023684
88153;5.04621245406923;14.92149583805889;9.94910385185216;20.18594575993756;39.70855515546791;39.13082442629763
88154;0.0;0.0;4.04761904761905;4.04761904761905;4.04761904761905;12.14285714285715
88155;0.0;0.0;10.3157894736842;25.7894736842105;10.3157894736842;5.1578947368421
88156;0.0;0.0;14.79999999999999;14.79999999999999;19.73333333333332;14.79999999999999
88157;10.1752445792134;25.14347719308695;35.43752187794423;121.49809848203677;106.36889051810574;70.97350469568845
88158;9.51038594857566;77.92358242159614;92.86526254908728;288.456527101552;326.1382892829157;408.16788792703136
88159;4.86429976038691;14.88186009775189;29.86886327489747;54.39072640695087;34.26183251055838;39.40227520074269
88160;18.87649025054805;879.9016834511725;2039.675428117524;3351.97715018219;3609.21096356717;1991.9788079448545
88161;4.99969156602303;5.31093338375024;37.052323164643546;63.29589231067086;36.86543591352776;26.72232272583801
88162;5.08571428571429;5.08571428571429;0.0;15.257142857142888;10.17142857142858;35.60000000000005
88163;15.04636087272031;14.91952863186433;30.34949212441859;95.96473223;75.98045971298447;50.70207519749548
88164;4.63636363636364;4.63636363636364;0.0;9.27272727272728;23.18181818181818;9.27272727272728
88165;5.52482349472205;72.30728603662327;96.0221392522555;319.2690070612577;255.20195921274785;316.5208415870505
88166;0.0;31.41039362221905;5.19841730086164;52.20857279050519;57.09161515325727;57.19821262749491
88167;0.0;15.97674418604654;10.65116279069768;15.97674418604652;47.93023255813954;37.2790697674419
88168;10.07407407407408;5.03703703703704;10.07407407407408;10.0740740740741;5.03703703703704;30.22222222222228
88169;4.38541824102384;4.60634489972479;4.83840130383251;4.38541824102384;13.37718138177247;27.48341430557509
88170;10.1013801977245;25.18341529907967;15.03501375225632;60.420530266645656;90.60717451926794;110.52825227365524
88171;0.0;0.0;12.25;6.125;0.0;6.125
88172;0.0;10.76190476190476;0.0;10.76190476190476;37.6666666666667;53.80952380952384
88173;0.0;4.8084518613369;19.38719759798711;73.28561188189194;53.40043186261382;40.50603752726492
88174;4.61290322580645;18.4516129032258;9.2258064516129;18.4516129032258;9.2258064516129;9.2258064516129
88175;0.0;15.07183691728178;15.05122774065726;70.344271617664;35.15156409166869;25.12883579752781
88176;0.0;20.23001344129536;25.29107402835934;35.51704433641478;45.77220008198562;71.07814624574819
88177;0.0;20.28648504371416;35.796155357317105;50.77772191726969;56.14829901890803;51.17179556375668
88178;4.81983967669281;44.75243136453652;148.33440618182894;220.6059997425727;171.5497648154493;125.65975400652978
88179;0.0;0.0;0.0;0.0;5.25;0.0
88180;5.47826086956522;0.0;0.0;5.47826086956522;16.434782608695663;21.91304347826088
88181;19.86016956775588;109.90631004582217;85.00676091998004;189.63901240015971;274.4158411794233;414.033873657093
88182;0.0;15.38461538461539;5.12820512820513;35.89743589743599;25.641025641025653;20.51282051282056
88183;4.90177157109986;5.08381520816924;25.99926202515649;53.32766914544284;42.02722144556219;36.16013164382897
88184;5.35522061770735;9.3757114655681;10.1536979832803;56.37495426232498;33.74479125084728;63.970923977887935
88185;5.47368421052632;0.0;5.47368421052632;10.94736842105264;10.94736842105264;10.94736842105264
88186;0.0;5.875;0.0;0.0;11.75;0.0
88187;10.4482721093946;0.0;5.2241360546973;0.0;0.0;0.0
88188;4.91871433467433;64.48181305644826;29.75785917629587;94.04582705094154;188.4820705079836;217.8439952980763
88189;4.33333333333333;17.33333333333333;4.33333333333333;4.33333333333333;8.66666666666666;17.33333333333332
88190;0.0;26.028359537425978;15.54125437830197;50.75758270099909;46.6431674720782;30.004269398967946
88192;0.0;0.0;4.45833333333333;8.91666666666666;17.83333333333332;4.45833333333333
88193;0.0;4.51515151515151;0.0;0.0;18.06060606060604;31.60606060606054
88194;9.35714285714286;0.0;4.67857142857143;9.35714285714286;4.67857142857143;9.35714285714286
88195;5.42105263157895;0.0;0.0;16.26315789473685;10.8421052631579;10.8421052631579
88196;20.06502762806153;254.1506472917133;442.512225275876;691.1623452667563;876.5840373330084;549.5237189878269
88197;10.1731048391167;5.55857703056917;21.58782596531411;36.06890440032758;31.74703922204645;47.14874169821404
88198;27.09102569208472;33.34295784711199;36.85659507762163;53.41020387768728;59.04488895439016;52.11226688181987
88199;4.8125;0.0;4.8125;14.4375;4.8125;4.8125
88200;0.0;4.30769230769231;0.0;8.61538461538462;12.92307692307693;4.30769230769231
88201;0.0;25.65431546667809;76.97344338726896;133.0149398973194;132.06830932155924;71.85177595695349
88202;5.51428571428571;16.54285714285711;11.02857142857142;38.59999999999995;11.02857142857142;22.05714285714284
88203;0.0;10.9225338252978;10.91377512581412;32.776332126179355;49.16892667009192;54.58643510187055
88205;17.27818936694766;13.563695775611968;14.63788109472146;28.52163785611465;23.27697577819531;31.24917452502183
88206;9.71745277472696;14.79849157666405;19.831038223205617;48.60343240541584;108.15282028336836;126.75472304012304
88208;4.91301955533903;4.91301955533903;0.0;9.915770691350591;14.73905866601709;14.73905866601709
88209;9.99423006760086;174.06501961541804;432.2479806069469;1008.934034477126;1078.5646618707958;750.1920679488948
88210;0.0;5.66666666666667;11.33333333333334;17.000000000000007;22.66666666666664;22.66666666666664
88212;0.0;0.0;4.90305760235421;0.0;47.07841738698471;46.96887121800993
88213;0.0;5.78260869565217;5.78260869565217;17.34782608695647;0.0;5.78260869565217
88214;10.4285714285714;0.0;5.21428571428571;5.21428571428571;5.21428571428571;15.64285714285711
88215;4.75;0.0;0.0;4.75;4.75;4.75
88216;5.2204709388138;20.48141635097852;25.906441055164706;40.38211822437218;139.80473067900834;109.07831104204536
88218;15.40357901325711;69.13865800156194;55.06524720946342;180.1286300573068;256.92664869761745;361.39973033313726
88219;0.0;0.0;10.22222222222222;10.22222222222222;20.44444444444444;5.11111111111111
88220;4.18181818181818;0.0;0.0;4.18181818181818;0.0;0.0
88221;4.49375233076169;9.526158312917389;9.54041222457962;0.0;14.38134279107585;20.1866395752718
88222;0.0;4.70433718914022;0.0;32.93036032398154;35.26106830816952;9.40867437828044
88223;14.911764705882362;9.94117647058824;0.0;19.88235294117648;19.88235294117648;14.911764705882362
88224;0.0;15.63671175187541;26.37894367968023;51.29171365541715;30.75038397164649;36.31810178482931
88225;30.06074525143466;69.16584600435903;109.11380673391008;388.9207073394826;278.5739732041035;195.39706203596944
88226;4.3;0.0;8.6;8.6;8.6;25.8
88227;11.3333333333333;0.0;0.0;5.66666666666667;11.33333333333334;5.66666666666667
88228;9.42105263157894;0.0;0.0;14.13157894736841;23.55263157894735;28.26315789473682
88229;0.0;12.3;0.0;0.0;8.2;8.2
88230;0.0;6.16666666666667;6.16666666666667;0.0;0.0;0.0
88231;29.064621612746866;9.53171897504714;23.351684340688728;52.578465247439695;28.15055350877148;66.17274282129863
88232;10.04651162790698;20.09302325581396;5.02325581395349;25.11627906976745;15.06976744186047;15.06976744186047
88233;26.451298260909773;5.28677951513163;41.79827074767016;67.43700501127773;77.9293786866909;88.90845100787834
88236;0.0;0.0;5.32;0.0;10.64;10.64
88237;0.0;5.16568656196346;10.1819413241755;26.60701753125085;48.84095866572831;53.535827107636166
88238;14.91492590665949;5.01618533876021;9.99935531294912;25.11483950144096;10.032595413094407;60.39837965564045
88239;0.0;5.25;5.25;10.5;5.25;10.5
88240;0.0;9.8325396723249;4.91626983616245;36.01829686754435;19.95705313341235;34.561922958448335
88241;5.01605089136954;15.53692387408823;10.15355934599144;50.915307292182106;55.31524752637932;40.02123877879575
88242;4.77777777777778;0.0;0.0;4.77777777777778;4.77777777777778;4.77777777777778
88243;4.94772913916709;19.9424351318659;4.96284402871854;64.72964425651583;54.68266712043375;64.69946079316816
88244;4.9479595807054;4.66780022905623;14.18835341074309;52.27060138669057;18.9547807561938;95.15446163152498
88245;4.62146804873782;26.94782413640101;30.09707106675617;41.87986704070412;26.94782413640103;25.52487448839254
88246;0.0;4.9389932196164;19.65710849753754;49.14271611881822;83.73234922612319;59.0043542177039
88247;0.0;34.53664193071016;48.9033663179236;131.96172431111543;112.46645103411076;152.24327202365654
88248;13.57894736842104;4.52631578947368;4.52631578947368;9.05263157894736;18.10526315789472;27.15789473684204
88249;0.0;0.0;0.0;5.61531224846749;11.230624496935;11.23062449693498
88250;0.0;4.65878653580104;5.13707683362923;38.22650413809362;98.05106158355844;54.69252175568716
88251;5.02869295882592;40.52603567421444;61.07761864083834;124.91631538445962;139.72980785254424;128.6909953281443
88252;0.0;0.0;0.0;24.16666666666666;9.66666666666666;14.499999999999991
88253;0.0;9.50662783644204;60.44014445594002;96.50279837372632;33.68145563283452;67.84714027715422
88254;0.0;5.46666666666667;0.0;0.0;10.9333333333333;16.400000000000013
88255;9.57894736842106;0.0;0.0;0.0;4.78947368421053;4.78947368421053
88256;10.7397130330472;17.479551781401568;4.2844575558773;10.00581023249332;25.49231570910412;24.91346795008115
88257;0.0;22.75;0.0;5.6875;45.5;28.4375
88258;0.0;32.52820325260847;9.29210159688586;44.0696598417849;114.00249160948132;46.76534379875067
88259;0.0;26.42855974480757;5.48325619055201;31.508185322519505;35.60752774045446;42.7001127019516
88260;0.0;4.7741935483871;4.7741935483871;19.0967741935484;23.870967741935495;4.7741935483871
88261;9.74872186701012;4.88591382464195;4.88591382464195;53.90745016732442;73.6716255412686;103.13866828850408
88262;0.0;9.733786761319427;10.40487749736195;33.44012520830194;33.41192254679151;83.65686244777704
88263;4.80952380952381;4.80952380952381;0.0;4.80952380952381;28.857142857142836;43.28571428571426
88264;0.0;0.0;0.0;12.6;0.0;18.9
88265;0.0;0.0;0.0;0.0;8.66666666666667;0.0
88266;9.3285421830002;15.20532303281638;34.2302368602637;65.32394480367884;65.74178199338499;128.58962377791724
88267;0.0;29.028373696746364;24.83134163803778;35.04588217996423;59.27847901026293;69.87679485401162
88268;0.0;0.0;4.96428571428571;14.89285714285713;14.8928571428571;34.74999999999997
88269;0.0;30.9226757577837;0.0;36.09232242772963;36.08367211910614;20.615841285555792
88270;9.91802016513006;69.84057086016318;29.92416270982219;139.80164070250416;234.33118956550217;274.8408806108896
88271;4.78121345779894;9.67317422239215;9.840253466269491;24.12692791380035;48.58673903727804;48.04179198393775
88272;4.5625;4.5625;0.0;0.0;4.5625;9.125
88273;0.0;14.91958666055647;34.28064466308386;94.8619821268392;25.43124539966272;25.01754309890455
88274;5.35651280839393;0.0;5.35651280839393;5.35651280839393;0.0;10.71302561678786
88275;5.17317851660231;0.0;5.40251303982673;25.00655219060873;15.75860523204993;20.492171766623983
88276;5.06060651294323;14.07825003605478;34.49137390437676;30.180172916497632;53.0789843378007;25.12705429973325
88277;5.55;5.55;0.0;5.55;22.2;16.65
88278;0.0;0.0;0.0;0.0;10.46153846153846;5.23076923076923
88279;0.0;5.44444444444444;0.0;0.0;5.44444444444444;5.44444444444444
88280;0.0;6.13636363636364;6.13636363636364;30.681818181818223;18.409090909090946;12.27272727272728
88281;0.0;14.849759078062831;21.369877013036746;74.63144649378906;71.95610122329518;39.79246474690586
88283;0.0;4.9375;0.0;0.0;4.9375;19.75
88284;5.35150736760451;10.62526760629562;15.87394847573972;95.44821494494948;58.32360717420962;58.29739828842851
88285;0.0;4.97909917783804;9.2933282726216;44.18783031554746;52.78619170780185;72.08163960179044
88286;10.21052631578948;10.21052631578948;5.10526315789474;5.10526315789474;10.21052631578948;15.31578947368422
88287;0.0;0.0;0.0;0.0;4.53333333333333;18.13333333333332
88288;0.0;0.0;0.0;0.0;6.0;0.0
88289;4.86651732637841;5.33467484406101;20.69528373991604;46.1203354092682;110.6273938319247;99.94775120884267
88290;0.0;10.00071519571624;5.00035759785812;10.00071519571624;25.0017879892906;0.0
88291;15.96;0.0;0.0;5.32;15.96;5.32
88292;0.0;14.99696739907388;5.08415161674732;49.45864159891683;86.41951031838764;91.97066309923704
88293;0.0;0.0;0.0;4.90909090909091;34.363636363636374;49.09090909090904
88294;4.69115197957225;0.0;4.70099697726799;23.48036465233785;37.58829098800574;42.26961342779026
88295;0.0;5.08695652173913;5.08695652173913;25.43478260869565;30.52173913043486;55.95652173913051
88296;0.0;0.0;8.92307692307692;8.92307692307692;8.92307692307692;0.0
88297;0.0;9.88235294117646;4.94117647058823;34.58823529411761;19.764705882352928;19.76470588235292
88298;0.0;0.0;0.0;5.54545454545455;5.54545454545455;11.0909090909091
88299;5.03125;10.0625;5.03125;30.1875;5.03125;30.1875
88300;4.76923076923077;4.76923076923077;4.76923076923077;4.76923076923077;23.84615384615384;14.30769230769231
88301;5.10787132621776;16.07794207526525;10.23450089764182;25.29422608935186;5.10787132621776;34.92701926875963
88302;9.7326602391801;34.38963974871105;19.46758693871209;87.1965006161532;122.86016065592136;102.8684751218731
88303;0.0;0.0;14.75675675675676;4.91891891891892;4.91891891891892;24.5945945945946
88304;9.93563694399103;109.53113702955608;168.41809722037087;343.2985842039876;578.4550474781113;443.445038122622
88305;0.0;4.52380952380952;0.0;27.14285714285716;22.6190476190476;13.57142857142856
88306;0.0;12.75;0.0;0.0;6.375;6.375
88307;0.0;10.5555555555556;0.0;0.0;5.27777777777778;0.0
88308;0.0;12.059272276110558;5.96075334184478;57.48164284812748;55.03776741579406;37.7817672911581
88309;15.84375;0.0;0.0;15.84375;10.5625;31.6875
88310;14.49947324719004;24.02597873111269;14.06988871965312;43.76400610078241;77.76732226601524;67.58582711486682
88311;0.0;0.0;0.0;5.0;0.0;5.0
88312;0.0;5.0;5.0;30.0;15.0;65.0
88313;9.93383578606623;9.96500239720878;5.01396458848679;59.76023358917479;64.7410509412513;39.796685436452606
88314;0.0;0.0;0.0;4.8;14.4;33.6
88315;5.02777777777778;10.05555555555556;5.02777777777778;15.0833333333333;20.11111111111108;30.16666666666676
88316;3.66666666666667;3.66666666666667;0.0;0.0;7.33333333333334;18.33333333333335
88317;5.17165853585413;4.8446702894756;15.18809181301995;15.07660985796867;41.0487314750967;133.26941682888227
88318;5.0;5.0;5.0;40.0;20.0;20.0
88319;14.82886099832639;93.32835813454152;78.75837667162406;300.76266877795285;275.85789241720227;383.8288924200471
88320;0.0;29.91219395492495;58.79507089764228;88.86545255535353;84.87563254906364;59.67437662306668
88321;10.05901282491258;197.8541966542874;332.5670106062765;528.4857170958123;697.2289852636974;671.7554038652347
88322;29.52536768187889;25.46488347980138;4.738102096161;35.38029274748326;45.059692315577706;70.09846753757793
88324;4.39400509969965;0.0;4.77329367026722;65.91765038367826;22.76134266075284;43.54074671336187
88325;0.0;10.27777777777778;0.0;5.13888888888889;15.41666666666669;35.97222222222227
88326;0.0;15.1652223487072;15.1841053986917;40.53192573885962;35.41701419323839;20.20453120139691
88327;9.83794722636973;29.70690913759968;74.13101613959753;149.10849917388728;256.0870279643745;233.85011071882144
88328;14.3459323615666;20.38083524510192;9.19224067263562;62.69961225544871;75.77802373117538;60.44392932201082
88330;4.54761904761905;0.0;0.0;9.0952380952381;22.7380952380952;31.8333333333333
88331;4.58333333333333;0.0;0.0;4.58333333333333;4.58333333333333;4.58333333333333
88332;0.0;4.81818181818182;4.81818181818182;9.63636363636364;43.36363636363646;28.90909090909092
88333;0.0;0.0;4.74074074074074;23.7037037037037;9.48148148148148;9.48148148148148
88334;5.13719567087138;0.0;22.29451065106528;23.946263391215943;30.27470029479295;43.824640530903
88335;0.0;5.5;5.5;16.5;22.0;11.0
88336;4.16666666666667;0.0;4.16666666666667;4.16666666666667;4.16666666666667;8.33333333333334
88338;5.4;0.0;0.0;5.4;5.4;5.4
88340;14.840363313579967;14.97339715620001;19.785329142731563;54.54313617230567;59.02379433214076;69.12294809792044
88341;5.18924987428221;26.252098601685063;27.15597414487431;56.36189555317746;51.09811583620518;25.7019825332396
88342;0.0;10.375;5.1875;31.125;10.375;10.375
88343;0.0;0.0;0.0;27.83333333333335;11.13333333333334;33.40000000000002
88344;0.0;14.91666666666666;9.94444444444444;9.94444444444444;4.97222222222222;9.94444444444444
88345;0.0;0.0;12.15789473684211;8.10526315789474;8.10526315789474;12.15789473684211
88346;0.0;24.77947590263636;29.80176253644987;34.75741901853877;89.20500495282631;69.47065264612881
88347;9.36;18.72;0.0;4.68;23.4;18.72
88348;0.0;9.26666666666666;4.63333333333333;32.43333333333332;9.26666666666666;18.53333333333332
88349;0.0;43.708600551889845;28.87956705526294;159.3826768943492;149.68958937836632;270.7333114031187
88350;4.11111111111111;4.11111111111111;0.0;8.22222222222222;8.22222222222222;8.22222222222222
88351;24.9806123594429;49.90467901380126;44.96880056897586;119.72229357301416;154.53788534907886;154.59372265031985
88352;4.94871794871795;14.84615384615385;0.0;29.69230769230775;19.7948717948718;9.8974358974359
88353;0.0;0.0;5.77777777777778;23.11111111111112;11.55555555555556;11.55555555555556
88354;5.44117647058824;0.0;16.32352941176472;16.32352941176474;21.76470588235296;32.64705882352948
88355;4.67662766191182;14.03434459456234;51.30009908866064;74.28429624010191;140.01332276324055;143.16473950279214
88356;0.0;20.12098543027122;9.67963841009381;20.38030375122286;29.41486027660678;62.80881764764085
88357;0.0;10.0631504346997;40.00316314917304;81.02400307630005;80.94524548465566;66.40742164596155
88358;0.0;54.15984753214159;34.85271229957145;216.37728991711137;231.49799748983355;346.1961540377628
88359;9.8888888888889;0.0;4.94444444444445;9.8888888888889;9.8888888888889;14.83333333333335
88360;0.0;9.17816792449582;0.0;13.76725188674373;18.40610691834723;4.58908396224791
88361;0.0;42.53660646149442;46.50916920294844;99.5055442024798;149.10118495780827;136.70079802497744
88362;0.0;0.0;5.47619047619048;10.95238095238096;21.90476190476196;10.95238095238096
88363;26.05714285714288;0.0;0.0;13.02857142857142;4.34285714285714;13.02857142857142
88364;20.0;0.0;0.0;5.0;20.0;25.0
88365;0.0;0.0;0.0;26.78571428571428;32.14285714285712;21.42857142857142
88366;5.47258646076715;9.94378635488799;0.0;20.08623363694406;14.8489533417985;45.6886167828549
88367;9.94338630932648;146.25376152730306;94.5809276907342;282.22944133804026;558.6960665355149;640.2206357988
88368;0.0;0.0;0.0;6.0;30.0;24.0
88369;19.744281892438643;49.1851771753628;39.10755381322777;142.26170178247204;248.9408345140562;333.06861680962726
88370;0.0;0.0;0.0;5.07142857142857;5.07142857142857;15.214285714285712
88371;5.2130617932602;70.3973336951611;65.80403878843089;152.09877057611214;147.99765919425687;117.33608213940472
88372;4.84099958757388;128.6255741029255;148.8091538593943;371.3200894093703;698.288859036279;707.2795748471664
88373;0.0;0.0;5.2962962962963;37.074074074074105;5.2962962962963;21.1851851851852
88374;0.0;0.0;4.0;4.0;0.0;4.0
88375;4.80077363188239;29.12480971819729;29.19817296313099;48.55944913266379;29.20071626230304;54.08182309239103
88376;10.46969379821714;10.8146066109981;16.00564918968938;31.49805385211369;31.581526477657142;41.79805248328465
88377;0.0;5.26086956521739;0.0;0.0;10.5217391304348;21.04347826086958
88378;10.52631578947368;5.26315789473684;0.0;15.78947368421052;10.5263157894737;5.26315789473684
88379;5.06711336346997;9.49070063728362;19.23409328481345;39.36440466952943;29.11877330858839;59.26571156156457
88380;0.0;9.67441860465116;4.83720930232558;24.1860465116279;19.34883720930232;24.1860465116279
88381;0.0;5.36111111111111;5.36111111111111;21.44444444444442;5.36111111111111;32.16666666666662
88382;0.0;0.0;0.0;0.0;6.4;6.4
88383;4.82973816752413;225.87892928988276;360.65869215389455;746.5473316362891;894.2715965959707;690.222109557002
88385;10.7014490948368;4.87243852389566;25.46819086719401;64.61167267157224;91.78433344863303;92.27257018578356
88386;0.0;4.5257392328293;28.81006351924857;43.61934247425364;19.545326327772848;39.67816553283369
88387;0.0;32.75675675675676;10.91891891891892;10.91891891891892;32.75675675675676;5.45945945945946
88388;10.0;0.0;5.0;25.0;15.0;0.0
88389;0.0;0.0;0.0;11.42857142857144;11.4285714285714;17.14285714285716
88390;16.2631578947368;0.0;0.0;5.42105263157895;5.42105263157895;10.8421052631579
88391;4.90776462511112;14.38586807867046;24.48090326726353;77.6057190800658;62.66083912465355;101.52024325653557
88393;0.0;15.45598644183401;10.56867040127882;38.46110013327966;37.33522204832317;30.19614983785493
88394;0.0;6.0;0.0;6.0;6.0;0.0
88395;10.4912549294016;31.265375868934;16.11338535247252;26.38980678017617;41.546108248648615;35.83045327147927
88398;0.0;0.0;8.42105263157894;8.42105263157894;0.0;12.63157894736841
88399;0.0;0.0;16.15384615384614;16.15384615384618;21.53846153846148;21.53846153846156
88400;0.0;4.84179632384551;14.89512200787537;33.91093154035262;44.0845202166814;24.33528518809137
88401;9.57758594588936;4.84025747875313;33.60732418990632;43.23625239048325;43.30456700971335;48.14507030140341
88402;10.03460979411014;5.02518313422646;20.037455989403888;20.031477285038378;30.06005833978629;85.1163895959511
88403;5.42439146890341;0.0;10.84878293780682;16.273174406710233;32.54634881342043;27.121957344517007
88404;0.0;0.0;0.0;0.0;0.0;6.18181818181818
88406;0.0;10.83333333333334;0.0;16.24999999999997;10.83333333333334;27.08333333333335
88407;20.2857142857142;5.07142857142857;5.07142857142857;5.07142857142857;10.14285714285714;5.07142857142857
88408;15.217461512020993;109.28787886226743;97.4750579800537;318.5121609326313;400.3713526816186;438.4099030371051
88409;5.11894737621334;54.97215135603956;121.62102033325364;315.4772396861751;253.8611721222597;227.84437790045652
88410;5.41946957415188;26.99455900468198;0.0;10.8182709635967;32.31076557326672;43.14939003446056
88411;0.0;0.0;0.0;0.0;10.125;0.0
88412;4.97288259102564;19.893293105608173;5.08197591273131;50.43942501049317;50.38220216365315;70.7679205695134
88413;17.60436760644872;482.21765892589;763.4129372843396;1381.7488698355496;1644.970815384113;1514.9208455315986
88415;25.6611022192842;90.28523987056924;168.4562833985651;433.5264426351723;433.1195479296911;327.74038026670235
88416;0.0;4.65291533704414;0.0;9.30583067408828;9.30583067408828;9.30583067408828
88417;0.0;24.67543140154899;9.45931850983354;15.49344489165661;44.12020346269886;49.50160897577045
88418;0.0;15.49545379667282;5.43253975760137;59.41453358587083;46.46344384426489;55.60809633158527
88419;3.96774193548387;3.96774193548387;3.96774193548387;3.96774193548387;19.83870967741937;15.87096774193548
88421;0.0;0.0;0.0;10.8421052631579;5.42105263157895;16.26315789473685
88423;4.94049921568095;44.31305231815087;59.02104182022936;147.83644786553182;172.33198440976554;197.1110763716088
88424;0.0;34.86291704804979;136.1990552579092;240.5346952483669;236.34995146408508;190.43914918147885
88425;0.0;0.0;5.36734286039105;20.72400897776552;5.36734286039105;20.72400897776552
88426;14.95539429243145;70.2727056456642;15.24196944616344;71.0755669687492;166.4656545285815;196.49416816520903
88427;0.0;0.0;0.0;8.96296296296296;13.44444444444444;17.92592592592592
88428;10.30231864887509;100.69606336821693;70.85615881703774;205.27382915544877;196.2187398022479;201.04080164169488
88429;9.78544029127184;138.69493386931217;203.901135158927;351.9838691016934;346.6887261470188;515.5940783317731
88430;9.58075519308512;4.79037759654256;19.243164934026737;33.291466014269986;57.65265033355324;95.73242376970865
88431;0.0;0.0;5.31034482758621;21.24137931034481;5.31034482758621;10.62068965517242
88432;0.0;5.42857142857143;5.42857142857143;16.28571428571433;5.42857142857143;32.57142857142862
88433;9.0;4.5;0.0;22.5;0.0;4.5
88434;0.0;10.0;5.0;20.0;20.0;40.0
88435;5.37270549233112;4.4807723439028;20.731375159949337;73.14206490466836;51.0926546480127;39.660758883011866
88436;6.0;0.0;6.0;0.0;0.0;24.0
88437;0.0;0.0;0.0;11.64705882352942;11.64705882352942;23.29411764705884
88438;0.0;5.03107998399622;35.06830496916069;39.64651943518265;84.8763259324335;60.07443978577152
88439;0.0;35.64873301784925;66.15765854451011;174.2919464300763;96.6625515865488;91.00624434124455
88440;5.1875;15.5625;5.1875;15.5625;31.125;5.1875
88441;15.36;5.12;0.0;10.24;15.36;15.36
88442;19.67272985287453;45.36412914791781;30.74324747349756;35.52815069924994;60.69981925829537;100.69257838415731
88443;0.0;4.98066763456153;0.0;11.37644992740788;0.0;5.68822496370394
88444;30.0944614637936;14.4534910130518;14.23713185107034;39.453153458194485;14.69069045922025;15.13358940445282
88445;10.178821259147;63.3613934273872;103.77123555140123;260.18246713003697;291.5394590176134;294.78781739154783
88446;4.66219308476417;0.0;0.0;4.66219308476417;47.65819856338275;48.72483803796256
88447;14.9561951463389;122.0460705901202;43.33495039155333;160.80301233760497;289.8679683207314;353.14356735562103
88448;14.91428571428571;0.0;0.0;9.94285714285714;19.885714285714272;29.82857142857142
88449;0.0;4.64285714285714;23.214285714285698;23.214285714285698;27.85714285714284;18.57142857142856
88450;4.81578947368421;4.81578947368421;0.0;14.44736842105263;24.07894736842102;4.81578947368421
88451;4.87521082337371;72.61633726605004;45.63284144468979;142.62849829130118;243.98179111617785;291.48693624732306
88452;16.080000000000002;0.0;0.0;10.72;21.44;5.36
88453;0.0;0.0;0.0;7.11111111111112;3.55555555555556;3.55555555555556
88454;5.34058892383596;0.0;26.737774288289632;5.37519578527398;26.73799853974876;21.29358758781146
88455;0.0;0.0;0.0;5.21052631578947;26.05263157894737;5.21052631578947
88456;21.0;0.0;0.0;5.25;15.75;10.5
88457;0.0;10.2142857142857;5.10714285714286;20.42857142857144;5.10714285714286;10.21428571428572
88458;14.826943011372;10.18150770501954;10.3648225680386;35.01938280365424;19.64272456935314;44.48059966798785
88459;14.3333333333333;0.0;4.77777777777778;4.77777777777778;4.77777777777778;4.77777777777778
88460;5.67810788214029;15.50542799038533;46.52654617742585;76.71070826467978;114.57745001570702;64.65229073788039
88461;5.39473684210526;0.0;5.39473684210526;10.78947368421052;32.36842105263152;53.94736842105255
88462;4.67488526990071;70.5347902632064;69.80104750462353;251.22809575203732;198.04866516194448;247.7225479744882
88463;0.0;42.41115614524636;98.5968524458504;166.4165168581336;176.2853536093656;120.10740677434414
88464;10.43837402758136;15.41312052707082;20.633040195583348;46.238629028127306;46.17932043549408;51.76809873798741
88465;23.9081445508593;218.1252193468789;259.3293996585561;1046.7667379165755;1004.2997798396106;979.873908985598
88466;0.0;0.0;0.0;10.0;0.0;15.0
88467;0.0;33.37001057266958;34.72722996024257;58.447458811323;54.29381878047855;81.69425055413004
88468;19.94391795299486;77.00955330613802;61.2468062887402;204.64808121884928;321.58221174449056;457.3413488792641
88469;0.0;0.0;14.28571428571428;9.52380952380952;9.52380952380952;9.52380952380952
88470;4.94224316654425;71.29011151422391;81.64082193195443;162.73880451384716;188.52615719380225;157.33398384964286
88471;10.8890513225094;4.99269048707744;0.0;0.0;10.8890513225094;0.0
88472;0.0;9.04;9.04;18.08;4.52;9.04
88473;0.0;12.0;0.0;0.0;6.0;12.0
88474;4.92857142857143;0.0;0.0;0.0;9.85714285714286;0.0
88475;0.0;10.7272727272727;0.0;5.36363636363636;5.36363636363636;10.72727272727272
88476;0.0;6.15789473684211;0.0;0.0;18.47368421052633;30.789473684210527
88477;10.1;0.0;10.1;10.1;5.05;10.1
88478;16.00000000000003;5.33333333333333;0.0;0.0;5.33333333333333;5.33333333333333
88479;9.55081805703748;0.0;9.55081805703748;4.75627260249179;23.99340977982158;14.34621323723348
88480;0.0;0.0;4.91176470588235;24.558823529411747;24.5588235294118;14.735294117647047
88481;9.92758702596089;49.81225666075445;64.93723574803916;190.32996455654745;163.3570190235785;148.60781609148663
88482;3.66666666666667;0.0;0.0;0.0;3.66666666666667;11.00000000000001
88483;0.0;79.88490470914702;99.09975317566544;321.66851041339606;234.21821764610823;197.3600447122538
88484;9.73734959576737;49.15803497211174;58.63985232145288;97.66213034323737;107.3268603798122;111.85849417434554
88485;0.0;9.46153846153846;0.0;9.46153846153846;4.73076923076923;42.576923076923066
88486;24.89723596635672;104.6717770195044;132.5456486082612;334.77146935599774;426.1610740942422;556.5453844993483
88487;70.01465847334487;120.3245010277502;84.37112399627806;278.4322855632438;382.40596148549895;538.6756067503939
88488;19.46441660928789;23.7530793243053;4.86355604957256;19.02919984445819;30.55881086431357;9.72711209914512
88489;0.0;4.93392124194508;14.670612098275228;19.50022525645067;24.48630128440866;29.36792769516681
88490;4.81578947368421;0.0;0.0;38.52631578947365;28.8947368421052;14.44736842105263
88491;5.5;5.5;5.5;11.0;11.0;11.0
88492;0.0;34.1538461538462;0.0;11.3846153846154;0.0;5.69230769230769
88493;0.0;0.0;6.0;0.0;0.0;0.0
88494;10.9090909090909;0.0;0.0;5.45454545454545;16.36363636363635;21.8181818181818
88495;10.3783783783784;0.0;10.37837837837838;46.70270270270274;15.56756756756759;31.13513513513516
88496;10.7586206896552;10.75862068965518;0.0;21.517241379310377;16.13793103448277;21.51724137931036
88497;9.86350055372162;20.26652777602214;19.28881366756095;59.24371793271723;49.127570872043634;73.61993132386883
88498;0.0;44.19799634593169;24.760397955291232;144.3743870129161;59.56087383870624;88.56238834853579
88499;4.87878787878788;4.87878787878788;4.87878787878788;19.51515151515152;4.87878787878788;29.27272727272728
88500;5.08840733326509;69.9533895972546;25.055908364135032;69.86592726185123;100.39491436146152;80.25649897737797
88501;0.0;0.0;4.29411764705882;8.58823529411764;8.58823529411764;4.29411764705882
88502;6.0;0.0;6.0;18.0;6.0;12.0
88503;0.0;5.06896551724138;5.06896551724138;25.34482758620694;15.20689655172418;20.27586206896556
88504;0.0;0.0;0.0;5.61290322580645;11.2258064516129;33.677419354838705
88505;0.0;0.0;0.0;15.91304347826086;0.0;37.13043478260868
88506;0.0;13.993066039211598;9.30021953572331;32.52967066305896;37.20097656452448;28.00787042719932
88507;0.0;9.41463414634146;4.70731707317073;9.41463414634146;28.24390243902439;14.121951219512187
88508;10.22294099333518;4.92478057448791;18.99277619092554;54.05384290313144;62.95655682027335;59.3045126479128
88509;0.0;0.0;0.0;16.42105263157896;10.94736842105264;16.42105263157896
88510;0.0;0.0;4.85185185185185;24.25925925925925;4.85185185185185;19.4074074074074
88511;0.0;9.88888888888888;0.0;0.0;19.77777777777776;19.77777777777776
88512;0.0;10.47826086956522;5.23913043478261;20.956521739130423;36.67391304347822;31.43478260869563
88513;0.0;35.514048659223704;60.58946437199936;259.0409088129924;349.3045094014946;216.6909487888128
88514;10.5806451612903;0.0;0.0;31.74193548387096;15.87096774193548;37.0322580645161
88515;0.0;11.0;11.0;11.0;22.0;11.0
88516;14.90302225979088;167.22523300455973;229.11450019312784;504.90302905779686;465.2519510189237;388.6453768767356
88517;10.21621621621622;5.10810810810811;5.10810810810811;5.10810810810811;15.324324324324309;15.32432432432433
88518;0.0;0.0;0.0;0.0;0.0;0.0
88519;4.30030937522121;24.688396198341746;35.45357795265489;63.97123264448324;67.04585459633984;58.88792958349216
88520;9.36062264243866;9.37253361226229;14.408645950753268;24.00537671866044;28.09958324051112;23.407511144048947
88521;0.0;9.191742371910353;13.37954201661656;4.18779964470621;40.79273443859149;15.17800165025476
88522;4.85714285714286;0.0;4.85714285714286;4.85714285714286;14.57142857142858;0.0
88523;0.0;0.0;16.06451612903226;26.7741935483871;10.70967741935484;21.41935483870968
88524;0.0;10.26839712139829;5.14695395220916;46.14271663130901;20.56217600468636;56.56573124897346
88525;0.0;5.24;10.48;10.48;15.72;10.48
88526;5.37299425738958;16.11939477276385;5.32615007949745;42.65808688813258;37.23865686143965;37.00687930213276
88527;5.03703703703704;0.0;0.0;5.03703703703704;15.11111111111114;15.11111111111112
88528;0.0;0.0;9.87096774193548;19.74193548387096;24.67741935483868;29.61290322580644
88529;0.0;4.36;4.36;30.520000000000003;4.36;8.72
88530;25.1245125028356;99.7890578306493;39.853166308596776;163.19031653693185;292.5936821629943;273.5647309717461
88531;0.0;89.41653623789819;89.5155849458971;169.40785193084795;173.99767418322054;129.2553209225105
88532;16.28571428571433;0.0;0.0;5.42857142857143;5.42857142857143;5.42857142857143
