CODGEO;LIBGEO;CS1_6;NB
8001;Acy-Romance;2;41.34601524714428
8001;Acy-Romance;3;20.3985931326918
8001;Acy-Romance;4;51.5051206777577
8001;Acy-Romance;5;51.1397438464286
8001;Acy-Romance;6;51.50676328296786
8003;Aiglemont;2;39.02327549441428
8003;Aiglemont;3;112.51452657866409
8003;Aiglemont;4;239.8114483232726
8003;Aiglemont;5;210.70396629935368
8003;Aiglemont;6;112.55198975349626
8004;Aire;1;5.23404255319149
8004;Aire;2;15.70212765957449
8004;Aire;4;31.40425531914898
8004;Aire;5;10.468085106383
8004;Aire;6;26.17021276595747
8005;Alincourt;1;13.714285714285712
8005;Alincourt;2;4.57142857142857
8005;Alincourt;3;4.57142857142857
8005;Alincourt;4;22.85714285714285
8005;Alincourt;5;4.57142857142857
8005;Alincourt;6;9.14285714285714
8006;Alland'Huy-et-Sausseuil;1;19.4016113893788
8006;Alland'Huy-et-Sausseuil;2;34.00961856676493
8006;Alland'Huy-et-Sausseuil;3;9.70087893077459
8006;Alland'Huy-et-Sausseuil;4;24.252307466194022
8006;Alland'Huy-et-Sausseuil;5;14.5135869054167
8006;Alland'Huy-et-Sausseuil;6;33.97207016733851
8008;Amagne;2;4.62137964406944
8008;Amagne;3;28.490961082662643
8008;Amagne;4;126.57980334893847
8008;Amagne;5;85.27607944988031
8008;Amagne;6;103.93937440213728
8010;Ambly-Fleury;1;15.11637996897029
8010;Ambly-Fleury;4;15.11637996897029
8010;Ambly-Fleury;6;10.07758664598018
8011;Anchamps;3;10.39024390243902
8011;Anchamps;4;46.75609756097562
8011;Anchamps;5;5.19512195121951
8011;Anchamps;6;20.78048780487804
8013;Angecourt;1;4.94089742828075
8013;Angecourt;2;4.86477292098413
8013;Angecourt;3;9.50584565726295
8013;Angecourt;4;38.69448318316774
8013;Angecourt;5;33.755931458555324
8013;Angecourt;6;52.40201351209379
8014;Annelles;1;15.46153846153845
8014;Annelles;2;5.15384615384615
8014;Annelles;3;10.3076923076923
8014;Annelles;4;5.15384615384615
8014;Annelles;5;10.3076923076923
8014;Annelles;6;30.9230769230769
8015;Antheny;1;11.1111111111111
8015;Antheny;4;11.11111111111112
8015;Antheny;5;16.66666666666668
8015;Antheny;6;5.55555555555556
8016;Aouste;1;5.09756097560976
8016;Aouste;4;30.5853658536585
8016;Aouste;5;25.4878048780488
8016;Aouste;6;35.68292682926828
8017;Apremont;1;13.7307692307692
8017;Apremont;4;4.57692307692308
8017;Apremont;5;13.73076923076924
8017;Apremont;6;27.46153846153848
8018;Ardeuil-et-Montfauxelles;5;4.52941176470588
8018;Ardeuil-et-Montfauxelles;6;4.52941176470588
8019;Les Grandes-Armoises;1;5.09090909090909
8019;Les Grandes-Armoises;2;5.09090909090909
8019;Les Grandes-Armoises;4;5.09090909090909
8019;Les Grandes-Armoises;6;5.09090909090909
8020;Les Petites-Armoises;5;9.83333333333334
8020;Les Petites-Armoises;6;14.750000000000009
8021;Arnicourt;2;5.42857142857143
8021;Arnicourt;3;5.42857142857143
8021;Arnicourt;4;27.14285714285719
8021;Arnicourt;5;10.85714285714286
8021;Arnicourt;6;10.85714285714286
8022;Arreux;1;4.89122426044527
8022;Arreux;2;19.23901209000747
8022;Arreux;3;19.45545242416656
8022;Arreux;4;76.5304048031192
8022;Arreux;5;33.91518982247433
8022;Arreux;6;24.02079173283822
8023;Artaise-le-Vivier;1;4.92307692307692
8023;Artaise-le-Vivier;2;4.92307692307692
8023;Artaise-le-Vivier;4;9.84615384615384
8023;Artaise-le-Vivier;5;4.92307692307692
8023;Artaise-le-Vivier;6;9.84615384615384
8024;Asfeld;1;15.2747546306121
8024;Asfeld;2;45.60548485288122
8024;Asfeld;3;35.441152614690424
8024;Asfeld;4;121.54453909998638
8024;Asfeld;5;121.15927664164117
8024;Asfeld;6;151.9301036861225
8025;Attigny;2;54.53299029076887
8025;Attigny;3;24.86043809940344
8025;Attigny;4;59.61116936082685
8025;Attigny;5;93.51624637956145
8025;Attigny;6;142.30476747586619
8026;Aubigny-les-Pothées;1;14.61080503408595
8026;Aubigny-les-Pothées;2;9.75867158011522
8026;Aubigny-les-Pothées;4;14.58373931330182
8026;Aubigny-les-Pothées;5;24.3558307409221
8026;Aubigny-les-Pothées;6;43.819004625139215
8027;Auboncourt-Vauzelles;1;9.14285714285714
8027;Auboncourt-Vauzelles;3;4.57142857142857
8027;Auboncourt-Vauzelles;4;22.85714285714284
8027;Auboncourt-Vauzelles;5;9.14285714285714
8028;Aubrives;1;5.09071697961088
8028;Aubrives;2;30.53113146719683
8028;Aubrives;3;45.798016151270275
8028;Aubrives;4;86.48160284803348
8028;Aubrives;5;101.75638214561918
8028;Aubrives;6;86.49214490822408
8029;Auflance;4;5.53333333333333
8029;Auflance;5;16.60000000000003
8029;Auflance;6;27.66666666666665
8030;Auge;1;5.8
8030;Auge;5;5.8
8030;Auge;6;5.8
8031;Aure;5;10.0
8031;Aure;6;5.0
8032;Aussonce;1;10.7142857142857
8032;Aussonce;3;16.07142857142858
8032;Aussonce;4;37.5
8032;Aussonce;5;26.7857142857143
8032;Aussonce;6;16.07142857142856
8033;Authe;1;4.84210526315789
8033;Authe;4;4.84210526315789
8033;Authe;5;9.68421052631578
8033;Authe;6;19.36842105263156
8034;Autrecourt-et-Pourron;1;4.76961831617406
8034;Autrecourt-et-Pourron;2;5.2702723365459
8034;Autrecourt-et-Pourron;3;9.53923663234812
8034;Autrecourt-et-Pourron;4;32.99367691829755
8034;Autrecourt-et-Pourron;5;24.10405585572166
8034;Autrecourt-et-Pourron;6;38.92544743781876
8035;Autruche;4;10.6
8035;Autruche;5;5.3
8036;Autry;1;5.94117647058824
8036;Autry;4;5.94117647058824
8037;Auvillers-les-Forges;1;19.350603763608518
8037;Auvillers-les-Forges;2;9.72941918191015
8037;Auvillers-les-Forges;3;9.70854813299066
8037;Auvillers-les-Forges;4;43.90334007045158
8037;Auvillers-les-Forges;5;117.46823317321201
8037;Auvillers-les-Forges;6;87.91384326505467
8038;Avançon;1;17.19677242752887
8038;Avançon;2;22.61227599001347
8038;Avançon;3;10.66713824629238
8038;Avançon;4;33.638498782527826
8038;Avançon;5;28.40530258876307
8038;Avançon;6;22.44820029053514
8039;Avaux;1;4.91507438347085
8039;Avaux;2;9.66893020933059
8039;Avaux;3;9.72227513564784
8039;Avaux;4;43.699267308732594
8039;Avaux;5;92.21393759586896
8039;Avaux;6;62.88353892114578
8040;Les Ayvelles;1;5.08580464109704
8040;Les Ayvelles;2;20.88123688733694
8040;Les Ayvelles;3;47.1507358330527
8040;Les Ayvelles;4;88.49297580348798
8040;Les Ayvelles;5;88.19262895737398
8040;Les Ayvelles;6;62.5259261433005
8041;Baâlons;1;9.36363636363636
8041;Baâlons;2;4.68181818181818
8041;Baâlons;3;4.68181818181818
8041;Baâlons;4;37.454545454545396
8041;Baâlons;5;23.4090909090909
8041;Baâlons;6;18.72727272727272
8043;Balan;2;55.94422350316691
8043;Balan;3;71.5743628576169
8043;Balan;4;179.08189629928785
8043;Balan;5;153.42714485663177
8043;Balan;6;164.51889886761768
8044;Balham;2;5.48275862068965
8044;Balham;4;27.413793103448253
8044;Balham;5;16.44827586206895
8044;Balham;6;21.9310344827586
8045;Ballay;1;5.54834452749461
8045;Ballay;2;4.70410943814621
8045;Ballay;3;5.25131519395718
8045;Ballay;4;25.4441436729802
8045;Ballay;5;29.8821752925815
8045;Ballay;6;46.43350305253765
8046;Banogne-Recouvrance;1;9.52941176470588
8046;Banogne-Recouvrance;3;23.823529411764703
8046;Banogne-Recouvrance;4;9.52941176470588
8046;Banogne-Recouvrance;5;14.29411764705882
8046;Banogne-Recouvrance;6;23.823529411764703
8047;Barbaise;2;4.54166666666667
8047;Barbaise;3;4.54166666666667
8047;Barbaise;4;4.54166666666667
8047;Barbaise;5;13.625000000000009
8047;Barbaise;6;9.08333333333334
8048;Barby;1;5.48890774471692
8048;Barby;2;10.499311741040831
8048;Barby;3;5.65835676705215
8048;Barby;4;47.29760998921873
8048;Barby;5;32.450319620425
8048;Barby;6;58.58463216725191
8049;Bar-lès-Buzancy;2;9.92
8049;Bar-lès-Buzancy;4;4.96
8049;Bar-lès-Buzancy;5;14.879999999999999
8049;Bar-lès-Buzancy;6;24.8
8052;Bayonville;2;10.0
8052;Bayonville;3;15.0
8052;Bayonville;4;5.0
8052;Bayonville;5;10.0
8053;Bazeilles;1;10.20878679185176
8053;Bazeilles;2;52.85139202023695
8053;Bazeilles;3;61.257468822056694
8053;Bazeilles;4;266.6434838576669
8053;Bazeilles;5;304.16000352834703
8053;Bazeilles;6;286.6233587913466
8055;Beaumont-en-Argonne;1;10.3055275244533
8055;Beaumont-en-Argonne;2;10.17003231881662
8055;Beaumont-en-Argonne;3;5.16412989579989
8055;Beaumont-en-Argonne;4;30.57769511940666
8055;Beaumont-en-Argonne;5;51.21088511650172
8055;Beaumont-en-Argonne;6;76.64728091559746
8056;Beffu-et-le-Morthomme;1;4.1
8056;Beffu-et-le-Morthomme;5;4.1
8056;Beffu-et-le-Morthomme;6;8.2
8057;Belleville-et-Châtillon-sur-Bar;1;9.11853869252264
8057;Belleville-et-Châtillon-sur-Bar;3;9.27401392808516
8057;Belleville-et-Châtillon-sur-Bar;4;23.34582599181393
8057;Belleville-et-Châtillon-sur-Bar;5;23.46259105376827
8057;Belleville-et-Châtillon-sur-Bar;6;47.24110871605002
8058;Belval;2;4.70212765957447
8058;Belval;3;9.40425531914894
8058;Belval;4;28.212765957446816
8058;Belval;5;47.02127659574474
8058;Belval;6;18.80851063829788
8059;Belval-Bois-des-Dames;1;3.85714285714286
8060;Bergnicourt;1;10.5263157894737
8060;Bergnicourt;2;10.5263157894737
8060;Bergnicourt;3;36.84210526315786
8060;Bergnicourt;4;31.578947368421076
8060;Bergnicourt;5;26.315789473684237
8060;Bergnicourt;6;10.52631578947368
8061;La Berlière;4;9.25
8061;La Berlière;5;4.625
8062;Bertoncourt;1;4.66666666666667
8062;Bertoncourt;2;4.66666666666667
8062;Bertoncourt;4;23.33333333333335
8062;Bertoncourt;5;23.3333333333333
8062;Bertoncourt;6;9.33333333333334
8063;La Besace;2;16.75
8063;La Besace;4;11.16666666666666
8063;La Besace;5;22.33333333333336
8063;La Besace;6;5.58333333333333
8064;Biermes;1;9.91501776287624
8064;Biermes;3;14.814039358818139
8064;Biermes;4;54.30293350628605
8064;Biermes;5;34.52709176845998
8064;Biermes;6;14.87466474470145
8065;Bièvres;1;4.6
8065;Bièvres;4;4.6
8065;Bièvres;6;18.4
8066;Bignicourt;2;10.3076923076923
8066;Bignicourt;3;5.15384615384615
8066;Bignicourt;4;5.15384615384615
8066;Bignicourt;5;10.3076923076923
8066;Bignicourt;6;15.46153846153845
8067;Blagny;2;18.76833233045864
8067;Blagny;3;4.96481406942978
8067;Blagny;4;33.62500378031917
8067;Blagny;5;131.68511281722965
8067;Blagny;6;182.56719076394182
8069;Blanchefosse-et-Bay;1;13.125
8069;Blanchefosse-et-Bay;2;4.375
8069;Blanchefosse-et-Bay;5;8.75
8069;Blanchefosse-et-Bay;6;13.125
8070;Blanzy-la-Salonnaise;1;11.0575389798476
8070;Blanzy-la-Salonnaise;3;10.4515381057283
8070;Blanzy-la-Salonnaise;4;31.960615191304214
8070;Blanzy-la-Salonnaise;5;67.54457518631332
8070;Blanzy-la-Salonnaise;6;67.54457518631327
8071;Blombay;1;23.130434782608667
8071;Blombay;4;17.34782608695651
8071;Blombay;5;5.78260869565217
8071;Blombay;6;11.56521739130434
8073;Bossus-lès-Rumigny;2;4.7
8073;Bossus-lès-Rumigny;4;9.4
8073;Bossus-lès-Rumigny;5;14.100000000000001
8073;Bossus-lès-Rumigny;6;9.4
8074;Bouconville;1;17.1
8074;Bouconville;5;5.7
8075;Boult-aux-Bois;2;21.8181818181818
8075;Boult-aux-Bois;3;17.45454545454544
8075;Boult-aux-Bois;4;21.8181818181818
8075;Boult-aux-Bois;5;8.72727272727272
8075;Boult-aux-Bois;6;4.36363636363636
8076;Boulzicourt;1;10.1066196325445
8076;Boulzicourt;2;73.69951402154076
8076;Boulzicourt;3;51.07598365094533
8076;Boulzicourt;4;72.76306874521696
8076;Boulzicourt;5;141.1815815855706
8076;Boulzicourt;6;145.23016646210857
8077;Bourcq;1;4.81818181818182
8077;Bourcq;4;4.81818181818182
8077;Bourcq;5;4.81818181818182
8077;Bourcq;6;4.81818181818182
8078;Bourg-Fidèle;2;15.363453052376661
8078;Bourg-Fidèle;4;111.5118230036033
8078;Bourg-Fidèle;5;95.26934130596923
8078;Bourg-Fidèle;6;115.30629025789177
8080;Bouvellemont;1;12.2
8080;Bouvellemont;3;6.1
8080;Bouvellemont;4;12.2
8080;Bouvellemont;5;6.1
8081;Bogny-sur-Meuse;2;95.3729780827675
8081;Bogny-sur-Meuse;3;50.19484995040624
8081;Bogny-sur-Meuse;4;344.3638698566897
8081;Bogny-sur-Meuse;5;426.66693462237646
8081;Bogny-sur-Meuse;6;685.3737886881787
8082;Brécy-Brières;1;4.33333333333333
8082;Brécy-Brières;3;4.33333333333333
8082;Brécy-Brières;4;4.33333333333333
8082;Brécy-Brières;5;8.66666666666666
8082;Brécy-Brières;6;4.33333333333333
8083;Brévilly;2;20.29628331274992
8083;Brévilly;3;5.04624843664436
8083;Brévilly;4;26.133884697815628
8083;Brévilly;5;57.5415598358137
8083;Brévilly;6;56.85888086467423
8084;Brienne-sur-Aisne;1;9.53630937755057
8084;Brienne-sur-Aisne;3;10.06807794987388
8084;Brienne-sur-Aisne;4;56.49715112495915
8084;Brienne-sur-Aisne;5;36.56075799144088
8084;Brienne-sur-Aisne;6;25.17682350534351
8085;Brieulles-sur-Bar;1;5.11363636363636
8085;Brieulles-sur-Bar;2;5.11363636363636
8085;Brieulles-sur-Bar;3;5.11363636363636
8085;Brieulles-sur-Bar;4;35.79545454545454
8085;Brieulles-sur-Bar;5;20.454545454545418
8085;Brieulles-sur-Bar;6;35.79545454545454
8086;Briquenay;1;9.77777777777778
8086;Briquenay;4;14.666666666666671
8086;Briquenay;5;9.77777777777778
8086;Briquenay;6;4.88888888888889
8087;Brognon;1;10.8
8087;Brognon;3;5.4
8087;Brognon;4;27.0
8087;Brognon;5;5.4
8087;Brognon;6;10.8
8088;Bulson;1;5.19230769230769
8088;Bulson;2;10.3846153846154
8088;Bulson;3;10.38461538461538
8088;Bulson;4;5.19230769230769
8088;Bulson;5;10.38461538461538
8089;Buzancy;2;15.74979959160486
8089;Buzancy;3;5.16231063146741
8089;Buzancy;4;36.31282711654483
8089;Buzancy;5;46.69776056435532
8089;Buzancy;6;26.50830350583467
8090;Carignan;1;4.58841877512413
8090;Carignan;2;60.64356281434095
8090;Carignan;3;60.7944115929519
8090;Carignan;4;229.1225209557215
8090;Carignan;5;338.56902398438956
8090;Carignan;6;412.73232702312794
8092;Cauroy;1;9.4
8092;Cauroy;4;18.8
8092;Cauroy;5;23.5
8092;Cauroy;6;18.8
8094;Cernion;5;5.5
8094;Cernion;6;11.0
8095;Chagny;4;23.64864864864865
8095;Chagny;5;33.10810810810809
8095;Chagny;6;23.64864864864865
8096;Chalandry-Elaire;2;25.15451955912707
8096;Chalandry-Elaire;3;45.547519406408725
8096;Chalandry-Elaire;4;151.91149624799738
8096;Chalandry-Elaire;5;106.03292400229552
8096;Chalandry-Elaire;6;35.55229572949647
8097;Challerange;3;10.10099767845509
8097;Challerange;4;30.45278304776052
8097;Challerange;5;50.20515899529699
8097;Challerange;6;109.36770797704393
8098;Champigneulle;6;7.71428571428572
8099;Champigneul-sur-Vence;1;5.30434782608696
8099;Champigneul-sur-Vence;3;15.913043478260878
8099;Champigneul-sur-Vence;4;21.2173913043478
8099;Champigneul-sur-Vence;5;15.91304347826086
8099;Champigneul-sur-Vence;6;10.60869565217392
8100;Champlin;1;13.5
8100;Champlin;3;4.5
8100;Champlin;4;13.5
8100;Champlin;5;4.5
8100;Champlin;6;4.5
8101;La Chapelle;1;5.15625
8101;La Chapelle;2;5.15625
8101;La Chapelle;4;20.625
8101;La Chapelle;5;10.3125
8102;Chappes;1;8.94736842105264
8102;Chappes;3;8.94736842105264
8102;Chappes;4;4.47368421052632
8102;Chappes;5;13.421052631579
8103;Charbogne;1;11.2820512820513
8103;Charbogne;2;5.64102564102564
8103;Charbogne;4;28.20512820512824
8103;Charbogne;5;22.56410256410258
8103;Charbogne;6;33.84615384615386
8104;Chardeny;2;8.42857142857143
8104;Chardeny;6;33.71428571428572
8105;Charleville-Mézières;1;3.77676121099904
8105;Charleville-Mézières;2;800.1455282533453
8105;Charleville-Mézières;3;2087.1590145298414
8105;Charleville-Mézières;4;3771.7940111868224
8105;Charleville-Mézières;5;4994.750086813808
8105;Charleville-Mézières;6;3665.1969881053487
8106;Charnois;1;5.07142857142857
8106;Charnois;2;5.07142857142857
8106;Charnois;4;5.07142857142857
8106;Charnois;5;5.07142857142857
8106;Charnois;6;5.07142857142857
8107;Château-Porcien;1;9.31692759814597
8107;Château-Porcien;2;34.36004613815082
8107;Château-Porcien;3;28.39828692418181
8107;Château-Porcien;4;101.9490669109226
8107;Château-Porcien;5;186.0276608025043
8107;Château-Porcien;6;139.53502345025646
8109;Chatel-Chéhéry;2;4.89285714285714
8109;Chatel-Chéhéry;4;9.78571428571428
8109;Chatel-Chéhéry;5;9.78571428571428
8109;Chatel-Chéhéry;6;9.78571428571428
8110;Le Châtelet-sur-Sormonne;2;4.85714285714286
8110;Le Châtelet-sur-Sormonne;4;14.57142857142858
8110;Le Châtelet-sur-Sormonne;5;14.57142857142858
8110;Le Châtelet-sur-Sormonne;6;14.5714285714286
8111;Le Châtelet-sur-Retourne;1;9.65620378048955
8111;Le Châtelet-sur-Retourne;2;19.26078412292619
8111;Le Châtelet-sur-Retourne;3;33.71927807463406
8111;Le Châtelet-sur-Retourne;4;105.79007837565068
8111;Le Châtelet-sur-Retourne;5;106.06380186422271
8111;Le Châtelet-sur-Retourne;6;76.78898077426445
8113;Chaumont-Porcien;1;15.76663667631148
8113;Chaumont-Porcien;2;10.51109111754096
8113;Chaumont-Porcien;3;15.77301370551603
8113;Chaumont-Porcien;4;15.87590136433105
8113;Chaumont-Porcien;5;46.56806009630067
8113;Chaumont-Porcien;6;63.18646827338969
8115;Chémery-Chéhéry;1;19.2952746584218
8115;Chémery-Chéhéry;2;13.877616170309139
8115;Chémery-Chéhéry;3;9.976916199213171
8115;Chémery-Chéhéry;4;47.78499866330993
8115;Chémery-Chéhéry;5;81.20296916514943
8115;Chémery-Chéhéry;6;71.52231787392479
8116;Bairon et ses environs;1;35.3725493186801
8116;Bairon et ses environs;2;26.002244951219822
8116;Bairon et ses environs;3;35.8154064263615
8116;Bairon et ses environs;4;66.54464996378623
8116;Bairon et ses environs;5;96.52974642536319
8116;Bairon et ses environs;6;65.90672716988529
8117;Chesnois-Auboncourt;4;13.416666666666659
8117;Chesnois-Auboncourt;5;22.36111111111114
8117;Chesnois-Auboncourt;6;13.416666666666659
8119;Cheveuges;1;10.565764845983221
8119;Cheveuges;2;10.096485727358601
8119;Cheveuges;3;15.791342528761092
8119;Cheveuges;4;52.11691085300545
8119;Cheveuges;5;74.11589051754652
8119;Cheveuges;6;56.77226435109862
8120;Chevières;2;5.625
8120;Chevières;5;5.625
8120;Chevières;6;5.625
8121;Chilly;1;4.92592592592593
8121;Chilly;2;4.92592592592593
8121;Chilly;3;9.85185185185186
8121;Chilly;4;34.48148148148152
8121;Chilly;6;19.70370370370372
8122;Chooz;1;4.94479467532321
8122;Chooz;2;24.74287787009741
8122;Chooz;3;24.77121673054876
8122;Chooz;4;59.422534445294325
8122;Chooz;5;99.05647395936849
8122;Chooz;6;54.47773980431333
8123;Chuffilly-Roche;1;18.61111111111114
8123;Chuffilly-Roche;2;3.72222222222222
8123;Chuffilly-Roche;4;3.72222222222222
8123;Chuffilly-Roche;6;3.72222222222222
8124;Clavy-Warby;1;9.76842241464588
8124;Clavy-Warby;2;5.00491645164538
8124;Clavy-Warby;3;4.94419548812962
8124;Clavy-Warby;4;48.78502994355022
8124;Clavy-Warby;5;53.6692499800679
8124;Clavy-Warby;6;39.377986579162524
8125;Cliron;1;5.64256637718895
8125;Cliron;2;21.66830451233409
8125;Cliron;3;38.781512040763204
8125;Cliron;4;32.03260725545829
8125;Cliron;5;70.4489879676624
8125;Cliron;6;58.42893328158782
8126;Condé-lès-Herpy;1;5.13953488372093
8126;Condé-lès-Herpy;2;5.13953488372093
8126;Condé-lès-Herpy;3;5.13953488372093
8126;Condé-lès-Herpy;4;30.837209302325633
8126;Condé-lès-Herpy;5;10.27906976744186
8126;Condé-lès-Herpy;6;20.55813953488372
8128;Condé-lès-Autry;1;8.53333333333334
8128;Condé-lès-Autry;5;17.06666666666668
8128;Condé-lès-Autry;6;4.26666666666667
8130;Contreuve;1;18.0
8130;Contreuve;3;6.0
8130;Contreuve;4;6.0
8130;Contreuve;5;6.0
8130;Contreuve;6;6.0
8131;Cornay;1;19.14285714285716
8131;Cornay;5;4.78571428571429
8131;Cornay;6;9.57142857142858
8132;Corny-Machéroménil;1;5.02674505438472
8132;Corny-Machéroménil;2;5.02674505438472
8132;Corny-Machéroménil;3;20.10698021753888
8132;Corny-Machéroménil;4;25.133725271923637
8132;Corny-Machéroménil;5;10.05349010876944
8132;Corny-Machéroménil;6;25.1337252719236
8133;Coucy;1;10.417817768506
8133;Coucy;2;5.3090170618688
8133;Coucy;3;26.0784778590386
8133;Coucy;4;30.66619246777629
8133;Coucy;5;103.27337797413783
8133;Coucy;6;87.67060189439272
8134;Coulommes-et-Marqueny;1;9.25
8134;Coulommes-et-Marqueny;4;13.875
8134;Coulommes-et-Marqueny;6;4.625
8135;La Croix-aux-Bois;2;10.92834156256782
8135;La Croix-aux-Bois;3;5.46417078128391
8135;La Croix-aux-Bois;4;27.32085390641955
8135;La Croix-aux-Bois;5;21.856683125135618
8135;La Croix-aux-Bois;6;5.46417078128391
8136;Daigny;2;10.18945044921467
8136;Daigny;3;5.1205546262099
8136;Daigny;4;65.38839134645126
8136;Daigny;5;40.24640959881576
8136;Daigny;6;45.211993073149145
8137;Damouzy;1;9.04861163441842
8137;Damouzy;2;20.44995039682361
8137;Damouzy;3;71.11073929929985
8137;Damouzy;4;67.85550337569076
8137;Damouzy;5;21.2918796213722
8137;Damouzy;6;35.60755859295183
8138;Les Deux-Villes;1;10.7947532655385
8138;Les Deux-Villes;2;4.8524626143779
8138;Les Deux-Villes;4;10.77988025406528
8138;Les Deux-Villes;5;27.57645725727464
8138;Les Deux-Villes;6;46.8977896339034
8139;Deville;2;15.507373253751169
8139;Deville;3;25.84252555565039
8139;Deville;4;67.15087341018928
8139;Deville;5;98.15638817136185
8139;Deville;6;98.20718739792892
8140;Dom-le-Mesnil;2;45.25987959010345
8140;Dom-le-Mesnil;3;40.64026646708321
8140;Dom-le-Mesnil;4;131.20145957614014
8140;Dom-le-Mesnil;5;145.71256645572808
8140;Dom-le-Mesnil;6;70.04704992054728
8141;Dommery;1;4.86842105263158
8141;Dommery;2;14.60526315789474
8141;Dommery;3;9.73684210526316
8141;Dommery;4;24.342105263157897
8141;Dommery;5;19.47368421052632
8141;Dommery;6;9.73684210526316
8142;Donchery;2;30.498919700565
8142;Donchery;3;39.51439899957318
8142;Donchery;4;197.78495237005157
8142;Donchery;5;229.89580793916525
8142;Donchery;6;285.9219627097414
8143;Doumely-Bégny;1;5.61538461538461
8143;Doumely-Bégny;4;5.61538461538461
8143;Doumely-Bégny;5;16.84615384615381
8143;Doumely-Bégny;6;5.61538461538461
8144;Doux;1;5.15
8144;Doux;2;5.15
8144;Doux;3;5.15
8144;Doux;4;15.450000000000001
8144;Doux;6;5.15
8145;Douzy;1;5.25319682125824
8145;Douzy;2;80.86645147706754
8145;Douzy;3;85.5560468898184
8145;Douzy;4;202.9022135583458
8145;Douzy;5;294.0319475475344
8145;Douzy;6;299.1520177087088
8146;Draize;4;12.0
8146;Draize;5;6.0
8146;Draize;6;24.0
8147;Dricourt;1;4.55826344220515
8147;Dricourt;4;5.28494312139727
8147;Dricourt;5;13.6747903266154
8147;Dricourt;6;9.1165268844103
8148;L'Écaille;1;9.67272727272728
8148;L'Écaille;2;14.509090909090922
8148;L'Écaille;3;24.1818181818182
8148;L'Écaille;4;29.01818181818184
8148;L'Écaille;5;33.854545454545466
8148;L'Écaille;6;29.018181818181844
8149;L'Échelle;2;5.52
8149;L'Échelle;4;16.56
8149;L'Échelle;5;5.52
8149;L'Échelle;6;27.599999999999998
8150;Écly;1;4.91176470588235
8150;Écly;2;19.6470588235294
8150;Écly;4;9.8235294117647
8150;Écly;5;24.558823529411747
8150;Écly;6;9.8235294117647
8151;Écordal;1;5.21891834720848
8151;Écordal;3;10.32791855418452
8151;Écordal;4;26.452759589264858
8151;Écordal;5;31.556630331498567
8151;Écordal;6;47.69190437717046
8153;Escombres-et-le-Chesnois;3;10.01873392793707
8153;Escombres-et-le-Chesnois;4;41.154872819188085
8153;Escombres-et-le-Chesnois;5;25.58562460565529
8153;Escombres-et-le-Chesnois;6;36.47860358368
8154;Estrebay;1;4.61111111111111
8154;Estrebay;3;4.61111111111111
8154;Estrebay;4;13.833333333333329
8154;Estrebay;5;9.22222222222222
8154;Estrebay;6;13.833333333333329
8155;Étalle;3;5.44444444444444
8155;Étalle;4;5.44444444444444
8155;Étalle;5;32.666666666666664
8155;Étalle;6;10.88888888888888
8156;Éteignières;2;20.21929885769009
8156;Éteignières;3;19.44838780273578
8156;Éteignières;4;89.56163829115025
8156;Éteignières;5;53.23108938768441
8156;Éteignières;6;58.7487168342371
8158;Étrépigny;1;15.271482323800809
8158;Étrépigny;2;9.526660742324
8158;Étrépigny;3;19.580179587560778
8158;Étrépigny;4;30.30421017872475
8158;Étrépigny;5;39.315465192476154
8158;Étrépigny;6;19.77139810267072
8159;Euilly-et-Lombut;1;20.95238095238094
8159;Euilly-et-Lombut;3;5.23809523809524
8159;Euilly-et-Lombut;4;10.47619047619048
8159;Euilly-et-Lombut;5;5.23809523809524
8159;Euilly-et-Lombut;6;5.23809523809524
8160;Évigny;1;5.27777777777778
8160;Évigny;2;5.27777777777778
8160;Évigny;3;26.388888888888978
8160;Évigny;4;52.77777777777784
8160;Évigny;5;15.83333333333338
8160;Évigny;6;10.55555555555556
8161;Exermont;3;4.375
8161;Exermont;5;4.375
8162;Fagnon;1;10.1068229008757
8162;Fagnon;2;14.37769148394834
8162;Fagnon;3;14.105940475600459
8162;Fagnon;4;66.24277803830232
8162;Fagnon;5;58.23229872421627
8162;Fagnon;6;24.62639513850279
8163;Faissault;1;5.44130342094313
8163;Faissault;2;10.88260684188626
8163;Faissault;3;21.28389300647339
8163;Faissault;4;20.782114378243918
8163;Faissault;5;32.16146435537195
8163;Faissault;6;21.118053451730958
8164;Falaise;1;5.62565947588642
8164;Falaise;2;5.62565947588642
8164;Falaise;3;11.25131895177284
8164;Falaise;4;21.60575541662433
8164;Falaise;5;60.07656248307157
8164;Falaise;6;33.10561937632116
8165;Faux;4;4.35714285714286
8165;Faux;5;8.71428571428572
8165;Faux;6;13.07142857142858
8166;Fépin;2;5.04081632653061
8166;Fépin;3;20.163265306122412
8166;Fépin;4;25.20408163265303
8166;Fépin;5;10.0816326530612
8166;Fépin;6;40.326530612244824
8167;La Férée;1;19.2
8167;La Férée;4;4.8
8167;La Férée;5;4.8
8167;La Férée;6;4.8
8168;La Ferté-sur-Chiers;1;5.33333333333333
8168;La Ferté-sur-Chiers;2;5.33333333333333
8168;La Ferté-sur-Chiers;5;32.00000000000006
8168;La Ferté-sur-Chiers;6;15.999999999999991
8169;Flaignes-Havys;1;4.22727272727273
8169;Flaignes-Havys;2;4.22727272727273
8169;Flaignes-Havys;4;4.22727272727273
8169;Flaignes-Havys;5;12.68181818181819
8169;Flaignes-Havys;6;4.22727272727273
8170;Fleigneux;2;10.32558139534884
8170;Fleigneux;3;10.32558139534884
8170;Fleigneux;4;30.97674418604656
8170;Fleigneux;5;10.32558139534884
8170;Fleigneux;6;36.13953488372086
8171;Fléville;4;18.6
8171;Fléville;5;9.3
8171;Fléville;6;9.3
8172;Fligny;1;5.72413793103448
8172;Fligny;2;17.17241379310344
8172;Fligny;4;11.44827586206896
8172;Fligny;5;11.44827586206896
8172;Fligny;6;11.44827586206896
8173;Flize;1;5.01187926980182
8173;Flize;2;40.09890016659325
8173;Flize;3;60.09359114007382
8173;Flize;4;241.09385696594111
8173;Flize;5;249.85844746191884
8173;Flize;6;189.62187253514688
8174;Floing;2;66.07947382051398
8174;Floing;3;90.20478011608922
8174;Floing;4;268.8145740568403
8174;Floing;5;240.0187286749429
8174;Floing;6;227.86143293174817
8175;Foisches;1;5.59954026298791
8175;Foisches;2;5.39912623263745
8175;Foisches;3;5.49842020262253
8175;Foisches;4;27.90026701850276
8175;Foisches;5;22.19960669514944
8175;Foisches;6;27.39825233756665
8176;Fossé;1;5.27272727272727
8176;Fossé;2;5.27272727272727
8176;Fossé;3;5.27272727272727
8176;Fossé;4;5.27272727272727
8176;Fossé;5;5.27272727272727
8176;Fossé;6;5.27272727272727
8178;Fraillicourt;1;17.22580645161287
8178;Fraillicourt;2;11.48387096774194
8178;Fraillicourt;3;5.74193548387097
8178;Fraillicourt;4;22.96774193548384
8178;Fraillicourt;6;5.74193548387097
8179;Francheval;1;4.90326926693701
8179;Francheval;2;4.86485976360357
8179;Francheval;3;29.26870934700359
8179;Francheval;4;53.515260315732576
8179;Francheval;5;87.6140519799175
8179;Francheval;6;121.62661617547982
8180;La Francheville;2;30.35390482898105
8180;La Francheville;3;99.51344927288534
8180;La Francheville;4;219.15307180539287
8180;La Francheville;5;229.64175410046641
8180;La Francheville;6;159.0355368429484
8182;Le Fréty;6;17.700000000000003
8183;Fromelennes;2;19.193569790257513
8183;Fromelennes;3;33.7240730748492
8183;Fromelennes;4;158.75400287883832
8183;Fromelennes;5;86.74899983506226
8183;Fromelennes;6;138.99057597614575
8184;Fromy;4;5.0
8184;Fromy;5;20.0
8184;Fromy;6;25.0
8185;Fumay;1;10.03457317949005
8185;Fumay;2;44.574717708133264
8185;Fumay;3;29.62308683497097
8185;Fumay;4;246.17606545136266
8185;Fumay;5;240.8399788321297
8185;Fumay;6;380.1004569505017
8186;Germont;4;15.299999999999999
8186;Germont;5;10.2
8187;Gernelle;1;4.53459054188586
8187;Gernelle;2;30.57322768807396
8187;Gernelle;4;29.3127662815454
8187;Gernelle;5;34.04971020161433
8187;Gernelle;6;24.356618816915258
8188;Gespunsart;2;29.928475249202798
8188;Gespunsart;3;9.8428618680088
8188;Gespunsart;4;119.71372466351352
8188;Gespunsart;5;94.32024037168767
8188;Gespunsart;6;118.29066147030693
8189;Girondelle;1;5.75
8189;Girondelle;4;34.5
8189;Girondelle;5;17.25
8189;Girondelle;6;28.75
8190;Givet;2;115.15189718195546
8190;Givet;3;230.77327823591438
8190;Givet;4;560.807288152417
8190;Givet;5;635.5091342917708
8190;Givet;6;570.3457971493148
8191;Givonne;1;14.94216865885085
8191;Givonne;2;29.99617227239233
8191;Givonne;3;54.96781180253965
8191;Givonne;4;115.16674716071901
8191;Givonne;5;145.14437214159182
8191;Givonne;6;120.17238437703654
8192;Givron;1;9.57894736842106
8192;Givron;3;4.78947368421053
8192;Givron;4;9.57894736842106
8192;Givron;5;4.78947368421053
8192;Givron;6;9.57894736842106
8193;Givry;1;9.99167311939666
8193;Givry;2;5.43422505760898
8193;Givry;3;16.30267517282694
8193;Givry;4;25.09138399402086
8193;Givry;5;25.64096918549824
8193;Givry;6;38.695201903860294
8194;Glaire;2;9.04082543485576
8194;Glaire;3;29.90711410444892
8194;Glaire;4;86.8369968668903
8194;Glaire;5;72.56900254636174
8194;Glaire;6;102.64381003432528
8195;Gomont;2;5.1966591835159
8195;Gomont;3;5.14087075293267
8195;Gomont;4;57.00133458323935
8195;Gomont;5;46.7723478034926
8195;Gomont;6;46.661975268564106
8196;Grandchamp;2;10.44444444444444
8196;Grandchamp;5;5.22222222222222
8196;Grandchamp;6;20.88888888888884
8197;Grandham;1;0.0
8197;Grandham;2;0.0
8197;Grandham;3;0.0
8197;Grandham;4;0.0
8197;Grandham;5;0.0
8197;Grandham;6;0.0
8198;Grandpré;1;23.48478893539242
8198;Grandpré;2;4.84940889941031
8198;Grandpré;4;24.02475726500115
8198;Grandpré;5;61.834616428181505
8198;Grandpré;6;108.97550606301537
8199;La Grandville;2;25.52170175887302
8199;La Grandville;3;41.86324578697222
8199;La Grandville;4;119.1510920772857
8199;La Grandville;5;99.43839615570901
8199;La Grandville;6;62.122576510433504
8200;Grivy-Loisy;1;9.47372265757968
8200;Grivy-Loisy;3;9.47372265757968
8200;Grivy-Loisy;4;18.94744531515936
8200;Grivy-Loisy;5;28.42116797273902
8200;Grivy-Loisy;6;14.210583986369521
8201;Gruyères;3;10.8421052631579
8201;Gruyères;4;10.8421052631579
8201;Gruyères;5;16.26315789473685
8202;Gué-d'Hossus;1;4.7925632966901
8202;Gué-d'Hossus;2;19.645095574468478
8202;Gué-d'Hossus;3;4.88607896726372
8202;Gué-d'Hossus;4;63.72434159984034
8202;Gué-d'Hossus;5;68.41784379571382
8202;Gué-d'Hossus;6;43.90659713868999
8203;Guignicourt-sur-Vence;1;4.28192663836517
8203;Guignicourt-sur-Vence;2;9.76095677412382
8203;Guignicourt-sur-Vence;3;4.88047838706191
8203;Guignicourt-sur-Vence;4;51.05672433922116
8203;Guignicourt-sur-Vence;5;36.802721387217716
8203;Guignicourt-sur-Vence;6;30.93369645352789
8204;Guincourt;1;10.1333333333333
8204;Guincourt;3;15.19999999999997
8204;Guincourt;6;15.20000000000001
8205;Hagnicourt;1;4.3125
8205;Hagnicourt;2;4.3125
8205;Hagnicourt;3;4.3125
8205;Hagnicourt;4;8.625
8205;Hagnicourt;5;4.3125
8206;Ham-les-Moines;1;5.15760538108129
8206;Ham-les-Moines;2;10.178953712888081
8206;Ham-les-Moines;3;16.0364317215376
8206;Ham-les-Moines;4;52.85463537293411
8206;Ham-les-Moines;5;36.810605446367994
8206;Ham-les-Moines;6;53.27839682321903
8207;Ham-sur-Meuse;2;5.0692774640223
8207;Ham-sur-Meuse;3;15.064200053496691
8207;Ham-sur-Meuse;4;25.11686900125191
8207;Ham-sur-Meuse;5;15.17936850435442
8207;Ham-sur-Meuse;6;25.23203745210965
8208;Hannappes;4;9.77777777777778
8208;Hannappes;5;14.666666666666671
8208;Hannappes;6;14.666666666666671
8209;Hannogne-Saint-Martin;2;5.08096790403345
8209;Hannogne-Saint-Martin;3;36.36254064514975
8209;Hannogne-Saint-Martin;4;41.848612356480366
8209;Hannogne-Saint-Martin;5;78.40663311845984
8209;Hannogne-Saint-Martin;6;73.91817444585504
8210;Hannogne-Saint-Rémy;1;21.33333333333336
8210;Hannogne-Saint-Rémy;3;5.33333333333333
8210;Hannogne-Saint-Rémy;5;10.66666666666666
8210;Hannogne-Saint-Rémy;6;5.33333333333333
8211;Haraucourt;2;10.4771920536852
8211;Haraucourt;3;15.72201166629284
8211;Haraucourt;4;47.151152536923696
8211;Haraucourt;5;77.6715603579534
8211;Haraucourt;6;104.08684064315754
8212;Harcy;1;9.95545009181683
8212;Harcy;2;4.94209557557024
8212;Harcy;3;9.955450091816829
8212;Harcy;4;64.89881861356572
8212;Harcy;5;65.18590972701624
8212;Harcy;6;54.87513418879187
8214;Hargnies;2;22.194921252823068
8214;Hargnies;3;5.75718817211782
8214;Hargnies;4;5.58844350514151
8214;Hargnies;5;71.87005402018465
8214;Hargnies;6;77.289897825406
8215;Harricourt;1;4.09090909090909
8215;Harricourt;3;4.09090909090909
8215;Harricourt;5;4.09090909090909
8215;Harricourt;6;4.09090909090909
8216;Haudrecy;2;18.62719398454118
8216;Haudrecy;3;4.88761676284673
8216;Haudrecy;4;56.68769916481848
8216;Haudrecy;5;37.94615754286028
8216;Haudrecy;6;38.760837340590285
8217;Haulmé;2;4.83333333333333
8217;Haulmé;4;4.83333333333333
8217;Haulmé;5;4.83333333333333
8218;Les Hautes-Rivières;2;20.68406509148488
8218;Les Hautes-Rivières;3;26.11533238672768
8218;Les Hautes-Rivières;4;94.06978869647
8218;Les Hautes-Rivières;5;85.35343681021763
8218;Les Hautes-Rivières;6;245.26416322123944
8219;Hauteville;1;5.80952380952381
8219;Hauteville;4;29.04761904761905
8219;Hauteville;6;17.42857142857143
8220;Hauviné;1;11.1758989246836
8220;Hauviné;2;4.03364892322202
8220;Hauviné;3;15.739983956834799
8220;Hauviné;4;16.3401738968513
8220;Hauviné;5;62.60391915688253
8220;Hauviné;6;57.80184790817507
8222;Haybes;2;45.12043909986947
8222;Haybes;3;35.24640050106847
8222;Haybes;4;185.56161617215054
8222;Haybes;5;236.13121457066268
8222;Haybes;6;226.20280629659433
8223;Herbeuval;1;4.39285714285714
8223;Herbeuval;4;21.964285714285698
8223;Herbeuval;5;13.17857142857142
8223;Herbeuval;6;17.57142857142856
8225;Herpy-l'Arlésienne;1;16.5
8225;Herpy-l'Arlésienne;2;16.5
8225;Herpy-l'Arlésienne;3;22.0
8225;Herpy-l'Arlésienne;4;27.5
8225;Herpy-l'Arlésienne;5;22.0
8225;Herpy-l'Arlésienne;6;22.0
8226;Hierges;3;4.85294117647059
8226;Hierges;4;24.26470588235295
8226;Hierges;5;9.70588235294118
8226;Hierges;6;9.70588235294118
8228;La Horgne;2;12.0
8228;La Horgne;3;24.0
8228;La Horgne;4;20.0
8228;La Horgne;5;16.0
8228;La Horgne;6;20.0
8229;Houdilcourt;3;20.29629629629628
8229;Houdilcourt;4;25.37037037037031
8229;Houdilcourt;5;5.07407407407407
8229;Houdilcourt;6;15.222222222222172
8230;Houldizy;2;14.7442271617596
8230;Houldizy;3;29.391410341742592
8230;Houldizy;4;86.44931991647826
8230;Houldizy;5;39.02670652720999
8230;Houldizy;6;29.30650751409447
8232;Illy;1;4.85998002548518
8232;Illy;2;29.16539220040887
8232;Illy;3;19.63195827704675
8232;Illy;4;29.743583623690064
8232;Illy;5;74.52767560219596
8232;Illy;6;49.47250943170595
8233;Imécourt;1;11.0
8234;Inaumont;2;4.62962962962963
8234;Inaumont;5;32.40740740740739
8234;Inaumont;6;23.14814814814815
8235;Issancourt-et-Rumel;2;9.851306416923759
8235;Issancourt-et-Rumel;3;25.55659789050742
8235;Issancourt-et-Rumel;4;45.54417158146737
8235;Issancourt-et-Rumel;5;30.65308466504028
8235;Issancourt-et-Rumel;6;41.80493929447436
8236;Jandun;2;5.39135295543928
8236;Jandun;3;31.8981258305854
8236;Jandun;4;63.25383953024042
8236;Jandun;5;5.30043991901947
8236;Jandun;6;21.29729813861612
8237;Joigny-sur-Meuse;1;4.67264359887483
8237;Joigny-sur-Meuse;2;19.86526241342824
8237;Joigny-sur-Meuse;3;34.17501951369104
8237;Joigny-sur-Meuse;4;82.94321786275874
8237;Joigny-sur-Meuse;5;58.606929918620864
8237;Joigny-sur-Meuse;6;97.07879732812503
8238;Jonval;2;4.42857142857143
8238;Jonval;3;8.85714285714286
8238;Jonval;4;8.85714285714286
8238;Jonval;5;8.85714285714286
8238;Jonval;6;13.285714285714288
8239;Juniville;1;10.4748904751978
8239;Juniville;2;41.28634355425118
8239;Juniville;3;70.34036236161921
8239;Juniville;4;163.58314188025452
8239;Juniville;5;131.198096785634
8239;Juniville;6;131.5954901102725
8240;Justine-Herbigny;1;4.45945945945946
8240;Justine-Herbigny;2;4.45945945945946
8240;Justine-Herbigny;4;22.2972972972973
8240;Justine-Herbigny;5;31.21621621621624
8240;Justine-Herbigny;6;31.216216216216218
8242;Laifour;1;4.78938887251195
8242;Laifour;2;9.11685519840082
8242;Laifour;3;4.78938887251195
8242;Laifour;4;19.24202097538191
8242;Laifour;5;43.69955363963099
8242;Laifour;6;59.187603450218916
8243;Lalobbe;1;4.93939393939394
8243;Lalobbe;2;4.93939393939394
8243;Lalobbe;3;4.93939393939394
8243;Lalobbe;4;4.93939393939394
8243;Lalobbe;5;9.87878787878788
8243;Lalobbe;6;14.81818181818182
8244;Lametz;2;11.53846153846154
8244;Lametz;3;5.76923076923077
8244;Lametz;4;5.76923076923077
8244;Lametz;5;5.76923076923077
8244;Lametz;6;11.53846153846154
8245;Lançon;6;5.16666666666667
8246;Landres-et-Saint-Georges;1;10.7692307692308
8246;Landres-et-Saint-Georges;5;5.38461538461539
8246;Landres-et-Saint-Georges;6;5.38461538461539
8247;Landrichamps;2;5.5
8247;Landrichamps;4;16.5
8247;Landrichamps;5;5.5
8247;Landrichamps;6;27.5
8248;Launois-sur-Vence;1;5.05330944345822
8248;Launois-sur-Vence;2;9.85333593995508
8248;Launois-sur-Vence;3;19.64516293553391
8248;Launois-sur-Vence;4;103.0186144636742
8248;Launois-sur-Vence;5;83.75693854462855
8248;Launois-sur-Vence;6;54.522731990468415
8249;Laval-Morency;2;14.100000000000001
8249;Laval-Morency;3;4.7
8249;Laval-Morency;4;28.200000000000003
8249;Laval-Morency;5;32.9
8249;Laval-Morency;6;37.6
8250;Leffincourt;1;14.5384615384616
8250;Leffincourt;2;4.84615384615385
8250;Leffincourt;4;19.3846153846154
8250;Leffincourt;5;33.923076923077005
8250;Leffincourt;6;4.84615384615385
8251;Lépron-les-Vallées;2;12.5454545454545
8251;Lépron-les-Vallées;4;6.27272727272727
8251;Lépron-les-Vallées;5;18.81818181818177
8251;Lépron-les-Vallées;6;6.27272727272727
8252;Létanne;1;4.44
8252;Létanne;2;4.44
8252;Létanne;4;4.44
8252;Létanne;5;13.32
8252;Létanne;6;31.080000000000002
8254;Liart;2;20.35485925349861
8254;Liart;3;4.49490765257366
8254;Liart;4;48.09697042215413
8254;Liart;5;60.20943435970716
8254;Liart;6;66.93174443323743
8255;Linay;5;18.808510638297868
8255;Linay;6;47.02127659574469
8256;Liry;2;3.95454545454545
8256;Liry;4;3.95454545454545
8256;Liry;6;15.8181818181818
8257;Logny-Bogny;1;5.27586206896552
8257;Logny-Bogny;2;5.27586206896552
8257;Logny-Bogny;3;5.27586206896552
8257;Logny-Bogny;4;15.827586206896559
8257;Logny-Bogny;5;26.37931034482762
8257;Logny-Bogny;6;21.10344827586204
8259;Longwé;4;6.9
8259;Longwé;5;6.9
8259;Longwé;6;13.8
8260;Lonny;1;4.83941971763368
8260;Lonny;2;9.75788107110718
8260;Lonny;3;19.162777871706332
8260;Lonny;4;120.44362083819243
8260;Lonny;5;72.75348170182819
8260;Lonny;6;77.70782851739162
8262;Lucquy;2;14.566421995516258
8262;Lucquy;3;9.71094799701084
8262;Lucquy;4;58.59550068123485
8262;Lucquy;5;78.12733424164652
8262;Lucquy;6;77.58728420980867
8263;Lumes;2;14.1927606538047
8263;Lumes;3;24.27165573546041
8263;Lumes;4;128.81943335699617
8263;Lumes;5;185.24086273011335
8263;Lumes;6;66.7434352953103
8264;Machault;1;9.86397860842767
8264;Machault;2;24.22970256817184
8264;Machault;3;9.76816412980595
8264;Machault;4;73.26410821155399
8264;Machault;5;48.95456838855407
8264;Machault;6;39.30537689808103
8268;Maisoncelle-et-Villers;1;5.0
8268;Maisoncelle-et-Villers;4;10.0
8268;Maisoncelle-et-Villers;5;15.0
8268;Maisoncelle-et-Villers;6;10.0
8269;Malandry;4;5.2
8269;Malandry;5;5.2
8269;Malandry;6;15.600000000000001
8271;Manre;1;9.80952380952382
8271;Manre;2;4.90476190476191
8271;Manre;3;4.90476190476191
8271;Manre;4;14.714285714285731
8271;Manre;5;14.714285714285731
8271;Manre;6;19.61904761904764
8272;Maranwez;1;5.5
8272;Maranwez;3;5.5
8272;Maranwez;5;5.5
8272;Maranwez;6;5.5
8273;Marby;1;4.22222222222222
8273;Marby;3;4.22222222222222
8273;Marby;4;12.666666666666659
8273;Marby;5;12.666666666666659
8273;Marby;6;4.22222222222222
8274;Marcq;1;4.8421052631579
8274;Marcq;2;4.8421052631579
8274;Marcq;4;9.6842105263158
8274;Marcq;5;4.8421052631579
8274;Marcq;6;4.8421052631579
8275;Margny;1;11.4054054054054
8275;Margny;2;5.7027027027027
8275;Margny;3;5.7027027027027
8275;Margny;4;11.4054054054054
8275;Margny;5;45.6216216216216
8275;Margny;6;22.8108108108108
8276;Margut;2;14.48348206226629
8276;Margut;3;9.78798170930647
8276;Margut;4;29.46372915963904
8276;Margut;5;69.11624788106253
8276;Margut;6;102.39360760095855
8277;Marlemont;1;10.58333333333334
8277;Marlemont;4;5.29166666666667
8277;Marlemont;5;10.58333333333334
8277;Marlemont;6;37.04166666666665
8278;Marquigny;4;9.625
8278;Marquigny;5;9.625
8278;Marquigny;6;9.625
8279;Mars-sous-Bourcq;4;5.16666666666667
8279;Mars-sous-Bourcq;5;10.33333333333334
8280;Marvaux-Vieux;1;4.8
8280;Marvaux-Vieux;6;24.0
8281;Matton-et-Clémency;1;15.08960823710462
8281;Matton-et-Clémency;2;15.59326555355544
8281;Matton-et-Clémency;3;16.12002784717432
8281;Matton-et-Clémency;4;41.41997730467424
8281;Matton-et-Clémency;5;68.94499378906146
8281;Matton-et-Clémency;6;77.11116942598002
8282;Maubert-Fontaine;1;19.13559507101352
8282;Maubert-Fontaine;2;24.391755941149718
8282;Maubert-Fontaine;3;19.325930180419782
8282;Maubert-Fontaine;4;67.97745580990977
8282;Maubert-Fontaine;5;123.95825564580579
8282;Maubert-Fontaine;6;157.02310749878544
8283;Mazerny;1;10.16
8283;Mazerny;2;5.08
8283;Mazerny;3;5.08
8283;Mazerny;4;10.16
8283;Mazerny;5;25.4
8283;Mazerny;6;5.08
8284;Les Mazures;2;25.9638853134459
8284;Les Mazures;3;41.73201201623693
8284;Les Mazures;4;98.52451266432479
8284;Les Mazures;5;124.12636029559839
8284;Les Mazures;6;99.50518125957245
8286;Ménil-Annelles;1;5.19047619047619
8286;Ménil-Annelles;3;15.571428571428589
8286;Ménil-Annelles;4;5.19047619047619
8286;Ménil-Annelles;5;10.3809523809524
8287;Ménil-Lépinois;1;10.0
8287;Ménil-Lépinois;4;30.0
8287;Ménil-Lépinois;5;15.0
8287;Ménil-Lépinois;6;20.0
8288;Mesmont;4;4.78947368421053
8288;Mesmont;6;19.15789473684212
8289;Messincourt;3;9.780238608805291
8289;Messincourt;4;32.133170875958726
8289;Messincourt;5;80.70583318286359
8289;Messincourt;6;101.31221997138691
8291;Mogues;2;11.23809523809524
8291;Mogues;4;22.47619047619048
8291;Mogues;5;33.714285714285765
8291;Mogues;6;33.71428571428564
8293;Moiry;1;4.41935483870968
8293;Moiry;4;4.41935483870968
8293;Moiry;5;13.25806451612904
8293;Moiry;6;8.83870967741936
8295;Mondigny;1;5.55882352941176
8295;Mondigny;2;5.55882352941176
8295;Mondigny;3;5.55882352941176
8295;Mondigny;4;5.55882352941176
8295;Mondigny;5;33.35294117647056
8295;Mondigny;6;11.11764705882352
8296;Montcheutin;2;8.53846153846154
8296;Montcheutin;4;4.26923076923077
8296;Montcheutin;5;4.26923076923077
8297;Montcornet;2;9.22896362581775
8297;Montcornet;3;9.22896362581775
8297;Montcornet;4;23.16664631704942
8297;Montcornet;5;23.24247656608391
8297;Montcornet;6;31.5728214324854
8298;Montcy-Notre-Dame;2;35.07635102503916
8298;Montcy-Notre-Dame;3;114.08003195417379
8298;Montcy-Notre-Dame;4;255.16737919642856
8298;Montcy-Notre-Dame;5;147.43913328281224
8298;Montcy-Notre-Dame;6;103.63225847313007
8300;Le Mont-Dieu;1;0.0
8300;Le Mont-Dieu;2;0.0
8300;Le Mont-Dieu;3;0.0
8300;Le Mont-Dieu;4;0.0
8300;Le Mont-Dieu;5;0.0
8300;Le Mont-Dieu;6;0.0
8301;Montgon;4;5.75
8302;Monthermé;1;4.86670449806068
8302;Monthermé;2;39.60029540134322
8302;Monthermé;3;64.66136565890756
8302;Monthermé;4;132.98801249950432
8302;Monthermé;5;183.9842663205679
8302;Monthermé;6;295.73571443684455
8303;Monthois;1;14.867617265372541
8303;Monthois;2;19.89690165749019
8303;Monthois;3;9.94611668861561
8303;Monthois;4;14.973041657922101
8303;Monthois;5;84.92682607451665
8303;Monthois;6;60.231883448770354
8304;Montigny-sur-Meuse;2;4.875
8304;Montigny-sur-Meuse;5;9.75
8304;Montigny-sur-Meuse;6;14.625
8305;Montigny-sur-Vence;1;10.54545454545454
8305;Montigny-sur-Vence;3;26.36363636363635
8305;Montigny-sur-Vence;4;47.45454545454539
8305;Montigny-sur-Vence;5;21.09090909090904
8305;Montigny-sur-Vence;6;15.81818181818181
8306;Mont-Laurent;1;11.55555555555556
8306;Mont-Laurent;5;5.77777777777778
8306;Mont-Laurent;6;11.55555555555556
8307;Montmeillant;1;4.36842105263158
8307;Montmeillant;3;4.36842105263158
8307;Montmeillant;4;8.73684210526316
8307;Montmeillant;5;21.842105263157897
8307;Montmeillant;6;4.36842105263158
8308;Mont-Saint-Martin;1;4.94444444444444
8308;Mont-Saint-Martin;2;4.94444444444444
8308;Mont-Saint-Martin;4;19.77777777777776
8308;Mont-Saint-Martin;5;4.94444444444444
8308;Mont-Saint-Martin;6;9.88888888888888
8309;Mont-Saint-Remy;1;6.22222222222222
8309;Mont-Saint-Remy;3;6.22222222222222
8309;Mont-Saint-Remy;5;6.22222222222222
8309;Mont-Saint-Remy;6;6.22222222222222
8310;Mouron;4;8.75
8310;Mouron;5;4.375
8310;Mouron;6;17.5
8311;Mouzon;1;14.94498546687662
8311;Mouzon;2;44.48834081024254
8311;Mouzon;3;34.740711167294585
8311;Mouzon;4;183.49438137295954
8311;Mouzon;5;208.7802017391773
8311;Mouzon;6;217.64826978127263
8312;Murtin-et-Bogny;1;4.94594594594594
8312;Murtin-et-Bogny;3;9.89189189189188
8312;Murtin-et-Bogny;4;19.78378378378376
8312;Murtin-et-Bogny;5;19.78378378378374
8312;Murtin-et-Bogny;6;19.78378378378376
8313;Nanteuil-sur-Aisne;1;4.7741935483871
8313;Nanteuil-sur-Aisne;3;9.5483870967742
8313;Nanteuil-sur-Aisne;4;19.0967741935484
8313;Nanteuil-sur-Aisne;5;4.7741935483871
8313;Nanteuil-sur-Aisne;6;23.870967741935498
8314;Neuflize;1;15.955528369503579
8314;Neuflize;2;15.96781867353231
8314;Neuflize;3;91.85287823974521
8314;Neuflize;4;107.08503346550307
8314;Neuflize;5;103.93217396729243
8314;Neuflize;6;104.3470943000682
8315;Neufmaison;4;6.54545454545455
8315;Neufmaison;5;19.63636363636365
8315;Neufmaison;6;6.54545454545455
8316;Neufmanil;2;30.955649822202822
8316;Neufmanil;3;41.10396707575099
8316;Neufmanil;4;107.79565339001584
8316;Neufmanil;5;92.38131807103584
8316;Neufmanil;6;112.83101165066883
8317;La Neuville-à-Maire;2;4.28
8317;La Neuville-à-Maire;4;12.84
8317;La Neuville-à-Maire;5;4.28
8317;La Neuville-à-Maire;6;29.96
8318;La Neuville-aux-Joûtes;1;5.11827298305466
8318;La Neuville-aux-Joûtes;2;10.23465331878782
8318;La Neuville-aux-Joûtes;3;5.11827298305466
8318;La Neuville-aux-Joûtes;4;51.16191630869294
8318;La Neuville-aux-Joûtes;5;35.8089907067181
8318;La Neuville-aux-Joûtes;6;40.92536894284814
8319;Neuville-lez-Beaulieu;1;10.5319292340496
8319;Neuville-lez-Beaulieu;2;5.36270318527948
8319;Neuville-lez-Beaulieu;4;26.52308917105176
8319;Neuville-lez-Beaulieu;5;31.98318828413255
8319;Neuville-lez-Beaulieu;6;47.72995574312539
8320;La Neuville-en-Tourne-à-Fuy;1;34.706183081118596
8320;La Neuville-en-Tourne-à-Fuy;2;10.0212195104561
8320;La Neuville-en-Tourne-à-Fuy;3;14.723919245166499
8320;La Neuville-en-Tourne-à-Fuy;4;54.19373596306708
8320;La Neuville-en-Tourne-à-Fuy;5;54.07344207836627
8320;La Neuville-en-Tourne-à-Fuy;6;49.4331375422795
8321;Neuville-Day;1;5.18181818181818
8321;Neuville-Day;5;10.3636363636364
8321;Neuville-Day;6;10.36363636363636
8322;Neuville-lès-This;2;15.79065681402598
8322;Neuville-lès-This;3;9.54535504736916
8322;Neuville-lès-This;4;61.33700984277417
8322;Neuville-lès-This;5;36.02556957550922
8322;Neuville-lès-This;6;34.47361227603864
8323;La Neuville-lès-Wasigny;3;22.20689655172412
8323;La Neuville-lès-Wasigny;5;11.10344827586206
8323;La Neuville-lès-Wasigny;6;44.41379310344832
8324;Neuvizy;4;14.73913043478261
8324;Neuvizy;5;9.82608695652174
8324;Neuvizy;6;14.73913043478261
8325;Noirval;6;16.66666666666666
8326;Nouart;1;5.38095238095238
8326;Nouart;4;16.14285714285718
8326;Nouart;5;5.38095238095238
8326;Nouart;6;10.76190476190476
8327;Nouvion-sur-Meuse;1;5.18315731825267
8327;Nouvion-sur-Meuse;2;39.03851036031542
8327;Nouvion-sur-Meuse;3;44.22395647486805
8327;Nouvion-sur-Meuse;4;203.98306000212108
8327;Nouvion-sur-Meuse;5;333.76434986432974
8327;Nouvion-sur-Meuse;6;266.80858316835446
8328;Nouzonville;1;5.06845840418877
8328;Nouzonville;2;91.0598331823207
8328;Nouzonville;3;171.89147031604793
8328;Nouzonville;4;510.5088322526341
8328;Nouzonville;5;647.0109814657219
8328;Nouzonville;6;622.0710086631105
8329;Novion-Porcien;1;20.94364681910073
8329;Novion-Porcien;2;26.14684531910358
8329;Novion-Porcien;3;42.02399813978113
8329;Novion-Porcien;4;52.42923493805574
8329;Novion-Porcien;5;52.3818361094316
8329;Novion-Porcien;6;47.09009530836484
8330;Novy-Chevrières;1;15.0187420686905
8330;Novy-Chevrières;2;19.91584798964714
8330;Novy-Chevrières;3;36.26427656073429
8330;Novy-Chevrières;4;84.2831688382831
8330;Novy-Chevrières;5;108.99042115810681
8330;Novy-Chevrières;6;106.0746267138096
8331;Noyers-Pont-Maugis;2;25.38781410411849
8331;Noyers-Pont-Maugis;3;21.35785860322613
8331;Noyers-Pont-Maugis;4;55.5288042576075
8331;Noyers-Pont-Maugis;5;50.2675028663599
8331;Noyers-Pont-Maugis;6;105.28876743565493
8332;Oches;1;6.16666666666667
8333;Olizy-Primat;1;4.91314112462804
8333;Olizy-Primat;3;4.91314112462804
8333;Olizy-Primat;4;4.91314112462804
8333;Olizy-Primat;5;39.30512899702432
8333;Olizy-Primat;6;39.30512899702432
8334;Omicourt;1;5.125
8334;Omicourt;5;15.375
8334;Omicourt;6;10.25
8335;Omont;3;11.53846153846154
8335;Omont;4;11.53846153846154
8336;Osnes;2;5.29823015337329
8336;Osnes;4;26.07969737982587
8336;Osnes;5;26.07842817513086
8336;Osnes;6;31.13056451029232
8338;Pauvres;1;16.3710161339766
8338;Pauvres;2;10.91401075598442
8338;Pauvres;4;16.371016133976628
8338;Pauvres;5;10.91401075598442
8338;Pauvres;6;16.371016133976628
8339;Perthes;1;28.7583117023767
8339;Perthes;2;9.56372399380127
8339;Perthes;3;19.19458770857549
8339;Perthes;4;23.426209284924518
8339;Perthes;5;57.129778398135656
8339;Perthes;6;33.31142500278912
8340;Poilcourt-Sydney;2;4.325
8340;Poilcourt-Sydney;3;12.975000000000001
8340;Poilcourt-Sydney;4;30.275000000000002
8340;Poilcourt-Sydney;5;21.625
8340;Poilcourt-Sydney;6;8.65
8341;Poix-Terron;1;10.2078887128987
8341;Poix-Terron;2;25.35101924232346
8341;Poix-Terron;3;66.01452219147625
8341;Poix-Terron;4;127.24843189299406
8341;Poix-Terron;5;127.4567825588441
8341;Poix-Terron;6;101.82499999722121
8342;Pouru-aux-Bois;2;4.40821883516382
8342;Pouru-aux-Bois;3;16.91775805945899
8342;Pouru-aux-Bois;4;44.58933435395965
8342;Pouru-aux-Bois;5;10.047471521650149
8342;Pouru-aux-Bois;6;12.71391808275657
8343;Pouru-Saint-Remy;1;9.90907263762007
8343;Pouru-Saint-Remy;3;24.91056149981543
8343;Pouru-Saint-Remy;4;135.29479878402853
8343;Pouru-Saint-Remy;5;115.0019981721665
8343;Pouru-Saint-Remy;6;160.36659301956797
8344;Prez;1;8.1875
8344;Prez;2;4.09375
8344;Prez;4;12.28125
8344;Prez;5;8.1875
8344;Prez;6;8.1875
8346;Prix-lès-Mézières;2;49.233703461422444
8346;Prix-lès-Mézières;3;99.56392536349237
8346;Prix-lès-Mézières;4;198.70444248952143
8346;Prix-lès-Mézières;5;124.44112271694144
8346;Prix-lès-Mézières;6;59.49052104398565
8347;Puilly-et-Charbeaux;1;10.2529489540747
8347;Puilly-et-Charbeaux;3;4.88398265229382
8347;Puilly-et-Charbeaux;4;24.7082674516674
8347;Puilly-et-Charbeaux;5;35.4519484359148
8347;Puilly-et-Charbeaux;6;25.29445863268623
8348;Puiseux;1;4.8695652173913
8348;Puiseux;5;4.8695652173913
8348;Puiseux;6;19.4782608695652
8349;Pure;1;4.66970017646803
8349;Pure;2;18.782095319431797
8349;Pure;3;5.18730050545205
8349;Pure;4;40.87737209026637
8349;Pure;5;60.2344397519679
8349;Pure;6;96.92423337051508
8350;Quatre-Champs;1;4.91836734693878
8350;Quatre-Champs;2;9.83673469387756
8350;Quatre-Champs;4;19.67346938775508
8350;Quatre-Champs;5;29.51020408163266
8350;Quatre-Champs;6;34.428571428571416
8351;Quilly;1;5.53846153846154
8351;Quilly;3;5.53846153846154
8351;Quilly;4;5.53846153846154
8351;Quilly;5;5.53846153846154
8351;Quilly;6;11.0769230769231
8352;Raillicourt;1;4.61966644914297
8352;Raillicourt;3;27.89142562080312
8352;Raillicourt;4;36.92459788775594
8352;Raillicourt;5;13.72266151684485
8352;Raillicourt;6;18.27453954902308
8353;Rancennes;1;4.9443700657017
8353;Rancennes;3;45.1717634412619
8353;Rancennes;4;76.76892846517943
8353;Rancennes;5;67.39269387978031
8353;Rancennes;6;72.36914407159263
8354;Raucourt-et-Flaba;1;4.89605382752374
8354;Raucourt-et-Flaba;2;4.569035536834
8354;Raucourt-et-Flaba;3;19.36630091470749
8354;Raucourt-et-Flaba;4;96.60579107656388
8354;Raucourt-et-Flaba;5;86.75532559592149
8354;Raucourt-et-Flaba;6;81.577848326198
8355;Regniowez;1;9.46785699662245
8355;Regniowez;2;28.871568174887972
8355;Regniowez;3;18.620658464779133
8355;Regniowez;4;47.808571812529834
8355;Regniowez;5;14.556065298453479
8355;Regniowez;6;14.316835242149939
8356;Remaucourt;3;5.27272727272727
8356;Remaucourt;4;31.63636363636354
8356;Remaucourt;5;10.54545454545454
8356;Remaucourt;6;26.36363636363631
8357;Remilly-Aillicourt;1;15.0949759872824
8357;Remilly-Aillicourt;2;14.30759611347117
8357;Remilly-Aillicourt;3;24.62556775133108
8357;Remilly-Aillicourt;4;64.16847712815196
8357;Remilly-Aillicourt;5;108.84305256664037
8357;Remilly-Aillicourt;6;85.06952083513919
8358;Remilly-les-Pothées;1;4.87316864114888
8358;Remilly-les-Pothées;2;4.82403249451847
8358;Remilly-les-Pothées;3;14.721797501730979
8358;Remilly-les-Pothées;4;34.71339185363928
8358;Remilly-les-Pothées;5;53.21375268454426
8358;Remilly-les-Pothées;6;38.9878566571767
8360;Renneville;4;5.21052631578947
8360;Renneville;5;20.8421052631578
8360;Renneville;6;31.26315789473678
8361;Renwez;1;5.09297493997217
8361;Renwez;2;65.56034301458196
8361;Renwez;3;40.52557021504837
8361;Renwez;4;245.8220889966769
8361;Renwez;5;221.22704584516399
8361;Renwez;6;176.58587347944507
8362;Rethel;1;9.72841063541758
8362;Rethel;2;170.91910075752546
8362;Rethel;3;225.31183172889524
8362;Rethel;4;629.2051007056909
8362;Rethel;5;893.2881242686701
8362;Rethel;6;714.8816972971
8363;Revin;2;70.32072608839302
8363;Revin;3;125.70202750419928
8363;Revin;4;341.287470616087
8363;Revin;5;504.1176751401661
8363;Revin;6;593.5964270040085
8364;Rilly-sur-Aisne;3;5.25
8364;Rilly-sur-Aisne;4;5.25
8364;Rilly-sur-Aisne;5;15.75
8365;Rimogne;2;54.90075177360883
8365;Rimogne;3;29.76199372541141
8365;Rimogne;4;109.61183528431734
8365;Rimogne;5;174.2127529636759
8365;Rimogne;6;181.0611517229569
8366;Rocquigny;1;14.988090934109989
8366;Rocquigny;2;9.811702557129589
8366;Rocquigny;3;20.388549570323022
8366;Rocquigny;4;45.97040230333312
8366;Rocquigny;5;75.52791279519846
8366;Rocquigny;6;70.54370181414718
8367;Rocroi;1;29.7104322866495
8367;Rocroi;2;43.849680204853804
8367;Rocroi;3;53.59624531715091
8367;Rocroi;4;205.3783340817565
8367;Rocroi;5;234.4874413175308
8367;Rocroi;6;219.46143283639583
8368;Roizy;1;5.26190476190476
8368;Roizy;3;5.26190476190476
8368;Roizy;4;26.309523809523782
8368;Roizy;5;31.57142857142854
8368;Roizy;6;52.619047619047564
8369;La Romagne;1;9.7037037037037
8369;La Romagne;3;9.7037037037037
8369;La Romagne;4;4.85185185185185
8369;La Romagne;5;14.55555555555555
8369;La Romagne;6;24.259259259259252
8370;Rouvroy-sur-Audry;1;4.62868912433789
8370;Rouvroy-sur-Audry;2;10.14660633908772
8370;Rouvroy-sur-Audry;3;19.02893617328458
8370;Rouvroy-sur-Audry;4;44.10915421524623
8370;Rouvroy-sur-Audry;5;58.25139716910095
8370;Rouvroy-sur-Audry;6;82.007509224881
8372;Rubigny;5;6.0
8372;Rubigny;6;12.0
8373;Rumigny;1;17.94819961149919
8373;Rumigny;3;9.8862048939444
8373;Rumigny;4;28.52971288357318
8373;Rumigny;5;24.89619075034556
8373;Rumigny;6;38.158923699358525
8374;La Sabotterie;4;9.4074074074074
8374;La Sabotterie;5;4.7037037037037
8374;La Sabotterie;6;18.8148148148148
8375;Sachy;2;4.81081081081081
8375;Sachy;4;4.81081081081081
8375;Sachy;5;19.24324324324321
8375;Sachy;6;48.10810810810804
8376;Sailly;1;4.6656074291187
8376;Sailly;2;9.59366352329816
8376;Sailly;3;9.6309802044362
8376;Sailly;4;19.18732704659632
8376;Sailly;5;23.70066809977036
8376;Sailly;6;52.143373009508984
8377;Saint-Aignan;2;9.27272727272728
8377;Saint-Aignan;3;9.27272727272728
8377;Saint-Aignan;4;23.1818181818182
8377;Saint-Aignan;5;23.1818181818182
8377;Saint-Aignan;6;9.27272727272728
8378;Saint-Clément-à-Arnes;1;10.5008807677251
8378;Saint-Clément-à-Arnes;2;5.25044038386257
8378;Saint-Clément-à-Arnes;4;5.25044038386257
8378;Saint-Clément-à-Arnes;5;5.25044038386257
8378;Saint-Clément-à-Arnes;6;15.75132115158771
8379;Saint-Étienne-à-Arnes;1;20.25
8379;Saint-Étienne-à-Arnes;2;5.0625
8379;Saint-Étienne-à-Arnes;3;15.1875
8379;Saint-Étienne-à-Arnes;4;35.4375
8379;Saint-Étienne-à-Arnes;5;15.1875
8379;Saint-Étienne-à-Arnes;6;30.375
8380;Saint-Fergeux;1;15.3571428571429
8380;Saint-Fergeux;2;5.11904761904762
8380;Saint-Fergeux;4;10.23809523809524
8380;Saint-Fergeux;5;25.59523809523806
8380;Saint-Fergeux;6;25.59523809523802
8381;Saint-Germainmont;1;9.53931885398349
8381;Saint-Germainmont;2;14.184063073760829
8381;Saint-Germainmont;3;4.79496178208336
8381;Saint-Germainmont;4;42.65127364159693
8381;Saint-Germainmont;5;104.73809975670927
8381;Saint-Germainmont;6;118.46883404581523
8382;Saint-Jean-aux-Bois;1;5.52941176470588
8382;Saint-Jean-aux-Bois;3;5.52941176470588
8382;Saint-Jean-aux-Bois;5;5.52941176470588
8382;Saint-Jean-aux-Bois;6;16.58823529411768
8383;Saint-Juvin;3;10.1
8383;Saint-Juvin;5;15.149999999999999
8383;Saint-Juvin;6;5.05
8384;Saint-Lambert-et-Mont-de-Jeux;2;5.95652173913043
8384;Saint-Lambert-et-Mont-de-Jeux;4;5.95652173913043
8384;Saint-Lambert-et-Mont-de-Jeux;5;5.95652173913043
8384;Saint-Lambert-et-Mont-de-Jeux;6;29.78260869565213
8385;Saint-Laurent;2;29.35479284764287
8385;Saint-Laurent;3;79.08859668477479
8385;Saint-Laurent;4;163.94171333203252
8385;Saint-Laurent;5;137.59811025846494
8385;Saint-Laurent;6;123.40673576798632
8386;Saint-Loup-en-Champagne;1;15.506476067065341
8386;Saint-Loup-en-Champagne;2;5.15230812613006
8386;Saint-Loup-en-Champagne;3;10.35464450093843
8386;Saint-Loup-en-Champagne;4;46.3961418280029
8386;Saint-Loup-en-Champagne;5;30.98876970845002
8386;Saint-Loup-en-Champagne;6;62.15109231740208
8387;Saint-Loup-Terrier;1;11.741935483871
8387;Saint-Loup-Terrier;4;11.741935483871
8387;Saint-Loup-Terrier;5;41.0967741935484
8387;Saint-Loup-Terrier;6;5.87096774193548
8388;Saint-Marceau;2;15.650675207768
8388;Saint-Marceau;3;20.92941868077257
8388;Saint-Marceau;4;62.42211602494695
8388;Saint-Marceau;5;35.88831877765816
8388;Saint-Marceau;6;30.27261568916909
8389;Saint-Marcel;2;9.35666283525404
8389;Saint-Marcel;3;7.967451503886011
8389;Saint-Marcel;4;39.32323935656533
8389;Saint-Marcel;5;40.181440343053254
8389;Saint-Marcel;6;45.50892588274073
8390;Sainte-Marie;4;4.33333333333333
8390;Sainte-Marie;5;17.33333333333333
8390;Sainte-Marie;6;4.33333333333333
8391;Saint-Menges;2;14.496409041299302
8391;Saint-Menges;3;20.084868710704797
8391;Saint-Menges;4;53.3970879038348
8391;Saint-Menges;5;93.35830138186151
8391;Saint-Menges;6;146.346256637092
8392;Saint-Morel;1;4.86842105263158
8392;Saint-Morel;2;9.73684210526316
8392;Saint-Morel;3;9.73684210526316
8392;Saint-Morel;4;14.60526315789474
8392;Saint-Morel;5;29.21052631578948
8392;Saint-Morel;6;14.60526315789474
8393;Saint-Pierre-à-Arnes;1;4.125
8393;Saint-Pierre-à-Arnes;4;8.25
8393;Saint-Pierre-à-Arnes;5;4.125
8393;Saint-Pierre-à-Arnes;6;8.25
8394;Saint-Pierremont;1;5.53846153846154
8394;Saint-Pierremont;5;11.07692307692308
8394;Saint-Pierremont;6;5.53846153846154
8395;Saint-Pierre-sur-Vence;3;4.86666666666667
8395;Saint-Pierre-sur-Vence;4;19.46666666666668
8395;Saint-Pierre-sur-Vence;5;14.600000000000009
8395;Saint-Pierre-sur-Vence;6;4.86666666666667
8396;Saint-Quentin-le-Petit;1;10.0833333333333
8396;Saint-Quentin-le-Petit;2;15.12499999999997
8396;Saint-Quentin-le-Petit;4;15.125000000000009
8397;Saint-Remy-le-Petit;4;31.42857142857142
8398;Sainte-Vaubourg;1;5.11764705882353
8398;Sainte-Vaubourg;3;5.11764705882353
8398;Sainte-Vaubourg;4;15.35294117647063
8398;Sainte-Vaubourg;5;5.11764705882353
8399;Sapogne-sur-Marche;1;5.14285714285714
8399;Sapogne-sur-Marche;3;10.28571428571428
8399;Sapogne-sur-Marche;4;25.71428571428572
8399;Sapogne-sur-Marche;5;10.28571428571428
8399;Sapogne-sur-Marche;6;36.0
8400;Sapogne-et-Feuchères;1;10.0457249551402
8400;Sapogne-et-Feuchères;2;10.16766983946905
8400;Sapogne-et-Feuchères;3;10.04572495514024
8400;Sapogne-et-Feuchères;4;46.09411965058265
8400;Sapogne-et-Feuchères;5;71.42349979244625
8400;Sapogne-et-Feuchères;6;61.502698264564614
8401;Saulces-Champenoises;1;19.3913043478261
8401;Saulces-Champenoises;2;9.69565217391304
8401;Saulces-Champenoises;3;4.84782608695652
8401;Saulces-Champenoises;4;19.39130434782608
8401;Saulces-Champenoises;5;29.08695652173912
8401;Saulces-Champenoises;6;19.39130434782612
8402;Saulces-Monclin;2;25.62094202418947
8402;Saulces-Monclin;3;55.49316848180178
8402;Saulces-Monclin;4;90.93401807581778
8402;Saulces-Monclin;5;104.4827585549983
8402;Saulces-Monclin;6;115.14821526667953
8403;Sault-lès-Rethel;1;15.2426909395327
8403;Sault-lès-Rethel;2;45.69849085594958
8403;Sault-lès-Rethel;3;40.8178752365807
8403;Sault-lès-Rethel;4;142.30804057810147
8403;Sault-lès-Rethel;5;234.0057979558939
8403;Sault-lès-Rethel;6;208.28234240471548
8404;Sault-Saint-Remy;1;5.14634146341463
8404;Sault-Saint-Remy;3;10.29268292682926
8404;Sault-Saint-Remy;4;41.17073170731706
8404;Sault-Saint-Remy;5;5.14634146341463
8404;Sault-Saint-Remy;6;30.87804878048786
8405;Sauville;1;5.04760758141317
8405;Sauville;2;5.07061661416617
8405;Sauville;4;15.14282274423947
8405;Sauville;5;30.35498628824127
8405;Sauville;6;40.51912461674051
8406;Savigny-sur-Aisne;1;9.81355989065557
8406;Savigny-sur-Aisne;2;10.4634582298187
8406;Savigny-sur-Aisne;3;13.89638056804027
8406;Savigny-sur-Aisne;4;25.27745772789489
8406;Savigny-sur-Aisne;5;45.82880944468012
8406;Savigny-sur-Aisne;6;56.93352808568363
8407;Séchault;5;4.96328115011424
8407;Séchault;6;18.92778414176004
8408;Sécheval;2;20.1392991185842
8408;Sécheval;3;10.20101565332489
8408;Sécheval;4;86.03961956518489
8408;Sécheval;5;65.90613617441447
8408;Sécheval;6;70.81795384771405
8409;Sedan;1;30.99774006092604
8409;Sedan;2;278.69572293869555
8409;Sedan;3;367.3857286394644
8409;Sedan;4;1099.3616672912149
8409;Sedan;5;1547.7565044560988
8409;Sedan;6;1541.1021460010522
8410;Semide;1;15.44117647058821
8410;Semide;2;5.14705882352941
8410;Semide;3;10.29411764705882
8410;Semide;5;15.44117647058821
8410;Semide;6;15.44117647058821
8411;Semuy;4;5.1764705882353
8411;Semuy;5;5.1764705882353
8411;Semuy;6;5.1764705882353
8412;Senuc;2;5.13333333333333
8412;Senuc;3;5.13333333333333
8412;Senuc;4;15.40000000000003
8412;Senuc;5;15.399999999999991
8412;Senuc;6;5.13333333333333
8413;Seraincourt;1;10.2961351631446
8413;Seraincourt;2;10.27525725632838
8413;Seraincourt;4;25.68467603197427
8413;Seraincourt;5;25.66382636122771
8413;Seraincourt;6;41.13586949202823
8415;Sery;2;13.77113315485099
8415;Sery;4;28.932902861379098
8415;Sery;5;52.57395192126147
8415;Sery;6;23.65528652252408
8416;Seuil;4;10.17142857142858
8416;Seuil;5;15.2571428571429
8416;Seuil;6;15.25714285714287
8417;Sévigny-la-Forêt;1;3.66604945233115
8417;Sévigny-la-Forêt;2;3.66604945233115
8417;Sévigny-la-Forêt;4;17.70668769201075
8417;Sévigny-la-Forêt;5;50.82576219624648
8417;Sévigny-la-Forêt;6;58.43585460067756
8418;Sévigny-Waleppe;1;15.78810344823793
8418;Sévigny-Waleppe;2;15.58367121705841
8418;Sévigny-Waleppe;3;15.78810344823792
8418;Sévigny-Waleppe;4;21.00534997933474
8418;Sévigny-Waleppe;5;9.98271296592057
8418;Sévigny-Waleppe;6;20.58743232715878
8419;Signy-l'Abbaye;2;29.49653264181325
8419;Signy-l'Abbaye;3;29.572144814200378
8419;Signy-l'Abbaye;4;114.6206999718212
8419;Signy-l'Abbaye;5;134.68951419151173
8419;Signy-l'Abbaye;6;161.59932045235976
8420;Signy-le-Petit;1;49.743727104427094
8420;Signy-le-Petit;2;44.51455463508928
8420;Signy-le-Petit;3;24.68599403166765
8420;Signy-le-Petit;4;74.21256144706864
8420;Signy-le-Petit;5;84.17447795823941
8420;Signy-le-Petit;6;198.0135890985418
8421;Signy-Montlibert;5;11.625
8421;Signy-Montlibert;6;11.625
8422;Singly;2;5.4
8422;Singly;3;16.200000000000003
8422;Singly;4;5.4
8422;Singly;5;10.8
8422;Singly;6;10.8
8424;Sommauthe;3;5.375
8424;Sommauthe;5;5.375
8424;Sommauthe;6;5.375
8425;Sommerance;4;7.83333333333334
8425;Sommerance;6;7.83333333333334
8426;Son;1;12.2666666666667
8426;Son;3;6.13333333333333
8426;Son;4;18.40000000000003
8426;Son;5;6.13333333333333
8426;Son;6;6.13333333333333
8427;Sorbon;1;10.9230769230769
8427;Sorbon;2;5.46153846153846
8427;Sorbon;3;10.92307692307692
8427;Sorbon;4;38.230769230769184
8427;Sorbon;5;32.76923076923074
8427;Sorbon;6;16.38461538461538
8428;Sorcy-Bauthémont;2;10.0
8428;Sorcy-Bauthémont;3;5.0
8428;Sorcy-Bauthémont;4;10.0
8428;Sorcy-Bauthémont;5;15.0
8428;Sorcy-Bauthémont;6;25.0
8429;Sormonne;2;15.50199444671178
8429;Sormonne;3;20.3167920024678
8429;Sormonne;4;91.39670407235391
8429;Sormonne;5;88.62495668078968
8429;Sormonne;6;72.08260788466276
8430;Stonne;1;6.33333333333333
8430;Stonne;2;6.33333333333333
8430;Stonne;4;6.33333333333333
8430;Stonne;6;6.33333333333333
8431;Sugny;4;10.77777777777778
8431;Sugny;5;21.55555555555556
8431;Sugny;6;5.38888888888889
8432;Sury;3;14.285714285714281
8432;Sury;4;4.76190476190476
8432;Sury;5;4.76190476190476
8432;Sury;6;23.8095238095238
8433;Suzanne;1;4.83333333333333
8433;Suzanne;2;4.83333333333333
8433;Suzanne;4;4.83333333333333
8433;Suzanne;5;9.66666666666666
8433;Suzanne;6;4.83333333333333
8434;Sy;1;12.0
8434;Sy;5;6.0
8435;Tagnon;1;19.56255172531167
8435;Tagnon;2;24.512936732149818
8435;Tagnon;3;33.528122007409536
8435;Tagnon;4;150.5327201053537
8435;Tagnon;5;97.25558194462357
8435;Tagnon;6;92.1298702109608
8436;Taillette;1;14.58655136551846
8436;Taillette;2;9.75553981777076
8436;Taillette;3;14.87027824441637
8436;Taillette;4;39.54561411232132
8436;Taillette;5;44.279439983930885
8436;Taillette;6;69.04780913527247
8437;Tailly;1;15.617647058823579
8437;Tailly;2;5.20588235294118
8437;Tailly;4;10.41176470588236
8437;Tailly;5;15.6176470588235
8437;Tailly;6;31.235294117647157
8438;Taizy;2;10.8421052631579
8438;Taizy;4;32.5263157894737
8438;Taizy;5;5.42105263157895
8438;Taizy;6;10.8421052631579
8439;Tannay;1;4.93333333333333
8439;Tannay;4;9.86666666666666
8439;Tannay;5;14.8
8439;Tannay;6;29.59999999999998
8440;Tarzy;1;4.06451612903226
8440;Tarzy;2;4.06451612903226
8440;Tarzy;4;28.45161290322582
8440;Tarzy;6;12.19354838709678
8444;Tétaigne;1;6.09523809523809
8444;Tétaigne;3;12.19047619047618
8444;Tétaigne;5;18.285714285714292
8444;Tétaigne;6;30.47619047619049
8445;Thelonne;1;15.79379201282638
8445;Thelonne;2;4.58440973711886
8445;Thelonne;3;24.907364074763898
8445;Thelonne;4;25.22331044403928
8445;Thelonne;5;29.02264219139321
8445;Thelonne;6;68.58205530492427
8446;Thénorgues;1;4.61111111111111
8446;Thénorgues;2;4.61111111111111
8446;Thénorgues;5;4.61111111111111
8446;Thénorgues;6;9.22222222222222
8448;Thilay;1;5.27237295266708
8448;Thilay;2;68.65407667406564
8448;Thilay;3;31.64562963759331
8448;Thilay;4;89.4627631500095
8448;Thilay;5;99.54129648402787
8448;Thilay;6;116.01355854319095
8449;Thin-le-Moutier;2;29.65848820329661
8449;Thin-le-Moutier;3;24.76216439938538
8449;Thin-le-Moutier;4;54.93095471194761
8449;Thin-le-Moutier;5;60.0861572641952
8449;Thin-le-Moutier;6;50.71370717753667
8450;This;1;4.74468085106383
8450;This;2;9.48936170212766
8450;This;3;14.23404255319149
8450;This;4;52.19148936170214
8450;This;5;28.46808510638298
8450;This;6;14.23404255319149
8451;Le Thour;1;4.75361007241253
8451;Le Thour;4;22.17109977999619
8451;Le Thour;5;45.55112030580268
8451;Le Thour;6;57.96965619343336
8452;Thugny-Trugny;1;8.6426756777475
8452;Thugny-Trugny;2;4.88107553605048
8452;Thugny-Trugny;4;26.26360553985731
8452;Thugny-Trugny;5;14.08348891097471
8452;Thugny-Trugny;6;27.4419751972165
8453;Toges;5;10.42105263157894
8453;Toges;6;20.84210526315788
8454;Touligny;1;4.15
8454;Touligny;3;4.15
8454;Touligny;5;4.15
8454;Touligny;6;12.450000000000001
8455;Tourcelles-Chaumont;2;4.78947368421053
8455;Tourcelles-Chaumont;3;4.78947368421053
8455;Tourcelles-Chaumont;5;14.36842105263159
8455;Tourcelles-Chaumont;6;19.15789473684212
8456;Tournavaux;2;5.34883720930233
8456;Tournavaux;3;16.04651162790703
8456;Tournavaux;4;37.44186046511632
8456;Tournavaux;5;26.744186046511665
8456;Tournavaux;6;21.39534883720936
8457;Tournes;1;4.96518078291057
8457;Tournes;2;44.35825651239179
8457;Tournes;3;44.098366361799975
8457;Tournes;4;141.96465056899333
8457;Tournes;5;137.26631184848748
8457;Tournes;6;93.36376851521099
8458;Tourteron;2;5.42424242424242
8458;Tourteron;3;10.84848484848484
8458;Tourteron;4;16.27272727272726
8458;Tourteron;5;10.84848484848484
8458;Tourteron;6;27.121212121212018
8459;Tremblois-lès-Carignan;1;9.26666666666666
8459;Tremblois-lès-Carignan;4;4.63333333333333
8459;Tremblois-lès-Carignan;5;9.26666666666666
8459;Tremblois-lès-Carignan;6;27.799999999999983
8460;Tremblois-lès-Rocroi;4;14.4375
8460;Tremblois-lès-Rocroi;5;19.25
8460;Tremblois-lès-Rocroi;6;33.6875
8461;Vandy;2;9.66428796335998
8461;Vandy;3;4.40581079760681
8461;Vandy;4;14.07009876096679
8461;Vandy;5;23.87824417245519
8461;Vandy;6;24.04738928570125
8462;Vaux-Champagne;1;14.464285714285712
8462;Vaux-Champagne;3;4.82142857142857
8462;Vaux-Champagne;5;24.10714285714284
8462;Vaux-Champagne;6;43.39285714285715
8463;Vaux-en-Dieulet;4;6.0
8464;Vaux-lès-Mouron;1;6.07692307692308
8464;Vaux-lès-Mouron;2;6.07692307692308
8464;Vaux-lès-Mouron;4;6.07692307692308
8464;Vaux-lès-Mouron;5;12.15384615384616
8464;Vaux-lès-Mouron;6;18.23076923076928
8465;Vaux-lès-Rubigny;1;12.2857142857143
8465;Vaux-lès-Rubigny;5;6.14285714285714
8465;Vaux-lès-Rubigny;6;6.14285714285714
8466;Vaux-lès-Mouzon;1;20.2857142857142
8466;Vaux-lès-Mouzon;4;10.14285714285714
8466;Vaux-lès-Mouzon;6;10.14285714285714
8467;Vaux-Montreuil;4;15.2857142857143
8467;Vaux-Montreuil;5;5.0952380952381
8467;Vaux-Montreuil;6;15.2857142857143
8468;Vaux-Villaine;1;17.86046511627907
8468;Vaux-Villaine;2;4.46511627906977
8468;Vaux-Villaine;3;4.46511627906977
8468;Vaux-Villaine;4;4.46511627906977
8468;Vaux-Villaine;5;26.79069767441862
8468;Vaux-Villaine;6;26.79069767441862
8469;Vendresse;1;10.33881277203384
8469;Vendresse;2;5.29062452866331
8469;Vendresse;3;20.39060822198472
8469;Vendresse;4;43.90578666027407
8469;Vendresse;5;61.39088988372571
8469;Vendresse;6;50.83667956335226
8470;Verpel;1;10.0
8470;Verpel;2;5.0
8470;Verpel;4;5.0
8470;Verpel;5;5.0
8470;Verpel;6;5.0
8471;Verrières;1;6.4
8471;Verrières;4;6.4
8471;Verrières;5;6.4
8472;Viel-Saint-Remy;1;19.7978569954972
8472;Viel-Saint-Remy;2;9.89090524532058
8472;Viel-Saint-Remy;3;9.89892971784105
8472;Viel-Saint-Remy;4;54.465181958981105
8472;Viel-Saint-Remy;5;14.861440242325909
8472;Viel-Saint-Remy;6;24.76036751932239
8473;Vieux-lès-Asfeld;1;4.62933053348639
8473;Vieux-lès-Asfeld;2;5.18052700315944
8473;Vieux-lès-Asfeld;3;14.69541358826563
8473;Vieux-lès-Asfeld;4;33.90727540169928
8473;Vieux-lès-Asfeld;5;39.20068471317707
8473;Vieux-lès-Asfeld;6;14.28788268159086
8476;Villers-devant-le-Thour;1;4.928695589215
8476;Villers-devant-le-Thour;2;10.223778352322
8476;Villers-devant-le-Thour;3;24.79043682697554
8476;Villers-devant-le-Thour;4;44.94191633515686
8476;Villers-devant-le-Thour;5;50.16348090397658
8476;Villers-devant-le-Thour;6;54.584105171290005
8477;Villers-devant-Mouzon;2;4.86363636363636
8477;Villers-devant-Mouzon;4;14.59090909090908
8477;Villers-devant-Mouzon;5;14.59090909090908
8477;Villers-devant-Mouzon;6;9.72727272727272
8478;Villers-le-Tilleul;1;4.9375
8478;Villers-le-Tilleul;2;4.9375
8478;Villers-le-Tilleul;3;9.875
8478;Villers-le-Tilleul;4;29.625
8478;Villers-le-Tilleul;5;34.5625
8478;Villers-le-Tilleul;6;24.6875
8479;Villers-le-Tourneur;1;4.75
8479;Villers-le-Tourneur;4;28.5
8479;Villers-le-Tourneur;5;42.75
8479;Villers-le-Tourneur;6;28.5
8480;Villers-Semeuse;2;54.84598338920993
8480;Villers-Semeuse;3;73.82755542387233
8480;Villers-Semeuse;4;336.85194979644996
8480;Villers-Semeuse;5;468.2189971049652
8480;Villers-Semeuse;6;441.74477098646275
8481;Villers-sur-Bar;1;4.68521138101677
8481;Villers-sur-Bar;2;9.00063966675254
8481;Villers-sur-Bar;3;10.17336135899496
8481;Villers-sur-Bar;4;57.069218684945014
8481;Villers-sur-Bar;5;39.58952644419861
8481;Villers-sur-Bar;6;19.57547032422821
8482;Villers-sur-le-Mont;1;4.63636363636364
8482;Villers-sur-le-Mont;4;18.54545454545456
8482;Villers-sur-le-Mont;5;9.27272727272728
8482;Villers-sur-le-Mont;6;4.63636363636364
8483;Ville-sur-Lumes;2;19.93816561901243
8483;Ville-sur-Lumes;3;15.030886382989841
8483;Ville-sur-Lumes;4;100.06173454172479
8483;Ville-sur-Lumes;5;44.984575969943094
8483;Ville-sur-Lumes;6;19.95360607322447
8484;Ville-sur-Retourne;3;4.47058823529412
8484;Ville-sur-Retourne;4;8.94117647058824
8484;Ville-sur-Retourne;6;13.411764705882362
8485;Villy;1;4.9
8485;Villy;2;14.700000000000001
8485;Villy;4;29.4
8485;Villy;5;14.7
8485;Villy;6;34.300000000000004
8486;Vireux-Molhain;1;4.83740234844059
8486;Vireux-Molhain;2;34.94495056685661
8486;Vireux-Molhain;3;49.722880183105616
8486;Vireux-Molhain;4;147.60793871350106
8486;Vireux-Molhain;5;166.82841068008926
8486;Vireux-Molhain;6;171.50249214824842
8487;Vireux-Wallerand;2;76.96790764914705
8487;Vireux-Wallerand;3;98.94058644086147
8487;Vireux-Wallerand;4;176.0726982214345
8487;Vireux-Wallerand;5;240.30652554564838
8487;Vireux-Wallerand;6;260.10018258711386
8488;Vivier-au-Court;2;79.83022035985095
8488;Vivier-au-Court;3;55.44361887041444
8488;Vivier-au-Court;4;267.6234898289956
8488;Vivier-au-Court;5;284.5966131665571
8488;Vivier-au-Court;6;399.2385458889558
8489;Voncq;1;21.84615384615386
8489;Voncq;2;10.9230769230769
8489;Voncq;3;16.38461538461536
8489;Voncq;4;10.92307692307692
8489;Voncq;5;21.8461538461538
8489;Voncq;6;10.92307692307692
8490;Vouziers;1;22.30113140862699
8490;Vouziers;2;141.88747141832218
8490;Vouziers;3;71.7030064007003
8490;Vouziers;4;296.13604182216113
8490;Vouziers;5;573.0017576853518
8490;Vouziers;6;275.66532770061417
8491;Vrigne aux Bois;2;90.63768452356886
8491;Vrigne aux Bois;3;104.82464496452448
8491;Vrigne aux Bois;4;349.5990921455884
8491;Vrigne aux Bois;5;378.4432428335573
8491;Vrigne aux Bois;6;439.8273493016811
8492;Vrigne-Meuse;1;5.18112367347791
8492;Vrigne-Meuse;2;10.147695733474059
8492;Vrigne-Meuse;3;20.438093751971792
8492;Vrigne-Meuse;4;76.86167979845082
8492;Vrigne-Meuse;5;35.55731577049323
8492;Vrigne-Meuse;6;20.65465212074912
8494;Wadelincourt;1;5.13595135330055
8494;Wadelincourt;2;10.08721672256043
8494;Wadelincourt;3;34.84351288966608
8494;Wadelincourt;4;55.48050671569659
8494;Wadelincourt;5;50.15986937835535
8494;Wadelincourt;6;55.75847428402723
8496;Wagnon;1;10.0869565217391
8496;Wagnon;2;5.04347826086957
8496;Wagnon;4;5.04347826086957
8496;Wagnon;5;15.13043478260871
8496;Wagnon;6;5.04347826086957
8497;Warcq;1;4.96916312176689
8497;Warcq;2;29.78704324419456
8497;Warcq;3;59.05292818700905
8497;Warcq;4;118.39504974020501
8497;Warcq;5;212.49134740965653
8497;Warcq;6;118.62464507844486
8498;Warnécourt;2;14.944082354545799
8498;Warnécourt;3;35.88239155395616
8498;Warnécourt;4;25.35093790680773
8498;Warnécourt;5;60.63090124749676
8498;Warnécourt;6;35.15536524580258
8499;Wasigny;1;13.1251727586289
8499;Wasigny;3;6.54904019403181
8499;Wasigny;4;50.0482599062194
8499;Wasigny;5;6.54904019403181
8499;Wasigny;6;34.240911293892424
8500;Wignicourt;3;6.22222222222222
8500;Wignicourt;4;12.44444444444444
8500;Wignicourt;5;6.22222222222222
8500;Wignicourt;6;6.22222222222222
8501;Williers;2;4.44444444444444
8501;Williers;4;4.44444444444444
8502;Yoncq;1;4.73684210526316
8502;Yoncq;3;9.47368421052632
8502;Yoncq;4;14.21052631578948
8502;Yoncq;5;4.73684210526316
8502;Yoncq;6;14.21052631578948
8503;Yvernaumont;1;9.44
8503;Yvernaumont;3;14.16
8503;Yvernaumont;4;4.72
8503;Yvernaumont;5;18.88
8503;Yvernaumont;6;14.16
10002;Ailleville;2;4.92093938233265
10002;Ailleville;3;10.17604565390859
10002;Ailleville;4;24.291779356704687
10002;Ailleville;5;37.01972998396941
10002;Ailleville;6;25.39595461757677
10003;Aix-Villemaur-Pâlis;1;52.004194816686514
10003;Aix-Villemaur-Pâlis;2;95.11097261066693
10003;Aix-Villemaur-Pâlis;3;132.56693269824154
10003;Aix-Villemaur-Pâlis;4;286.7388336559941
10003;Aix-Villemaur-Pâlis;5;379.9286674958522
10003;Aix-Villemaur-Pâlis;6;443.1182576809393
10004;Allibaudières;1;21.0822252801334
10004;Allibaudières;2;5.27055632003334
10004;Allibaudières;4;15.811668960100022
10004;Allibaudières;5;26.35278160016674
10004;Allibaudières;6;15.811668960100022
10005;Amance;2;8.891016087087749
10005;Amance;3;18.49050610129168
10005;Amance;4;28.10277804193364
10005;Amance;5;36.31229310628679
10005;Amance;6;21.1216007703469
10006;Arcis-sur-Aube;1;4.93808973125972
10006;Arcis-sur-Aube;2;49.224586331293835
10006;Arcis-sur-Aube;3;83.7208664582808
10006;Arcis-sur-Aube;4;152.70354447696255
10006;Arcis-sur-Aube;5;320.18499194670255
10006;Arcis-sur-Aube;6;310.4274401791063
10007;Arconville;5;10.0
10007;Arconville;6;30.0
10008;Argançon;1;29.7391304347826
10008;Argançon;4;4.95652173913043
10008;Argançon;5;4.95652173913043
10008;Argançon;6;14.86956521739129
10009;Arrelles;1;5.3125
10009;Arrelles;2;5.3125
10009;Arrelles;5;15.9375
10009;Arrelles;6;26.5625
10010;Arrembécourt;3;3.83333333333333
10010;Arrembécourt;4;7.66666666666666
10010;Arrembécourt;5;3.83333333333333
10010;Arrembécourt;6;7.66666666666666
10011;Arrentières;1;38.5
10011;Arrentières;4;22.0
10011;Arrentières;5;5.5
10011;Arrentières;6;11.0
10012;Arsonval;3;4.28752512239859
10012;Arsonval;4;36.96781248027027
10012;Arsonval;5;19.60474598578923
10012;Arsonval;6;35.31991086940299
10013;Assenay;1;5.18518518518519
10013;Assenay;3;15.555555555555568
10013;Assenay;4;15.555555555555589
10013;Assenay;5;20.74074074074076
10014;Assencières;2;10.38888888888888
10014;Assencières;3;15.583333333333321
10014;Assencières;4;25.97222222222222
10014;Assencières;5;25.97222222222222
10014;Assencières;6;5.19444444444444
10015;Aubeterre;1;5.27012851500115
10015;Aubeterre;2;5.49965709320841
10015;Aubeterre;3;21.69150050455758
10015;Aubeterre;4;54.148437860698195
10015;Aubeterre;5;81.18223794907203
10015;Aubeterre;6;43.30324278979166
10017;Aulnay;1;4.875
10017;Aulnay;4;19.5
10017;Aulnay;5;19.5
10017;Aulnay;6;14.625
10018;Auxon;1;18.85561053549756
10018;Auxon;2;22.33712307850707
10018;Auxon;3;47.52986043083414
10018;Auxon;4;64.32998953552882
10018;Auxon;5;96.6270466482558
10018;Auxon;6;122.24113528374663
10019;Val-d'Auzon;1;18.40087485051491
10019;Val-d'Auzon;2;4.47743746839581
10019;Val-d'Auzon;3;9.00342091877742
10019;Val-d'Auzon;4;59.39565408910857
10019;Val-d'Auzon;5;50.53881537788626
10019;Val-d'Auzon;6;29.71630560726783
10020;Avant-lès-Marcilly;1;10.1223120602042
10020;Avant-lès-Marcilly;2;5.12292082771165
10020;Avant-lès-Marcilly;3;44.39765207706194
10020;Avant-lès-Marcilly;4;39.88932871636774
10020;Avant-lès-Marcilly;5;65.26908102498146
10020;Avant-lès-Marcilly;6;34.67238484259986
10021;Avant-lès-Ramerupt;1;4.63636363636364
10021;Avant-lès-Ramerupt;2;9.27272727272728
10021;Avant-lès-Ramerupt;4;13.90909090909092
10021;Avant-lès-Ramerupt;5;9.27272727272728
10021;Avant-lès-Ramerupt;6;18.54545454545456
10022;Avirey-Lingey;1;19.60975609756096
10022;Avirey-Lingey;3;4.90243902439024
10022;Avirey-Lingey;5;19.60975609756096
10022;Avirey-Lingey;6;29.41463414634142
10023;Avon-la-Pèze;1;4.90243902439024
10023;Avon-la-Pèze;4;34.31707317073166
10023;Avon-la-Pèze;5;19.60975609756096
10023;Avon-la-Pèze;6;39.21951219512192
10024;Avreuil;1;13.3421052631579
10024;Avreuil;2;8.89473684210526
10024;Avreuil;4;17.78947368421052
10024;Avreuil;5;13.34210526315789
10024;Avreuil;6;13.34210526315789
10025;Bagneux-la-Fosse;1;9.35135135135136
10025;Bagneux-la-Fosse;3;4.67567567567568
10025;Bagneux-la-Fosse;4;4.67567567567568
10025;Bagneux-la-Fosse;5;14.027027027027039
10025;Bagneux-la-Fosse;6;14.027027027027039
10026;Bailly-le-Franc;1;5.28571428571429
10026;Bailly-le-Franc;3;5.28571428571429
10026;Bailly-le-Franc;6;5.28571428571429
10027;Balignicourt;1;14.499999999999991
10027;Balignicourt;3;9.66666666666666
10027;Balignicourt;4;9.66666666666666
10027;Balignicourt;6;4.83333333333333
10028;Balnot-la-Grange;1;20.0
10028;Balnot-la-Grange;4;10.0
10028;Balnot-la-Grange;5;15.0
10028;Balnot-la-Grange;6;5.0
10029;Balnot-sur-Laignes;1;43.3125
10029;Balnot-sur-Laignes;2;9.625
10029;Balnot-sur-Laignes;4;9.625
10029;Balnot-sur-Laignes;5;9.625
10029;Balnot-sur-Laignes;6;24.0625
10030;Barberey-Saint-Sulpice;2;29.99925331152397
10030;Barberey-Saint-Sulpice;3;65.17888912257038
10030;Barberey-Saint-Sulpice;4;195.07669757085654
10030;Barberey-Saint-Sulpice;5;165.91670157651032
10030;Barberey-Saint-Sulpice;6;140.53004107115586
10031;Barbuise;1;12.0635661931569
10031;Barbuise;2;27.98437614930446
10031;Barbuise;3;6.01409080180191
10031;Barbuise;4;50.36081366641868
10031;Barbuise;5;54.2837952977713
10031;Barbuise;6;27.53538883446503
10032;Baroville;1;19.31011449682295
10032;Baroville;2;4.63694718130663
10032;Baroville;4;24.75018952594425
10032;Baroville;5;11.01925329032931
10032;Baroville;6;76.97896066166834
10033;Bar-sur-Aube;1;40.09920567123116
10033;Bar-sur-Aube;2;50.17705769870615
10033;Bar-sur-Aube;3;165.641456207627
10033;Bar-sur-Aube;4;288.6372170126086
10033;Bar-sur-Aube;5;433.82623837699805
10033;Bar-sur-Aube;6;531.3510669451449
10034;Bar-sur-Seine;1;39.23749917818755
10034;Bar-sur-Seine;2;68.48367453232838
10034;Bar-sur-Seine;3;54.11925796812167
10034;Bar-sur-Seine;4;151.95866634700724
10034;Bar-sur-Seine;5;230.18227188838586
10034;Bar-sur-Seine;6;401.4346640979852
10035;Bayel;1;5.02028418263724
10035;Bayel;2;5.17207991981395
10035;Bayel;3;10.50054534602619
10035;Bayel;4;40.488144207741385
10035;Bayel;5;99.85642048642407
10035;Bayel;6;71.83798450864329
10037;Bercenay-en-Othe;1;4.57361181483346
10037;Bercenay-en-Othe;3;43.94074588825074
10037;Bercenay-en-Othe;4;44.354908742622456
10037;Bercenay-en-Othe;5;48.96158128901991
10037;Bercenay-en-Othe;6;19.54190901295799
10038;Bercenay-le-Hayer;2;4.31111111111111
10038;Bercenay-le-Hayer;3;4.31111111111111
10038;Bercenay-le-Hayer;4;17.24444444444444
10038;Bercenay-le-Hayer;5;30.17777777777777
10038;Bercenay-le-Hayer;6;17.24444444444444
10039;Bergères;1;12.0
10039;Bergères;3;8.0
10039;Bergères;4;4.0
10039;Bergères;5;8.0
10039;Bergères;6;20.0
10040;Bernon;1;5.125
10040;Bernon;2;5.125
10040;Bernon;3;5.125
10040;Bernon;4;10.25
10040;Bernon;5;20.5
10040;Bernon;6;10.25
10041;Bertignolles;2;11.33333333333334
10041;Bertignolles;4;5.66666666666667
10042;Bérulle;1;4.1786873676908
10042;Bérulle;2;13.095699223583651
10042;Bérulle;3;5.04253716834692
10042;Bérulle;4;26.91420704417002
10042;Bérulle;5;25.729764828523408
10042;Bérulle;6;46.565424193857346
10043;Bessy;1;9.83333333333334
10043;Bessy;2;4.91666666666667
10043;Bessy;4;9.83333333333334
10043;Bessy;5;14.750000000000009
10043;Bessy;6;19.66666666666668
10044;Bétignicourt;5;5.33333333333333
10044;Bétignicourt;6;15.999999999999991
10045;Beurey;1;4.23809523809524
10045;Beurey;2;8.47619047619048
10045;Beurey;3;4.23809523809524
10045;Beurey;4;16.95238095238094
10045;Beurey;5;25.42857142857144
10045;Beurey;6;25.428571428571438
10046;Blaincourt-sur-Aube;2;4.68181818181818
10046;Blaincourt-sur-Aube;3;9.36363636363636
10046;Blaincourt-sur-Aube;4;9.36363636363636
10046;Blaincourt-sur-Aube;5;18.72727272727268
10046;Blaincourt-sur-Aube;6;9.36363636363636
10047;Blignicourt;1;7.0
10047;Blignicourt;6;7.0
10048;Bligny;1;30.1875
10048;Bligny;4;5.03125
10048;Bligny;5;15.09375
10048;Bligny;6;15.09375
10049;Les Bordes-Aumont;2;15.22622359852636
10049;Les Bordes-Aumont;3;30.38152454705311
10049;Les Bordes-Aumont;4;100.99330245545464
10049;Les Bordes-Aumont;5;60.242284842010235
10049;Les Bordes-Aumont;6;70.76791493600749
10050;Bossancourt;1;5.24324324324324
10050;Bossancourt;2;10.48648648648648
10050;Bossancourt;3;5.24324324324324
10050;Bossancourt;4;10.48648648648648
10050;Bossancourt;5;26.21621621621624
10050;Bossancourt;6;52.43243243243244
10051;Bouilly;1;14.7736608998014
10051;Bouilly;2;5.0916309971149
10051;Bouilly;3;53.25700034088632
10051;Bouilly;4;113.4542224559991
10051;Bouilly;5;145.55425574747426
10051;Bouilly;6;87.15197736817619
10052;Boulages;3;20.616357108583543
10052;Boulages;4;42.46049581986506
10052;Boulages;5;20.970401842704362
10052;Boulages;6;32.158102474943036
10053;Bouranton;1;5.35605106805397
10053;Bouranton;2;37.382606482424684
10053;Bouranton;3;21.76034512581536
10053;Bouranton;4;69.75678352082764
10053;Bouranton;5;102.12866460198376
10053;Bouranton;6;21.540891168632992
10054;Bourdenay;2;4.875
10054;Bourdenay;4;4.875
10054;Bourdenay;6;14.625
10055;Bourguignons;1;8.8711393588487
10055;Bourguignons;3;13.17347154425309
10055;Bourguignons;4;12.463726165919521
10055;Bourguignons;5;28.56228900553547
10055;Bourguignons;6;32.88112594143114
10056;Bouy-Luxembourg;1;10.28571428571428
10056;Bouy-Luxembourg;4;36.00000000000002
10056;Bouy-Luxembourg;5;35.99999999999998
10056;Bouy-Luxembourg;6;25.714285714285698
10057;Bouy-sur-Orvin;1;9.63636363636364
10057;Bouy-sur-Orvin;4;9.63636363636364
10057;Bouy-sur-Orvin;6;14.45454545454546
10058;Bragelogne-Beauvoir;1;45.9460513194406
10058;Bragelogne-Beauvoir;3;4.99002614296982
10058;Bragelogne-Beauvoir;4;20.46636168100217
10058;Bragelogne-Beauvoir;6;55.431497403490596
10059;Braux;1;16.799999999999997
10059;Braux;2;11.2
10059;Braux;5;5.6
10060;Bréviandes;1;5.32487931249607
10060;Bréviandes;2;74.23989603807732
10060;Bréviandes;3;169.27809132062433
10060;Bréviandes;4;386.89057277226965
10060;Bréviandes;5;401.61116573889797
10060;Bréviandes;6;259.9329747779249
10061;Brévonnes;1;5.24431048419245
10061;Brévonnes;2;14.66366724943044
10061;Brévonnes;3;19.01174647674556
10061;Brévonnes;4;52.14902658535206
10061;Brévonnes;5;96.98547620869311
10061;Brévonnes;6;69.11110786637241
10062;Briel-sur-Barse;1;4.95
10062;Briel-sur-Barse;2;9.9
10062;Briel-sur-Barse;3;14.850000000000001
10062;Briel-sur-Barse;4;9.9
10062;Briel-sur-Barse;5;19.8
10062;Briel-sur-Barse;6;24.75
10063;Brienne-la-Vieille;1;10.29693852036123
10063;Brienne-la-Vieille;2;4.65960170964733
10063;Brienne-la-Vieille;4;25.04845016914986
10063;Brienne-la-Vieille;5;61.641648257585146
10063;Brienne-la-Vieille;6;42.09987187131155
10064;Brienne-le-Château;1;14.48906983621083
10064;Brienne-le-Château;2;44.8551589176406
10064;Brienne-le-Château;3;73.8908470854016
10064;Brienne-le-Château;4;180.885790817639
10064;Brienne-le-Château;5;322.5638411841423
10064;Brienne-le-Château;6;298.5049297732695
10065;Brillecourt;4;5.25
10065;Brillecourt;5;5.25
10066;Bucey-en-Othe;1;4.96639384743906
10066;Bucey-en-Othe;2;14.82349715032848
10066;Bucey-en-Othe;3;39.73179767332158
10066;Bucey-en-Othe;4;84.48104751327648
10066;Bucey-en-Othe;5;29.84955196570222
10066;Bucey-en-Othe;6;29.67239454084384
10067;Buchères;2;75.95831805718625
10067;Buchères;3;141.6596823284812
10067;Buchères;4;233.50202090820994
10067;Buchères;5;207.9898658729015
10067;Buchères;6;116.58412761915443
10068;Buxeuil;1;24.16666666666665
10068;Buxeuil;4;14.499999999999991
10068;Buxeuil;5;4.83333333333333
10068;Buxeuil;6;28.999999999999993
10069;Buxières-sur-Arce;1;22.1153846153846
10069;Buxières-sur-Arce;2;4.42307692307692
10069;Buxières-sur-Arce;3;4.42307692307692
10069;Buxières-sur-Arce;4;8.84615384615384
10069;Buxières-sur-Arce;5;13.2692307692308
10069;Buxières-sur-Arce;6;13.26923076923076
10070;Celles-sur-Ource;1;66.16873209937494
10070;Celles-sur-Ource;2;20.303543436955252
10070;Celles-sur-Ource;3;10.16910024857887
10070;Celles-sur-Ource;4;25.49209447202151
10070;Celles-sur-Ource;5;35.64413275463575
10070;Celles-sur-Ource;6;45.62241106159886
10071;Chacenay;1;4.41666666666667
10071;Chacenay;5;4.41666666666667
10071;Chacenay;6;13.250000000000009
10072;La Chaise;5;4.572303266062
10072;La Chaise;6;13.716909798185998
10073;Chalette-sur-Voire;1;5.34782608695652
10073;Chalette-sur-Voire;2;5.34782608695652
10073;Chalette-sur-Voire;3;5.34782608695652
10073;Chalette-sur-Voire;4;5.34782608695652
10073;Chalette-sur-Voire;5;32.08695652173908
10073;Chalette-sur-Voire;6;37.4347826086956
10074;Chamoy;2;5.18792857645953
10074;Chamoy;3;20.39616523954208
10074;Chamoy;4;55.47065266339657
10074;Chamoy;5;65.67347180446097
10074;Chamoy;6;61.06838610923068
10075;Champfleury;1;5.52631578947368
10075;Champfleury;5;22.10526315789476
10075;Champfleury;6;27.63157894736836
10076;Champignol-lez-Mondeville;1;9.65491819446018
10076;Champignol-lez-Mondeville;2;10.09237390022216
10076;Champignol-lez-Mondeville;3;9.94367661145966
10076;Champignol-lez-Mondeville;4;10.39421570276246
10076;Champignol-lez-Mondeville;5;41.28404846574225
10076;Champignol-lez-Mondeville;6;45.50311458092181
10077;Champigny-sur-Aube;3;4.54545454545455
10077;Champigny-sur-Aube;4;4.54545454545455
10077;Champigny-sur-Aube;5;22.727272727272698
10077;Champigny-sur-Aube;6;22.72727272727275
10078;Champ-sur-Barse;2;13.0
10079;Channes;1;28.1818181818182
10079;Channes;2;5.63636363636364
10079;Channes;4;5.63636363636364
10079;Channes;6;11.27272727272728
10080;Chaource;1;5.03582576770081
10080;Chaource;2;14.796075994840919
10080;Chaource;3;19.9859236737094
10080;Chaource;4;34.66550447059472
10080;Chaource;5;163.90297338080478
10080;Chaource;6;113.90926770326094
10081;La Chapelle-Saint-Luc;1;7.19657172448409
10081;La Chapelle-Saint-Luc;2;175.31938261439015
10081;La Chapelle-Saint-Luc;3;308.85579153691435
10081;La Chapelle-Saint-Luc;4;723.453116087933
10081;La Chapelle-Saint-Luc;5;1109.5351418148848
10081;La Chapelle-Saint-Luc;6;1202.2115226016062
10082;Chapelle-Vallon;1;10.04255319148936
10082;Chapelle-Vallon;2;15.063829787234038
10082;Chapelle-Vallon;3;10.04255319148936
10082;Chapelle-Vallon;4;20.08510638297876
10082;Chapelle-Vallon;5;35.14893617021272
10082;Chapelle-Vallon;6;30.12765957446812
10083;Chappes;2;20.58821316399746
10083;Chappes;3;46.32357367189499
10083;Chappes;4;30.88228212495922
10083;Chappes;5;30.88235736720932
10083;Chappes;6;30.88238746405646
10084;Charmont-sous-Barbuise;1;9.62690986242034
10084;Charmont-sous-Barbuise;2;39.28108543485523
10084;Charmont-sous-Barbuise;3;68.30233616517937
10084;Charmont-sous-Barbuise;4;183.12748073793534
10084;Charmont-sous-Barbuise;5;168.94513568111873
10084;Charmont-sous-Barbuise;6;83.51632247831743
10085;Charmoy;1;4.125
10085;Charmoy;3;12.375
10085;Charmoy;4;12.375
10086;Charny-le-Bachot;1;9.76470588235294
10086;Charny-le-Bachot;2;9.76470588235294
10086;Charny-le-Bachot;3;9.76470588235294
10086;Charny-le-Bachot;4;14.64705882352941
10086;Charny-le-Bachot;5;24.41176470588237
10086;Charny-le-Bachot;6;39.058823529411754
10087;Chaserey;3;5.33333333333333
10087;Chaserey;4;5.33333333333333
10087;Chaserey;5;15.999999999999991
10089;Châtres;2;19.49093457735616
10089;Châtres;3;29.473079602155998
10089;Châtres;4;83.42783696384424
10089;Châtres;5;93.64637077344786
10089;Châtres;6;112.97982020199765
10090;Chauchigny;1;4.53071734101086
10090;Chauchigny;2;3.44503566288512
10090;Chauchigny;3;9.38259990110836
10090;Chauchigny;4;7.67584697578797
10090;Chauchigny;5;27.278204201650738
10090;Chauchigny;6;28.23394673855937
10091;Chaudrey;1;4.92857142857143
10091;Chaudrey;2;9.85714285714286
10091;Chaudrey;4;4.92857142857143
10091;Chaudrey;5;4.92857142857143
10091;Chaudrey;6;24.64285714285715
10092;Chauffour-lès-Bailly;1;9.92307692307692
10092;Chauffour-lès-Bailly;4;9.92307692307692
10092;Chauffour-lès-Bailly;5;29.76923076923078
10092;Chauffour-lès-Bailly;6;9.92307692307692
10093;Chaumesnil;1;5.3
10093;Chaumesnil;2;15.899999999999999
10093;Chaumesnil;3;5.3
10093;Chaumesnil;5;10.6
10093;Chaumesnil;6;10.6
10094;Chavanges;1;10.5538731026748
10094;Chavanges;2;15.835664035531739
10094;Chavanges;4;36.95589246787471
10094;Chavanges;5;62.8711203217635
10094;Chavanges;6;31.67271498532284
10095;Le Chêne;1;9.67884695261226
10095;Le Chêne;2;4.72868411906855
10095;Le Chêne;3;18.71307643145291
10095;Le Chêne;4;4.95016283354371
10095;Le Chêne;5;39.4109443373029
10095;Le Chêne;6;40.1737151271007
10096;Chennegy;1;9.98158265973906
10096;Chennegy;2;4.95186551485874
10096;Chennegy;3;10.06004626885002
10096;Chennegy;4;69.63904890268431
10096;Chennegy;5;54.58851490693561
10096;Chennegy;6;15.129609602709579
10097;Chervey;1;14.34375
10097;Chervey;3;4.78125
10097;Chervey;4;4.78125
10097;Chervey;5;4.78125
10097;Chervey;6;19.125
10098;Chesley;1;4.80174191994822
10098;Chesley;2;29.11334396802488
10098;Chesley;4;4.80174191994822
10098;Chesley;5;14.4806848939702
10098;Chesley;6;53.07104239039655
10099;Chessy-les-Prés;1;25.96891978712686
10099;Chessy-les-Prés;2;31.14849296192068
10099;Chessy-les-Prés;4;57.17250500494161
10099;Chessy-les-Prés;5;31.15634285359979
10099;Chessy-les-Prés;6;52.00072220171247
10100;Clérey;1;4.99412633648633
10100;Clérey;2;20.05147389482977
10100;Clérey;3;60.45683010947708
10100;Clérey;4;150.95310542635417
10100;Clérey;5;155.9449746704311
10100;Clérey;6;140.9276498393418
10101;Coclois;1;10.4242424242424
10101;Coclois;2;10.42424242424242
10101;Coclois;3;5.21212121212121
10101;Coclois;4;20.848484848484823
10101;Coclois;5;26.060606060606013
10101;Coclois;6;20.84848484848484
10102;Colombé-la-Fosse;1;23.7241379310344
10102;Colombé-la-Fosse;2;5.93103448275862
10102;Colombé-la-Fosse;4;5.93103448275862
10102;Colombé-la-Fosse;5;11.86206896551724
10102;Colombé-la-Fosse;6;29.65517241379306
10103;Colombé-le-Sec;1;22.64705882352938
10103;Colombé-le-Sec;3;4.52941176470588
10103;Colombé-le-Sec;4;4.52941176470588
10103;Colombé-le-Sec;5;18.11764705882352
10103;Colombé-le-Sec;6;13.588235294117638
10104;Cormost;2;9.05039630809918
10104;Cormost;3;11.96912310185455
10104;Cormost;4;44.16783978063599
10104;Cormost;5;44.7626311131876
10104;Cormost;6;53.68048401318085
10105;Courcelles-sur-Voire;4;4.16666666666667
10105;Courcelles-sur-Voire;5;8.33333333333334
10106;Courceroy;2;4.64516129032258
10106;Courceroy;3;4.64516129032258
10106;Courceroy;4;13.93548387096774
10106;Courceroy;5;4.64516129032258
10106;Courceroy;6;13.93548387096774
10107;Coursan-en-Othe;1;4.43478260869565
10107;Coursan-en-Othe;4;4.43478260869565
10107;Coursan-en-Othe;5;4.43478260869565
10107;Coursan-en-Othe;6;17.7391304347826
10108;Courtaoult;1;4.47368421052632
10108;Courtaoult;2;4.47368421052632
10108;Courtaoult;3;8.94736842105264
10108;Courtaoult;4;8.94736842105264
10108;Courtaoult;6;26.842105263157922
10109;Courtenot;1;5.38865286729025
10109;Courtenot;2;5.71330413754137
10109;Courtenot;4;28.261428748864002
10109;Courtenot;5;26.330857590304902
10109;Courtenot;6;11.44616760649105
10110;Courteranges;1;4.66718813609284
10110;Courteranges;2;14.030744235938052
10110;Courteranges;3;55.69082028812989
10110;Courteranges;4;64.85315660972566
10110;Courteranges;5;87.90123678559566
10110;Courteranges;6;55.83332775301151
10111;Courteron;1;10.73684210526316
10111;Courteron;2;10.73684210526316
10111;Courteron;3;10.73684210526316
10111;Courteron;5;10.73684210526316
10111;Courteron;6;5.36842105263158
10112;Coussegrey;1;4.475
10112;Coussegrey;2;13.424999999999999
10112;Coussegrey;3;4.475
10112;Coussegrey;4;4.475
10112;Coussegrey;5;26.85
10112;Coussegrey;6;13.424999999999999
10113;Couvignon;1;10.0781732069988
10113;Couvignon;3;15.07419677845819
10113;Couvignon;4;10.0781732069988
10113;Couvignon;5;14.81873770487673
10113;Couvignon;6;24.30709029279361
10114;Crancey;1;4.8520356629217
10114;Crancey;2;9.75789444249578
10114;Crancey;3;14.76799159423916
10114;Crancey;4;49.10842529543287
10114;Crancey;5;83.33665401378788
10114;Crancey;6;118.04200137802573
10115;Creney-près-Troyes;1;15.56956638999944
10115;Creney-près-Troyes;2;30.40006078885302
10115;Creney-près-Troyes;3;127.52158357803864
10115;Creney-près-Troyes;4;230.43551627835205
10115;Creney-près-Troyes;5;178.52931140768345
10115;Creney-près-Troyes;6;178.91071267357484
10116;Crésantignes;3;15.0654839709833
10116;Crésantignes;4;36.47048620682345
10116;Crésantignes;5;42.45228689803661
10116;Crésantignes;6;13.97798019551294
10117;Crespy-le-Neuf;2;5.44
10117;Crespy-le-Neuf;3;5.44
10117;Crespy-le-Neuf;4;32.64
10117;Crespy-le-Neuf;5;27.200000000000003
10117;Crespy-le-Neuf;6;16.32
10118;Les Croûtes;4;5.41176470588235
10118;Les Croûtes;5;10.8235294117647
10118;Les Croûtes;6;5.41176470588235
10119;Cunfin;3;9.4054054054054
10119;Cunfin;4;4.7027027027027
10119;Cunfin;5;18.8108108108108
10119;Cunfin;6;32.9189189189189
10120;Cussangy;1;18.952380952381
10120;Cussangy;3;4.73809523809524
10120;Cussangy;4;23.6904761904762
10120;Cussangy;5;9.47619047619048
10120;Cussangy;6;18.95238095238096
10121;Dampierre;1;32.0458149475476
10121;Dampierre;2;10.44412640627148
10121;Dampierre;3;10.61801903676734
10121;Dampierre;4;10.27592949864747
10121;Dampierre;5;42.32154503806353
10121;Dampierre;6;47.85765705385721
10122;Davrey;1;15.4828215606987
10122;Davrey;3;5.24965298254421
10122;Davrey;4;22.99826663962245
10122;Davrey;5;4.9835155956103
10122;Davrey;6;33.91313667468152
10123;Dienville;1;5.63442776536622
10123;Dienville;2;24.93107540489196
10123;Dienville;3;44.48882341411634
10123;Dienville;4;71.63510889629352
10123;Dienville;5;90.31720557636254
10123;Dienville;6;112.87524428768253
10124;Dierrey-Saint-Julien;1;10.0986596193359
10124;Dierrey-Saint-Julien;2;14.93267651338447
10124;Dierrey-Saint-Julien;3;4.91894319728932
10124;Dierrey-Saint-Julien;4;45.14223704254614
10124;Dierrey-Saint-Julien;5;24.94497068961805
10124;Dierrey-Saint-Julien;6;34.95715909436426
10125;Dierrey-Saint-Pierre;1;14.5858545307577
10125;Dierrey-Saint-Pierre;2;9.72316715497142
10125;Dierrey-Saint-Pierre;3;4.90399949270313
10125;Dierrey-Saint-Pierre;4;19.617111399435082
10125;Dierrey-Saint-Pierre;5;69.21519708109223
10125;Dierrey-Saint-Pierre;6;29.42621738394056
10126;Dolancourt;1;9.4074074074074
10126;Dolancourt;2;4.7037037037037
10126;Dolancourt;3;4.7037037037037
10126;Dolancourt;4;4.7037037037037
10126;Dolancourt;5;14.1111111111111
10126;Dolancourt;6;9.4074074074074
10127;Dommartin-le-Coq;1;10.1818181818182
10127;Dommartin-le-Coq;2;10.18181818181818
10128;Donnement;5;4.86666666666667
10128;Donnement;6;9.73333333333334
10129;Dosches;2;25.47142845837549
10129;Dosches;3;25.586487402163
10129;Dosches;4;40.110491249905046
10129;Dosches;5;31.74911745848322
10129;Dosches;6;10.14201341237969
10130;Dosnon;1;4.71428571428571
10130;Dosnon;3;18.85714285714284
10130;Dosnon;4;14.14285714285713
10130;Dosnon;6;18.85714285714284
10131;Droupt-Saint-Basle;3;13.77781749167021
10131;Droupt-Saint-Basle;4;67.27116096433578
10131;Droupt-Saint-Basle;5;29.47674649724257
10131;Droupt-Saint-Basle;6;64.35926035760923
10132;Droupt-Sainte-Marie;2;34.624066762741464
10132;Droupt-Sainte-Marie;3;19.51269047337432
10132;Droupt-Sainte-Marie;4;24.294776940553362
10132;Droupt-Sainte-Marie;5;24.39173907801911
10132;Droupt-Sainte-Marie;6;33.77102654900924
10133;Eaux-Puiseaux;2;11.48617272156855
10133;Eaux-Puiseaux;3;5.62004518024559
10133;Eaux-Puiseaux;4;54.82632237699764
10133;Eaux-Puiseaux;5;11.2504134446735
10133;Eaux-Puiseaux;6;22.25474452826965
10134;Échemines;1;8.7
10134;Échemines;2;8.7
10134;Échemines;4;13.049999999999999
10135;Éclance;2;5.41176470588235
10135;Éclance;4;5.41176470588235
10135;Éclance;5;10.8235294117647
10136;Éguilly-sous-Bois;1;10.36363636363636
10136;Éguilly-sous-Bois;4;5.18181818181818
10136;Éguilly-sous-Bois;5;5.18181818181818
10137;Engente;1;0.0
10137;Engente;2;0.0
10137;Engente;3;0.0
10137;Engente;4;0.0
10137;Engente;5;0.0
10137;Engente;6;0.0
10138;Épagne;1;6.52380952380952
10138;Épagne;3;19.571428571428562
10138;Épagne;4;19.571428571428562
10139;Épothémont;2;5.03225806451613
10139;Épothémont;3;5.03225806451613
10139;Épothémont;4;30.193548387096833
10139;Épothémont;5;10.06451612903226
10139;Épothémont;6;35.22580645161299
10140;Ervy-le-Châtel;1;9.93072400157668
10140;Ervy-le-Châtel;2;24.66386862619561
10140;Ervy-le-Châtel;3;18.96372367338744
10140;Ervy-le-Châtel;4;48.448843003575966
10140;Ervy-le-Châtel;5;135.6148614809902
10140;Ervy-le-Châtel;6;103.46928477938603
10141;Essoyes;1;68.94382876659166
10141;Essoyes;2;14.32384741250624
10141;Essoyes;3;14.59122045135998
10141;Essoyes;4;19.70205933804492
10141;Essoyes;5;20.082970871031343
10141;Essoyes;6;98.02382120742512
10142;Estissac;1;9.84468352829537
10142;Estissac;2;24.81947863834952
10142;Estissac;3;69.14415632809659
10142;Estissac;4;168.09666789748064
10142;Estissac;5;212.77226631362845
10142;Estissac;6;182.56829216990855
10143;Étourvy;1;15.7241379310345
10143;Étourvy;2;5.24137931034483
10143;Étourvy;3;5.24137931034483
10143;Étourvy;4;10.48275862068966
10143;Étourvy;5;10.4827586206897
10143;Étourvy;6;5.24137931034483
10144;Étrelles-sur-Aube;1;10.0645161290323
10144;Étrelles-sur-Aube;2;5.03225806451613
10144;Étrelles-sur-Aube;3;5.03225806451613
10144;Étrelles-sur-Aube;4;20.129032258064562
10144;Étrelles-sur-Aube;5;30.193548387096833
10144;Étrelles-sur-Aube;6;15.09677419354839
10145;Faux-Villecerf;1;22.7777777777778
10145;Faux-Villecerf;3;4.55555555555556
10145;Faux-Villecerf;4;18.22222222222224
10145;Faux-Villecerf;5;31.88888888888894
10145;Faux-Villecerf;6;9.11111111111112
10146;Fay-lès-Marcilly;2;5.86666666666667
10146;Fay-lès-Marcilly;4;5.86666666666667
10146;Fay-lès-Marcilly;6;23.46666666666664
10147;Fays-la-Chapelle;2;9.76087766048434
10147;Fays-la-Chapelle;3;4.88043883024217
10147;Fays-la-Chapelle;4;4.88043883024217
10147;Fays-la-Chapelle;6;29.28263298145302
10148;Ferreux-Quincey;2;5.02434820671455
10148;Ferreux-Quincey;3;26.076426337493253
10148;Ferreux-Quincey;4;105.34904565021417
10148;Ferreux-Quincey;5;51.45572505555244
10148;Ferreux-Quincey;6;47.1501598377979
10149;Feuges;1;10.14943304875464
10149;Feuges;2;10.36018929600189
10149;Feuges;3;20.50800079384232
10149;Feuges;4;51.58856868184798
10149;Feuges;5;26.113672970334598
10149;Feuges;6;5.12700019846058
10150;Fontaine;1;19.68494311668653
10150;Fontaine;2;14.52488602979578
10150;Fontaine;3;14.405282717274389
10150;Fontaine;4;24.12525547743795
10150;Fontaine;5;19.56244431850682
10150;Fontaine;6;33.47780774399955
10151;Fontaine-les-Grès;2;19.10213439442129
10151;Fontaine-les-Grès;3;23.37552902247147
10151;Fontaine-les-Grès;4;106.65275964166963
10151;Fontaine-les-Grès;5;103.22395648095532
10151;Fontaine-les-Grès;6;134.5714418929904
10153;Fontaine-Mâcon;1;20.78663910771951
10153;Fontaine-Mâcon;2;15.37216768934076
10153;Fontaine-Mâcon;3;30.41341860822764
10153;Fontaine-Mâcon;4;39.8821684877348
10153;Fontaine-Mâcon;5;70.82470745175715
10153;Fontaine-Mâcon;6;90.81371623385593
10154;Fontenay-de-Bossery;1;5.07142857142857
10154;Fontenay-de-Bossery;4;5.07142857142857
10154;Fontenay-de-Bossery;6;15.214285714285712
10155;Fontette;1;22.25
10155;Fontette;2;8.9
10155;Fontette;3;8.9
10155;Fontette;5;4.45
10155;Fontette;6;17.8
10156;Fontvannes;2;20.273387615848662
10156;Fontvannes;3;31.68110318730718
10156;Fontvannes;4;83.17589911563749
10156;Fontvannes;5;103.77744885793567
10156;Fontvannes;6;72.3241127239692
10157;La Fosse-Corduan;1;5.21951219512195
10157;La Fosse-Corduan;2;5.21951219512195
10157;La Fosse-Corduan;3;10.4390243902439
10157;La Fosse-Corduan;4;26.09756097560975
10157;La Fosse-Corduan;5;26.09756097560975
10157;La Fosse-Corduan;6;31.3170731707317
10158;Fouchères;1;10.0271834019103
10158;Fouchères;2;24.74509167544996
10158;Fouchères;3;10.48047298110555
10158;Fouchères;4;61.57265167314638
10158;Fouchères;5;67.60495972768601
10158;Fouchères;6;70.48075373716651
10159;Fralignes;1;3.95652173913043
10159;Fralignes;2;7.91304347826086
10159;Fralignes;3;3.95652173913043
10159;Fralignes;4;11.86956521739129
10159;Fralignes;5;7.91304347826086
10159;Fralignes;6;3.95652173913043
10160;Fravaux;1;9.0
10160;Fravaux;5;13.5
10160;Fravaux;6;4.5
10161;Fresnay;1;11.1111111111111
10161;Fresnay;3;11.11111111111112
10161;Fresnay;5;5.55555555555556
10161;Fresnay;6;11.11111111111112
10162;Fresnoy-le-Château;1;20.272878071010098
10162;Fresnoy-le-Château;2;20.06817416812723
10162;Fresnoy-le-Château;3;5.43440997805651
10162;Fresnoy-le-Château;4;24.793311626997898
10162;Fresnoy-le-Château;5;40.20576991008758
10162;Fresnoy-le-Château;6;28.591171887969338
10163;Fuligny;1;10.25
10163;Fuligny;4;5.125
10164;Gélannes;2;24.66409853654021
10164;Gélannes;3;22.22659016702791
10164;Gélannes;4;102.56246011152454
10164;Gélannes;5;44.53218012338942
10164;Gélannes;6;51.49495252874671
10165;Géraudot;2;27.07341163049135
10165;Géraudot;3;10.09971426069053
10165;Géraudot;4;47.12869130119032
10165;Géraudot;5;53.46083866091265
10165;Géraudot;6;21.13527787008237
10166;Les Grandes-Chapelles;2;10.27152442327256
10166;Les Grandes-Chapelles;3;10.2712090551463
10166;Les Grandes-Chapelles;4;41.12555360067745
10166;Les Grandes-Chapelles;5;36.11091982068653
10166;Les Grandes-Chapelles;6;46.56437651759087
10167;Grandville;1;5.1764705882353
10167;Grandville;4;5.1764705882353
10167;Grandville;5;5.1764705882353
10167;Grandville;6;10.3529411764706
10168;Les Granges;1;4.31578947368421
10168;Les Granges;2;4.31578947368421
10168;Les Granges;4;4.31578947368421
10168;Les Granges;5;12.94736842105263
10168;Les Granges;6;17.26315789473684
10169;Gumery;1;10.0465129819812
10169;Gumery;3;5.02325649099058
10169;Gumery;4;35.16279543693406
10169;Gumery;5;25.11628245495298
10169;Gumery;6;30.13953894594352
10170;Gyé-sur-Seine;1;46.4674814853762
10170;Gyé-sur-Seine;2;10.311091928741568
10170;Gyé-sur-Seine;3;15.45369402380252
10170;Gyé-sur-Seine;4;15.55968591707132
10170;Gyé-sur-Seine;5;30.90684608061821
10170;Gyé-sur-Seine;6;82.57006284843256
10171;Hampigny;2;4.94284021005468
10171;Hampigny;4;19.93529112893325
10171;Hampigny;5;20.437955557003157
10171;Hampigny;6;59.99646400888324
10172;Herbisse;1;9.15151515151516
10172;Herbisse;2;4.57575757575758
10172;Herbisse;3;9.15151515151516
10172;Herbisse;4;9.15151515151516
10172;Herbisse;5;9.15151515151516
10172;Herbisse;6;36.60606060606062
10173;Isle-Aumont;2;10.23242934857418
10173;Isle-Aumont;3;43.388861213267546
10173;Isle-Aumont;4;31.476638829698565
10173;Isle-Aumont;5;66.51605010723775
10173;Isle-Aumont;6;61.69505227049048
10174;Isle-Aubigny;2;4.75
10174;Isle-Aubigny;4;23.75
10174;Isle-Aubigny;5;19.0
10174;Isle-Aubigny;6;19.0
10175;Jasseines;1;4.61111111111111
10175;Jasseines;2;9.22222222222222
10175;Jasseines;4;13.833333333333329
10175;Jasseines;5;23.05555555555552
10175;Jasseines;6;23.05555555555555
10176;Jaucourt;1;4.96666666666667
10176;Jaucourt;2;4.96666666666667
10176;Jaucourt;3;4.96666666666667
10176;Jaucourt;4;19.86666666666668
10176;Jaucourt;5;19.86666666666668
10176;Jaucourt;6;44.70000000000003
10177;Javernant;3;9.3939393939394
10177;Javernant;4;28.1818181818182
10177;Javernant;5;18.7878787878788
10177;Javernant;6;18.7878787878788
10178;Jessains;3;5.16558095740978
10178;Jessains;4;10.03731600556354
10178;Jessains;5;20.07463201112708
10178;Jessains;6;40.64402426786525
10179;Jeugny;1;5.0085644076795
10179;Jeugny;2;15.025693223038498
10179;Jeugny;3;17.92329528419069
10179;Jeugny;4;52.077233304660325
10179;Jeugny;5;70.64005578773084
10179;Jeugny;6;33.34170787099489
10180;Joncreuil;1;5.64705882352941
10180;Joncreuil;2;5.64705882352941
10180;Joncreuil;4;11.29411764705882
10180;Joncreuil;6;5.64705882352941
10181;Jully-sur-Sarce;1;9.00690116731024
10181;Jully-sur-Sarce;2;2.85142789371431
10181;Jully-sur-Sarce;3;3.41777785044165
10181;Jully-sur-Sarce;4;8.32806291158291
10181;Jully-sur-Sarce;5;11.85832906102455
10181;Jully-sur-Sarce;6;44.54231995971999
10182;Juvancourt;2;6.27777777777778
10182;Juvancourt;3;18.833333333333343
10182;Juvancourt;4;6.27777777777778
10182;Juvancourt;6;12.55555555555556
10183;Juvanzé;4;4.375
10183;Juvanzé;5;8.75
10183;Juvanzé;6;4.375
10184;Juzanvigny;3;4.66666666666667
10184;Juzanvigny;4;14.000000000000009
10184;Juzanvigny;5;14.000000000000009
10184;Juzanvigny;6;14.000000000000009
10185;Lagesse;3;14.63443227584358
10185;Lagesse;4;14.63443227584358
10185;Lagesse;5;24.39072045973932
10185;Lagesse;6;29.26886455168716
10186;Laines-aux-Bois;1;19.58491378952284
10186;Laines-aux-Bois;2;19.857074468043862
10186;Laines-aux-Bois;3;34.57166783375677
10186;Laines-aux-Bois;4;84.50069428085801
10186;Laines-aux-Bois;5;35.39318489719251
10186;Laines-aux-Bois;6;34.20925149071885
10187;Landreville;1;51.5808184492004
10187;Landreville;2;12.50635202874067
10187;Landreville;3;9.51485013617636
10187;Landreville;4;14.28871745389375
10187;Landreville;5;21.96267730902483
10187;Landreville;6;55.81151973406727
10188;Lantages;1;15.2593748020411
10188;Lantages;2;5.57825991832486
10188;Lantages;4;10.18828714019393
10188;Lantages;5;19.03111985607569
10188;Lantages;6;40.396687885021336
10189;Lassicourt;1;4.30769230769231
10189;Lassicourt;5;12.92307692307693
10189;Lassicourt;6;8.61538461538462
10190;Laubressel;1;15.21578763266178
10190;Laubressel;2;28.36746294704859
10190;Laubressel;3;37.77678491129917
10190;Laubressel;4;119.16467553026429
10190;Laubressel;5;41.11698349775804
10190;Laubressel;6;25.48806972511239
10191;Lavau;1;4.46643723804147
10191;Lavau;2;27.942924064783412
10191;Lavau;3;62.06566458164255
10191;Lavau;4;107.6624851368265
10191;Lavau;5;88.37614189033967
10191;Lavau;6;104.59713599774157
10192;Lentilles;2;10.75
10192;Lentilles;3;5.375
10192;Lentilles;5;10.75
10192;Lentilles;6;26.875
10193;Lesmont;2;15.717094582068349
10193;Lesmont;3;15.59493686949093
10193;Lesmont;4;25.83790076857155
10193;Lesmont;5;25.713022585957802
10193;Lesmont;6;68.36478328294184
10194;Lévigny;1;5.41176470588235
10194;Lévigny;4;16.23529411764705
10194;Lévigny;5;21.6470588235294
10194;Lévigny;6;10.8235294117647
10195;Lhuître;1;16.47582673068799
10195;Lhuître;2;10.28609996578427
10195;Lhuître;3;5.54331193715079
10195;Lhuître;4;21.855183096512288
10195;Lhuître;5;16.3118711593615
10195;Lhuître;6;53.16198809554036
10196;Lignières;2;16.17069590921392
10196;Lignières;3;10.10335422726808
10196;Lignières;4;15.530881947178418
10196;Lignières;5;26.39212607172184
10196;Lignières;6;15.658203313529718
10197;Lignol-le-Château;1;10.06060606060606
10197;Lignol-le-Château;2;5.03030303030303
10197;Lignol-le-Château;4;15.09090909090909
10197;Lignol-le-Château;5;10.06060606060606
10197;Lignol-le-Château;6;25.151515151515163
10198;Lirey;2;4.23076923076923
10198;Lirey;4;21.15384615384615
10198;Lirey;5;12.69230769230769
10198;Lirey;6;21.15384615384615
10199;Loches-sur-Ource;1;35.115160384991356
10199;Loches-sur-Ource;2;9.96280714012195
10199;Loches-sur-Ource;3;5.00012310996912
10199;Loches-sur-Ource;4;14.8883324204957
10199;Loches-sur-Ource;5;35.11487156367199
10199;Loches-sur-Ource;6;65.26621812303418
10200;La Loge-aux-Chèvres;3;11.1764705882353
10200;La Loge-aux-Chèvres;4;22.3529411764706
10200;La Loge-aux-Chèvres;5;5.58823529411765
10200;La Loge-aux-Chèvres;6;5.58823529411765
10201;La Loge-Pomblin;5;21.33333333333333
10202;Les Loges-Margueron;4;9.865656443770561
10202;Les Loges-Margueron;5;9.83892024744598
10202;Les Loges-Margueron;6;24.597300618614952
10203;Longchamp-sur-Aujon;1;4.69362491521944
10203;Longchamp-sur-Aujon;2;4.99641174919915
10203;Longchamp-sur-Aujon;3;14.29213141176564
10203;Longchamp-sur-Aujon;4;38.41299186442964
10203;Longchamp-sur-Aujon;5;57.2930163719158
10203;Longchamp-sur-Aujon;6;62.850739645179736
10204;Longeville-sur-Mogne;1;4.375
10204;Longeville-sur-Mogne;3;4.375
10204;Longeville-sur-Mogne;4;13.125
10204;Longeville-sur-Mogne;5;8.75
10204;Longeville-sur-Mogne;6;8.75
10205;Longpré-le-Sec;1;9.05882352941176
10205;Longpré-le-Sec;2;4.52941176470588
10205;Longpré-le-Sec;3;9.05882352941176
10205;Longpré-le-Sec;5;4.52941176470588
10205;Longpré-le-Sec;6;4.52941176470588
10206;Longsols;1;5.28
10206;Longsols;3;10.56
10206;Longsols;4;21.12
10206;Longsols;5;5.28
10206;Longsols;6;10.56
10207;Longueville-sur-Aube;1;4.96153846153846
10207;Longueville-sur-Aube;4;4.96153846153846
10207;Longueville-sur-Aube;5;14.88461538461538
10207;Longueville-sur-Aube;6;24.8076923076923
10208;La Louptière-Thénard;1;5.08198936525812
10208;La Louptière-Thénard;2;25.43680366958452
10208;La Louptière-Thénard;3;15.250441609909132
10208;La Louptière-Thénard;4;35.60077058987086
10208;La Louptière-Thénard;5;45.80500706845075
10208;La Louptière-Thénard;6;25.42336344462219
10209;Lusigny-sur-Barse;1;15.129294879182531
10209;Lusigny-sur-Barse;2;55.39619039311866
10209;Lusigny-sur-Barse;3;130.81365721466335
10209;Lusigny-sur-Barse;4;261.23349776662474
10209;Lusigny-sur-Barse;5;226.15831988979954
10209;Lusigny-sur-Barse;6;205.31337340394543
10210;Luyères;2;25.603974823465023
10210;Luyères;3;20.183420612205893
10210;Luyères;4;35.3045345512694
10210;Luyères;5;60.36903332731535
10210;Luyères;6;45.54386317323144
10211;Macey;1;5.01664426976914
10211;Macey;2;20.638464564236358
10211;Macey;3;71.46208928799975
10211;Macey;4;152.79784620533636
10211;Macey;5;90.42594726508074
10211;Macey;6;88.63405679530747
10212;Machy;1;5.84210526315789
10212;Machy;2;5.84210526315789
10212;Machy;3;5.84210526315789
10212;Machy;4;5.84210526315789
10212;Machy;5;11.68421052631578
10212;Machy;6;29.21052631578945
10213;Magnant;1;16.200000000000003
10213;Magnant;3;5.4
10213;Magnant;4;10.8
10213;Magnant;5;5.4
10213;Magnant;6;10.8
10214;Magnicourt;1;6.28571428571429
10214;Magnicourt;3;6.28571428571429
10214;Magnicourt;4;6.28571428571429
10214;Magnicourt;5;6.28571428571429
10214;Magnicourt;6;12.57142857142858
10215;Magny-Fouchard;2;35.3089294873955
10215;Magny-Fouchard;4;29.97020944556179
10215;Magny-Fouchard;5;15.01446022476628
10215;Magny-Fouchard;6;25.01405761035473
10216;Mailly-le-Camp;1;29.78347113825342
10216;Mailly-le-Camp;2;9.801482633260239
10216;Mailly-le-Camp;3;64.63961954522661
10216;Mailly-le-Camp;4;128.72930527485929
10216;Mailly-le-Camp;5;821.533242054331
10216;Mailly-le-Camp;6;207.04974212442596
10217;Maison-des-Champs;4;5.66666666666667
10217;Maison-des-Champs;5;17.000000000000007
10217;Maison-des-Champs;6;5.66666666666667
10218;Maisons-lès-Chaource;1;15.3636363636364
10218;Maisons-lès-Chaource;2;5.12121212121212
10218;Maisons-lès-Chaource;4;15.36363636363636
10218;Maisons-lès-Chaource;5;40.96969696969696
10218;Maisons-lès-Chaource;6;15.36363636363632
10219;Maisons-lès-Soulaines;1;11.66666666666666
10219;Maisons-lès-Soulaines;2;5.83333333333333
10219;Maisons-lès-Soulaines;3;5.83333333333333
10219;Maisons-lès-Soulaines;6;17.50000000000003
10220;Maizières-la-Grande-Paroisse;1;9.87805592908117
10220;Maizières-la-Grande-Paroisse;2;29.801624053432082
10220;Maizières-la-Grande-Paroisse;3;74.227438374143
10220;Maizières-la-Grande-Paroisse;4;103.74013545552893
10220;Maizières-la-Grande-Paroisse;5;177.6316173404002
10220;Maizières-la-Grande-Paroisse;6;197.4606640998361
10221;Maizières-lès-Brienne;1;8.36842105263158
10221;Maizières-lès-Brienne;2;12.55263157894737
10221;Maizières-lès-Brienne;5;12.55263157894737
10221;Maizières-lès-Brienne;6;25.105263157894743
10222;Maraye-en-Othe;2;20.5961009999004
10222;Maraye-en-Othe;3;10.29691230778782
10222;Maraye-en-Othe;4;56.848397202066494
10222;Maraye-en-Othe;5;35.82846623768507
10222;Maraye-en-Othe;6;41.41581885495164
10223;Marcilly-le-Hayer;1;16.077914602783352
10223;Marcilly-le-Hayer;3;37.40368112561415
10223;Marcilly-le-Hayer;4;27.07845907705544
10223;Marcilly-le-Hayer;5;105.89264559653405
10223;Marcilly-le-Hayer;6;63.903287386069024
10224;Marigny-le-Châtel;1;9.66549419749521
10224;Marigny-le-Châtel;2;74.09655368863758
10224;Marigny-le-Châtel;3;84.77046277571802
10224;Marigny-le-Châtel;4;217.2101577253049
10224;Marigny-le-Châtel;5;198.6819259101779
10224;Marigny-le-Châtel;6;162.87536105858737
10225;Marnay-sur-Seine;2;5.48663173927071
10225;Marnay-sur-Seine;3;5.57449901355239
10225;Marnay-sur-Seine;4;38.15247166124929
10225;Marnay-sur-Seine;5;27.43729185303807
10225;Marnay-sur-Seine;6;38.32132489227387
10226;Marolles-lès-Bailly;4;23.0
10226;Marolles-lès-Bailly;5;5.75
10226;Marolles-lès-Bailly;6;5.75
10227;Marolles-sous-Lignières;3;9.32714185095871
10227;Marolles-sous-Lignières;4;22.43958024066682
10227;Marolles-sous-Lignières;5;41.29467932532707
10227;Marolles-sous-Lignières;6;68.77458657894212
10228;Mathaux;1;11.08108108108108
10228;Mathaux;4;16.62162162162162
10228;Mathaux;5;16.62162162162162
10228;Mathaux;6;49.86486486486486
10229;Maupas;3;5.31578947368421
10229;Maupas;4;21.26315789473682
10229;Maupas;5;15.947368421052609
10229;Maupas;6;5.31578947368421
10230;Mergey;1;19.27766777379719
10230;Mergey;2;19.51844126440627
10230;Mergey;3;68.89299172568019
10230;Mergey;4;81.81464419826312
10230;Mergey;5;101.53849300039846
10230;Mergey;6;33.09776294345196
10231;Le Mériot;1;5.07518952238751
10231;Le Mériot;3;15.10087086491836
10231;Le Mériot;4;100.75423990225141
10231;Le Mériot;5;75.08800127754861
10231;Le Mériot;6;70.17943477523603
10232;Merrey-sur-Arce;1;25.58183070499307
10232;Merrey-sur-Arce;2;5.08106066426057
10232;Merrey-sur-Arce;3;5.25758804795074
10232;Merrey-sur-Arce;4;21.04261810211244
10232;Merrey-sur-Arce;5;35.75580610686799
10232;Merrey-sur-Arce;6;56.27476909458686
10233;Méry-sur-Seine;2;46.36962523651037
10233;Méry-sur-Seine;3;25.378725139013063
10233;Méry-sur-Seine;4;153.40844238460755
10233;Méry-sur-Seine;5;128.0324529187946
10233;Méry-sur-Seine;6;200.09634122298965
10234;Mesgrigny;2;8.4197028271449
10234;Mesgrigny;3;4.56213753196774
10234;Mesgrigny;4;34.55199947031579
10234;Mesgrigny;5;32.04838247357344
10234;Mesgrigny;6;23.379064149410752
10235;Mesnil-la-Comtesse;2;4.41666666666667
10235;Mesnil-la-Comtesse;4;8.83333333333334
10235;Mesnil-la-Comtesse;5;4.41666666666667
10235;Mesnil-la-Comtesse;6;13.250000000000009
10236;Mesnil-Lettre;1;10.54545454545454
10236;Mesnil-Lettre;2;5.27272727272727
10236;Mesnil-Lettre;4;5.27272727272727
10236;Mesnil-Lettre;5;5.27272727272727
10237;Mesnil-Saint-Loup;1;10.4018560320545
10237;Mesnil-Saint-Loup;2;9.949771827728629
10237;Mesnil-Saint-Loup;3;40.259946732241644
10237;Mesnil-Saint-Loup;4;45.60886548346406
10237;Mesnil-Saint-Loup;5;86.20409054372844
10237;Mesnil-Saint-Loup;6;49.631654545961
10238;Mesnil-Saint-Père;2;15.07739461647662
10238;Mesnil-Saint-Père;3;40.29780429491143
10238;Mesnil-Saint-Père;4;50.37238652585129
10238;Mesnil-Saint-Père;5;50.33808211016311
10238;Mesnil-Saint-Père;6;35.260745498495936
10239;Mesnil-Sellières;2;30.7565182397113
10239;Mesnil-Sellières;3;60.15723762603347
10239;Mesnil-Sellières;4;69.7466540568938
10239;Mesnil-Sellières;5;89.57579109006235
10239;Mesnil-Sellières;6;54.78948797421385
10240;Messon;2;20.47565577753175
10240;Messon;3;25.73606949276517
10240;Messon;4;71.51214143348588
10240;Messon;5;60.8758111712908
10240;Messon;6;19.93511275268757
10241;Metz-Robert;1;10.5454545454545
10241;Metz-Robert;4;5.27272727272727
10241;Metz-Robert;5;5.27272727272727
10241;Metz-Robert;6;21.090909090909072
10242;Meurville;1;14.53125
10242;Meurville;3;9.6875
10242;Meurville;4;4.84375
10242;Meurville;5;9.6875
10242;Meurville;6;9.6875
10243;Molins-sur-Aube;1;5.15
10243;Molins-sur-Aube;4;10.3
10243;Molins-sur-Aube;5;10.3
10243;Molins-sur-Aube;6;15.450000000000001
10245;Montaulin;1;5.19029499695876
10245;Montaulin;2;19.811080299725198
10245;Montaulin;3;70.00898980605555
10245;Montaulin;4;139.69348094318877
10245;Montaulin;5;126.89335173419502
10245;Montaulin;6;50.55746762860208
10246;Montceaux-lès-Vaudes;1;9.02983009611816
10246;Montceaux-lès-Vaudes;3;18.75672461092061
10246;Montceaux-lès-Vaudes;4;13.73713107542693
10246;Montceaux-lès-Vaudes;5;32.60255759302788
10246;Montceaux-lès-Vaudes;6;47.358345443847696
10247;Montfey;1;23.2
10247;Montfey;3;9.28
10247;Montfey;4;13.919999999999998
10247;Montfey;5;9.28
10247;Montfey;6;18.56
10248;Montgueux;1;59.51105121422783
10248;Montgueux;2;26.84165357370836
10248;Montgueux;3;21.10321002824739
10248;Montgueux;4;36.29437831380385
10248;Montgueux;5;47.93504163975896
10248;Montgueux;6;11.254593925370841
10249;Montiéramey;1;19.622892051706728
10249;Montiéramey;2;9.28585857152841
10249;Montiéramey;3;26.87533655459529
10249;Montiéramey;4;42.206218831346106
10249;Montiéramey;5;67.72688083851476
10249;Montiéramey;6;39.82464617087821
10250;Montier-en-l'Isle;1;10.4761904761905
10250;Montier-en-l'Isle;3;5.23809523809524
10250;Montier-en-l'Isle;4;15.714285714285719
10250;Montier-en-l'Isle;5;41.9047619047619
10250;Montier-en-l'Isle;6;26.190476190476218
10251;Montigny-les-Monts;2;5.3649952809717
10251;Montigny-les-Monts;3;10.62584489084546
10251;Montigny-les-Monts;4;21.462042829050958
10251;Montigny-les-Monts;5;26.6207684510232
10251;Montigny-les-Monts;6;52.41637899902239
10252;Montmartin-le-Haut;1;15.5
10252;Montmartin-le-Haut;2;5.16666666666667
10252;Montmartin-le-Haut;4;10.33333333333334
10252;Montmartin-le-Haut;6;20.66666666666664
10253;Montmorency-Beaufort;2;19.01165444976644
10253;Montmorency-Beaufort;4;4.49985058397735
10253;Montmorency-Beaufort;5;31.498954087841454
10254;Montpothier;1;5.37722589417728
10254;Montpothier;2;10.4467099016081
10254;Montpothier;3;10.75445178835456
10254;Montpothier;4;26.57727078144731
10254;Montpothier;5;31.800625732251298
10254;Montpothier;6;57.920718704753085
10255;Montreuil-sur-Barse;1;18.35583285523205
10255;Montreuil-sur-Barse;2;4.59590527256505
10255;Montreuil-sur-Barse;3;13.662834324551831
10255;Montreuil-sur-Barse;4;50.3743302145948
10255;Montreuil-sur-Barse;5;36.62774824678466
10255;Montreuil-sur-Barse;6;9.16385223062532
10256;Montsuzain;1;10.9159569173727
10256;Montsuzain;2;15.951596095073668
10256;Montsuzain;3;5.35187800308323
10256;Montsuzain;4;58.77483019064232
10256;Montsuzain;5;53.73510602489273
10256;Montsuzain;6;31.8052617106414
10257;Morembert;3;7.25
10258;Morvilliers;1;5.74073131088448
10258;Morvilliers;3;5.17554357732021
10258;Morvilliers;4;23.889708609736868
10258;Morvilliers;5;33.73125201707065
10258;Morvilliers;6;62.90231390274792
10259;La Motte-Tilly;1;4.85352399675067
10259;La Motte-Tilly;2;4.91341451284546
10259;La Motte-Tilly;4;33.68103773257874
10259;La Motte-Tilly;5;43.03598072380606
10259;La Motte-Tilly;6;47.9486918065564
10260;Moussey;1;5.005327871896
10260;Moussey;2;31.21292175237741
10260;Moussey;3;30.522282244200433
10260;Moussey;4;101.7759352832198
10260;Moussey;5;86.56341125053278
10260;Moussey;6;70.96348074812461
10261;Mussy-sur-Seine;1;38.02644993297039
10261;Mussy-sur-Seine;2;11.0473322938596
10261;Mussy-sur-Seine;3;32.19123531852808
10261;Mussy-sur-Seine;4;26.82553895864999
10261;Mussy-sur-Seine;5;69.16039308943519
10261;Mussy-sur-Seine;6;105.9945742831572
10262;Neuville-sur-Seine;1;45.0072738773476
10262;Neuville-sur-Seine;2;14.62450160586
10262;Neuville-sur-Seine;3;25.07461219061127
10262;Neuville-sur-Seine;4;20.29279507538198
10262;Neuville-sur-Seine;5;14.994047667122091
10262;Neuville-sur-Seine;6;46.26297913496127
10263;Neuville-sur-Vanne;2;4.92716889164715
10263;Neuville-sur-Vanne;4;24.62923887954879
10263;Neuville-sur-Vanne;5;59.10841871237574
10263;Neuville-sur-Vanne;6;64.01137501751782
10264;Noé-les-Mallets;1;17.05263157894739
10264;Noé-les-Mallets;3;5.68421052631579
10264;Noé-les-Mallets;4;5.68421052631579
10264;Noé-les-Mallets;6;11.36842105263158
10265;Les Noës-près-Troyes;2;44.21322962044023
10265;Les Noës-près-Troyes;3;98.89285105269374
10265;Les Noës-près-Troyes;4;221.898502712344
10265;Les Noës-près-Troyes;5;361.11651609816613
10265;Les Noës-près-Troyes;6;281.1201597551942
10266;Nogent-en-Othe;5;4.5
10266;Nogent-en-Othe;6;4.5
10267;Nogent-sur-Aube;2;4.76178889113164
10267;Nogent-sur-Aube;4;59.492662677915234
10267;Nogent-sur-Aube;5;24.7315451983347
10267;Nogent-sur-Aube;6;29.38220586417708
10268;Nogent-sur-Seine;1;10.50510952869912
10268;Nogent-sur-Seine;2;104.02991168089851
10268;Nogent-sur-Seine;3;311.3904831703182
10268;Nogent-sur-Seine;4;552.0439602085551
10268;Nogent-sur-Seine;5;549.9396783080111
10268;Nogent-sur-Seine;6;678.5270628226768
10269;Nozay;1;10.55172413793104
10269;Nozay;2;15.827586206896559
10269;Nozay;3;5.27586206896552
10269;Nozay;5;31.65517241379304
10269;Nozay;6;5.27586206896552
10270;Onjon;1;4.77814331877479
10270;Onjon;3;4.77814331877479
10270;Onjon;4;38.84167180199951
10270;Onjon;5;34.19590815422658
10270;Onjon;6;33.65374817914678
10271;Origny-le-Sec;1;9.77257199466995
10271;Origny-le-Sec;2;14.617933429766389
10271;Origny-le-Sec;3;24.36327339965235
10271;Origny-le-Sec;4;29.3454080193454
10271;Origny-le-Sec;5;92.44510099817809
10271;Origny-le-Sec;6;73.06396393376392
10272;Ormes;1;11.6
10272;Ormes;2;11.6
10272;Ormes;3;5.8
10272;Ormes;4;23.2
10272;Ormes;5;5.8
10273;Ortillon;5;7.66666666666667
10273;Ortillon;6;7.66666666666667
10274;Orvilliers-Saint-Julien;1;25.10364780455906
10274;Orvilliers-Saint-Julien;4;15.0966500185116
10274;Orvilliers-Saint-Julien;5;40.60246429634816
10274;Orvilliers-Saint-Julien;6;20.20066976566915
10275;Ossey-les-Trois-Maisons;1;9.82676980003746
10275;Ossey-les-Trois-Maisons;2;4.91338490001873
10275;Ossey-les-Trois-Maisons;3;14.74029101819986
10275;Ossey-les-Trois-Maisons;4;49.44605304992897
10275;Ossey-les-Trois-Maisons;5;73.98839519391748
10275;Ossey-les-Trois-Maisons;6;68.76266560647709
10276;Paisy-Cosdon;1;9.66921692951
10276;Paisy-Cosdon;2;9.90939119189574
10276;Paisy-Cosdon;3;14.92788636118325
10276;Paisy-Cosdon;4;24.60004955101751
10276;Paisy-Cosdon;5;34.631001004268285
10276;Paisy-Cosdon;6;24.71866355204825
10278;Pargues;2;5.52
10278;Pargues;3;5.52
10278;Pargues;4;11.04
10278;Pargues;6;27.599999999999998
10279;Pars-lès-Chavanges;1;4.18181818181818
10279;Pars-lès-Chavanges;6;4.18181818181818
10280;Pars-lès-Romilly;1;9.74741182121334
10280;Pars-lès-Romilly;2;29.24358034729277
10280;Pars-lès-Romilly;3;4.95534431546987
10280;Pars-lès-Romilly;4;58.56816112104576
10280;Pars-lès-Romilly;5;105.95566885933499
10280;Pars-lès-Romilly;6;121.8582638956142
10281;Le Pavillon-Sainte-Julie;2;5.28461339316044
10281;Le Pavillon-Sainte-Julie;3;4.9779171651464
10281;Le Pavillon-Sainte-Julie;4;39.89563128093496
10281;Le Pavillon-Sainte-Julie;5;45.758038470664445
10281;Le Pavillon-Sainte-Julie;6;15.258247053182782
10282;Payns;2;43.6940750184433
10282;Payns;3;63.98784196038482
10282;Payns;4;216.47850624850895
10282;Payns;5;143.40609471325513
10282;Payns;6;157.28648804449773
10283;Pel-et-Der;1;16.00000000000003
10283;Pel-et-Der;3;5.33333333333333
10283;Pel-et-Der;4;21.33333333333336
10283;Pel-et-Der;5;21.33333333333336
10283;Pel-et-Der;6;5.33333333333333
10284;Périgny-la-Rose;2;5.66666666666667
10284;Périgny-la-Rose;4;17.000000000000007
10284;Périgny-la-Rose;5;28.333333333333307
10285;Perthes-lès-Brienne;2;4.33333333333333
10285;Perthes-lès-Brienne;4;4.33333333333333
10285;Perthes-lès-Brienne;5;21.66666666666666
10285;Perthes-lès-Brienne;6;4.33333333333333
10286;Petit-Mesnil;3;4.92682926829268
10286;Petit-Mesnil;4;9.85365853658536
10286;Petit-Mesnil;5;19.707317073170678
10286;Petit-Mesnil;6;29.56097560975608
10287;Piney;1;10.5734571422971
10287;Piney;2;26.1476104317071
10287;Piney;3;69.69355786016928
10287;Piney;4;110.7172943648497
10287;Piney;5;192.5147401612804
10287;Piney;6;147.98492835825834
10288;Plaines-Saint-Lange;1;29.13324355199201
10288;Plaines-Saint-Lange;2;9.74394681012791
10288;Plaines-Saint-Lange;5;9.73156753135488
10288;Plaines-Saint-Lange;6;48.65808715368391
10289;Plancy-l'Abbaye;1;30.38751864860365
10289;Plancy-l'Abbaye;2;20.20902036762239
10289;Plancy-l'Abbaye;3;15.119636849441541
10289;Plancy-l'Abbaye;4;50.4836469725754
10289;Plancy-l'Abbaye;5;95.91323061842644
10289;Plancy-l'Abbaye;6;126.33774129176156
10290;Planty;1;14.14285714285713
10290;Planty;3;14.14285714285713
10290;Planty;4;18.85714285714284
10290;Planty;5;32.99999999999997
10290;Planty;6;9.42857142857142
10291;Plessis-Barbuise;1;4.83783783783784
10291;Plessis-Barbuise;2;9.67567567567568
10291;Plessis-Barbuise;3;4.83783783783784
10291;Plessis-Barbuise;4;29.027027027027042
10291;Plessis-Barbuise;5;4.83783783783784
10291;Plessis-Barbuise;6;33.864864864864884
10293;Poivres;1;9.875
10293;Poivres;2;4.9375
10293;Poivres;4;14.8125
10293;Poivres;5;4.9375
10293;Poivres;6;19.75
10294;Poligny;5;7.86666666666666
10294;Poligny;6;11.79999999999999
10295;Polisot;1;44.730311095319635
10295;Polisot;3;24.98860413595115
10295;Polisot;4;20.67204404564536
10295;Polisot;5;34.179726249274594
10295;Polisot;6;25.01280946505143
10296;Polisy;1;33.5625
10296;Polisy;3;5.59375
10296;Polisy;4;5.59375
10296;Polisy;5;16.78125
10296;Polisy;6;16.78125
10297;Pont-Sainte-Marie;1;14.93618025750337
10297;Pont-Sainte-Marie;2;99.64137869389796
10297;Pont-Sainte-Marie;3;204.84125197291564
10297;Pont-Sainte-Marie;4;349.71832844898586
10297;Pont-Sainte-Marie;5;543.7596358497656
10297;Pont-Sainte-Marie;6;443.3282488325441
10298;Pont-sur-Seine;1;10.34465340787034
10298;Pont-sur-Seine;2;61.26554413320234
10298;Pont-sur-Seine;3;10.304262102331759
10298;Pont-sur-Seine;4;107.85646785552436
10298;Pont-sur-Seine;5;107.68430028390202
10298;Pont-sur-Seine;6;117.92121598227145
10299;Pouan-les-Vallées;1;9.43554475254617
10299;Pouan-les-Vallées;2;14.17510762702383
10299;Pouan-les-Vallées;3;28.29155428660058
10299;Pouan-les-Vallées;4;50.86675838199733
10299;Pouan-les-Vallées;5;33.85618652351976
10299;Pouan-les-Vallées;6;103.77849750355952
10300;Pougy;1;4.8643019606055
10300;Pougy;2;10.88659819473516
10300;Pougy;3;9.23599573218166
10300;Pougy;4;21.71143396790496
10300;Pougy;5;27.3160985898688
10300;Pougy;6;41.83402789482185
10301;Pouy-sur-Vannes;1;15.7058823529412
10301;Pouy-sur-Vannes;2;5.23529411764706
10301;Pouy-sur-Vannes;3;20.94117647058824
10301;Pouy-sur-Vannes;4;10.47058823529412
10301;Pouy-sur-Vannes;5;26.17647058823528
10301;Pouy-sur-Vannes;6;20.94117647058824
10302;Praslin;1;3.73913043478261
10302;Praslin;2;3.73913043478261
10302;Praslin;4;7.47826086956522
10302;Praslin;5;11.217391304347831
10303;Précy-Notre-Dame;4;5.14285714285714
10303;Précy-Notre-Dame;5;10.28571428571428
10303;Précy-Notre-Dame;6;10.28571428571428
10304;Précy-Saint-Martin;2;5.05555555555556
10304;Précy-Saint-Martin;3;5.05555555555556
10304;Précy-Saint-Martin;4;5.05555555555556
10304;Précy-Saint-Martin;5;15.166666666666679
10304;Précy-Saint-Martin;6;15.166666666666679
10305;Prémierfait;1;11.125
10305;Prémierfait;3;5.5625
10305;Prémierfait;5;11.125
10305;Prémierfait;6;16.6875
10306;Proverville;1;5.81880198025124
10306;Proverville;2;10.23934949467336
10306;Proverville;3;26.97674740723867
10306;Proverville;4;21.15794542698748
10306;Proverville;5;10.248671499640992
10306;Proverville;6;20.05099761566534
10307;Prugny;1;9.08312703734062
10307;Prugny;2;9.44699538212018
10307;Prugny;3;30.47110746912425
10307;Prugny;4;28.33397601727266
10307;Prugny;5;33.23940788072253
10307;Prugny;6;27.43455534619434
10308;Prunay-Belleville;1;9.40837066755074
10308;Prunay-Belleville;2;9.70081262357878
10308;Prunay-Belleville;3;14.476989582509908
10308;Prunay-Belleville;4;18.965200040817997
10308;Prunay-Belleville;5;14.92698026639194
10308;Prunay-Belleville;6;39.11848706135057
10309;Prusy;1;9.2
10309;Prusy;3;4.6
10309;Prusy;4;13.799999999999999
10309;Prusy;6;4.6
10310;Puits-et-Nuisement;1;5.72222222222222
10310;Puits-et-Nuisement;2;5.72222222222222
10310;Puits-et-Nuisement;3;5.72222222222222
10310;Puits-et-Nuisement;4;40.05555555555546
10310;Puits-et-Nuisement;5;17.16666666666662
10310;Puits-et-Nuisement;6;17.166666666666657
10312;Racines;2;10.36363636363636
10312;Racines;4;10.36363636363636
10312;Racines;5;20.72727272727268
10312;Racines;6;25.909090909090942
10313;Radonvilliers;2;4.85878718273224
10313;Radonvilliers;4;33.8766145387701
10313;Radonvilliers;5;26.737592024303197
10313;Radonvilliers;6;71.71126545815959
10314;Ramerupt;1;25.30961332626923
10314;Ramerupt;2;10.1536814504185
10314;Ramerupt;4;45.6916692983687
10314;Ramerupt;5;45.747586394299134
10314;Ramerupt;6;60.754407109502516
10315;Rances;6;6.0
10316;Rhèges;2;14.92857142857144
10316;Rhèges;3;9.95238095238096
10316;Rhèges;4;29.85714285714288
10316;Rhèges;5;14.92857142857144
10316;Rhèges;6;34.83333333333336
10317;Les Riceys;1;153.27728821536806
10317;Les Riceys;2;24.86100129475243
10317;Les Riceys;3;10.07705756775356
10317;Les Riceys;4;68.73631209296337
10317;Les Riceys;5;105.23948664462431
10317;Les Riceys;6;129.67799665724834
10318;Rigny-la-Nonneuse;1;5.37931034482759
10318;Rigny-la-Nonneuse;3;21.517241379310377
10318;Rigny-la-Nonneuse;4;16.13793103448277
10318;Rigny-la-Nonneuse;5;16.13793103448279
10318;Rigny-la-Nonneuse;6;21.51724137931036
10319;Rigny-le-Ferron;3;9.47371271439326
10319;Rigny-le-Ferron;4;19.7222725210267
10319;Rigny-le-Ferron;5;43.15913205517968
10319;Rigny-le-Ferron;6;47.26686742627784
10320;Rilly-Sainte-Syre;1;5.28165611418399
10320;Rilly-Sainte-Syre;2;13.75964187830811
10320;Rilly-Sainte-Syre;3;10.03177577657598
10320;Rilly-Sainte-Syre;4;18.5097615407001
10320;Rilly-Sainte-Syre;5;18.78115745356153
10320;Rilly-Sainte-Syre;6;23.81745501331155
10321;La Rivière-de-Corps;1;9.887801050660219
10321;La Rivière-de-Corps;2;99.43016894316787
10321;La Rivière-de-Corps;3;318.2618291892045
10321;La Rivière-de-Corps;4;447.49040351386594
10321;La Rivière-de-Corps;5;368.2284739974813
10321;La Rivière-de-Corps;6;233.9128344362387
10323;Romilly-sur-Seine;1;23.604228005327087
10323;Romilly-sur-Seine;2;225.2008898378544
10323;Romilly-sur-Seine;3;355.93827945049003
10323;Romilly-sur-Seine;4;966.4349787289773
10323;Romilly-sur-Seine;5;1444.1913673192487
10323;Romilly-sur-Seine;6;1364.5747103081383
10324;Roncenay;2;10.83870967741936
10324;Roncenay;4;16.25806451612904
10324;Roncenay;5;37.9354838709677
10324;Roncenay;6;10.83870967741936
10325;Rosières-près-Troyes;1;14.48334781382475
10325;Rosières-près-Troyes;2;99.10418223103241
10325;Rosières-près-Troyes;3;316.97640822147326
10325;Rosières-près-Troyes;4;560.1557079731871
10325;Rosières-près-Troyes;5;582.9601773418942
10325;Rosières-près-Troyes;6;343.22726255713064
10326;Rosnay-l'Hôpital;1;5.29032258064516
10326;Rosnay-l'Hôpital;4;15.87096774193548
10326;Rosnay-l'Hôpital;5;15.870967741935461
10326;Rosnay-l'Hôpital;6;15.87096774193548
10327;La Rothière;1;15.3913043478261
10327;La Rothière;4;5.1304347826087
10327;La Rothière;5;15.3913043478261
10327;La Rothière;6;25.652173913043498
10328;Rouilly-Sacey;1;4.79010408835968
10328;Rouilly-Sacey;2;9.76771194181442
10328;Rouilly-Sacey;3;9.58020817671936
10328;Rouilly-Sacey;4;29.05340030477693
10328;Rouilly-Sacey;5;43.36466309537889
10328;Rouilly-Sacey;6;14.43254402065031
10329;Rouilly-Saint-Loup;2;19.83123026681589
10329;Rouilly-Saint-Loup;3;19.89639771576605
10329;Rouilly-Saint-Loup;4;94.31223909164997
10329;Rouilly-Saint-Loup;5;74.25512485687379
10329;Rouilly-Saint-Loup;6;39.58333716834311
10330;Rouvres-les-Vignes;1;9.82608695652174
10330;Rouvres-les-Vignes;4;14.73913043478261
10330;Rouvres-les-Vignes;5;9.82608695652174
10331;Rumilly-lès-Vaudes;1;10.24167579161128
10331;Rumilly-lès-Vaudes;2;15.69070432620736
10331;Rumilly-lès-Vaudes;3;31.922786441435463
10331;Rumilly-lès-Vaudes;4;46.43671050450163
10331;Rumilly-lès-Vaudes;5;73.80074726519823
10331;Rumilly-lès-Vaudes;6;93.64274603659041
10332;Ruvigny;2;15.22065178649264
10332;Ruvigny;3;19.56365049947466
10332;Ruvigny;4;58.93968443565942
10332;Ruvigny;5;49.59598586717786
10332;Ruvigny;6;49.76405585763089
10333;Saint-André-les-Vergers;1;3.44601385277566
10333;Saint-André-les-Vergers;2;242.93214198092517
10333;Saint-André-les-Vergers;3;837.9391556854655
10333;Saint-André-les-Vergers;4;1421.5588135545263
10333;Saint-André-les-Vergers;5;1463.938938285221
10333;Saint-André-les-Vergers;6;903.0786258522022
10334;Saint-Aubin;3;25.20785615454373
10334;Saint-Aubin;4;70.85053949257
10334;Saint-Aubin;5;76.1690945810854
10334;Saint-Aubin;6;106.23410170389954
10335;Saint-Benoist-sur-Vanne;1;10.25751576889421
10335;Saint-Benoist-sur-Vanne;2;5.05839067542073
10335;Saint-Benoist-sur-Vanne;3;10.39825018694696
10335;Saint-Benoist-sur-Vanne;4;20.583950508100322
10335;Saint-Benoist-sur-Vanne;5;20.72662924991782
10335;Saint-Benoist-sur-Vanne;6;15.31494095183865
10336;Saint-Benoît-sur-Seine;1;10.0709552376751
10336;Saint-Benoît-sur-Seine;2;9.55653608464086
10336;Saint-Benoît-sur-Seine;3;19.878127542711347
10336;Saint-Benoît-sur-Seine;4;59.63507221738236
10336;Saint-Benoît-sur-Seine;5;44.79765083966286
10336;Saint-Benoît-sur-Seine;6;30.50297643867993
10337;Saint-Christophe-Dodinicourt;1;3.55555555555556
10337;Saint-Christophe-Dodinicourt;2;3.55555555555556
10337;Saint-Christophe-Dodinicourt;6;3.55555555555556
10338;Saint-Étienne-sous-Barbuise;1;4.91666666666667
10338;Saint-Étienne-sous-Barbuise;2;4.91666666666667
10338;Saint-Étienne-sous-Barbuise;3;4.91666666666667
10338;Saint-Étienne-sous-Barbuise;4;4.91666666666667
10338;Saint-Étienne-sous-Barbuise;5;9.83333333333334
10338;Saint-Étienne-sous-Barbuise;6;24.58333333333335
10339;Saint-Flavy;1;4.75701306018271
10339;Saint-Flavy;2;19.442624522185298
10339;Saint-Flavy;3;19.77863982505022
10339;Saint-Flavy;4;26.81698390829685
10339;Saint-Flavy;5;30.04325352973505
10339;Saint-Flavy;6;39.219323297870986
10340;Saint-Germain;1;11.0830451599383
10340;Saint-Germain;2;132.7862889409763
10340;Saint-Germain;3;140.3890460381585
10340;Saint-Germain;4;350.848119565905
10340;Saint-Germain;5;210.97738974301865
10340;Saint-Germain;6;169.08282353048975
10341;Saint-Hilaire-sous-Romilly;1;5.02452348956133
10341;Saint-Hilaire-sous-Romilly;2;5.51321932530169
10341;Saint-Hilaire-sous-Romilly;3;21.16633558564955
10341;Saint-Hilaire-sous-Romilly;4;47.422805407751625
10341;Saint-Hilaire-sous-Romilly;5;42.73051705111597
10341;Saint-Hilaire-sous-Romilly;6;48.97049997970227
10342;Saint-Jean-de-Bonneval;2;35.92573882073841
10342;Saint-Jean-de-Bonneval;3;5.00898365343687
10342;Saint-Jean-de-Bonneval;4;46.06513313846315
10342;Saint-Jean-de-Bonneval;5;56.70878919914379
10342;Saint-Jean-de-Bonneval;6;35.92559730060056
10343;Saint-Julien-les-Villas;1;14.9514325455746
10343;Saint-Julien-les-Villas;2;219.68792597214292
10343;Saint-Julien-les-Villas;3;417.6816795810637
10343;Saint-Julien-les-Villas;4;675.9248302611604
10343;Saint-Julien-les-Villas;5;691.6784428919315
10343;Saint-Julien-les-Villas;6;512.0534153677554
10344;Saint-Léger-près-Troyes;2;20.220207332147808
10344;Saint-Léger-près-Troyes;3;70.80559242426644
10344;Saint-Léger-près-Troyes;4;96.29526045800307
10344;Saint-Léger-près-Troyes;5;136.48088213330146
10344;Saint-Léger-près-Troyes;6;65.76717505917081
10345;Saint-Léger-sous-Brienne;1;4.87159077614239
10345;Saint-Léger-sous-Brienne;2;9.690471462309869
10345;Saint-Léger-sous-Brienne;4;48.62379929330015
10345;Saint-Léger-sous-Brienne;5;82.67211765385659
10345;Saint-Léger-sous-Brienne;6;24.30538675756091
10346;Saint-Léger-sous-Margerie;2;6.25
10346;Saint-Léger-sous-Margerie;3;6.25
10346;Saint-Léger-sous-Margerie;5;6.25
10347;Saint-Loup-de-Buffigny;2;18.26086956521745
10347;Saint-Loup-de-Buffigny;3;4.56521739130435
10347;Saint-Loup-de-Buffigny;4;31.95652173913045
10347;Saint-Loup-de-Buffigny;5;9.1304347826087
10347;Saint-Loup-de-Buffigny;6;13.69565217391305
10348;Saint-Lupien;1;9.70212765957446
10348;Saint-Lupien;3;9.70212765957446
10348;Saint-Lupien;4;9.70212765957446
10348;Saint-Lupien;5;24.25531914893615
10348;Saint-Lupien;6;38.80851063829784
10349;Saint-Lyé;1;20.04019432257533
10349;Saint-Lyé;2;103.01851310201245
10349;Saint-Lyé;3;185.45151229027357
10349;Saint-Lyé;4;334.3150724791032
10349;Saint-Lyé;5;312.46680320397144
10349;Saint-Lyé;6;276.22432587086394
10350;Saint-Mards-en-Othe;1;5.16015633405287
10350;Saint-Mards-en-Othe;2;21.11275002830762
10350;Saint-Mards-en-Othe;3;20.94674768651049
10350;Saint-Mards-en-Othe;4;83.78306270771036
10350;Saint-Mards-en-Othe;5;78.77566324419568
10350;Saint-Mards-en-Othe;6;53.43473387539428
10351;Saint-Martin-de-Bossenay;1;5.15027901952592
10351;Saint-Martin-de-Bossenay;2;4.94135310754773
10351;Saint-Martin-de-Bossenay;3;15.27726077864411
10351;Saint-Martin-de-Bossenay;4;55.70604421791043
10351;Saint-Martin-de-Bossenay;5;21.29123892853262
10351;Saint-Martin-de-Bossenay;6;47.94863249987927
10352;Sainte-Maure;1;19.96997194447611
10352;Sainte-Maure;2;39.83408796691667
10352;Sainte-Maure;3;134.70461720926994
10352;Sainte-Maure;4;268.90831110227504
10352;Sainte-Maure;5;179.4933274568554
10352;Sainte-Maure;6;149.61593575185262
10353;Saint-Mesmin;1;9.88107621355487
10353;Saint-Mesmin;2;10.148367821118999
10353;Saint-Mesmin;3;20.20604124232625
10353;Saint-Mesmin;4;145.8898167377666
10353;Saint-Mesmin;5;90.80724033092928
10353;Saint-Mesmin;6;75.82320086429188
10354;Saint-Nabord-sur-Aube;1;16.32
10354;Saint-Nabord-sur-Aube;5;16.32
10354;Saint-Nabord-sur-Aube;6;21.76
10355;Saint-Nicolas-la-Chapelle;3;14.785714285714288
10355;Saint-Nicolas-la-Chapelle;4;4.92857142857143
10355;Saint-Nicolas-la-Chapelle;5;24.64285714285716
10355;Saint-Nicolas-la-Chapelle;6;4.92857142857143
10356;Saint-Oulph;2;14.85391173050842
10356;Saint-Oulph;3;5.557028334836
10356;Saint-Oulph;4;32.076504014631
10356;Saint-Oulph;5;32.1125297072287
10356;Saint-Oulph;6;37.35071336058281
10357;Saint-Parres-aux-Tertres;1;35.263868350654576
10357;Saint-Parres-aux-Tertres;2;61.688563170278414
10357;Saint-Parres-aux-Tertres;3;198.54957581429323
10357;Saint-Parres-aux-Tertres;4;248.90584480559187
10357;Saint-Parres-aux-Tertres;5;340.1513419288673
10357;Saint-Parres-aux-Tertres;6;239.9979194816855
10358;Saint-Parres-lès-Vaudes;1;4.9975227713275
10358;Saint-Parres-lès-Vaudes;2;44.64700428541317
10358;Saint-Parres-lès-Vaudes;3;44.72952906702541
10358;Saint-Parres-lès-Vaudes;4;34.75528648379182
10358;Saint-Parres-lès-Vaudes;5;114.28179383694305
10358;Saint-Parres-lès-Vaudes;6;114.50942618599368
10359;Saint-Phal;2;35.37090646643499
10359;Saint-Phal;3;10.11929765415772
10359;Saint-Phal;4;40.38369269789755
10359;Saint-Phal;5;29.68314760054143
10359;Saint-Phal;6;113.75985397719721
10360;Saint-Pouange;2;25.9134844650575
10360;Saint-Pouange;3;67.40267146356543
10360;Saint-Pouange;4;145.1679807370542
10360;Saint-Pouange;5;82.72681288736108
10360;Saint-Pouange;6;76.84178687618186
10361;Saint-Remy-sous-Barbuise;2;5.41302099487758
10361;Saint-Remy-sous-Barbuise;4;37.89114696414306
10361;Saint-Remy-sous-Barbuise;5;32.47812596926548
10361;Saint-Remy-sous-Barbuise;6;21.65208397951036
10362;Sainte-Savine;1;24.56447348975351
10362;Sainte-Savine;2;240.19560028762004
10362;Sainte-Savine;3;675.4592161891836
10362;Sainte-Savine;4;1166.439850064667
10362;Sainte-Savine;5;1234.4473545077033
10362;Sainte-Savine;6;859.7760084633233
10363;Saint-Thibault;2;10.31990100531046
10363;Saint-Thibault;4;56.76591944055856
10363;Saint-Thibault;5;77.40802966049961
10363;Saint-Thibault;6;56.764995776809336
10364;Saint-Usage;1;10.0
10364;Saint-Usage;2;5.0
10364;Saint-Usage;5;5.0
10364;Saint-Usage;6;5.0
10365;Salon;1;4.84615384615385
10365;Salon;4;4.84615384615385
10365;Salon;6;19.3846153846154
10366;Saulcy;1;18.9
10366;Saulcy;3;6.3
10366;Saulcy;5;6.3
10366;Saulcy;6;18.9
10367;La Saulsotte;1;5.04477631484665
10367;La Saulsotte;2;44.91628998339704
10367;La Saulsotte;3;34.62420008078322
10367;La Saulsotte;4;69.72059911689888
10367;La Saulsotte;5;60.192766736803605
10367;La Saulsotte;6;119.3380218675632
10368;Savières;1;24.40881128362219
10368;Savières;2;24.67009343940837
10368;Savières;3;59.707969963359105
10368;Savières;4;113.5709595281744
10368;Savières;5;143.3469898798749
10368;Savières;6;143.13449790171805
10369;Semoine;1;8.93617021276596
10369;Semoine;2;8.93617021276596
10369;Semoine;3;8.93617021276596
10369;Semoine;4;8.93617021276596
10369;Semoine;5;4.46808510638298
10369;Semoine;6;22.3404255319149
10370;Soligny-les-Étangs;1;5.3522534943141
10370;Soligny-les-Étangs;2;10.753087232278329
10370;Soligny-les-Étangs;3;10.60988559301342
10370;Soligny-les-Étangs;4;32.1143648212146
10370;Soligny-les-Étangs;5;32.06831993966342
10370;Soligny-les-Étangs;6;37.18275039909785
10371;Sommeval;1;4.89502295584848
10371;Sommeval;2;14.361607736490841
10371;Sommeval;3;25.37211538388029
10371;Sommeval;4;25.36957636611
10371;Sommeval;5;50.0626496778409
10371;Sommeval;6;40.38787465105918
10372;Soulaines-Dhuys;1;13.903618143316592
10372;Soulaines-Dhuys;3;21.24718975324589
10372;Soulaines-Dhuys;4;29.715284756878503
10372;Soulaines-Dhuys;5;39.07306203455247
10372;Soulaines-Dhuys;6;44.907899772332144
10373;Souligny;1;18.305610460876
10373;Souligny;2;19.60165354458999
10373;Souligny;3;63.25056235612797
10373;Souligny;4;37.7366236749159
10373;Souligny;5;38.379003926875896
10373;Souligny;6;20.244033796549978
10374;Spoy;1;9.61290322580646
10374;Spoy;2;4.80645161290323
10374;Spoy;3;4.80645161290323
10374;Spoy;4;9.61290322580646
10374;Spoy;5;24.03225806451616
10374;Spoy;6;28.83870967741938
10375;Thennelières;2;15.56163160904663
10375;Thennelières;3;46.35066894742525
10375;Thennelières;4;30.226947003081342
10375;Thennelières;5;41.55447923542811
10375;Thennelières;6;20.33212802159578
10376;Thieffrain;1;5.3448275862069
10376;Thieffrain;2;10.6896551724138
10376;Thieffrain;3;5.3448275862069
10376;Thieffrain;4;5.3448275862069
10376;Thieffrain;5;16.0344827586207
10376;Thieffrain;6;21.3793103448276
10377;Thil;1;9.90909090909092
10377;Thil;3;9.90909090909092
10377;Thil;4;9.90909090909092
10377;Thil;5;14.863636363636381
10377;Thil;6;4.95454545454546
10378;Thors;1;4.78571428571429
10378;Thors;5;4.78571428571429
10378;Thors;6;9.57142857142858
10379;Torcy-le-Grand;1;15.3117045769968
10379;Torcy-le-Grand;2;13.92780112665727
10379;Torcy-le-Grand;3;24.26616605452865
10379;Torcy-le-Grand;4;45.60467399850774
10379;Torcy-le-Grand;5;74.25099004644204
10379;Torcy-le-Grand;6;39.08367114069378
10380;Torcy-le-Petit;3;4.41176470588235
10380;Torcy-le-Petit;4;8.8235294117647
10380;Torcy-le-Petit;6;17.6470588235294
10381;Torvilliers;1;18.51217626971257
10381;Torvilliers;2;40.76536384520259
10381;Torvilliers;3;112.01041700156965
10381;Torvilliers;4;147.97441761390593
10381;Torvilliers;5;113.48843956602803
10381;Torvilliers;6;84.93098617032489
10382;Traînel;2;9.77010917210318
10382;Traînel;3;15.024993141622591
10382;Traînel;4;87.60124449390405
10382;Traînel;5;114.78533231694715
10382;Traînel;6;123.4188255431664
10383;Trancault;1;5.14724528992728
10383;Trancault;2;5.14724528992728
10383;Trancault;3;15.44173586978184
10383;Trancault;4;15.44173586978184
10383;Trancault;5;10.2944905798546
10383;Trancault;6;20.58898115970912
10384;Trannes;2;4.76190476190476
10384;Trannes;3;9.52380952380952
10384;Trannes;4;19.04761904761904
10384;Trannes;5;19.04761904761904
10384;Trannes;6;33.33333333333332
10386;Trouans;1;19.53488372093026
10386;Trouans;2;9.76744186046512
10386;Trouans;3;14.65116279069768
10386;Trouans;5;34.186046511627936
10386;Trouans;6;14.65116279069768
10387;Troyes;1;62.80093734907186
10387;Troyes;2;1279.8642394915084
10387;Troyes;3;3161.6901935538503
10387;Troyes;4;5708.331392116746
10387;Troyes;5;6535.053588337554
10387;Troyes;6;5034.661081058641
10388;Turgy;4;4.2
10388;Turgy;6;8.4
10389;Unienville;1;5.19047619047619
10389;Unienville;4;10.38095238095238
10389;Unienville;5;10.38095238095238
10389;Unienville;6;10.38095238095238
10390;Urville;1;18.0
10390;Urville;2;4.5
10390;Urville;3;4.5
10390;Urville;4;4.5
10390;Urville;5;13.5
10390;Urville;6;27.0
10391;Vailly;1;9.93693508831787
10391;Vailly;2;4.96842926360699
10391;Vailly;3;19.83493926437745
10391;Vailly;4;39.65064290709268
10391;Vailly;5;39.90399963362008
10392;Vallant-Saint-Georges;1;25.5027354664727
10392;Vallant-Saint-Georges;3;26.02848878124664
10392;Vallant-Saint-Georges;4;41.23808292118375
10392;Vallant-Saint-Georges;5;20.88953616501529
10392;Vallant-Saint-Georges;6;56.57636259262219
10393;Vallentigny;1;10.45714285714286
10393;Vallentigny;2;15.68571428571433
10393;Vallentigny;3;5.22857142857143
10393;Vallentigny;4;26.14285714285723
10393;Vallentigny;5;20.91428571428576
10393;Vallentigny;6;10.45714285714286
10394;Vallières;4;10.18181818181818
10394;Vallières;5;10.1818181818182
10394;Vallières;6;15.27272727272727
10395;Vanlay;1;4.71733802759638
10395;Vanlay;2;10.68982404532116
10395;Vanlay;3;15.80472555532834
10395;Vanlay;4;30.12995314296169
10395;Vanlay;5;20.52278836943581
10395;Vanlay;6;16.47192777248896
10396;Vauchassis;1;4.91849153113004
10396;Vauchassis;2;29.281527367352602
10396;Vauchassis;3;29.117687129338883
10396;Vauchassis;4;83.22131996048428
10396;Vauchassis;5;24.42839734692637
10396;Vauchassis;6;34.29828049921525
10397;Vauchonvilliers;3;5.3125
10397;Vauchonvilliers;4;5.3125
10397;Vauchonvilliers;5;31.875
10397;Vauchonvilliers;6;26.5625
10398;Vaucogne;1;5.21428571428571
10398;Vaucogne;4;15.64285714285713
10398;Vaucogne;5;10.42857142857142
10399;Vaudes;1;10.1514817001918
10399;Vaudes;2;15.35826539853469
10399;Vaudes;3;30.69773179722658
10399;Vaudes;4;51.22573456417881
10399;Vaudes;5;102.35726525926958
10399;Vaudes;6;112.52796040672197
10400;Vaupoisson;1;13.44444444444444
10400;Vaupoisson;4;8.96296296296296
10400;Vaupoisson;5;8.96296296296296
10400;Vaupoisson;6;8.96296296296296
10401;Vendeuvre-sur-Barse;1;4.95345386030346
10401;Vendeuvre-sur-Barse;2;56.78387133482073
10401;Vendeuvre-sur-Barse;3;42.29820235778587
10401;Vendeuvre-sur-Barse;4;180.94056558103168
10401;Vendeuvre-sur-Barse;5;242.1140954310083
10401;Vendeuvre-sur-Barse;6;268.1951974519014
10402;La Vendue-Mignot;1;5.15107799850006
10402;La Vendue-Mignot;2;15.525824656424879
10402;La Vendue-Mignot;3;20.248391940971423
10402;La Vendue-Mignot;4;46.581523206648455
10402;La Vendue-Mignot;5;25.829998164257738
10402;La Vendue-Mignot;6;15.671005978274339
10403;Vernonvilliers;1;4.15384615384615
10403;Vernonvilliers;2;8.3076923076923
10403;Vernonvilliers;3;4.15384615384615
10403;Vernonvilliers;4;4.15384615384615
10403;Vernonvilliers;5;8.3076923076923
10404;Verpillières-sur-Ource;1;22.0
10404;Verpillières-sur-Ource;2;5.5
10404;Verpillières-sur-Ource;5;5.5
10404;Verpillières-sur-Ource;6;27.5
10405;Verricourt;4;4.21428571428571
10405;Verricourt;5;12.6428571428571
10405;Verricourt;6;12.64285714285713
10406;Verrières;1;14.4674543505829
10406;Verrières;2;49.32462212991943
10406;Verrières;3;83.00282983861698
10406;Verrières;4;196.259653931149
10406;Verrières;5;222.17671286670662
10406;Verrières;6;112.94931325972087
10408;Viâpres-le-Petit;1;11.33333333333334
10408;Viâpres-le-Petit;3;5.66666666666667
10408;Viâpres-le-Petit;4;11.33333333333334
10408;Viâpres-le-Petit;5;5.66666666666667
10408;Viâpres-le-Petit;6;28.333333333333307
10409;Villacerf;1;4.65923507573593
10409;Villacerf;2;21.15190152202742
10409;Villacerf;3;34.86900838889764
10409;Villacerf;4;103.30069998951984
10409;Villacerf;5;40.55606851233339
10409;Villacerf;6;49.21835285711121
10410;Villadin;2;4.29166666666667
10410;Villadin;3;4.29166666666667
10410;Villadin;4;12.875000000000009
10410;Villadin;5;12.875000000000009
10410;Villadin;6;17.16666666666668
10411;La Ville-aux-Bois;5;4.0
10411;La Ville-aux-Bois;6;4.0
10412;Villechétif;1;5.01720582811815
10412;Villechétif;2;14.79196294373581
10412;Villechétif;3;79.17913669240963
10412;Villechétif;4;118.1478929785942
10412;Villechétif;5;124.1386471528307
10412;Villechétif;6;44.57462317216867
10414;Villeloup;2;4.66666666666667
10414;Villeloup;3;9.33333333333334
10414;Villeloup;4;9.33333333333334
10414;Villeloup;5;18.66666666666668
10414;Villeloup;6;14.000000000000009
10416;Villemereuil;1;4.80656842972248
10416;Villemereuil;3;14.800043839212488
10416;Villemereuil;4;34.65757728879035
10416;Villemereuil;5;19.723958971797
10416;Villemereuil;6;15.43448327775322
10417;Villemoiron-en-Othe;2;10.2
10417;Villemoiron-en-Othe;4;56.099999999999994
10417;Villemoiron-en-Othe;5;10.2
10417;Villemoiron-en-Othe;6;40.8
10418;Villemorien;1;10.0
10418;Villemorien;2;5.0
10418;Villemorien;4;20.0
10418;Villemorien;5;30.0
10418;Villemorien;6;40.0
10419;Villemoyenne;1;4.88391791523624
10419;Villemoyenne;2;20.29253101068949
10419;Villemoyenne;3;54.39545779351033
10419;Villemoyenne;4;74.51495032581799
10419;Villemoyenne;5;89.74906669311099
10419;Villemoyenne;6;59.692978738179406
10420;Villenauxe-la-Grande;1;25.18904234313827
10420;Villenauxe-la-Grande;2;20.36200609578874
10420;Villenauxe-la-Grande;3;151.62639000642525
10420;Villenauxe-la-Grande;4;197.55277594734943
10420;Villenauxe-la-Grande;5;182.49921512416523
10420;Villenauxe-la-Grande;6;192.45263950733047
10421;La Villeneuve-au-Châtelot;4;5.25
10421;La Villeneuve-au-Châtelot;5;31.5
10421;La Villeneuve-au-Châtelot;6;31.5
10422;Villeneuve-au-Chemin;1;5.34285714285714
10422;Villeneuve-au-Chemin;3;5.34285714285714
10422;Villeneuve-au-Chemin;4;5.34285714285714
10422;Villeneuve-au-Chemin;5;26.714285714285737
10422;Villeneuve-au-Chemin;6;37.39999999999998
10423;La Villeneuve-au-Chêne;1;4.86549084380893
10423;La Villeneuve-au-Chêne;2;9.73899491635205
10423;La Villeneuve-au-Chêne;3;9.537493127374859
10423;La Villeneuve-au-Chêne;4;74.68386313733711
10423;La Villeneuve-au-Chêne;5;37.97219174039898
10423;La Villeneuve-au-Chêne;6;49.70314725410029
10424;Villeret;4;4.92307692307692
10424;Villeret;5;4.92307692307692
10425;Villery;3;10.40189944601602
10425;Villery;4;40.536299966719795
10425;Villery;5;35.32579775222224
10425;Villery;6;19.72309002161754
10426;Ville-sous-la-Ferté;2;20.14415350793868
10426;Ville-sous-la-Ferté;3;25.142721684942607
10426;Ville-sous-la-Ferté;4;45.16202624028672
10426;Ville-sous-la-Ferté;5;145.78537049807727
10426;Ville-sous-la-Ferté;6;110.66815079212347
10427;Ville-sur-Arce;1;28.7020508042073
10427;Ville-sur-Arce;3;4.78696913520941
10427;Ville-sur-Arce;4;19.145680428572078
10427;Ville-sur-Arce;5;9.57393827041882
10427;Ville-sur-Arce;6;52.64787704621203
10428;Ville-sur-Terre;1;22.0
10428;Ville-sur-Terre;5;11.0
10428;Ville-sur-Terre;6;16.5
10429;Villette-sur-Aube;2;10.09688373179234
10429;Villette-sur-Aube;3;10.00649889307723
10429;Villette-sur-Aube;4;49.94207957659916
10429;Villette-sur-Aube;5;14.73773220131734
10429;Villette-sur-Aube;6;40.11973730236336
10430;Villiers-Herbisse;4;10.375
10430;Villiers-Herbisse;5;10.375
10430;Villiers-Herbisse;6;20.75
10431;Villiers-le-Bois;1;11.3333333333333
10431;Villiers-le-Bois;4;5.66666666666667
10431;Villiers-le-Bois;6;11.33333333333334
10432;Villiers-sous-Praslin;1;9.2
10432;Villiers-sous-Praslin;4;4.6
10432;Villiers-sous-Praslin;5;4.6
10433;Villy-en-Trodes;1;4.96828566147402
10433;Villy-en-Trodes;4;44.062911772202824
10433;Villy-en-Trodes;5;34.10094877947208
10433;Villy-en-Trodes;6;14.65027549963953
10434;Villy-le-Bois;2;5.09090909090909
10434;Villy-le-Bois;3;5.09090909090909
10434;Villy-le-Bois;4;5.09090909090909
10434;Villy-le-Bois;5;5.09090909090909
10434;Villy-le-Bois;6;5.09090909090909
10435;Villy-le-Maréchal;3;18.9
10435;Villy-le-Maréchal;4;51.974999999999994
10435;Villy-le-Maréchal;5;9.45
10435;Villy-le-Maréchal;6;14.174999999999999
10436;Vinets;4;4.64102564102564
10436;Vinets;5;27.846153846153836
10436;Vinets;6;32.48717948717952
10437;Virey-sous-Bar;1;9.997250553941821
10437;Virey-sous-Bar;2;4.99707362959624
10437;Virey-sous-Bar;3;9.87116055919405
10437;Virey-sous-Bar;4;19.994501107883643
10437;Virey-sous-Bar;5;65.13165376984786
10437;Virey-sous-Bar;6;123.90276791167796
10438;Vitry-le-Croisé;1;39.53928058910053
10438;Vitry-le-Croisé;2;5.26282338673928
10438;Vitry-le-Croisé;3;4.86438618046297
10438;Vitry-le-Croisé;4;14.98375480754087
10438;Vitry-le-Croisé;5;28.45731063200053
10438;Vitry-le-Croisé;6;19.65284285492784
10439;Viviers-sur-Artaut;1;15.25000000000003
10439;Viviers-sur-Artaut;3;10.16666666666666
10439;Viviers-sur-Artaut;4;5.08333333333333
10439;Viviers-sur-Artaut;5;5.08333333333333
10439;Viviers-sur-Artaut;6;15.249999999999991
10440;Voigny;1;20.2857142857143
10440;Voigny;2;5.07142857142857
10440;Voigny;4;10.14285714285714
10440;Voigny;5;5.07142857142857
10440;Voigny;6;20.28571428571428
10441;Vosnon;1;10.27347854232689
10441;Vosnon;2;15.008790538707899
10441;Vosnon;3;5.12102982640928
10441;Vosnon;4;10.24205965281856
10441;Vosnon;5;17.06561449237521
10441;Vosnon;6;15.90609452009952
10442;Voué;1;19.3971751752459
10442;Voué;2;14.457478250175601
10442;Voué;3;14.63791229066728
10442;Voué;4;68.49243768563174
10442;Voué;5;97.46876132826432
10442;Voué;6;78.01241567336766
10443;Vougrey;4;4.2
10443;Vougrey;5;4.2
10443;Vougrey;6;21.0
10444;Vulaines;1;5.11363636363636
10444;Vulaines;4;25.5681818181818
10444;Vulaines;5;56.2499999999999
10444;Vulaines;6;25.56818181818182
10445;Yèvres-le-Petit;1;5.57894736842106
10445;Yèvres-le-Petit;3;5.57894736842106
10445;Yèvres-le-Petit;4;5.57894736842106
10445;Yèvres-le-Petit;5;5.57894736842106
10445;Yèvres-le-Petit;6;5.57894736842106
51001;Ablancourt;2;5.0
51001;Ablancourt;3;10.0
51001;Ablancourt;4;10.0
51001;Ablancourt;5;20.0
51001;Ablancourt;6;20.0
51002;Saint-Martin-d'Ablois;1;67.6574460272692
51002;Saint-Martin-d'Ablois;2;44.52699012250533
51002;Saint-Martin-d'Ablois;3;39.168781148165976
51002;Saint-Martin-d'Ablois;4;130.30886495308704
51002;Saint-Martin-d'Ablois;5;127.7366007725684
51002;Saint-Martin-d'Ablois;6;173.09830935227333
51003;Aigny;4;42.53307620643645
51003;Aigny;5;42.817692772730894
51003;Aigny;6;42.671686259643
51004;Allemanche-Launay-et-Soyer;1;4.64
51004;Allemanche-Launay-et-Soyer;2;4.64
51004;Allemanche-Launay-et-Soyer;3;4.64
51004;Allemanche-Launay-et-Soyer;4;4.64
51004;Allemanche-Launay-et-Soyer;5;13.919999999999998
51004;Allemanche-Launay-et-Soyer;6;13.919999999999998
51005;Allemant;1;5.17647058823529
51005;Allemant;2;5.17647058823529
51005;Allemant;3;10.35294117647058
51005;Allemant;4;10.35294117647058
51005;Allemant;5;20.705882352941188
51005;Allemant;6;36.23529411764705
51006;Alliancelles;2;9.375
51006;Alliancelles;3;4.6875
51006;Alliancelles;4;14.0625
51006;Alliancelles;5;9.375
51006;Alliancelles;6;18.75
51007;Ambonnay;1;66.24114719554748
51007;Ambonnay;2;30.594148359070267
51007;Ambonnay;3;61.16698689205536
51007;Ambonnay;4;112.12592512737928
51007;Ambonnay;5;45.8762967534039
51007;Ambonnay;6;142.6136134016105
51008;Ambrières;2;14.0067618054301
51008;Ambrières;3;14.194890304409231
51008;Ambrières;4;18.770062517828062
51008;Ambrières;5;28.01162844427003
51008;Ambrières;6;18.77006251782806
51009;Anglure;1;5.16962857200371
51009;Anglure;2;4.92861185933462
51009;Anglure;3;4.81235055650184
51009;Anglure;4;79.11004146278005
51009;Anglure;5;104.20464943914477
51009;Anglure;6;85.1357693216621
51010;Angluzelles-et-Courcelles;2;11.03925100225916
51010;Angluzelles-et-Courcelles;3;5.51962550112958
51010;Angluzelles-et-Courcelles;4;5.51962550112958
51010;Angluzelles-et-Courcelles;5;11.03925100225916
51010;Angluzelles-et-Courcelles;6;27.598127505647938
51012;Anthenay;1;10.1428571428571
51012;Anthenay;2;5.07142857142857
51012;Anthenay;3;10.14285714285714
51012;Anthenay;4;5.07142857142857
51012;Anthenay;6;5.07142857142857
51013;Aougny;1;10.0
51013;Aougny;3;5.0
51013;Aougny;4;15.0
51013;Aougny;5;20.0
51013;Aougny;6;15.0
51014;Arcis-le-Ponsart;1;4.76723687278072
51014;Arcis-le-Ponsart;2;25.75864848647013
51014;Arcis-le-Ponsart;3;14.937293295217739
51014;Arcis-le-Ponsart;4;69.13913369691335
51014;Arcis-le-Ponsart;5;5.08502821121851
51014;Arcis-le-Ponsart;6;4.76723687278072
51015;Argers;2;18.16666666666667
51015;Argers;4;13.625000000000009
51015;Argers;5;13.625000000000009
51015;Argers;6;4.54166666666667
51016;Arrigny;1;5.05285845152311
51016;Arrigny;2;9.8671523639551
51016;Arrigny;3;19.9721568622307
51016;Arrigny;4;9.8671523639551
51016;Arrigny;5;29.690471955769528
51016;Arrigny;6;14.859836439245269
51017;Arzillières-Neuville;1;5.24276382250982
51017;Arzillières-Neuville;2;5.24276382250982
51017;Arzillières-Neuville;3;10.54896249202511
51017;Arzillières-Neuville;4;41.50713064135711
51017;Arzillières-Neuville;5;41.505622998311125
51017;Arzillières-Neuville;6;51.55689301182807
51018;Athis;1;15.30265668268251
51018;Athis;2;15.37771071395208
51018;Athis;3;40.98205015600553
51018;Athis;4;117.60812004288479
51018;Athis;5;92.00343734431765
51018;Athis;6;127.7788009385739
51019;Aubérive;1;16.2127659574468
51019;Aubérive;2;5.40425531914894
51019;Aubérive;3;10.80851063829788
51019;Aubérive;4;27.02127659574472
51019;Aubérive;5;32.42553191489366
51019;Aubérive;6;32.42553191489364
51020;Aubilly;3;4.0
51020;Aubilly;4;4.0
51020;Aubilly;5;4.0
51020;Aubilly;6;4.0
51022;Aulnay-l'Aître;1;5.75
51022;Aulnay-l'Aître;2;11.5
51022;Aulnay-l'Aître;3;5.75
51022;Aulnay-l'Aître;4;28.75
51022;Aulnay-l'Aître;5;28.75
51022;Aulnay-l'Aître;6;23.0
51023;Aulnay-sur-Marne;2;4.87913423263538
51023;Aulnay-sur-Marne;3;5.23478273171264
51023;Aulnay-sur-Marne;4;47.95396074228067
51023;Aulnay-sur-Marne;5;20.96505475859303
51023;Aulnay-sur-Marne;6;31.12905813436995
51025;Auménancourt;2;38.63293084706698
51025;Auménancourt;3;82.30577844546472
51025;Auménancourt;4;161.7730344967189
51025;Auménancourt;5;139.32882364679682
51025;Auménancourt;6;117.77306743370178
51027;Auve;1;20.2234289389971
51027;Auve;2;4.98615595008896
51027;Auve;4;40.28353107496086
51027;Auve;5;45.3628016993233
51027;Auve;6;28.522255536236102
51028;Avenay-Val-d'Or;1;36.1530459857464
51028;Avenay-Val-d'Or;2;52.304825627158124
51028;Avenay-Val-d'Or;3;31.398482015536622
51028;Avenay-Val-d'Or;4;95.35942109766044
51028;Avenay-Val-d'Or;5;78.68653464111664
51028;Avenay-Val-d'Or;6;136.49718794563046
51029;Avize;1;85.47761724572521
51029;Avize;2;51.11624090355424
51029;Avize;3;90.60170479381321
51029;Avize;4;211.02764618919065
51029;Avize;5;131.3531717576624
51029;Avize;6;230.81728438642045
51030;Aÿ-Champagne;1;73.86706597708265
51030;Aÿ-Champagne;2;92.15889001063968
51030;Aÿ-Champagne;3;139.5986142022942
51030;Aÿ-Champagne;4;477.2697028412486
51030;Aÿ-Champagne;5;635.6264544721516
51030;Aÿ-Champagne;6;702.8327925039893
51031;Baconnes;1;9.71441011241029
51031;Baconnes;2;9.08266706075663
51031;Baconnes;3;29.271841359203982
51031;Baconnes;4;47.58736425483449
51031;Baconnes;5;28.64566400887368
51031;Baconnes;6;19.26296478203486
51032;Bagneux;1;5.13807447998168
51032;Bagneux;2;9.60028243163412
51032;Bagneux;3;24.71386907365796
51032;Bagneux;4;34.79019279849224
51032;Bagneux;5;59.899862995263035
51032;Bagneux;6;55.14453541693554
51033;Le Baizil;1;8.06120334186724
51033;Le Baizil;2;4.20767941797251
51033;Le Baizil;3;4.39253677983231
51033;Le Baizil;4;13.08418818958409
51033;Le Baizil;5;50.70618507611376
51033;Le Baizil;6;63.148339844103305
51034;Bannay;6;7.33333333333333
51035;Bannes;1;13.7577575095053
51035;Bannes;4;13.53313093328499
51035;Bannes;5;18.89780770317971
51035;Bannes;6;49.53886014117128
51036;Barbonne-Fayel;1;45.45762956072352
51036;Barbonne-Fayel;2;10.32394465198629
51036;Barbonne-Fayel;3;25.245691951505812
51036;Barbonne-Fayel;4;60.72848391749409
51036;Barbonne-Fayel;5;20.38570290253861
51036;Barbonne-Fayel;6;65.15252127170646
51037;Baslieux-lès-Fismes;2;23.694511680028448
51037;Baslieux-lès-Fismes;3;19.9008194213271
51037;Baslieux-lès-Fismes;4;48.61630610664963
51037;Baslieux-lès-Fismes;5;38.66699108509723
51037;Baslieux-lès-Fismes;6;21.52556346776795
51038;Baslieux-sous-Châtillon;1;24.72222222222218
51038;Baslieux-sous-Châtillon;2;9.88888888888888
51038;Baslieux-sous-Châtillon;3;4.94444444444444
51038;Baslieux-sous-Châtillon;4;9.88888888888888
51038;Baslieux-sous-Châtillon;5;9.88888888888888
51038;Baslieux-sous-Châtillon;6;29.66666666666664
51039;Bassu;1;5.47058823529412
51039;Bassu;4;16.411764705882362
51039;Bassu;5;5.47058823529412
51039;Bassu;6;10.94117647058824
51040;Bassuet;1;9.75285006845186
51040;Bassuet;2;4.87642503422593
51040;Bassuet;3;4.75209863907488
51040;Bassuet;4;14.259465668102141
51040;Bassuet;5;13.656690569493971
51040;Bassuet;6;43.16097048503345
51041;Baudement;1;10.4210526315789
51041;Baudement;2;5.21052631578947
51041;Baudement;3;5.21052631578947
51041;Baudement;4;10.42105263157894
51041;Baudement;5;5.21052631578947
51041;Baudement;6;15.63157894736841
51042;Baye;1;37.11000941334026
51042;Baye;2;15.63149295536456
51042;Baye;4;21.25799591473574
51042;Baye;5;47.4262174422779
51042;Baye;6;26.41757089878001
51043;Bazancourt;1;10.60406649678352
51043;Bazancourt;2;63.91656485283278
51043;Bazancourt;3;110.74955758990704
51043;Bazancourt;4;231.72853371635915
51043;Bazancourt;5;372.24364431515346
51043;Bazancourt;6;304.1249439599217
51044;Beaumont-sur-Vesle;1;15.52705744679987
51044;Beaumont-sur-Vesle;2;5.02726107490943
51044;Beaumont-sur-Vesle;3;50.79047787782733
51044;Beaumont-sur-Vesle;4;66.54398282773649
51044;Beaumont-sur-Vesle;5;102.26603439858985
51044;Beaumont-sur-Vesle;6;132.26669253895426
51045;Beaunay;1;11.44444444444444
51045;Beaunay;3;5.72222222222222
51045;Beaunay;4;5.72222222222222
51045;Beaunay;6;28.61111111111114
51046;Beine-Nauroy;1;24.38285114582
51046;Beine-Nauroy;2;34.40460307158793
51046;Beine-Nauroy;3;127.81272702208997
51046;Beine-Nauroy;4;122.41055406985596
51046;Beine-Nauroy;5;83.44537913510946
51046;Beine-Nauroy;6;63.29665978593104
51047;Belval-en-Argonne;1;5.5
51047;Belval-en-Argonne;6;5.5
51048;Belval-sous-Châtillon;1;15.84375
51048;Belval-sous-Châtillon;2;5.28125
51048;Belval-sous-Châtillon;3;10.5625
51048;Belval-sous-Châtillon;4;5.28125
51048;Belval-sous-Châtillon;5;10.5625
51048;Belval-sous-Châtillon;6;21.125
51049;Bergères-lès-Vertus;1;70.6421723169404
51049;Bergères-lès-Vertus;2;14.6410565202704
51049;Bergères-lès-Vertus;3;24.510956626181382
51049;Bergères-lès-Vertus;4;54.65740817722532
51049;Bergères-lès-Vertus;5;44.2955608543258
51049;Bergères-lès-Vertus;6;104.2321888205613
51050;Bergères-sous-Montmirail;1;4.48387096774194
51050;Bergères-sous-Montmirail;2;4.48387096774194
51050;Bergères-sous-Montmirail;4;13.451612903225822
51050;Bergères-sous-Montmirail;5;13.4516129032258
51050;Bergères-sous-Montmirail;6;8.96774193548388
51051;Berméricourt;1;15.612244897959162
51051;Berméricourt;2;15.612244897959162
51051;Berméricourt;3;15.61224489795918
51051;Berméricourt;4;46.83673469387758
51051;Berméricourt;5;10.40816326530612
51051;Berméricourt;6;26.02040816326528
51052;Berru;1;23.03670780408573
51052;Berru;2;18.93996264895597
51052;Berru;3;43.21231302111831
51052;Berru;4;114.12095994060418
51052;Berru;5;47.1557389150938
51052;Berru;6;37.41004373277389
51053;Berzieux;1;9.125
51053;Berzieux;4;9.125
51053;Berzieux;6;9.125
51054;Bétheniville;1;4.86261122421758
51054;Bétheniville;2;8.56572478764302
51054;Bétheniville;3;61.80457606950751
51054;Bétheniville;4;176.65970164165944
51054;Bétheniville;5;173.29388240890137
51054;Bétheniville;6;189.1859470138933
51055;Bétheny;1;19.6491635618318
51055;Bétheny;2;160.58231098476622
51055;Bétheny;3;504.82955625230863
51055;Bétheny;4;833.5929296900928
51055;Bétheny;5;871.3429639556678
51055;Bétheny;6;479.66703446434644
51056;Bethon;1;23.84801057493786
51056;Bethon;2;14.73824827001271
51056;Bethon;3;10.3720157150971
51056;Bethon;4;23.86781414573491
51056;Bethon;5;29.83266266137385
51056;Bethon;6;24.835967152846578
51057;Bettancourt-la-Longue;2;5.0
51057;Bettancourt-la-Longue;4;10.0
51057;Bettancourt-la-Longue;6;15.0
51058;Bezannes;1;28.34162428713314
51058;Bezannes;2;152.32476285939435
51058;Bezannes;3;573.003788220407
51058;Bezannes;4;581.3450308261745
51058;Bezannes;5;498.0925057737877
51058;Bezannes;6;259.62205151642803
51059;Bignicourt-sur-Marne;1;5.09148072114924
51059;Bignicourt-sur-Marne;2;10.1829614422985
51059;Bignicourt-sur-Marne;3;10.17152362213894
51059;Bignicourt-sur-Marne;4;30.583326607782723
51059;Bignicourt-sur-Marne;5;25.468944493829078
51059;Bignicourt-sur-Marne;6;30.58332660778272
51060;Bignicourt-sur-Saulx;3;10.258064516129
51060;Bignicourt-sur-Saulx;4;10.258064516129
51060;Bignicourt-sur-Saulx;5;20.51612903225808
51060;Bignicourt-sur-Saulx;6;30.77419354838708
51061;Billy-le-Grand;1;16.6451612903226
51061;Billy-le-Grand;3;12.48387096774195
51061;Billy-le-Grand;4;12.48387096774195
51061;Billy-le-Grand;5;16.6451612903226
51061;Billy-le-Grand;6;16.6451612903226
51062;Binarville;2;5.05555555555556
51062;Binarville;4;5.05555555555556
51062;Binarville;6;25.27777777777782
51065;Blacy;1;9.80713868649541
51065;Blacy;2;5.29440714239543
51065;Blacy;3;35.04031104012853
51065;Blacy;4;81.5501806845059
51065;Blacy;5;65.37053200713319
51065;Blacy;6;80.15185871332784
51066;Blaise-sous-Arzillières;2;4.85962706134071
51066;Blaise-sous-Arzillières;4;19.36944217932663
51066;Blaise-sous-Arzillières;5;33.878216753298844
51066;Blaise-sous-Arzillières;6;81.65146780434267
51068;Blesme;2;4.54545454545455
51068;Blesme;4;22.72727272727275
51068;Blesme;5;27.272727272727252
51068;Blesme;6;40.90909090909095
51069;Bligny;1;3.86666666666667
51069;Bligny;4;7.73333333333334
51069;Bligny;5;19.33333333333335
51069;Bligny;6;30.93333333333338
51070;Boissy-le-Repos;1;4.53760962766728
51070;Boissy-le-Repos;2;9.24292649867687
51070;Boissy-le-Repos;4;18.280119907093372
51070;Boissy-le-Repos;5;22.873782516241242
51070;Boissy-le-Repos;6;22.94839579322581
51071;Bouchy-Saint-Genest;2;16.18421052631578
51071;Bouchy-Saint-Genest;3;21.57894736842102
51071;Bouchy-Saint-Genest;4;26.97368421052632
51071;Bouchy-Saint-Genest;5;43.15789473684204
51071;Bouchy-Saint-Genest;6;16.18421052631578
51072;Bouilly;1;5.45238095238095
51072;Bouilly;2;21.8095238095238
51072;Bouilly;3;16.35714285714285
51072;Bouilly;4;32.71428571428575
51072;Bouilly;5;38.16666666666664
51072;Bouilly;6;10.9047619047619
51073;Bouleuse;1;9.22448979591836
51073;Bouleuse;2;4.61224489795918
51073;Bouleuse;3;13.836734693877542
51073;Bouleuse;4;36.89795918367344
51073;Bouleuse;5;41.51020408163262
51073;Bouleuse;6;13.836734693877542
51074;Boult-sur-Suippe;1;14.5213132616536
51074;Boult-sur-Suippe;2;24.72450775471565
51074;Boult-sur-Suippe;3;128.90490543015375
51074;Boult-sur-Suippe;4;381.64625674194355
51074;Boult-sur-Suippe;5;233.49469302475882
51074;Boult-sur-Suippe;6;144.093794335355
51075;Bourgogne-Fresne;1;20.4088454769488
51075;Bourgogne-Fresne;2;46.25599367676965
51075;Bourgogne-Fresne;3;102.5336258092701
51075;Bourgogne-Fresne;4;214.6893081260076
51075;Bourgogne-Fresne;5;169.33137941211982
51075;Bourgogne-Fresne;6;87.29681589968294
51076;Boursault;1;26.125460740125803
51076;Boursault;2;21.06880189557448
51076;Boursault;3;54.48245786738268
51076;Boursault;4;35.6639978308884
51076;Boursault;5;35.96722417125537
51076;Boursault;6;32.13430845893882
51077;Bouvancourt;1;5.64516129032258
51077;Bouvancourt;2;11.29032258064516
51077;Bouvancourt;3;22.58064516129036
51077;Bouvancourt;4;39.5161290322581
51077;Bouvancourt;5;11.29032258064516
51078;Bouy;2;4.87226350862631
51078;Bouy;3;47.38470255445975
51078;Bouy;4;86.47661191592742
51078;Bouy;5;60.15092865653543
51078;Bouy;6;23.99218965210045
51079;Bouzy;1;55.06237316278551
51079;Bouzy;2;43.93133899246346
51079;Bouzy;3;65.42068343084291
51079;Bouzy;4;65.39808248790206
51079;Bouzy;5;78.35856084506607
51079;Bouzy;6;97.09425338549403
51080;Brandonvillers;2;10.21052631578948
51080;Brandonvillers;3;5.10526315789474
51080;Brandonvillers;4;30.63157894736844
51080;Brandonvillers;5;15.315789473684239
51080;Brandonvillers;6;10.21052631578948
51081;Branscourt;2;9.06108761126387
51081;Branscourt;3;45.06996267533319
51081;Branscourt;4;57.410192007526035
51081;Branscourt;5;22.59214631119346
51081;Branscourt;6;5.35032923586419
51082;Braux-Sainte-Cohière;2;8.95238095238096
51082;Braux-Sainte-Cohière;3;4.47619047619048
51082;Braux-Sainte-Cohière;4;17.90476190476188
51082;Braux-Sainte-Cohière;5;8.95238095238096
51082;Braux-Sainte-Cohière;6;17.90476190476192
51083;Braux-Saint-Remy;2;10.8
51083;Braux-Saint-Remy;4;10.8
51083;Braux-Saint-Remy;5;5.4
51083;Braux-Saint-Remy;6;10.8
51084;Bréban;1;5.85714285714286
51084;Bréban;4;23.42857142857142
51085;Le Breuil;1;56.4067962835952
51085;Le Breuil;2;15.44795989413895
51085;Le Breuil;3;20.117041023177983
51085;Le Breuil;4;35.25439985876248
51085;Le Breuil;5;30.17771659183702
51085;Le Breuil;6;55.47714365633992
51086;Breuil-sur-Vesle;2;5.05104140929951
51086;Breuil-sur-Vesle;3;19.76731927796649
51086;Breuil-sur-Vesle;4;59.69747087783732
51086;Breuil-sur-Vesle;5;35.20941682188912
51086;Breuil-sur-Vesle;6;34.908631947679474
51087;Breuvery-sur-Coole;1;10.4390243902439
51087;Breuvery-sur-Coole;2;5.21951219512195
51087;Breuvery-sur-Coole;3;5.21951219512195
51087;Breuvery-sur-Coole;4;31.3170731707317
51087;Breuvery-sur-Coole;5;5.21951219512195
51087;Breuvery-sur-Coole;6;31.3170731707317
51088;Brimont;2;34.64241310616844
51088;Brimont;3;35.22714753125824
51088;Brimont;4;53.68258560116501
51088;Brimont;5;48.619872075662
51088;Brimont;6;35.49084505615118
51089;Brouillet;1;12.0
51089;Brouillet;3;12.0
51089;Brouillet;4;4.0
51089;Brouillet;5;8.0
51089;Brouillet;6;8.0
51090;Broussy-le-Grand;1;10.2619932359239
51090;Broussy-le-Grand;3;4.99290825263093
51090;Broussy-le-Grand;4;24.79142177445722
51090;Broussy-le-Grand;5;24.87959826449234
51090;Broussy-le-Grand;6;59.9231624613312
51091;Broussy-le-Petit;1;9.57142857142858
51091;Broussy-le-Petit;2;4.78571428571429
51091;Broussy-le-Petit;3;4.78571428571429
51091;Broussy-le-Petit;4;4.78571428571429
51091;Broussy-le-Petit;5;19.14285714285716
51091;Broussy-le-Petit;6;14.35714285714287
51092;Broyes;1;15.651467790118929
51092;Broyes;2;15.6518289755251
51092;Broyes;4;31.52161494004418
51092;Broyes;5;15.738648171505972
51092;Broyes;6;36.82740808936211
51093;Brugny-Vaudancourt;1;46.9362469636876
51093;Brugny-Vaudancourt;2;10.47165235258267
51093;Brugny-Vaudancourt;3;40.99047116170401
51093;Brugny-Vaudancourt;4;46.412068789246
51093;Brugny-Vaudancourt;5;41.52082579481434
51093;Brugny-Vaudancourt;6;41.6975411439038
51094;Brusson;4;10.51428571428572
51094;Brusson;5;42.05714285714288
51094;Brusson;6;42.0571428571429
51095;Le Buisson;3;15.35294117647059
51095;Le Buisson;4;15.35294117647063
51095;Le Buisson;5;10.23529411764706
51095;Le Buisson;6;5.11764705882353
51097;Bussy-le-Château;1;16.2727272727273
51097;Bussy-le-Château;3;5.42424242424242
51097;Bussy-le-Château;4;37.96969696969698
51097;Bussy-le-Château;5;10.84848484848484
51097;Bussy-le-Château;6;16.27272727272722
51098;Bussy-le-Repos;1;21.76
51098;Bussy-le-Repos;2;5.44
51098;Bussy-le-Repos;3;5.44
51098;Bussy-le-Repos;4;5.44
51098;Bussy-le-Repos;6;16.32
51099;Bussy-Lettrée;3;13.5306452610045
51099;Bussy-Lettrée;4;55.54446648630279
51099;Bussy-Lettrée;5;57.428167761937885
51099;Bussy-Lettrée;6;57.44855013762998
51100;La Caure;1;4.90476190476191
51100;La Caure;4;19.61904761904764
51100;La Caure;5;9.80952380952382
51100;La Caure;6;4.90476190476191
51101;Caurel;1;10.2113464803972
51101;Caurel;2;25.37114308815736
51101;Caurel;3;106.5719200140498
51101;Caurel;4;91.35979676008677
51101;Caurel;5;55.86490070925259
51101;Caurel;6;55.76030582975097
51102;Cauroy-lès-Hermonville;1;16.49835485811391
51102;Cauroy-lès-Hermonville;2;20.82071494950737
51102;Cauroy-lès-Hermonville;3;62.570294342309204
51102;Cauroy-lès-Hermonville;4;43.32696600467906
51102;Cauroy-lès-Hermonville;5;82.39953910928783
51102;Cauroy-lès-Hermonville;6;31.72799284666814
51103;La Celle-sous-Chantemerle;1;5.11111111111111
51103;La Celle-sous-Chantemerle;4;5.11111111111111
51103;La Celle-sous-Chantemerle;5;30.66666666666664
51103;La Celle-sous-Chantemerle;6;20.44444444444444
51104;Cernay-en-Dormois;2;10.3076923076923
51104;Cernay-en-Dormois;3;5.15384615384615
51104;Cernay-en-Dormois;4;15.46153846153845
51104;Cernay-en-Dormois;5;10.3076923076923
51104;Cernay-en-Dormois;6;5.15384615384615
51105;Cernay-lès-Reims;1;37.31898486107148
51105;Cernay-lès-Reims;2;84.27497635293787
51105;Cernay-lès-Reims;3;247.503195058084
51105;Cernay-lès-Reims;4;191.23441476844854
51105;Cernay-lès-Reims;5;70.27474317538197
51105;Cernay-lès-Reims;6;42.412430325863866
51106;Cernon;1;11.54545454545454
51106;Cernon;2;5.77272727272727
51106;Cernon;3;11.54545454545454
51106;Cernon;4;11.54545454545454
51106;Cernon;5;17.31818181818181
51106;Cernon;6;17.31818181818181
51107;Chaintrix-Bierges;1;4.76883041328059
51107;Chaintrix-Bierges;2;15.01373396011544
51107;Chaintrix-Bierges;3;10.48817461739538
51107;Chaintrix-Bierges;4;60.81970275953576
51107;Chaintrix-Bierges;5;30.270738990791457
51107;Chaintrix-Bierges;6;25.50190857751084
51108;Châlons-en-Champagne;1;89.3875573652302
51108;Châlons-en-Champagne;2;845.1711212331916
51108;Châlons-en-Champagne;3;2337.215133923147
51108;Châlons-en-Champagne;4;4023.818333223284
51108;Châlons-en-Champagne;5;5340.825333325282
51108;Châlons-en-Champagne;6;4143.740978065692
51109;Châlons-sur-Vesle;2;14.487804878048792
51109;Châlons-sur-Vesle;3;24.14634146341465
51109;Châlons-sur-Vesle;4;14.487804878048792
51109;Châlons-sur-Vesle;5;4.82926829268293
51109;Châlons-sur-Vesle;6;4.82926829268293
51110;Chaltrait;4;5.8
51110;Chaltrait;5;11.6
51110;Chaltrait;6;17.4
51111;Chambrecy;2;10.20689655172414
51111;Chambrecy;3;15.31034482758621
51111;Chambrecy;4;15.31034482758617
51111;Chambrecy;5;25.51724137931027
51111;Chambrecy;6;5.10344827586207
51112;Chamery;1;58.6410781756646
51112;Chamery;2;15.09516749241735
51112;Chamery;3;52.69426769223028
51112;Chamery;4;82.15521159442423
51112;Chamery;5;14.32421645087604
51112;Chamery;6;28.42378240267593
51113;Champaubert;1;15.91304347826086
51113;Champaubert;4;5.30434782608696
51113;Champaubert;5;10.60869565217392
51113;Champaubert;6;21.21739130434784
51115;Champfleury;2;21.77390752489054
51115;Champfleury;3;48.98278504687579
51115;Champfleury;4;81.38469718498621
51115;Champfleury;5;27.10525358519786
51115;Champfleury;6;32.505317479795295
51116;Champguyon;1;9.78151026336154
51116;Champguyon;2;9.87936454115547
51116;Champguyon;4;34.2119133485403
51116;Champguyon;5;24.62563430582071
51116;Champguyon;6;39.13192474680721
51117;Champigneul-Champagne;1;10.4249324606215
51117;Champigneul-Champagne;2;15.59190596198695
51117;Champigneul-Champagne;3;25.927448139947902
51117;Champigneul-Champagne;4;51.89879383361106
51117;Champigneul-Champagne;5;15.501317550004241
51117;Champigneul-Champagne;6;36.07902018939125
51118;Champigny;2;66.0659277551384
51118;Champigny;3;203.0174298471478
51118;Champigny;4;213.0339886284567
51118;Champigny;5;142.22047249732603
51118;Champigny;6;96.91315260134785
51119;Champillon;1;25.28051469717823
51119;Champillon;2;35.293913186101626
51119;Champillon;3;15.18571729562885
51119;Champillon;4;55.9902017342858
51119;Champillon;5;40.8059250023155
51119;Champillon;6;66.09064300418348
51120;Champlat-et-Boujacourt;1;14.900000000000011
51120;Champlat-et-Boujacourt;2;19.86666666666668
51120;Champlat-et-Boujacourt;4;34.76666666666668
51120;Champlat-et-Boujacourt;6;29.79999999999997
51121;Champvoisy;1;9.93925358406021
51121;Champvoisy;2;14.899355558699291
51121;Champvoisy;3;9.901227196106031
51121;Champvoisy;5;49.41176043515178
51121;Champvoisy;6;49.24118718608736
51122;Changy;1;10.63636363636364
51122;Changy;2;5.31818181818182
51122;Changy;4;10.63636363636364
51122;Changy;5;5.31818181818182
51122;Changy;6;21.27272727272728
51124;Chantemerle;1;5.44444444444444
51124;Chantemerle;4;5.44444444444444
51124;Chantemerle;6;5.44444444444444
51125;Chapelaine;4;4.5
51125;Chapelaine;5;4.5
51125;Chapelaine;6;13.5
51126;La Chapelle-Felcourt;1;7.5
51126;La Chapelle-Felcourt;4;7.5
51126;La Chapelle-Felcourt;5;7.5
51126;La Chapelle-Felcourt;6;7.5
51127;La Chapelle-Lasson;2;10.75
51127;La Chapelle-Lasson;3;5.375
51127;La Chapelle-Lasson;4;5.375
51127;La Chapelle-Lasson;6;5.375
51128;La Chapelle-sous-Orbais;1;4.15384615384615
51128;La Chapelle-sous-Orbais;2;4.15384615384615
51128;La Chapelle-sous-Orbais;3;4.15384615384615
51128;La Chapelle-sous-Orbais;4;8.3076923076923
51128;La Chapelle-sous-Orbais;6;8.3076923076923
51129;Charleville;2;9.60798095882033
51129;Charleville;3;4.85107135686119
51129;Charleville;4;28.68246953359148
51129;Charleville;5;29.01413029305084
51129;Charleville;6;33.62769814520205
51130;Charmont;1;5.50881811273998
51130;Charmont;2;4.95683401449088
51130;Charmont;3;10.73436085975421
51130;Charmont;4;10.465652127230861
51130;Charmont;5;22.96271244233237
51130;Charmont;6;44.44600079504327
51132;Les Charmontois;1;5.00006830243115
51132;Les Charmontois;2;10.0001366048623
51132;Les Charmontois;4;10.0001366048623
51132;Les Charmontois;5;5.00006830243115
51132;Les Charmontois;6;5.00006830243115
51133;Le Châtelier;1;5.72727272727273
51133;Le Châtelier;2;5.72727272727273
51133;Le Châtelier;4;11.45454545454546
51133;Le Châtelier;6;17.18181818181823
51134;Châtelraould-Saint-Louvent;1;10.5758494370455
51134;Châtelraould-Saint-Louvent;3;19.41846036580656
51134;Châtelraould-Saint-Louvent;4;14.35867232163293
51134;Châtelraould-Saint-Louvent;5;52.36109031395899
51134;Châtelraould-Saint-Louvent;6;47.80460062831075
51135;Châtillon-sur-Broué;1;8.52631578947368
51135;Châtillon-sur-Broué;4;8.52631578947368
51135;Châtillon-sur-Broué;6;8.52631578947368
51136;Châtillon-sur-Marne;1;47.020874586889704
51136;Châtillon-sur-Marne;2;28.99048860626311
51136;Châtillon-sur-Marne;3;15.004324812321649
51136;Châtillon-sur-Marne;4;65.20436914169642
51136;Châtillon-sur-Marne;5;42.97555164207966
51136;Châtillon-sur-Marne;6;37.410236659586204
51137;Châtillon-sur-Morin;1;25.97560975609751
51137;Châtillon-sur-Morin;2;15.58536585365853
51137;Châtillon-sur-Morin;4;10.390243902439
51137;Châtillon-sur-Morin;5;31.17073170731704
51137;Châtillon-sur-Morin;6;20.78048780487802
51138;Châtrices;3;10.28571428571428
51139;Chaudefontaine;1;11.24765352026458
51139;Chaudefontaine;2;4.87287597426664
51139;Chaudefontaine;3;9.40876133409696
51139;Chaudefontaine;4;25.8662814430645
51139;Chaudefontaine;5;27.03505073293473
51139;Chaudefontaine;6;30.431061631150442
51140;Chaumuzy;1;19.569876110128853
51140;Chaumuzy;2;11.7724486732884
51140;Chaumuzy;3;31.93740023436997
51140;Chaumuzy;4;48.33424703104883
51140;Chaumuzy;5;38.8070885387764
51140;Chaumuzy;6;20.608339119851593
51141;La Chaussée-sur-Marne;1;9.84625286024742
51141;La Chaussée-sur-Marne;2;19.538409184519722
51141;La Chaussée-sur-Marne;3;24.46180380944318
51141;La Chaussée-sur-Marne;4;68.77074978907984
51141;La Chaussée-sur-Marne;5;107.92624823390108
51141;La Chaussée-sur-Marne;6;88.13190288106779
51142;Chavot-Courcourt;1;9.9305863866521
51142;Chavot-Courcourt;2;24.4822459381377
51142;Chavot-Courcourt;3;14.63342473743446
51142;Chavot-Courcourt;4;29.442887380569523
51142;Chavot-Courcourt;5;9.9305863866521
51142;Chavot-Courcourt;6;29.17884459437903
51143;Le Chemin;4;5.45454545454546
51143;Le Chemin;5;10.90909090909092
51143;Le Chemin;6;10.90909090909092
51144;Cheminon;1;4.94389632870439
51144;Cheminon;2;24.471582461482992
51144;Cheminon;3;4.81301585566983
51144;Cheminon;4;67.15501997737267
51144;Cheminon;5;77.83530776449803
51144;Cheminon;6;48.16463069866428
51145;Chenay;2;15.26869873776465
51145;Chenay;3;40.743800621634556
51145;Chenay;4;15.273241930968869
51145;Chenay;5;5.09183801150175
51145;Chenay;6;15.26869772389611
51146;Cheniers;1;4.10714285714286
51146;Cheniers;2;4.10714285714286
51146;Cheniers;3;4.10714285714286
51146;Cheniers;4;20.535714285714302
51146;Cheniers;5;8.21428571428572
51146;Cheniers;6;8.21428571428572
51147;La Cheppe;1;9.64038391233404
51147;La Cheppe;3;9.82578356266143
51147;La Cheppe;4;49.13588285463553
51147;La Cheppe;5;48.85684271423346
51147;La Cheppe;6;29.387275405548042
51148;Cheppes-la-Prairie;1;26.66666666666663
51148;Cheppes-la-Prairie;4;5.33333333333333
51148;Cheppes-la-Prairie;5;26.66666666666673
51148;Cheppes-la-Prairie;6;21.33333333333336
51149;Chepy;1;5.05593614473091
51149;Chepy;3;44.98151599095423
51149;Chepy;4;49.43806249143138
51149;Chepy;5;59.91661657595614
51149;Chepy;6;25.902094588609593
51150;Cherville;2;8.3
51150;Cherville;3;8.3
51150;Cherville;4;4.15
51150;Cherville;5;12.450000000000001
51150;Cherville;6;12.450000000000001
51151;Chichey;2;21.375
51151;Chichey;5;26.71875
51151;Chichey;6;16.03125
51152;Chigny-les-Roses;1;47.15937246719755
51152;Chigny-les-Roses;2;5.34505836244541
51152;Chigny-les-Roses;3;36.10723597207596
51152;Chigny-les-Roses;4;73.0509934396047
51152;Chigny-les-Roses;5;52.137088538926264
51152;Chigny-les-Roses;6;83.01447154911236
51153;Chouilly;1;63.5942269189953
51153;Chouilly;2;29.28855617618295
51153;Chouilly;3;68.27674945137507
51153;Chouilly;4;136.55338145833653
51153;Chouilly;5;92.62037216656762
51153;Chouilly;6;165.79560082306205
51154;Clamanges;1;13.2
51154;Clamanges;2;4.4
51154;Clamanges;3;13.200000000000001
51154;Clamanges;4;4.4
51154;Clamanges;5;26.400000000000002
51154;Clamanges;6;44.0
51155;Clesles;1;10.42688069024992
51155;Clesles;2;15.715301047693991
51155;Clesles;3;15.94296838787253
51155;Clesles;4;57.4272158417515
51155;Clesles;5;88.33232512079258
51155;Clesles;6;83.26613312018038
51156;Cloyes-sur-Marne;1;9.46153846153846
51156;Cloyes-sur-Marne;4;23.65384615384616
51156;Cloyes-sur-Marne;5;9.46153846153846
51156;Cloyes-sur-Marne;6;4.73076923076923
51157;Coizard-Joches;1;4.47368421052632
51157;Coizard-Joches;4;4.47368421052632
51157;Coizard-Joches;5;17.89473684210528
51157;Coizard-Joches;6;8.94736842105264
51158;Val-des-Marais;1;20.56010726645856
51158;Val-des-Marais;2;10.31222467726924
51158;Val-des-Marais;3;10.27358096823626
51158;Val-des-Marais;4;51.470793735278704
51158;Val-des-Marais;5;46.44990223764399
51158;Val-des-Marais;6;97.89522346193529
51160;Compertrix;1;5.05532686759522
51160;Compertrix;2;24.345338362464812
51160;Compertrix;3;107.23486053538369
51160;Compertrix;4;191.60030406525368
51160;Compertrix;5;163.07519439570217
51160;Compertrix;6;163.84989373443915
51161;Condé-sur-Marne;1;10.461248290876341
51161;Condé-sur-Marne;2;28.81280684718374
51161;Condé-sur-Marne;3;68.9715524856071
51161;Condé-sur-Marne;4;88.05999227593904
51161;Condé-sur-Marne;5;88.54030630838074
51161;Condé-sur-Marne;6;127.5871756266152
51162;Conflans-sur-Seine;1;9.82768460185996
51162;Conflans-sur-Seine;2;14.74335250765019
51162;Conflans-sur-Seine;3;4.85956298178817
51162;Conflans-sur-Seine;4;44.00987514831644
51162;Conflans-sur-Seine;5;62.85763008217118
51162;Conflans-sur-Seine;6;63.28890014452656
51163;Congy;1;14.9602639282167
51163;Congy;2;10.00100354497188
51163;Congy;5;45.08741591245333
51163;Congy;6;75.0492985366083
51164;Connantray-Vaurefroy;1;4.93103448275862
51164;Connantray-Vaurefroy;4;14.793103448275861
51164;Connantray-Vaurefroy;5;4.93103448275862
51164;Connantray-Vaurefroy;6;34.51724137931034
51165;Connantre;1;14.61842355592662
51165;Connantre;2;9.03765281997508
51165;Connantre;3;24.65041643815359
51165;Connantre;4;60.82620377044549
51165;Connantre;5;121.01143519158101
51165;Connantre;6;161.30413877697282
51166;Contault;2;5.5
51166;Contault;5;11.0
51167;Coole;1;14.15625
51167;Coole;2;14.15625
51167;Coole;5;9.4375
51167;Coole;6;23.59375
51168;Coolus;2;5.3176183160603
51168;Coolus;3;20.13946280233144
51168;Coolus;4;30.80834095327797
51168;Coolus;5;5.3176183160603
51168;Coolus;6;40.2826554386449
51169;Corbeil;3;4.9
51169;Corbeil;4;19.6
51169;Corbeil;6;14.700000000000001
51170;Corfélix;2;5.78947368421053
51170;Corfélix;4;5.78947368421053
51170;Corfélix;5;11.5789473684211
51170;Corfélix;6;28.94736842105269
51171;Cormicy;1;9.79978272235834
51171;Cormicy;2;51.55399094451144
51171;Cormicy;3;129.60406045819573
51171;Cormicy;4;173.88701079363358
51171;Cormicy;5;156.17144685698446
51171;Cormicy;6;159.63976902439725
51172;Cormontreuil;1;5.11150011998239
51172;Cormontreuil;2;100.33553936491117
51172;Cormontreuil;3;499.4125401493067
51172;Cormontreuil;4;910.6873218861168
51172;Cormontreuil;5;658.8796110649992
51172;Cormontreuil;6;294.55947464793076
51173;Cormoyeux;1;21.1666666666666
51173;Cormoyeux;2;5.29166666666667
51173;Cormoyeux;4;15.875000000000009
51173;Cormoyeux;5;15.875000000000009
51173;Cormoyeux;6;10.58333333333334
51174;Corribert;3;10.5
51174;Corribert;4;10.5
51175;Corrobert;1;5.52631578947368
51175;Corrobert;2;11.05263157894736
51175;Corrobert;3;5.52631578947368
51175;Corrobert;4;5.52631578947368
51175;Corrobert;5;33.15789473684208
51175;Corrobert;6;33.15789473684216
51176;Corroy;2;9.93103448275862
51176;Corroy;4;9.93103448275862
51176;Corroy;5;4.96551724137931
51176;Corroy;6;9.93103448275862
51177;Coulommes-la-Montagne;1;15.450000000000001
51177;Coulommes-la-Montagne;2;10.3
51177;Coulommes-la-Montagne;3;15.450000000000001
51177;Coulommes-la-Montagne;4;15.45
51177;Coulommes-la-Montagne;5;5.15
51177;Coulommes-la-Montagne;6;10.3
51178;Coupetz;5;11.57142857142858
51178;Coupetz;6;23.14285714285718
51179;Coupéville;1;5.1875
51179;Coupéville;4;10.375
51179;Coupéville;5;25.9375
51179;Coupéville;6;41.5
51181;Courcelles-Sapicourt;1;4.88835823702901
51181;Courcelles-Sapicourt;2;44.339550832353034
51181;Courcelles-Sapicourt;3;42.91853871140823
51181;Courcelles-Sapicourt;4;68.77629370821715
51181;Courcelles-Sapicourt;5;14.206428790527731
51181;Courcelles-Sapicourt;6;13.61249909066836
51182;Courcemain;1;14.666666666666671
51182;Courcemain;3;4.88888888888889
51182;Courcemain;4;4.88888888888889
51182;Courcemain;5;4.88888888888889
51182;Courcemain;6;24.44444444444445
51183;Courcy;2;46.53200492847534
51183;Courcy;3;67.33558118148044
51183;Courcy;4;196.39050650055358
51183;Courcy;5;113.91424669803818
51183;Courcy;6;155.10550951012613
51184;Courdemanges;2;9.6632479763944
51184;Courdemanges;3;38.95696039085816
51184;Courdemanges;4;24.38519959090446
51184;Courdemanges;5;43.76105812687458
51184;Courdemanges;6;39.00478040825291
51185;Courgivaux;3;5.0348889832728
51185;Courgivaux;4;24.90380294543817
51185;Courgivaux;5;29.84851930422002
51185;Courgivaux;6;83.97084972127155
51186;Courjeonnet;1;12.0
51186;Courjeonnet;5;12.0
51187;Courlandon;1;4.96984006010349
51187;Courlandon;2;9.83018444981621
51187;Courlandon;3;24.60823216593066
51187;Courlandon;4;54.2739195930605
51187;Courlandon;5;19.70422444756398
51187;Courlandon;6;34.59147757511282
51188;Courmas;1;24.3181818181818
51188;Courmas;2;4.86363636363636
51188;Courmas;3;14.59090909090908
51188;Courmas;4;63.22727272727268
51188;Courmas;5;9.72727272727272
51188;Courmas;6;4.86363636363636
51190;Courtagnon;2;5.53846153846154
51190;Courtagnon;4;5.53846153846154
51190;Courtagnon;5;16.61538461538462
51191;Courtémont;1;12.2
51191;Courtémont;4;12.2
51191;Courtémont;5;6.1
51192;Courthiézy;1;9.84861471406766
51192;Courthiézy;3;29.503836762256572
51192;Courthiézy;4;34.33609991741501
51192;Courthiézy;5;29.59249558770566
51192;Courthiézy;6;49.38218747168294
51193;Courtisols;1;44.685428305643896
51193;Courtisols;2;104.14729924759001
51193;Courtisols;3;163.893700565778
51193;Courtisols;4;253.1977872019371
51193;Courtisols;5;327.3561186389769
51193;Courtisols;6;204.54300398630636
51194;Courville;2;25.904259252140342
51194;Courville;3;31.51878446746937
51194;Courville;4;59.151603659090625
51194;Courville;5;48.06484529735444
51194;Courville;6;21.01467946697509
51195;Couvrot;1;4.79062331310422
51195;Couvrot;2;9.59460398244427
51195;Couvrot;3;18.44940489729944
51195;Couvrot;4;110.39744144617063
51195;Couvrot;5;77.51002952675097
51195;Couvrot;6;92.71527851404721
51196;Cramant;1;44.9017583690124
51196;Cramant;2;29.75518438075382
51196;Cramant;3;58.91082429339066
51196;Cramant;4;64.44513353050029
51196;Cramant;5;93.67137881140975
51196;Cramant;6;99.27452234068876
51197;La Croix-en-Champagne;1;9.33333333333334
51197;La Croix-en-Champagne;2;4.66666666666667
51197;La Croix-en-Champagne;3;4.66666666666667
51197;La Croix-en-Champagne;4;14.000000000000009
51198;Crugny;1;34.6054774834884
51198;Crugny;2;14.908722956231
51198;Crugny;3;34.944494838646584
51198;Crugny;4;73.95017971566753
51198;Crugny;5;79.41549631638158
51198;Crugny;6;59.38192047149164
51199;Cuchery;1;41.11096148923717
51199;Cuchery;2;10.10370406738296
51199;Cuchery;3;15.12908256824725
51199;Cuchery;4;46.02764486947086
51199;Cuchery;5;51.21241653674796
51199;Cuchery;6;51.00007048852049
51200;Cuis;1;47.5883294267542
51200;Cuis;2;15.86214515234756
51200;Cuis;3;10.50810298509964
51200;Cuis;4;26.37024813744724
51200;Cuis;5;41.88478217994273
51200;Cuis;6;52.79285239032169
51201;Cuisles;1;21.78571428571426
51201;Cuisles;4;4.35714285714286
51201;Cuisles;5;8.71428571428572
51201;Cuisles;6;4.35714285714286
51202;Cumières;1;44.7172275552062
51202;Cumières;2;10.00407929725296
51202;Cumières;3;34.51307592481101
51202;Cumières;4;89.03225840879452
51202;Cumières;5;89.53501721534
51202;Cumières;6;54.82442115095359
51203;Cuperly;2;14.866666666666681
51203;Cuperly;3;19.82222222222224
51203;Cuperly;4;19.82222222222224
51203;Cuperly;5;34.68888888888888
51203;Cuperly;6;24.7777777777778
51204;Damery;1;49.1744140071779
51204;Damery;2;44.21057099414734
51204;Damery;3;93.21898661811083
51204;Damery;4;117.69898588035348
51204;Damery;5;98.34882150476085
51204;Damery;6;133.80125908859355
51205;Dampierre-au-Temple;1;19.99768570749762
51205;Dampierre-au-Temple;3;19.9272015526962
51205;Dampierre-au-Temple;4;15.086868090658289
51205;Dampierre-au-Temple;5;30.244220336117976
51205;Dampierre-au-Temple;6;20.10440742150722
51206;Dampierre-le-Château;2;14.499999999999991
51206;Dampierre-le-Château;4;9.66666666666666
51206;Dampierre-le-Château;5;24.16666666666666
51206;Dampierre-le-Château;6;4.83333333333333
51208;Dampierre-sur-Moivre;1;9.41666666666666
51208;Dampierre-sur-Moivre;2;4.70833333333333
51208;Dampierre-sur-Moivre;3;9.41666666666666
51208;Dampierre-sur-Moivre;4;14.124999999999991
51208;Dampierre-sur-Moivre;5;9.41666666666666
51208;Dampierre-sur-Moivre;6;18.83333333333332
51210;Dizy;1;35.13998280390585
51210;Dizy;2;70.47217246727116
51210;Dizy;3;85.60958600679187
51210;Dizy;4;150.987841277344
51210;Dizy;5;156.00402349153322
51210;Dizy;6;166.08252849038638
51211;Dommartin-Dampierre;3;13.27272727272728
51211;Dommartin-Dampierre;4;19.90909090909092
51211;Dommartin-Dampierre;5;13.27272727272728
51211;Dommartin-Dampierre;6;13.2727272727273
51212;Dommartin-Lettrée;1;9.6969696969697
51212;Dommartin-Lettrée;3;9.6969696969697
51212;Dommartin-Lettrée;4;29.0909090909091
51212;Dommartin-Lettrée;5;9.6969696969697
51212;Dommartin-Lettrée;6;14.54545454545455
51213;Dommartin-sous-Hans;1;12.5
51213;Dommartin-sous-Hans;5;6.25
51214;Dommartin-Varimont;1;14.67857142857142
51214;Dommartin-Varimont;4;9.78571428571428
51214;Dommartin-Varimont;5;4.89285714285714
51214;Dommartin-Varimont;6;24.464285714285698
51215;Dompremy;2;13.333333333333321
51215;Dompremy;4;8.88888888888888
51215;Dompremy;5;13.333333333333321
51215;Dompremy;6;8.88888888888888
51216;Dontrien;1;18.9313528801862
51216;Dontrien;2;14.2213800331302
51216;Dontrien;3;23.444931156824282
51216;Dontrien;4;14.123928902917049
51216;Dontrien;5;28.20112362109612
51216;Dontrien;6;27.960475249289733
51217;Dormans;1;116.27643105965541
51217;Dormans;2;70.59011240272676
51217;Dormans;3;101.1354311636826
51217;Dormans;4;276.5057230823452
51217;Dormans;5;272.40511555565524
51217;Dormans;6;353.7526736718521
51218;Val-de-Vière;4;27.08333333333335
51218;Val-de-Vière;5;5.41666666666667
51218;Val-de-Vière;6;32.49999999999998
51219;Drosnay;1;5.1
51219;Drosnay;2;5.1
51219;Drosnay;4;25.5
51219;Drosnay;5;10.2
51219;Drosnay;6;35.699999999999996
51220;Drouilly;1;5.2962962962963
51220;Drouilly;2;10.5925925925926
51220;Drouilly;3;10.5925925925926
51220;Drouilly;4;15.8888888888889
51220;Drouilly;5;15.8888888888889
51220;Drouilly;6;26.481481481481502
51222;Éclaires;1;6.42857142857143
51222;Éclaires;4;12.85714285714286
51222;Éclaires;5;25.71428571428572
51222;Éclaires;6;6.42857142857143
51223;Écollemont;3;5.08333333333333
51223;Écollemont;4;5.08333333333333
51223;Écollemont;5;5.08333333333333
51223;Écollemont;6;5.08333333333333
51224;Écriennes;1;10.7741935483871
51224;Écriennes;3;5.38709677419355
51224;Écriennes;4;26.93548387096775
51224;Écriennes;5;26.93548387096775
51224;Écriennes;6;21.5483870967742
51225;Écueil;1;39.959259689717
51225;Écueil;2;14.78350725098575
51225;Écueil;3;29.36650931406569
51225;Écueil;4;45.0015674440488
51225;Écueil;5;24.97558257176237
51225;Écueil;6;9.98354332829354
51226;Écury-le-Repos;1;5.0
51226;Écury-le-Repos;4;5.0
51226;Écury-le-Repos;5;5.0
51226;Écury-le-Repos;6;15.0
51227;Écury-sur-Coole;1;9.52090920044034
51227;Écury-sur-Coole;2;19.14476174590826
51227;Écury-sur-Coole;3;33.84180666744392
51227;Écury-sur-Coole;4;43.001259365228705
51227;Écury-sur-Coole;5;52.73028739082008
51227;Écury-sur-Coole;6;28.77027792663594
51228;Élise-Daucourt;1;20.5
51228;Élise-Daucourt;5;5.125
51229;Épense;1;5.76190476190476
51229;Épense;4;17.28571428571428
51229;Épense;5;11.5238095238095
51229;Épense;6;11.52380952380952
51230;Épernay;1;153.22816333610447
51230;Épernay;2;529.4522297011939
51230;Épernay;3;1025.0691648534698
51230;Épernay;4;2271.930502706948
51230;Épernay;5;2244.49040326264
51230;Épernay;6;2584.4450208777353
51231;L'Épine;1;24.01724642030092
51231;L'Épine;2;23.648437452340602
51231;L'Épine;3;76.69679185980259
51231;L'Épine;4;76.34305446052619
51231;L'Épine;5;63.127382913745045
51231;L'Épine;6;42.97846004143839
51232;Époye;2;10.03133159692458
51232;Époye;3;48.78095355783329
51232;Époye;4;34.77228466879991
51232;Époye;5;45.7235584371512
51232;Époye;6;50.62320954522906
51233;Escardes;1;15.46153846153845
51233;Escardes;2;5.15384615384615
51233;Escardes;4;10.3076923076923
51233;Escardes;6;10.3076923076923
51234;Esclavolles-Lurey;1;15.236188883514671
51234;Esclavolles-Lurey;2;15.12910943842147
51234;Esclavolles-Lurey;3;15.20024370540078
51234;Esclavolles-Lurey;4;60.94550984789102
51234;Esclavolles-Lurey;5;60.80299759459004
51234;Esclavolles-Lurey;6;81.11808274489672
51235;Les Essarts-lès-Sézanne;1;4.48974042564503
51235;Les Essarts-lès-Sézanne;2;4.96701095401901
51235;Les Essarts-lès-Sézanne;3;5.99453761308678
51235;Les Essarts-lès-Sézanne;4;28.416114146019062
51235;Les Essarts-lès-Sézanne;5;23.068427710022668
51235;Les Essarts-lès-Sézanne;6;31.04263246519517
51236;Les Essarts-le-Vicomte;2;10.07407407407408
51236;Les Essarts-le-Vicomte;3;5.03703703703704
51236;Les Essarts-le-Vicomte;4;30.222222222222257
51236;Les Essarts-le-Vicomte;5;15.11111111111114
51236;Les Essarts-le-Vicomte;6;15.11111111111112
51237;Esternay;1;5.06225475847157
51237;Esternay;2;42.571078424817
51237;Esternay;3;43.149737207678896
51237;Esternay;4;92.56551886521277
51237;Esternay;5;216.665602278655
51237;Esternay;6;230.8087487876879
51238;Étoges;1;25.79491080400217
51238;Étoges;2;16.12249450786174
51238;Étoges;3;15.550539885768082
51238;Étoges;4;51.04996950811429
51238;Étoges;5;61.631341086401875
51238;Étoges;6;44.64066309783988
51239;Étréchy;1;11.66666666666666
51239;Étréchy;5;11.66666666666666
51239;Étréchy;6;11.66666666666666
51240;Étrepy;4;14.625
51240;Étrepy;5;24.375
51240;Étrepy;6;19.5
51241;Euvy;1;4.38888888888889
51241;Euvy;4;8.77777777777778
51241;Euvy;5;4.38888888888889
51241;Euvy;6;13.166666666666671
51242;Fagnières;2;100.13932994099564
51242;Fagnières;3;200.32849822219958
51242;Fagnières;4;475.3329579881105
51242;Fagnières;5;681.2683357980239
51242;Fagnières;6;439.4223758252914
51243;Faux-Fresnay;1;9.8784608495897
51243;Faux-Fresnay;2;9.10245259891271
51243;Faux-Fresnay;3;9.8784608495897
51243;Faux-Fresnay;4;24.222697658503918
51243;Faux-Fresnay;5;47.49742917689955
51243;Faux-Fresnay;6;53.56184583499007
51244;Faux-Vésigneul;1;15.05718793451076
51244;Faux-Vésigneul;2;10.100922512011149
51244;Faux-Vésigneul;4;4.97744863167055
51244;Faux-Vésigneul;5;35.15433219739384
51244;Faux-Vésigneul;6;25.07441954064926
51245;Faverolles-et-Coëmy;1;4.89423150799429
51245;Faverolles-et-Coëmy;2;9.83313521596758
51245;Faverolles-et-Coëmy;3;39.32979988921228
51245;Faverolles-et-Coëmy;4;78.96956073680316
51245;Faverolles-et-Coëmy;5;49.51562491609446
51245;Faverolles-et-Coëmy;6;64.33155943187371
51246;Favresse;1;4.82608695652174
51246;Favresse;2;9.65217391304348
51246;Favresse;4;9.65217391304348
51246;Favresse;5;33.78260869565222
51246;Favresse;6;19.30434782608696
51247;Fèrebrianges;1;37.592592592592595
51247;Fèrebrianges;3;10.74074074074074
51247;Fèrebrianges;4;5.37037037037037
51247;Fèrebrianges;5;26.85185185185185
51247;Fèrebrianges;6;32.22222222222214
51248;Fère-Champenoise;1;35.498607828338336
51248;Fère-Champenoise;2;55.68742695952524
51248;Fère-Champenoise;3;50.61114925616232
51248;Fère-Champenoise;4;126.00979687665271
51248;Fère-Champenoise;5;205.55216318436183
51248;Fère-Champenoise;6;317.75744208289615
51249;Festigny;1;43.5363280179825
51249;Festigny;2;4.88149103343318
51249;Festigny;3;14.64447310029954
51249;Festigny;4;24.11273969941848
51249;Festigny;5;38.157302474884474
51249;Festigny;6;71.74857457128068
51250;Fismes;1;4.80812000055341
51250;Fismes;2;129.12301401699972
51250;Fismes;3;168.30325911960142
51250;Fismes;4;513.8052021057425
51250;Fismes;5;814.234994507023
51250;Fismes;6;727.3919006402282
51251;Flavigny;1;31.8181818181818
51251;Flavigny;4;26.5151515151515
51251;Flavigny;5;10.6060606060606
51251;Flavigny;6;21.2121212121212
51252;Fleury-la-Rivière;1;40.244927153816
51252;Fleury-la-Rivière;2;15.14919852297544
51252;Fleury-la-Rivière;3;60.600518652796595
51252;Fleury-la-Rivière;4;50.24248762240106
51252;Fleury-la-Rivière;5;20.095086116100518
51252;Fleury-la-Rivière;6;76.00489631573078
51253;Florent-en-Argonne;3;10.54383894389976
51253;Florent-en-Argonne;4;15.66660805460622
51253;Florent-en-Argonne;5;26.151963700887997
51253;Florent-en-Argonne;6;21.14614638864433
51254;Fontaine-Denis-Nuisy;1;29.9756673547006
51254;Fontaine-Denis-Nuisy;2;9.74660491695702
51254;Fontaine-Denis-Nuisy;3;5.03533375595777
51254;Fontaine-Denis-Nuisy;4;18.56273390789074
51254;Fontaine-Denis-Nuisy;5;28.43062639013259
51254;Fontaine-Denis-Nuisy;6;35.96233296610784
51255;Fontaine-en-Dormois;4;3.25
51256;Fontaine-sur-Ay;1;24.37218345975654
51256;Fontaine-sur-Ay;2;4.29984949032717
51256;Fontaine-sur-Ay;3;30.67775834734676
51256;Fontaine-sur-Ay;4;19.76783394194908
51256;Fontaine-sur-Ay;5;14.791239458375248
51256;Fontaine-sur-Ay;6;72.41671472063194
51258;La Forestière;1;9.30236485303466
51258;La Forestière;2;13.95354727955199
51258;La Forestière;4;13.95354727955199
51258;La Forestière;5;4.65118242651733
51258;La Forestière;6;18.60472970606932
51259;Francheville;3;14.92307692307691
51259;Francheville;4;29.84615384615382
51259;Francheville;5;34.82051282051278
51259;Francheville;6;24.87179487179485
51260;Le Fresne;1;5.0
51260;Le Fresne;3;10.0
51260;Le Fresne;4;5.0
51260;Le Fresne;5;15.0
51262;Frignicourt;1;4.90327041136869
51262;Frignicourt;2;54.143172791274324
51262;Frignicourt;3;89.17100740271711
51262;Frignicourt;4;211.3536714025117
51262;Frignicourt;5;207.9202728535673
51262;Frignicourt;6;202.23268590082188
51263;Fromentières;1;18.111138069377
51263;Fromentières;2;22.25246368033012
51263;Fromentières;3;13.04672007523549
51263;Fromentières;4;22.313546654872468
51263;Fromentières;5;44.567722357661225
51263;Fromentières;6;66.5273144923357
51264;Le Gault-Soigny;1;23.9008899233852
51264;Le Gault-Soigny;3;9.443095211148329
51264;Le Gault-Soigny;4;64.27291099556666
51264;Le Gault-Soigny;5;49.66433290193558
51264;Le Gault-Soigny;6;78.53663893646737
51265;Gaye;1;15.70095255491492
51265;Gaye;2;30.73017089232897
51265;Gaye;3;15.53128871320094
51265;Gaye;4;76.13357134660826
51265;Gaye;5;46.76914472469534
51265;Gaye;6;82.89291359048624
51266;Germaine;1;14.50211465781564
51266;Germaine;2;29.55549014991445
51266;Germaine;3;61.91574515320798
51266;Germaine;4;99.10111959546398
51266;Germaine;5;48.703347195479594
51266;Germaine;6;44.99202410044025
51267;Germigny;1;13.5
51267;Germigny;2;9.0
51267;Germigny;3;9.0
51267;Germigny;4;31.5
51267;Germigny;5;4.5
51267;Germigny;6;9.0
51268;Germinon;2;9.78947368421052
51268;Germinon;3;19.57894736842104
51268;Germinon;4;24.4736842105263
51268;Germinon;5;4.89473684210526
51268;Germinon;6;34.26315789473684
51269;Giffaumont-Champaubert;2;5.48791222717064
51269;Giffaumont-Champaubert;3;16.37653721860506
51269;Giffaumont-Champaubert;4;21.51842268304922
51269;Giffaumont-Champaubert;5;38.07076674280504
51269;Giffaumont-Champaubert;6;16.46514459684887
51270;Gigny-Bussy;2;9.71209933527639
51270;Gigny-Bussy;3;11.1391797143745
51270;Gigny-Bussy;4;16.11755451955813
51270;Gigny-Bussy;5;23.003877571580198
51270;Gigny-Bussy;6;43.5904616108829
51272;Givry-en-Argonne;1;4.90443694052949
51272;Givry-en-Argonne;2;21.05079930567973
51272;Givry-en-Argonne;3;14.723458338149541
51272;Givry-en-Argonne;4;39.97279951067344
51272;Givry-en-Argonne;5;55.14306664601284
51272;Givry-en-Argonne;6;52.14066873646853
51273;Givry-lès-Loisy;1;4.8
51273;Givry-lès-Loisy;4;9.6
51273;Givry-lès-Loisy;6;19.2
51274;Gizaucourt;1;4.17857142857143
51274;Gizaucourt;2;4.17857142857143
51274;Gizaucourt;4;16.71428571428572
51274;Gizaucourt;5;12.535714285714288
51274;Gizaucourt;6;12.535714285714288
51275;Glannes;2;8.85714285714286
51275;Glannes;3;8.85714285714286
51275;Glannes;4;17.71428571428572
51275;Glannes;5;4.42857142857143
51275;Glannes;6;22.14285714285715
51276;Gourgançon;2;10.35714285714286
51276;Gourgançon;3;10.35714285714286
51276;Gourgançon;4;10.35714285714286
51276;Gourgançon;5;10.35714285714286
51276;Gourgançon;6;20.71428571428576
51277;Sainte-Marie-du-Lac-Nuisement;2;13.98523382713715
51277;Sainte-Marie-du-Lac-Nuisement;3;13.93789037728041
51277;Sainte-Marie-du-Lac-Nuisement;4;33.146282703096205
51277;Sainte-Marie-du-Lac-Nuisement;5;14.17132693910105
51277;Sainte-Marie-du-Lac-Nuisement;6;14.21961781772365
51278;Les Grandes-Loges;1;10.84888444612766
51278;Les Grandes-Loges;3;26.41828791197876
51278;Les Grandes-Loges;4;46.83523534762616
51278;Les Grandes-Loges;5;25.73844172016836
51278;Les Grandes-Loges;6;5.12676339697899
51279;Granges-sur-Aube;2;10.4
51279;Granges-sur-Aube;3;5.2
51279;Granges-sur-Aube;4;10.4
51279;Granges-sur-Aube;5;31.2
51279;Granges-sur-Aube;6;31.200000000000003
51280;Gratreuil;1;3.83333333333333
51280;Gratreuil;5;3.83333333333333
51281;Grauves;1;39.75776062962551
51281;Grauves;2;14.90958289078109
51281;Grauves;3;39.79481802633541
51281;Grauves;4;54.629159752462286
51281;Grauves;5;59.67369940298242
51281;Grauves;6;74.32135150676469
51282;Gueux;1;5.101822850099
51282;Gueux;2;76.52983594927248
51282;Gueux;3;285.6226875655768
51282;Gueux;4;244.85268380705986
51282;Gueux;5;127.38654784748134
51282;Gueux;6;66.30880311690694
51283;Hans;1;21.6666666666666
51283;Hans;4;10.83333333333334
51283;Hans;5;10.83333333333334
51283;Hans;6;21.66666666666664
51284;Haussignémont;2;4.78901340280805
51284;Haussignémont;3;4.83743180686362
51284;Haussignémont;4;29.42128374174095
51284;Haussignémont;5;68.16814775510721
51284;Haussignémont;6;43.83131783546408
51285;Haussimont;1;13.354838709677429
51285;Haussimont;3;4.45161290322581
51285;Haussimont;4;8.90322580645162
51285;Haussimont;5;8.90322580645162
51285;Haussimont;6;22.258064516129046
51286;Hauteville;4;16.01272941802807
51286;Hauteville;5;52.66686219395077
51286;Hauteville;6;58.58185586566818
51287;Hautvillers;1;43.7478152561656
51287;Hautvillers;2;21.43396736657805
51287;Hautvillers;3;47.78338727309333
51287;Hautvillers;4;93.21508782879283
51287;Hautvillers;5;48.84132521064289
51287;Hautvillers;6;54.13009690214217
51288;Heiltz-le-Hutier;1;15.7333333333333
51288;Heiltz-le-Hutier;2;5.24444444444444
51288;Heiltz-le-Hutier;3;31.46666666666668
51288;Heiltz-le-Hutier;4;36.7111111111111
51288;Heiltz-le-Hutier;5;20.97777777777778
51288;Heiltz-le-Hutier;6;15.73333333333332
51289;Heiltz-le-Maurupt;2;10.4451802047255
51289;Heiltz-le-Maurupt;3;15.27487024342507
51289;Heiltz-le-Maurupt;4;45.93319348073893
51289;Heiltz-le-Maurupt;5;51.4420567609325
51289;Heiltz-le-Maurupt;6;77.07232050899226
51290;Heiltz-l'Évêque;2;10.08980467497793
51290;Heiltz-l'Évêque;3;5.0285573740542
51290;Heiltz-l'Évêque;4;40.32436186080155
51290;Heiltz-l'Évêque;6;45.3838395949397
51291;Hermonville;1;19.553743982888
51291;Hermonville;2;83.55653209206324
51291;Hermonville;3;171.0366787941621
51291;Hermonville;4;204.52789695412926
51291;Hermonville;5;107.99316162840951
51291;Hermonville;6;83.72002862968542
51292;Herpont;1;9.68
51292;Herpont;2;4.84
51292;Herpont;4;4.84
51292;Herpont;5;14.52
51292;Herpont;6;29.04
51293;Heutrégiville;1;5.2608881570438
51293;Heutrégiville;2;35.92535910865574
51293;Heutrégiville;3;15.507284543640228
51293;Heutrégiville;4;71.87719043475832
51293;Heutrégiville;5;56.38288832754808
51293;Heutrégiville;6;67.36591294443694
51294;Hourges;3;12.299999999999999
51294;Hourges;4;8.2
51294;Hourges;5;12.299999999999999
51294;Hourges;6;8.2
51295;Huiron;2;10.22499664972978
51295;Huiron;3;15.3556192583208
51295;Huiron;4;10.26124521718204
51295;Huiron;5;25.61699275308199
51295;Huiron;6;25.744313415423314
51296;Humbauville;2;11.6923076923077
51296;Humbauville;5;11.6923076923077
51296;Humbauville;6;11.6923076923077
51298;Igny-Comblizy;1;20.4662343705207
51298;Igny-Comblizy;2;10.63791821747484
51298;Igny-Comblizy;3;11.201395914275
51298;Igny-Comblizy;4;43.9974830099078
51298;Igny-Comblizy;5;38.54128905900064
51298;Igny-Comblizy;6;76.73387663764578
51299;Isles-sur-Suippe;1;4.90685271368252
51299;Isles-sur-Suippe;2;38.53929715791801
51299;Isles-sur-Suippe;3;106.18618293723578
51299;Isles-sur-Suippe;4;149.71480276819966
51299;Isles-sur-Suippe;5;140.0273375477762
51299;Isles-sur-Suippe;6;77.29202553658541
51300;Isle-sur-Marne;1;5.16666666666667
51300;Isle-sur-Marne;4;15.500000000000009
51300;Isle-sur-Marne;5;10.33333333333334
51300;Isle-sur-Marne;6;15.500000000000009
51301;Isse;1;9.21739130434782
51301;Isse;2;4.60869565217391
51301;Isse;3;9.21739130434782
51301;Isse;4;18.43478260869564
51301;Isse;5;9.21739130434782
51302;Les Istres-et-Bury;1;5.05555555555556
51302;Les Istres-et-Bury;4;10.11111111111112
51302;Les Istres-et-Bury;5;25.27777777777776
51302;Les Istres-et-Bury;6;10.11111111111112
51303;Jâlons;1;5.04385112919753
51303;Jâlons;2;20.239704860510898
51303;Jâlons;3;20.17549470302735
51303;Jâlons;4;75.80774043960399
51303;Jâlons;5;65.528039015644
51303;Jâlons;6;90.6621626211349
51304;Janvilliers;1;11.85714285714286
51304;Janvilliers;2;5.92857142857143
51304;Janvilliers;3;11.85714285714286
51304;Janvilliers;4;17.78571428571429
51304;Janvilliers;5;23.71428571428576
51305;Janvry;1;14.57142857142858
51305;Janvry;2;9.71428571428572
51305;Janvry;3;9.71428571428572
51305;Janvry;4;24.285714285714302
51305;Janvry;5;9.71428571428572
51305;Janvry;6;4.85714285714286
51306;Joiselle;1;5.2
51306;Joiselle;3;10.4
51306;Joiselle;4;5.2
51306;Joiselle;6;10.4
51307;Jonchery-sur-Suippe;1;15.26086956521743
51307;Jonchery-sur-Suippe;2;5.08695652173913
51307;Jonchery-sur-Suippe;3;15.26086956521743
51307;Jonchery-sur-Suippe;4;10.17391304347826
51307;Jonchery-sur-Suippe;5;20.34782608695656
51307;Jonchery-sur-Suippe;6;40.69565217391308
51308;Jonchery-sur-Vesle;1;24.74370475979548
51308;Jonchery-sur-Vesle;2;70.50340731599229
51308;Jonchery-sur-Vesle;3;198.57121396280832
51308;Jonchery-sur-Vesle;4;194.79490156522493
51308;Jonchery-sur-Vesle;5;190.83421486964673
51308;Jonchery-sur-Vesle;6;140.00422877822447
51309;Jonquery;1;4.75
51309;Jonquery;3;19.0
51309;Jonquery;4;19.0
51309;Jonquery;5;4.75
51309;Jonquery;6;4.75
51310;Jouy-lès-Reims;1;43.8974358974359
51310;Jouy-lès-Reims;2;5.48717948717949
51310;Jouy-lès-Reims;3;16.46153846153847
51310;Jouy-lès-Reims;4;16.46153846153847
51310;Jouy-lès-Reims;5;16.46153846153849
51310;Jouy-lès-Reims;6;5.48717948717949
51311;Jussecourt-Minecourt;4;19.61904761904764
51311;Jussecourt-Minecourt;5;19.61904761904761
51311;Jussecourt-Minecourt;6;24.523809523809554
51312;Juvigny;1;5.1073679861177
51312;Juvigny;2;30.36712825313878
51312;Juvigny;3;91.38020848689216
51312;Juvigny;4;124.6408582825359
51312;Juvigny;5;100.3843615998813
51312;Juvigny;6;74.57713378181022
51313;Lachy;1;9.1096090313489
51313;Lachy;2;13.63137879783198
51313;Lachy;3;4.55480451567445
51313;Lachy;4;40.760525919308265
51313;Lachy;5;27.16413611138946
51313;Lachy;6;40.464657860712805
51314;Lagery;1;22.2857142857142
51314;Lagery;2;5.57142857142857
51314;Lagery;4;38.99999999999991
51314;Lagery;5;27.85714285714281
51314;Lagery;6;33.42857142857134
51315;Landricourt;2;9.6551724137931
51315;Landricourt;3;9.6551724137931
51315;Landricourt;4;19.3103448275862
51315;Landricourt;5;4.82758620689655
51315;Landricourt;6;9.6551724137931
51316;Larzicourt;1;14.77085714783
51316;Larzicourt;2;19.70531419699766
51316;Larzicourt;3;4.92361306306401
51316;Larzicourt;4;34.5577138744393
51316;Larzicourt;5;24.6072153386033
51316;Larzicourt;6;14.76541420083367
51317;Laval-sur-Tourbe;1;5.66666666666667
51317;Laval-sur-Tourbe;2;5.66666666666667
51317;Laval-sur-Tourbe;4;5.66666666666667
51317;Laval-sur-Tourbe;5;5.66666666666667
51317;Laval-sur-Tourbe;6;5.66666666666667
51318;Lavannes;1;28.04353824674766
51318;Lavannes;2;5.26887521057689
51318;Lavannes;3;66.99269555078634
51318;Lavannes;4;45.72247355179936
51318;Lavannes;5;47.96437545678033
51318;Lavannes;6;9.1883656321995
51319;Lenharrée;1;12.2352941176471
51319;Lenharrée;2;6.11764705882353
51319;Lenharrée;3;6.11764705882353
51319;Lenharrée;5;12.23529411764706
51319;Lenharrée;6;18.35294117647059
51320;Leuvrigny;1;35.8686544151377
51320;Leuvrigny;2;15.37317888554882
51320;Leuvrigny;3;10.427247577272
51320;Leuvrigny;4;10.799069364803639
51320;Leuvrigny;5;25.630133546095436
51320;Leuvrigny;6;62.41923766216969
51321;Lhéry;1;4.77777777777778
51321;Lhéry;3;9.55555555555556
51321;Lhéry;4;23.8888888888889
51322;Lignon;1;9.3076923076923
51322;Lignon;4;4.65384615384615
51322;Lignon;5;13.96153846153845
51322;Lignon;6;37.23076923076915
51323;Linthelles;4;4.81818181818182
51323;Linthelles;5;4.81818181818182
51323;Linthelles;6;19.27272727272728
51324;Linthes;1;4.625
51324;Linthes;2;9.25
51324;Linthes;3;4.625
51324;Linthes;4;18.5
51324;Linthes;5;9.25
51324;Linthes;6;9.25
51325;Lisse-en-Champagne;1;13.625000000000009
51325;Lisse-en-Champagne;3;13.625000000000009
51325;Lisse-en-Champagne;4;9.08333333333334
51325;Lisse-en-Champagne;5;4.54166666666667
51325;Lisse-en-Champagne;6;18.16666666666668
51326;Livry-Louvercy;1;15.0148004010312
51326;Livry-Louvercy;2;29.86948216676826
51326;Livry-Louvercy;3;61.143000008191365
51326;Livry-Louvercy;4;157.3246381011911
51326;Livry-Louvercy;5;147.15070480093974
51326;Livry-Louvercy;6;101.02378366428182
51327;Loisy-en-Brie;1;28.2162162162162
51327;Loisy-en-Brie;2;4.7027027027027
51327;Loisy-en-Brie;4;9.4054054054054
51327;Loisy-en-Brie;5;14.1081081081081
51327;Loisy-en-Brie;6;28.2162162162162
51328;Loisy-sur-Marne;1;15.793628668394
51328;Loisy-sur-Marne;2;42.1650664147508
51328;Loisy-sur-Marne;3;37.052956491659344
51328;Loisy-sur-Marne;4;158.269786200484
51328;Loisy-sur-Marne;5;105.4436158005498
51328;Loisy-sur-Marne;6;89.774927235272
51329;Loivre;2;48.68929033430083
51329;Loivre;3;184.99857068570145
51329;Loivre;4;165.55129662856686
51329;Loivre;5;160.70231579532145
51329;Loivre;6;87.62586367025041
51333;Ludes;1;25.188637069619197
51333;Ludes;2;25.28910822783773
51333;Ludes;3;59.63668420043674
51333;Ludes;4;115.32504049887058
51333;Ludes;5;39.95054333174279
51333;Ludes;6;50.0835275822223
51334;Luxémont-et-Villotte;1;20.3077239079534
51334;Luxémont-et-Villotte;2;9.44405800854246
51334;Luxémont-et-Villotte;3;9.44405800854246
51334;Luxémont-et-Villotte;4;53.58799491549156
51334;Luxémont-et-Villotte;5;54.473830430654345
51334;Luxémont-et-Villotte;6;62.87586078473278
51336;Maffrécourt;4;18.999999999999993
51336;Maffrécourt;5;6.33333333333333
51337;Magneux;2;14.61818181818181
51337;Magneux;3;9.74545454545454
51337;Magneux;4;58.47272727272722
51337;Magneux;5;19.49090909090908
51337;Magneux;6;19.49090909090908
51338;Mailly-Champagne;1;58.585807372330166
51338;Mailly-Champagne;2;28.727264672456588
51338;Mailly-Champagne;3;48.73035349686232
51338;Mailly-Champagne;4;48.22163885599806
51338;Mailly-Champagne;5;72.64609315984872
51338;Mailly-Champagne;6;78.29676369604617
51339;Mairy-sur-Marne;1;9.548402192946781
51339;Mairy-sur-Marne;2;19.10314502788816
51339;Mairy-sur-Marne;3;23.875760963862902
51339;Mairy-sur-Marne;4;86.027632777805
51339;Mairy-sur-Marne;5;81.26452779782568
51339;Mairy-sur-Marne;6;47.79596965226192
51340;Maisons-en-Champagne;2;5.32867802966341
51340;Maisons-en-Champagne;4;87.51710722971065
51340;Maisons-en-Champagne;5;51.39495737315124
51340;Maisons-en-Champagne;6;61.88374398628798
51341;Malmy;2;8.75
51341;Malmy;4;8.75
51342;Mancy;1;21.15895243408173
51342;Mancy;3;5.08041917042708
51342;Mancy;4;14.843084694499499
51342;Mancy;5;21.15895243408178
51342;Mancy;6;20.33791626214184
51343;Marcilly-sur-Seine;1;19.92383150257474
51343;Marcilly-sur-Seine;2;10.03268715910936
51343;Marcilly-sur-Seine;3;25.08374338319398
51343;Marcilly-sur-Seine;4;34.83231788036283
51343;Marcilly-sur-Seine;5;44.7284689871873
51343;Marcilly-sur-Seine;6;99.28030627432216
51344;Mardeuil;1;34.7812287566659
51344;Mardeuil;2;45.19995012943177
51344;Mardeuil;3;55.673657344876204
51344;Mardeuil;4;196.98024431782056
51344;Mardeuil;5;101.03801684885995
51344;Mardeuil;6;141.08064963108393
51345;Mareuil-en-Brie;1;6.01740546334432
51345;Mareuil-en-Brie;2;6.01740546334432
51345;Mareuil-en-Brie;3;17.66842723658566
51345;Mareuil-en-Brie;4;17.85351506286728
51345;Mareuil-en-Brie;5;22.847704031825778
51345;Mareuil-en-Brie;6;34.69037466368409
51346;Mareuil-le-Port;1;49.6608165105343
51346;Mareuil-le-Port;2;34.70223667122188
51346;Mareuil-le-Port;3;74.36234486482539
51346;Mareuil-le-Port;4;59.43820414051649
51346;Mareuil-le-Port;5;104.15932217940585
51346;Mareuil-le-Port;6;188.4708352805585
51348;Marfaux;1;10.19047619047618
51348;Marfaux;4;5.09523809523809
51348;Marfaux;5;15.285714285714269
51348;Marfaux;6;20.38095238095236
51349;Margerie-Hancourt;2;14.583333333333329
51349;Margerie-Hancourt;3;4.86111111111111
51349;Margerie-Hancourt;5;29.16666666666666
51349;Margerie-Hancourt;6;19.44444444444444
51350;Margny;1;5.56521739130435
51350;Margny;2;11.1304347826087
51350;Margny;4;5.56521739130435
51350;Margny;5;16.69565217391305
51350;Margny;6;11.1304347826087
51351;Marigny;1;6.27777777777778
51351;Marigny;4;6.27777777777778
51351;Marigny;5;18.833333333333343
51351;Marigny;6;18.833333333333343
51352;Marolles;1;5.25486564162583
51352;Marolles;2;10.19452425550672
51352;Marolles;3;30.89996143380812
51352;Marolles;4;109.8538247973222
51352;Marolles;5;123.44342386090315
51352;Marolles;6;135.48677538142942
51353;Marsangis;2;5.11111111111111
51353;Marsangis;4;5.11111111111111
51353;Marsangis;5;5.11111111111111
51353;Marsangis;6;5.11111111111111
51354;Marson;1;4.88695219907612
51354;Marson;2;4.73135606012484
51354;Marson;3;4.73135606012484
51354;Marson;4;34.53137074713693
51354;Marson;5;39.09817590506783
51354;Marson;6;19.39726802678205
51355;Massiges;4;3.83333333333333
51355;Massiges;5;3.83333333333333
51355;Massiges;6;3.83333333333333
51356;Matignicourt-Goncourt;1;5.1
51356;Matignicourt-Goncourt;2;5.1
51356;Matignicourt-Goncourt;3;10.2
51356;Matignicourt-Goncourt;4;10.2
51356;Matignicourt-Goncourt;5;25.5
51356;Matignicourt-Goncourt;6;20.4
51357;Matougues;1;9.89328359258607
51357;Matougues;2;4.91745204495258
51357;Matougues;3;49.5539021124061
51357;Matougues;4;108.53507314025683
51357;Matougues;5;54.58811316272046
51357;Matougues;6;39.5442009640754
51358;Maurupt-le-Montois;1;4.90631284304472
51358;Maurupt-le-Montois;3;18.12904869305185
51358;Maurupt-le-Montois;4;89.89689121382452
51358;Maurupt-le-Montois;5;55.71715711320685
51358;Maurupt-le-Montois;6;85.98927447438662
51359;Mécringes;1;4.97619047619048
51359;Mécringes;3;4.97619047619048
51359;Mécringes;4;29.85714285714284
51359;Mécringes;5;14.92857142857144
51359;Mécringes;6;34.83333333333336
51360;Le Meix-Saint-Epoing;1;15.869807106777298
51360;Le Meix-Saint-Epoing;2;5.2899357022591
51360;Le Meix-Saint-Epoing;3;16.65823627105916
51360;Le Meix-Saint-Epoing;4;27.75529956024644
51360;Le Meix-Saint-Epoing;5;27.5226042581127
51360;Le Meix-Saint-Epoing;6;38.91559833685114
51361;Le Meix-Tiercelin;1;4.66857698899709
51361;Le Meix-Tiercelin;2;9.33715397799418
51361;Le Meix-Tiercelin;4;9.66433182826281
51361;Le Meix-Tiercelin;5;18.67430795598836
51361;Le Meix-Tiercelin;6;59.29470237065142
51362;Merfy;1;44.99599594692543
51362;Merfy;2;43.78021379175683
51362;Merfy;3;76.89017103476188
51362;Merfy;4;48.75571819366222
51362;Merfy;5;43.82306834883588
51362;Merfy;6;24.1604202439326
51363;Merlaut;2;9.54705957314442
51363;Merlaut;3;18.98004783579342
51363;Merlaut;4;38.89500574888939
51363;Merlaut;5;24.74262940569254
51363;Merlaut;6;14.26624743960921
51364;Méry-Prémecy;2;14.35714285714287
51364;Méry-Prémecy;4;14.35714285714287
51364;Méry-Prémecy;5;4.78571428571429
51364;Méry-Prémecy;6;4.78571428571429
51365;Les Mesneux;1;29.00056263938948
51365;Les Mesneux;2;43.582968547557876
51365;Les Mesneux;3;82.26786950609433
51365;Les Mesneux;4;125.81134693721012
51365;Les Mesneux;5;106.51503784223475
51365;Les Mesneux;6;62.978050180238725
51367;Le Mesnil-sur-Oger;1;75.32392977172064
51367;Le Mesnil-sur-Oger;2;34.89666378581362
51367;Le Mesnil-sur-Oger;3;24.47288190401641
51367;Le Mesnil-sur-Oger;4;65.01206451236062
51367;Le Mesnil-sur-Oger;5;108.9064646024021
51367;Le Mesnil-sur-Oger;6;167.67964848557358
51368;Minaucourt-le-Mesnil-lès-Hurlus;6;4.6
51369;Mœurs-Verdey;1;14.95778190403386
51369;Mœurs-Verdey;2;5.00421542322572
51369;Mœurs-Verdey;3;14.8489537929531
51369;Mœurs-Verdey;4;14.958537114905539
51369;Mœurs-Verdey;5;19.96199732725958
51369;Mœurs-Verdey;6;29.99801156357102
51370;Moiremont;2;10.0
51370;Moiremont;4;20.0
51370;Moiremont;5;25.0
51370;Moiremont;6;25.0
51371;Moivre;1;9.5
51371;Moivre;4;19.0
51371;Moivre;5;4.75
51371;Moivre;6;4.75
51372;Moncetz-Longevas;1;4.73626819946524
51372;Moncetz-Longevas;2;18.95513496908072
51372;Moncetz-Longevas;3;24.281417673338048
51372;Moncetz-Longevas;4;72.44329336747515
51372;Moncetz-Longevas;5;86.34805476346291
51372;Moncetz-Longevas;6;57.636549221891855
51373;Moncetz-l'Abbaye;1;4.63157894736842
51373;Moncetz-l'Abbaye;2;4.63157894736842
51373;Moncetz-l'Abbaye;3;4.63157894736842
51373;Moncetz-l'Abbaye;5;4.63157894736842
51374;Mondement-Montgivroux;3;4.5
51374;Mondement-Montgivroux;5;13.5
51375;Montbré;1;16.52379456567668
51375;Montbré;2;6.47310463972148
51375;Montbré;3;15.22337668921974
51375;Montbré;4;31.88655996971478
51375;Montbré;5;30.43880029297082
51375;Montbré;6;20.38811036701566
51376;Montgenost;1;4.875
51376;Montgenost;4;9.75
51376;Montgenost;5;9.75
51376;Montgenost;6;14.625
51377;Montépreux;1;6.71428571428571
51377;Montépreux;5;6.71428571428571
51377;Montépreux;6;13.42857142857142
51378;Monthelon;1;60.1237910675442
51378;Monthelon;3;15.09645438222589
51378;Monthelon;4;25.01738395488872
51378;Monthelon;5;40.24111063935908
51378;Monthelon;6;50.074461905027675
51379;Montigny-sur-Vesle;1;4.82515865609907
51379;Montigny-sur-Vesle;2;9.89466222601262
51379;Montigny-sur-Vesle;3;28.78850835399014
51379;Montigny-sur-Vesle;4;74.89387761084593
51379;Montigny-sur-Vesle;5;66.24813306961947
51379;Montigny-sur-Vesle;6;21.34326211214876
51380;Montmirail;1;24.88047214002186
51380;Montmirail;2;79.98703976208068
51380;Montmirail;3;153.85160832380916
51380;Montmirail;4;264.22667792465666
51380;Montmirail;5;382.3561309114594
51380;Montmirail;6;427.01715028990145
51381;Montmort-Lucy;1;19.12216900066645
51381;Montmort-Lucy;2;43.1426870430991
51381;Montmort-Lucy;3;19.171221383740672
51381;Montmort-Lucy;4;81.42638903894508
51381;Montmort-Lucy;5;43.07360888786451
51381;Montmort-Lucy;6;67.04515566090922
51382;Mont-sur-Courville;1;4.79166666666667
51382;Mont-sur-Courville;3;4.79166666666667
51382;Mont-sur-Courville;4;28.750000000000018
51382;Mont-sur-Courville;5;14.375000000000009
51382;Mont-sur-Courville;6;19.16666666666668
51384;Morangis;2;5.70334118126562
51384;Morangis;3;40.78536700566439
51384;Morangis;4;82.57431413439143
51384;Morangis;5;51.6161003761877
51384;Morangis;6;40.83673773960791
51386;Morsains;1;4.53125
51386;Morsains;2;9.0625
51386;Morsains;3;9.0625
51386;Morsains;4;9.0625
51386;Morsains;5;9.0625
51386;Morsains;6;13.59375
51387;Moslins;1;5.21175756005135
51387;Moslins;2;14.47338435730084
51387;Moslins;3;5.21175756005135
51387;Moslins;4;32.92346839484631
51387;Moslins;5;44.81389059014667
51387;Moslins;6;37.46407768717436
51388;Mourmelon-le-Grand;1;4.56969385189753
51388;Mourmelon-le-Grand;2;62.22553447141723
51388;Mourmelon-le-Grand;3;143.0064890172497
51388;Mourmelon-le-Grand;4;523.2290313506991
51388;Mourmelon-le-Grand;5;1525.293118554453
51388;Mourmelon-le-Grand;6;539.840786276366
51389;Mourmelon-le-Petit;2;20.1441260652679
51389;Mourmelon-le-Petit;3;49.821482921878726
51389;Mourmelon-le-Petit;4;100.48937682538225
51389;Mourmelon-le-Petit;5;90.15958585757136
51389;Mourmelon-le-Petit;6;80.7194867293159
51390;Moussy;1;35.94265368147461
51390;Moussy;2;27.9306013712357
51390;Moussy;3;68.57951482279051
51390;Moussy;4;109.28095208067685
51390;Moussy;5;60.57242794390546
51390;Moussy;6;48.47320861099116
51391;Muizon;1;10.12177115594168
51391;Muizon;2;19.112770369827118
51391;Muizon;3;151.54886773742717
51391;Muizon;4;309.2189827975192
51391;Muizon;5;203.38923154168452
51391;Muizon;6;198.11300050451044
51392;Mutigny;1;4.52272727272727
51392;Mutigny;3;18.09090909090908
51392;Mutigny;4;27.13636363636362
51392;Mutigny;5;27.13636363636362
51392;Mutigny;6;13.56818181818181
51393;Nanteuil-la-Forêt;1;5.19829053119833
51393;Nanteuil-la-Forêt;2;15.60917630457103
51393;Nanteuil-la-Forêt;3;37.846475821342295
51393;Nanteuil-la-Forêt;4;20.807466835769368
51393;Nanteuil-la-Forêt;5;36.44452159386824
51393;Nanteuil-la-Forêt;6;47.711062299470484
51395;Nesle-la-Reposte;1;10.33333333333334
51395;Nesle-la-Reposte;3;5.16666666666667
51395;Nesle-la-Reposte;4;5.16666666666667
51396;Nesle-le-Repons;1;9.06666666666666
51396;Nesle-le-Repons;2;4.53333333333333
51396;Nesle-le-Repons;4;13.599999999999989
51396;Nesle-le-Repons;5;4.53333333333333
51396;Nesle-le-Repons;6;36.26666666666662
51397;La Neuville-aux-Bois;2;9.13333333333334
51397;La Neuville-aux-Bois;3;9.13333333333334
51397;La Neuville-aux-Bois;4;13.70000000000001
51397;La Neuville-aux-Bois;5;9.13333333333334
51397;La Neuville-aux-Bois;6;4.56666666666667
51398;La Neuville-aux-Larris;1;10.8
51398;La Neuville-aux-Larris;2;5.4
51398;La Neuville-aux-Larris;3;10.8
51398;La Neuville-aux-Larris;4;32.400000000000006
51398;La Neuville-aux-Larris;5;37.800000000000004
51398;La Neuville-aux-Larris;6;16.200000000000003
51399;La Neuville-au-Pont;1;24.06180239639172
51399;La Neuville-au-Pont;2;5.36951060554569
51399;La Neuville-au-Pont;3;39.724667894286725
51399;La Neuville-au-Pont;4;24.20083671162728
51399;La Neuville-au-Pont;5;79.77874611894262
51399;La Neuville-au-Pont;6;34.93985792271866
51402;Neuvy;1;15.5133556108077
51402;Neuvy;2;15.11609609069991
51402;Neuvy;3;9.79092795061403
51402;Neuvy;4;30.34041020807757
51402;Neuvy;5;20.06100676998317
51402;Neuvy;6;20.25298206506708
51403;Nogent-l'Abbesse;1;56.5834448023762
51403;Nogent-l'Abbesse;2;10.178853862431101
51403;Nogent-l'Abbesse;3;65.57876107624811
51403;Nogent-l'Abbesse;4;86.05099438170414
51403;Nogent-l'Abbesse;5;39.77006257138295
51403;Nogent-l'Abbesse;6;45.65670566200886
51404;Noirlieu;1;31.79166666666668
51404;Noirlieu;2;4.54166666666667
51404;Noirlieu;4;4.54166666666667
51404;Noirlieu;6;9.08333333333334
51406;Norrois;2;5.5
51406;Norrois;3;5.5
51406;Norrois;4;16.5
51406;Norrois;5;11.0
51406;Norrois;6;16.5
51407;La Noue;1;4.70869286103667
51407;La Noue;2;43.952153377954346
51407;La Noue;3;10.63766660592697
51407;La Noue;4;25.9840260728906
51407;La Noue;5;48.69334025988697
51407;La Noue;6;51.4543188945906
51409;Nuisement-sur-Coole;1;16.6519430235289
51409;Nuisement-sur-Coole;2;11.0514496589413
51409;Nuisement-sur-Coole;3;28.010671377943417
51409;Nuisement-sur-Coole;4;67.38827867016346
51409;Nuisement-sur-Coole;5;61.32697679603002
51409;Nuisement-sur-Coole;6;43.91481951663826
51410;Œuilly;1;27.3153459369869
51410;Œuilly;2;23.40069760982293
51410;Œuilly;3;58.03083406687773
51410;Œuilly;4;47.39821531355063
51410;Œuilly;5;57.598368262206435
51410;Œuilly;6;90.59988755963627
51412;Ognes;5;12.0
51412;Ognes;6;18.0
51413;Oiry;1;10.81238134668769
51413;Oiry;2;26.33064363722984
51413;Oiry;3;20.25286794633222
51413;Oiry;4;84.85743851314832
51413;Oiry;5;100.50846395149614
51413;Oiry;6;133.9569280662032
51414;Olizy;1;13.5
51414;Olizy;3;4.5
51414;Olizy;4;13.5
51414;Olizy;5;9.0
51414;Olizy;6;27.0
51415;Omey;3;4.5220869072344
51415;Omey;4;27.19653710484225
51415;Omey;5;13.31950308675717
51415;Omey;6;22.42869538095043
51416;Orbais-l'Abbaye;1;10.0525865701553
51416;Orbais-l'Abbaye;2;19.84878047355499
51416;Orbais-l'Abbaye;3;14.949049234366349
51416;Orbais-l'Abbaye;4;39.95386806649245
51416;Orbais-l'Abbaye;5;64.3143960649634
51416;Orbais-l'Abbaye;6;121.84857980873026
51417;Orconte;2;20.18765824127021
51417;Orconte;3;25.23394254636402
51417;Orconte;4;35.5597270964197
51417;Orconte;5;51.50231745660718
51417;Orconte;6;51.85216985705111
51418;Ormes;1;4.39588092398557
51418;Ormes;2;44.052081952600666
51418;Ormes;3;58.690416039178274
51418;Ormes;4;79.84481658999326
51418;Ormes;5;39.08458582977818
51418;Ormes;6;26.13669096585032
51419;Outines;1;5.47826086956522
51419;Outines;2;5.47826086956522
51419;Outines;3;5.47826086956522
51419;Outines;4;16.434782608695663
51419;Outines;6;10.95652173913044
51420;Outrepont;4;4.9375
51420;Outrepont;6;9.875
51421;Oyes;1;4.86363636363636
51421;Oyes;2;4.86363636363636
51421;Oyes;5;19.45454545454544
51421;Oyes;6;14.59090909090908
51422;Pargny-lès-Reims;1;10.37609678705688
51422;Pargny-lès-Reims;2;15.65899770000226
51422;Pargny-lès-Reims;3;73.16797789407232
51422;Pargny-lès-Reims;4;47.0290328292917
51422;Pargny-lès-Reims;5;26.03520921233168
51422;Pargny-lès-Reims;6;62.48078808483242
51423;Pargny-sur-Saulx;2;30.089506090825758
51423;Pargny-sur-Saulx;3;9.93600468162223
51423;Pargny-sur-Saulx;4;114.71998201609239
51423;Pargny-sur-Saulx;5;184.77488600911695
51423;Pargny-sur-Saulx;6;210.65337539920108
51424;Passavant-en-Argonne;1;18.5806451612903
51424;Passavant-en-Argonne;2;6.19354838709677
51424;Passavant-en-Argonne;4;6.19354838709677
51424;Passavant-en-Argonne;5;6.19354838709677
51424;Passavant-en-Argonne;6;24.774193548387
51425;Passy-Grigny;1;55.130706837680705
51425;Passy-Grigny;2;5.02559519607197
51425;Passy-Grigny;3;19.33348024173238
51425;Passy-Grigny;4;9.818843058826541
51425;Passy-Grigny;5;29.76674659183671
51425;Passy-Grigny;6;44.76445611255064
51426;Péas;1;18.57142857142854
51426;Péas;4;4.64285714285714
51428;Les Petites-Loges;1;4.76560696182576
51428;Les Petites-Loges;2;14.17831691603102
51428;Les Petites-Loges;3;18.70986271801821
51428;Les Petites-Loges;4;69.84575145318519
51428;Les Petites-Loges;5;76.22613273973346
51428;Les Petites-Loges;6;33.33865477462854
51429;Pévy;1;21.27450980392151
51429;Pévy;2;8.50980392156862
51429;Pévy;3;21.27450980392155
51429;Pévy;4;25.52941176470583
51429;Pévy;5;17.01960784313724
51429;Pévy;6;29.78431372549014
51430;Pierre-Morains;1;16.799999999999997
51430;Pierre-Morains;4;11.2
51430;Pierre-Morains;5;5.6
51430;Pierre-Morains;6;5.6
51431;Pierry;1;15.522994845430961
51431;Pierry;2;26.08171857987515
51431;Pierry;3;67.68471221732094
51431;Pierry;4;109.13859568529763
51431;Pierry;5;156.03679167724027
51431;Pierry;6;187.0238869049838
51432;Pleurs;1;31.76288617571217
51432;Pleurs;2;15.74820892885512
51432;Pleurs;3;26.017394217491372
51432;Pleurs;4;31.39494298116254
51432;Pleurs;5;93.89857333507648
51432;Pleurs;6;98.72492868037818
51433;Plichancourt;2;14.83220951975192
51433;Plichancourt;3;15.49394568463215
51433;Plichancourt;4;24.79437525628894
51433;Plichancourt;5;50.369346310492745
51433;Plichancourt;6;25.43512972151884
51434;Plivot;1;25.7569769028131
51434;Plivot;2;24.40534033050472
51434;Plivot;3;25.29615738566633
51434;Plivot;4;97.51484054604967
51434;Plivot;5;86.13788107473161
51434;Plivot;6;85.30731395573491
51435;Pocancy;1;9.42105263157894
51435;Pocancy;2;14.13157894736841
51435;Pocancy;4;9.42105263157894
51435;Pocancy;5;14.13157894736841
51435;Pocancy;6;32.97368421052629
51436;Pogny;1;9.0009082234014
51436;Pogny;2;31.85372025414058
51436;Pogny;3;44.7865115710069
51436;Pogny;4;168.71097715771742
51436;Pogny;5;86.33661177546362
51436;Pogny;6;110.25718294126645
51437;Poilly;1;4.89473684210526
51437;Poilly;3;4.89473684210526
51437;Poilly;4;9.78947368421052
51437;Poilly;5;9.78947368421052
51437;Poilly;6;4.89473684210526
51438;Poix;1;10.9230769230769
51438;Poix;5;16.38461538461538
51438;Poix;6;10.92307692307692
51439;Pomacle;1;14.3388735868576
51439;Pomacle;2;28.21674758084821
51439;Pomacle;3;55.823508475008964
51439;Pomacle;4;60.72489419577716
51439;Pomacle;5;51.3731353413626
51439;Pomacle;6;32.20620270258799
51440;Pontfaverger-Moronvilliers;1;4.97095060824415
51440;Pontfaverger-Moronvilliers;2;49.445067526603964
51440;Pontfaverger-Moronvilliers;3;49.9341094132669
51440;Pontfaverger-Moronvilliers;4;188.2397616904608
51440;Pontfaverger-Moronvilliers;5;243.35199602345975
51440;Pontfaverger-Moronvilliers;6;188.60202887767252
51441;Ponthion;1;4.33333333333333
51441;Ponthion;3;4.33333333333333
51441;Ponthion;4;4.33333333333333
51441;Ponthion;5;12.999999999999991
51441;Ponthion;6;17.33333333333332
51442;Possesse;1;12.9311967634571
51442;Possesse;4;17.2415956846094
51442;Possesse;5;21.55199460576175
51442;Possesse;6;17.2415956846094
51443;Potangis;1;5.1304347826087
51443;Potangis;2;5.1304347826087
51443;Potangis;3;5.1304347826087
51443;Potangis;4;15.3913043478261
51443;Potangis;5;15.3913043478261
51443;Potangis;6;15.3913043478261
51444;Pouillon;1;25.3686034460954
51444;Pouillon;2;14.983376337383689
51444;Pouillon;3;55.04759347659224
51444;Pouillon;4;84.72238132562761
51444;Pouillon;5;35.3094572564999
51444;Pouillon;6;53.44217581315269
51445;Pourcy;1;24.375
51445;Pourcy;3;24.375
51445;Pourcy;4;14.625
51445;Pourcy;5;9.75
51445;Pourcy;6;19.5
51446;Pringy;1;20.75505082736148
51446;Pringy;3;10.54910343400968
51446;Pringy;4;41.27460046687628
51446;Pringy;5;51.47791974939818
51446;Pringy;6;57.094395932388316
51447;Prosnes;2;29.65364827265632
51447;Prosnes;3;34.91129305322927
51447;Prosnes;4;70.59469488186375
51447;Prosnes;5;65.39622401653467
51447;Prosnes;6;45.5484506614199
51448;Prouilly;1;43.189333681484904
51448;Prouilly;2;33.51439197225706
51448;Prouilly;3;38.574725756913224
51448;Prouilly;4;57.7954405150706
51448;Prouilly;5;38.63284938654433
51448;Prouilly;6;33.89147465050498
51449;Prunay;1;25.75244227877435
51449;Prunay;2;20.26361368357167
51449;Prunay;3;106.53793237726755
51449;Prunay;4;152.3507303249523
51449;Prunay;5;132.3534192115669
51449;Prunay;6;56.11233570323857
51450;Puisieulx;1;9.82544805527202
51450;Puisieulx;2;23.335506361189232
51450;Puisieulx;3;41.41149513356783
51450;Puisieulx;4;60.22778509180235
51450;Puisieulx;5;23.616249623478822
51450;Puisieulx;6;18.35686146669315
51451;Queudes;1;4.61111111111111
51451;Queudes;2;4.61111111111111
51451;Queudes;4;9.22222222222222
51451;Queudes;5;9.22222222222222
51451;Queudes;6;9.22222222222222
51452;Rapsécourt;1;5.5
51452;Rapsécourt;3;5.5
51453;Recy;2;19.91481864760864
51453;Recy;3;88.12409460277405
51453;Recy;4;126.6222150241194
51453;Recy;5;136.74130374740352
51453;Recy;6;53.005231799809124
51454;Reims;1;197.58275708145274
51454;Reims;2;3602.4318988494033
51454;Reims;3;14450.41346593547
51454;Reims;4;18535.64065427215
51454;Reims;5;20129.560810321902
51454;Reims;6;13140.392709127365
51455;Reims-la-Brûlée;1;10.1860465116279
51455;Reims-la-Brûlée;2;10.1860465116279
51455;Reims-la-Brûlée;3;10.1860465116279
51455;Reims-la-Brûlée;4;45.837209302325604
51455;Reims-la-Brûlée;5;20.3720930232558
51455;Reims-la-Brûlée;6;30.55813953488375
51456;Remicourt;1;7.73333333333334
51456;Remicourt;3;3.86666666666667
51456;Remicourt;5;3.86666666666667
51457;Cœur-de-la-Vallée;1;74.82847695717584
51457;Cœur-de-la-Vallée;2;10.134087993855431
51457;Cœur-de-la-Vallée;3;44.52914113275723
51457;Cœur-de-la-Vallée;4;54.71653458646614
51457;Cœur-de-la-Vallée;5;39.57291025696584
51457;Cœur-de-la-Vallée;6;59.72941163536076
51458;Reuves;1;5.08333333333333
51458;Reuves;4;5.08333333333333
51458;Reuves;6;15.25000000000003
51459;Réveillon;1;5.63157894736842
51459;Réveillon;2;5.63157894736842
51459;Réveillon;4;5.63157894736842
51459;Réveillon;6;11.2631578947368
51460;Rieux;1;10.83333333333334
51460;Rieux;3;5.41666666666667
51460;Rieux;4;10.83333333333334
51460;Rieux;5;10.8333333333333
51460;Rieux;6;10.83333333333334
51461;Rilly-la-Montagne;1;95.6114926351072
51461;Rilly-la-Montagne;2;35.452847087880485
51461;Rilly-la-Montagne;3;75.79355705438762
51461;Rilly-la-Montagne;4;111.42998662073181
51461;Rilly-la-Montagne;5;85.24407248242629
51461;Rilly-la-Montagne;6;95.03584054379162
51463;Les Rivières-Henruel;4;22.85714285714285
51463;Les Rivières-Henruel;5;9.14285714285714
51463;Les Rivières-Henruel;6;4.57142857142857
51464;Romain;1;4.52536367922268
51464;Romain;2;22.65593407726499
51464;Romain;3;36.37788391125094
51464;Romain;4;54.508174068664914
51464;Romain;5;31.73587018136426
51464;Romain;6;31.86714899523115
51465;Romery;1;20.77419354838707
51465;Romery;2;5.19354838709677
51465;Romery;3;10.38709677419354
51465;Romery;4;5.19354838709677
51465;Romery;5;15.58064516129031
51465;Romery;6;25.9677419354838
51466;Romigny;3;9.72727272727272
51466;Romigny;4;24.3181818181818
51466;Romigny;5;19.45454545454544
51466;Romigny;6;24.3181818181818
51468;Rosnay;2;13.3238924681236
51468;Rosnay;3;49.926299871915226
51468;Rosnay;4;49.177820598848356
51468;Rosnay;5;17.866300977921817
51468;Rosnay;6;31.12612383221945
51469;Rouffy;1;5.55
51469;Rouffy;2;5.55
51469;Rouffy;3;5.55
51469;Rouffy;4;5.55
51469;Rouffy;5;11.1
51469;Rouffy;6;16.65
51470;Rouvroy-Ripont;1;0.0
51470;Rouvroy-Ripont;2;0.0
51470;Rouvroy-Ripont;3;0.0
51470;Rouvroy-Ripont;4;0.0
51470;Rouvroy-Ripont;5;0.0
51470;Rouvroy-Ripont;6;0.0
51471;Sacy;1;60.156061133072896
51471;Sacy;2;15.05011742933567
51471;Sacy;3;20.05929201803868
51471;Sacy;4;50.00487899455008
51471;Sacy;5;20.10350506184776
51471;Sacy;6;20.05929201803863
51472;Saint-Amand-sur-Fion;1;24.07669821702192
51472;Saint-Amand-sur-Fion;2;54.26889854468355
51472;Saint-Amand-sur-Fion;3;106.57308363602444
51472;Saint-Amand-sur-Fion;4;120.01959820831661
51472;Saint-Amand-sur-Fion;5;119.49163647646846
51472;Saint-Amand-sur-Fion;6;109.19405344324558
51473;Saint-Bon;1;14.549999999999999
51473;Saint-Bon;3;4.85
51473;Saint-Bon;4;14.549999999999999
51473;Saint-Bon;5;4.85
51473;Saint-Bon;6;9.7
51474;Saint-Brice-Courcelles;2;98.65721012797206
51474;Saint-Brice-Courcelles;3;233.80535817155362
51474;Saint-Brice-Courcelles;4;347.03320422008045
51474;Saint-Brice-Courcelles;5;423.9717385928881
51474;Saint-Brice-Courcelles;6;325.5041929949258
51475;Saint-Chéron;3;4.84615384615385
51475;Saint-Chéron;5;4.84615384615385
51475;Saint-Chéron;6;14.53846153846155
51476;Saint-Étienne-au-Temple;1;17.33691110072159
51476;Saint-Étienne-au-Temple;2;16.22679215177537
51476;Saint-Étienne-au-Temple;3;44.73785111710987
51476;Saint-Étienne-au-Temple;4;109.04585430271737
51476;Saint-Étienne-au-Temple;5;111.77675637074267
51476;Saint-Étienne-au-Temple;6;60.29162963074203
51477;Saint-Étienne-sur-Suippe;2;14.364280259023559
51477;Saint-Étienne-sur-Suippe;3;23.31210798760726
51477;Saint-Étienne-sur-Suippe;4;63.9176473918903
51477;Saint-Étienne-sur-Suippe;5;41.784410981716164
51477;Saint-Étienne-sur-Suippe;6;24.51597811258273
51478;Saint-Eulien;1;9.69197415392608
51478;Saint-Eulien;2;9.68256397942012
51478;Saint-Eulien;3;13.93351581232967
51478;Saint-Eulien;4;77.36468216485004
51478;Saint-Eulien;5;42.58287552719291
51478;Saint-Eulien;6;49.12514886779322
51479;Saint-Euphraise-et-Clairizet;1;10.649083936047141
51479;Saint-Euphraise-et-Clairizet;2;25.915128003082373
51479;Saint-Euphraise-et-Clairizet;3;14.947483033601031
51479;Saint-Euphraise-et-Clairizet;4;20.13738896331661
51479;Saint-Euphraise-et-Clairizet;5;21.0121576750156
51479;Saint-Euphraise-et-Clairizet;6;20.120650842853863
51480;Sainte-Gemme;1;10.8
51480;Sainte-Gemme;2;16.200000000000003
51480;Sainte-Gemme;3;5.4
51480;Sainte-Gemme;4;10.8
51480;Sainte-Gemme;5;16.200000000000003
51480;Sainte-Gemme;6;5.4
51482;Saint-Germain-la-Ville;1;4.95350206206245
51482;Saint-Germain-la-Ville;2;14.84126684941543
51482;Saint-Germain-la-Ville;3;14.802331810776451
51482;Saint-Germain-la-Ville;4;99.0707274309293
51482;Saint-Germain-la-Ville;5;69.09754750170448
51482;Saint-Germain-la-Ville;6;64.43552849205955
51483;Saint-Gibrien;2;4.92775514551567
51483;Saint-Gibrien;3;34.73274395217303
51483;Saint-Gibrien;4;79.70018522812242
51483;Saint-Gibrien;5;59.84979566191886
51483;Saint-Gibrien;6;29.844945197524567
51484;Saint-Gilles;2;29.04371159672376
51484;Saint-Gilles;3;5.05783654941847
51484;Saint-Gilles;4;38.36700832230635
51484;Saint-Gilles;5;24.46990951979885
51484;Saint-Gilles;6;9.312359060411481
51485;Saint-Hilaire-au-Temple;2;9.71065174417284
51485;Saint-Hilaire-au-Temple;3;15.80349502588531
51485;Saint-Hilaire-au-Temple;4;35.191284522871754
51485;Saint-Hilaire-au-Temple;5;51.2058236399155
51485;Saint-Hilaire-au-Temple;6;30.99995827713088
51486;Saint-Hilaire-le-Grand;1;25.8409316872888
51486;Saint-Hilaire-le-Grand;2;18.65582253683783
51486;Saint-Hilaire-le-Grand;4;30.78613977928428
51486;Saint-Hilaire-le-Grand;5;42.3513198677346
51486;Saint-Hilaire-le-Grand;6;65.75353275904521
51487;Saint-Hilaire-le-Petit;1;9.39681287242138
51487;Saint-Hilaire-le-Petit;2;4.7446694052004
51487;Saint-Hilaire-le-Petit;3;9.46615066335292
51487;Saint-Hilaire-le-Petit;4;52.12248175224278
51487;Saint-Hilaire-le-Petit;5;47.07715582065179
51487;Saint-Hilaire-le-Petit;6;42.42467348579749
51488;Saint-Imoges;1;4.92955053101863
51488;Saint-Imoges;2;4.90827667415563
51488;Saint-Imoges;3;39.330127170735935
51488;Saint-Imoges;4;49.40261304901801
51488;Saint-Imoges;5;34.42249276492
51488;Saint-Imoges;6;24.66948754819044
51489;Saint-Jean-devant-Possesse;1;3.75
51489;Saint-Jean-devant-Possesse;4;3.75
51490;Saint-Jean-sur-Moivre;2;5.5
51490;Saint-Jean-sur-Moivre;3;5.5
51490;Saint-Jean-sur-Moivre;4;27.5
51490;Saint-Jean-sur-Moivre;5;38.5
51490;Saint-Jean-sur-Moivre;6;22.0
51491;Saint-Jean-sur-Tourbe;2;5.4375
51491;Saint-Jean-sur-Tourbe;4;10.875
51491;Saint-Jean-sur-Tourbe;5;27.1875
51492;Saint-Just-Sauvage;1;10.2993241448226
51492;Saint-Just-Sauvage;2;45.41563461275561
51492;Saint-Just-Sauvage;3;54.2905876665665
51492;Saint-Just-Sauvage;4;106.17757466814983
51492;Saint-Just-Sauvage;5;168.8466901188427
51492;Saint-Just-Sauvage;6;219.20825142652717
51493;Saint-Léonard;3;27.63157894736844
51493;Saint-Léonard;4;16.57894736842104
51493;Saint-Léonard;5;5.52631578947368
51493;Saint-Léonard;6;11.05263157894736
51495;Saint-Loup;1;20.85714285714281
51495;Saint-Loup;6;5.21428571428571
51496;Saint-Lumier-en-Champagne;2;10.07640748367575
51496;Saint-Lumier-en-Champagne;3;10.06394477496426
51496;Saint-Lumier-en-Champagne;4;45.33761771727359
51496;Saint-Lumier-en-Champagne;5;25.16611254039012
51496;Saint-Lumier-en-Champagne;6;15.12084257986937
51497;Saint-Lumier-la-Populeuse;2;3.72727272727273
51497;Saint-Lumier-la-Populeuse;4;3.72727272727273
51498;Saint-Mard-sur-Auve;1;4.57142857142857
51498;Saint-Mard-sur-Auve;4;13.714285714285712
51498;Saint-Mard-sur-Auve;5;9.14285714285714
51498;Saint-Mard-sur-Auve;6;4.57142857142857
51499;Saint-Mard-lès-Rouffy;1;10.75862068965518
51499;Saint-Mard-lès-Rouffy;2;5.37931034482759
51499;Saint-Mard-lès-Rouffy;4;10.75862068965518
51499;Saint-Mard-lès-Rouffy;5;10.75862068965518
51499;Saint-Mard-lès-Rouffy;6;26.89655172413795
51500;Saint-Mard-sur-le-Mont;1;15.0
51500;Saint-Mard-sur-le-Mont;2;5.0
51500;Saint-Mard-sur-le-Mont;4;5.0
51500;Saint-Mard-sur-le-Mont;5;10.0
51500;Saint-Mard-sur-le-Mont;6;25.0
51501;Sainte-Marie-à-Py;1;14.26829268292683
51501;Sainte-Marie-à-Py;2;4.75609756097561
51501;Sainte-Marie-à-Py;4;19.02439024390244
51501;Sainte-Marie-à-Py;5;33.29268292682922
51501;Sainte-Marie-à-Py;6;9.51219512195122
51502;Saint-Martin-aux-Champs;2;5.5
51502;Saint-Martin-aux-Champs;3;5.5
51502;Saint-Martin-aux-Champs;4;16.5
51502;Saint-Martin-aux-Champs;5;16.5
51502;Saint-Martin-aux-Champs;6;5.5
51503;Saint-Martin-l'Heureux;1;4.61111111111111
51503;Saint-Martin-l'Heureux;3;23.05555555555555
51503;Saint-Martin-l'Heureux;4;4.61111111111111
51503;Saint-Martin-l'Heureux;5;4.61111111111111
51503;Saint-Martin-l'Heureux;6;4.61111111111111
51504;Saint-Martin-sur-le-Pré;1;9.39995426569108
51504;Saint-Martin-sur-le-Pré;2;34.33386650643631
51504;Saint-Martin-sur-le-Pré;3;59.46904444657946
51504;Saint-Martin-sur-le-Pré;4;85.16024092472801
51504;Saint-Martin-sur-le-Pré;5;80.39521502988434
51504;Saint-Martin-sur-le-Pré;6;80.21505162873518
51505;Saint-Masmes;1;5.29462961830456
51505;Saint-Masmes;2;15.94716182601828
51505;Saint-Masmes;3;26.53623535071583
51505;Saint-Masmes;4;69.1766979259093
51505;Saint-Masmes;5;53.26135884892143
51505;Saint-Masmes;6;63.97773000819683
51506;Saint-Memmie;1;10.2640825010529
51506;Saint-Memmie;2;99.30041697947394
51506;Saint-Memmie;3;223.50751410479907
51506;Saint-Memmie;4;463.3443741097388
51506;Saint-Memmie;5;755.8542712005773
51506;Saint-Memmie;6;477.1711807715643
51507;Sainte-Menehould;1;4.94205534142771
51507;Sainte-Menehould;2;74.94498233933105
51507;Sainte-Menehould;3;126.29948406015075
51507;Sainte-Menehould;4;300.90157352974404
51507;Sainte-Menehould;5;498.4503893998489
51507;Sainte-Menehould;6;485.1217003823524
51508;Saint-Ouen-Domprot;1;9.85365853658536
51508;Saint-Ouen-Domprot;2;4.92682926829268
51508;Saint-Ouen-Domprot;3;14.78048780487804
51508;Saint-Ouen-Domprot;4;4.92682926829268
51508;Saint-Ouen-Domprot;5;19.7073170731707
51508;Saint-Ouen-Domprot;6;34.48780487804876
51509;Saint-Pierre;1;16.0845449685278
51509;Saint-Pierre;3;5.36147864469197
51509;Saint-Pierre;4;26.75925474751725
51509;Saint-Pierre;5;59.0493995983665
51509;Saint-Pierre;6;21.47025640286887
51510;Saint-Quentin-les-Marais;1;4.95833333333333
51510;Saint-Quentin-les-Marais;2;4.95833333333333
51510;Saint-Quentin-les-Marais;4;9.91666666666666
51510;Saint-Quentin-les-Marais;5;9.91666666666666
51510;Saint-Quentin-les-Marais;6;19.83333333333332
51511;Saint-Quentin-le-Verger;1;11.4
51511;Saint-Quentin-le-Verger;4;5.7
51511;Saint-Quentin-le-Verger;5;17.1
51511;Saint-Quentin-le-Verger;6;11.4
51512;Saint-Quentin-sur-Coole;1;10.1
51512;Saint-Quentin-sur-Coole;4;30.3
51512;Saint-Quentin-sur-Coole;5;5.05
51512;Saint-Quentin-sur-Coole;6;5.05
51513;Saint-Remy-en-Bouzemont-Saint-Genest-et-Isson;1;4.9888708424474
51513;Saint-Remy-en-Bouzemont-Saint-Genest-et-Isson;2;10.97792437892505
51513;Saint-Remy-en-Bouzemont-Saint-Genest-et-Isson;4;30.53237049155461
51513;Saint-Remy-en-Bouzemont-Saint-Genest-et-Isson;5;46.17392439750691
51513;Saint-Remy-en-Bouzemont-Saint-Genest-et-Isson;6;94.6703989605513
51514;Saint-Remy-sous-Broyes;2;5.23809523809524
51514;Saint-Remy-sous-Broyes;4;10.47619047619048
51514;Saint-Remy-sous-Broyes;6;20.952380952380977
51515;Saint-Remy-sur-Bussy;1;30.22609536459293
51515;Saint-Remy-sur-Bussy;2;15.04973110087491
51515;Saint-Remy-sur-Bussy;3;20.19509904704478
51515;Saint-Remy-sur-Bussy;4;24.97257880721064
51515;Saint-Remy-sur-Bussy;5;54.09601777712111
51515;Saint-Remy-sur-Bussy;6;30.35592578353164
51516;Saint-Saturnin;1;4.36363636363636
51516;Saint-Saturnin;3;4.36363636363636
51517;Saint-Souplet-sur-Py;1;12.724137931034491
51517;Saint-Souplet-sur-Py;4;12.724137931034491
51517;Saint-Souplet-sur-Py;5;21.20689655172415
51517;Saint-Souplet-sur-Py;6;4.24137931034483
51518;Saint-Thierry;1;9.93149485677464
51518;Saint-Thierry;2;10.17969261504161
51518;Saint-Thierry;3;74.03372101106837
51518;Saint-Thierry;4;74.50588427662149
51518;Saint-Thierry;5;38.03769497078862
51518;Saint-Thierry;6;24.05145336834969
51519;Saint-Thomas-en-Argonne;4;12.666666666666659
51520;Saint-Utin;1;5.69230769230769
51520;Saint-Utin;2;11.38461538461538
51520;Saint-Utin;4;11.38461538461538
51520;Saint-Utin;5;11.38461538461538
51520;Saint-Utin;6;11.38461538461538
51521;Saint-Vrain;1;4.66666666666667
51521;Saint-Vrain;2;9.33333333333334
51521;Saint-Vrain;4;28.000000000000018
51521;Saint-Vrain;5;27.99999999999997
51521;Saint-Vrain;6;32.666666666666686
51522;Sapignicourt;2;21.890839150538298
51522;Sapignicourt;3;5.31059107306858
51522;Sapignicourt;4;29.69058746789672
51522;Sapignicourt;5;40.13146819285345
51522;Sapignicourt;6;20.39324158632532
51523;Sarcy;1;16.2127418077996
51523;Sarcy;2;10.0955814731063
51523;Sarcy;3;15.889675706018998
51523;Sarcy;4;47.46868453246035
51523;Sarcy;5;20.51422904799324
51523;Sarcy;6;37.05003695757343
51524;Saron-sur-Aube;1;5.271588093006
51524;Saron-sur-Aube;2;5.271588093006
51524;Saron-sur-Aube;3;10.35934603488173
51524;Saron-sur-Aube;4;48.614414971288376
51524;Saron-sur-Aube;5;54.46430201020149
51524;Saron-sur-Aube;6;38.6428956061353
51525;Sarry;1;20.95149527758585
51525;Sarry;2;59.84883986576153
51525;Sarry;3;135.0558065196123
51525;Sarry;4;250.55503627509347
51525;Sarry;5;245.76406612594795
51525;Sarry;6;108.12053708383485
51526;Saudoy;1;10.0632307912991
51526;Saudoy;2;20.08761233526339
51526;Saudoy;3;10.10238232878204
51526;Saudoy;4;34.71895791361005
51526;Saudoy;5;29.803290347650588
51526;Saudoy;6;39.90537733433399
51527;Savigny-sur-Ardres;2;10.78950813027921
51527;Savigny-sur-Ardres;3;25.95228810543189
51527;Savigny-sur-Ardres;4;16.683431613801282
51527;Savigny-sur-Ardres;5;57.836582699995326
51527;Savigny-sur-Ardres;6;23.57569393408832
51528;Scrupt;1;10.0
51528;Scrupt;4;10.0
51528;Scrupt;5;5.0
51528;Scrupt;6;20.0
51529;Selles;1;9.57066942847052
51529;Selles;2;13.2391773653986
51529;Selles;3;14.8574741666337
51529;Selles;4;35.18281222909025
51529;Selles;5;52.696129371168624
51529;Selles;6;77.13453917294117
51530;Sept-Saulx;1;10.86486579303618
51530;Sept-Saulx;2;58.8558886119194
51530;Sept-Saulx;3;27.439036087577485
51530;Sept-Saulx;4;97.0668086507824
51530;Sept-Saulx;5;86.56186342467078
51530;Sept-Saulx;6;76.24156571045575
51531;Sermaize-les-Bains;1;10.1116843381553
51531;Sermaize-les-Bains;2;75.30068455554338
51531;Sermaize-les-Bains;3;50.01777929312988
51531;Sermaize-les-Bains;4;114.27793677479134
51531;Sermaize-les-Bains;5;149.4330767797884
51531;Sermaize-les-Bains;6;154.80525825953995
51532;Sermiers;1;25.366830306174
51532;Sermiers;2;40.81655476835226
51532;Sermiers;3;46.14913038363683
51532;Sermiers;4;61.49431931441934
51532;Sermiers;5;36.03431079425256
51532;Sermiers;6;45.71939470856401
51533;Servon-Melzicourt;1;6.33333333333333
51533;Servon-Melzicourt;4;12.6666666666667
51533;Servon-Melzicourt;5;6.33333333333333
51533;Servon-Melzicourt;6;25.33333333333336
51534;Serzy-et-Prin;1;10.55
51534;Serzy-et-Prin;2;5.275
51534;Serzy-et-Prin;3;36.925000000000004
51534;Serzy-et-Prin;4;31.650000000000002
51534;Serzy-et-Prin;5;15.825000000000001
51534;Serzy-et-Prin;6;10.55
51535;Sézanne;1;65.6192057557023
51535;Sézanne;2;100.97955558874685
51535;Sézanne;3;156.38433330259565
51535;Sézanne;4;358.32054445647134
51535;Sézanne;5;544.9195390141924
51535;Sézanne;6;539.9588497703076
51536;Sillery;1;19.2585376949441
51536;Sillery;2;65.46190740189711
51536;Sillery;3;167.57074987938807
51536;Sillery;4;295.11111296360656
51536;Sillery;5;154.18300350047116
51536;Sillery;6;158.43509583431097
51537;Sivry-Ante;1;21.45454545454546
51537;Sivry-Ante;2;5.36363636363636
51537;Sivry-Ante;4;21.454545454545418
51537;Sivry-Ante;5;10.72727272727272
51537;Sivry-Ante;6;16.09090909090908
51538;Sogny-aux-Moulins;2;13.32
51538;Sogny-aux-Moulins;3;4.44
51538;Sogny-aux-Moulins;4;4.44
51538;Sogny-aux-Moulins;5;4.44
51538;Sogny-aux-Moulins;6;8.88
51539;Sogny-en-l'Angle;1;5.71428571428571
51539;Sogny-en-l'Angle;3;5.71428571428571
51539;Sogny-en-l'Angle;4;5.71428571428571
51539;Sogny-en-l'Angle;5;5.71428571428571
51539;Sogny-en-l'Angle;6;5.71428571428571
51542;Soizy-aux-Bois;2;13.64285714285715
51542;Soizy-aux-Bois;4;22.73809523809525
51542;Soizy-aux-Bois;5;4.54761904761905
51542;Soizy-aux-Bois;6;59.1190476190477
51543;Somme-Bionne;5;15.923076923076911
51543;Somme-Bionne;6;10.61538461538462
51544;Sommepy-Tahure;1;46.351997459149665
51544;Sommepy-Tahure;3;30.87107860442567
51544;Sommepy-Tahure;4;67.05474315709984
51544;Sommepy-Tahure;5;103.20609431443594
51544;Sommepy-Tahure;6;56.7036358169502
51545;Sommesous;1;19.7646462168639
51545;Sommesous;2;14.5707215314754
51545;Sommesous;3;5.04431614462205
51545;Sommesous;4;43.90469504814144
51545;Sommesous;5;83.82115128998775
51545;Sommesous;6;59.00278036909302
51546;Somme-Suippe;1;40.8651031971922
51546;Somme-Suippe;3;10.18022749115406
51546;Somme-Suippe;4;30.61933333941024
51546;Somme-Suippe;5;71.4057182522544
51546;Somme-Suippe;6;45.809859135204874
51547;Somme-Tourbe;1;9.92857142857142
51547;Somme-Tourbe;3;4.96428571428571
51547;Somme-Tourbe;4;9.92857142857142
51547;Somme-Tourbe;5;34.75000000000002
51547;Somme-Tourbe;6;4.96428571428571
51548;Somme-Vesle;1;20.008742485017
51548;Somme-Vesle;3;20.08230328439399
51548;Somme-Vesle;4;73.93666883172699
51548;Somme-Vesle;5;20.17038173253088
51548;Somme-Vesle;6;24.78450240292155
51549;Somme-Yèvre;1;19.5
51549;Somme-Yèvre;4;9.75
51549;Somme-Yèvre;5;9.75
51549;Somme-Yèvre;6;19.5
51550;Sompuis;2;4.97092550566618
51550;Sompuis;4;62.12159510050732
51550;Sompuis;5;18.07985473672235
51550;Sompuis;6;25.10957904044709
51551;Somsois;1;20.6315789473684
51551;Somsois;3;5.15789473684211
51551;Somsois;4;20.63157894736844
51551;Somsois;5;5.15789473684211
51551;Somsois;6;15.47368421052633
51552;Songy;1;5.18372632482984
51552;Songy;3;5.18372632482984
51552;Songy;4;46.725612291137594
51552;Songy;5;38.2344059519767
51552;Songy;6;44.66860660636628
51553;Souain-Perthes-lès-Hurlus;1;5.375
51553;Souain-Perthes-lès-Hurlus;2;5.375
51553;Souain-Perthes-lès-Hurlus;3;5.375
51553;Souain-Perthes-lès-Hurlus;4;16.125
51553;Souain-Perthes-lès-Hurlus;5;37.625
51553;Souain-Perthes-lès-Hurlus;6;21.5
51555;Soudé;1;14.4375
51555;Soudé;2;14.4375
51555;Soudé;4;14.4375
51555;Soudé;5;14.4375
51555;Soudé;6;9.625
51556;Soudron;1;19.84773483922672
51556;Soudron;2;9.89317118444922
51556;Soudron;3;10.07811054230492
51556;Soudron;4;25.22788691468708
51556;Soudron;5;30.11231808971258
51556;Soudron;6;45.63349707154766
51557;Soulanges;1;4.86542214612287
51557;Soulanges;2;14.958652924418331
51557;Soulanges;3;15.321039410468
51557;Soulanges;4;40.37269351106618
51557;Soulanges;5;47.08425261110205
51557;Soulanges;6;60.76987910699651
51558;Soulières;1;14.100000000000001
51558;Soulières;3;4.7
51558;Soulières;5;14.100000000000001
51558;Soulières;6;28.200000000000003
51559;Suippes;1;20.5548919872
51559;Suippes;2;76.24193042132171
51559;Suippes;3;91.04877340693386
51559;Suippes;4;218.29950555617063
51559;Suippes;5;1045.8560619171303
51559;Suippes;6;399.4178113170297
51560;Suizy-le-Franc;1;4.81818181818182
51560;Suizy-le-Franc;3;9.63636363636364
51560;Suizy-le-Franc;4;14.45454545454546
51560;Suizy-le-Franc;5;19.27272727272728
51560;Suizy-le-Franc;6;14.45454545454546
51562;Taissy;1;44.8439908052431
51562;Taissy;2;59.59874877718567
51562;Taissy;3;178.62117397032935
51562;Taissy;4;219.01638221164544
51562;Taissy;5;159.12020852028797
51562;Taissy;6;144.75402189358434
51563;Talus-Saint-Prix;1;4.63636363636364
51563;Talus-Saint-Prix;2;9.27272727272728
51563;Talus-Saint-Prix;3;9.27272727272728
51563;Talus-Saint-Prix;4;9.27272727272728
51563;Talus-Saint-Prix;5;4.63636363636364
51563;Talus-Saint-Prix;6;18.54545454545456
51564;Val de Livre;1;45.8916972713061
51564;Val de Livre;2;9.467285366590481
51564;Val de Livre;3;34.81088664616528
51564;Val de Livre;4;65.32081250202457
51564;Val de Livre;5;48.7256475662404
51564;Val de Livre;6;80.34182702353534
51565;Thaas;1;20.4
51565;Thaas;3;12.24
51565;Thaas;4;8.16
51565;Thaas;6;4.08
51566;Thibie;1;5.09537881748651
51566;Thibie;2;38.12205366324705
51566;Thibie;3;34.13719139976905
51566;Thibie;4;19.72099496508408
51566;Thibie;5;66.53568460333975
51566;Thibie;6;14.535837766328829
51567;Thiéblemont-Farémont;1;9.38274487935989
51567;Thiéblemont-Farémont;2;4.68016702110814
51567;Thiéblemont-Farémont;3;34.21908350998855
51567;Thiéblemont-Farémont;4;23.758506946488453
51567;Thiéblemont-Farémont;5;62.01002516743035
51567;Thiéblemont-Farémont;6;57.278343376939766
51568;Thil;1;19.871878054547
51568;Thil;2;9.89329223374484
51568;Thil;3;9.89321068504097
51568;Thil;4;49.62264203455162
51568;Thil;5;19.74385635972342
51568;Thil;6;19.81490685330268
51569;Thillois;1;5.13534615153514
51569;Thillois;2;15.441247872572749
51569;Thillois;3;56.65978752404836
51569;Thillois;4;87.1095283740742
51569;Thillois;5;30.58895319782171
51569;Thillois;6;15.42111204217446
51570;Le Thoult-Trosnay;1;5.04761904761905
51570;Le Thoult-Trosnay;2;5.04761904761905
51570;Le Thoult-Trosnay;3;5.04761904761905
51570;Le Thoult-Trosnay;4;10.0952380952381
51570;Le Thoult-Trosnay;6;20.1904761904762
51571;Val-de-Vesle;1;10.53396870183078
51571;Val-de-Vesle;2;10.29020464415334
51571;Val-de-Vesle;3;103.56882029182186
51571;Val-de-Vesle;4;141.44008423265697
51571;Val-de-Vesle;5;99.14881722038437
51571;Val-de-Vesle;6;83.78803147758111
51572;Tilloy-et-Bellay;1;4.75510204081633
51572;Tilloy-et-Bellay;3;9.51020408163266
51572;Tilloy-et-Bellay;4;57.061224489795976
51572;Tilloy-et-Bellay;5;23.775510204081648
51572;Tilloy-et-Bellay;6;28.530612244897988
51573;Tinqueux;1;23.02655757285185
51573;Tinqueux;2;193.79568335939877
51573;Tinqueux;3;681.4739066274113
51573;Tinqueux;4;1250.5124217022822
51573;Tinqueux;5;1290.9810421911407
51573;Tinqueux;6;841.0756274963411
51574;Togny-aux-Bœufs;3;9.85714285714286
51574;Togny-aux-Bœufs;4;14.785714285714288
51574;Togny-aux-Bœufs;5;19.71428571428572
51574;Togny-aux-Bœufs;6;14.785714285714288
51576;Tours-sur-Marne;1;20.275091483732098
51576;Tours-sur-Marne;2;40.55851552279183
51576;Tours-sur-Marne;3;39.72346485771874
51576;Tours-sur-Marne;4;150.94143292124062
51576;Tours-sur-Marne;5;126.06865324923392
51576;Tours-sur-Marne;6;247.94789033722083
51577;Tramery;2;14.25
51577;Tramery;3;23.75
51577;Tramery;4;19.0
51577;Tramery;5;9.5
51577;Tramery;6;14.25
51578;Trécon;1;5.75
51578;Trécon;4;5.75
51578;Trécon;5;17.25
51579;Tréfols;2;5.08571428571429
51579;Tréfols;3;5.08571428571429
51579;Tréfols;4;5.08571428571429
51579;Tréfols;5;30.51428571428574
51579;Tréfols;6;40.68571428571434
51580;Trépail;1;57.0296345927193
51580;Trépail;2;10.20639019227507
51580;Trépail;3;4.98940244055727
51580;Trépail;4;42.07028517720672
51580;Trépail;5;10.408118057707341
51580;Trépail;6;57.26718239919508
51581;Treslon;1;29.0
51581;Treslon;2;17.4
51581;Treslon;3;29.0
51581;Treslon;4;46.4
51581;Treslon;5;17.4
51581;Treslon;6;11.6
51582;Trigny;1;19.07411444827202
51582;Trigny;2;18.94158240879503
51582;Trigny;3;85.66756033493402
51582;Trigny;4;75.96731983340784
51582;Trigny;5;37.95077338059992
51582;Trigny;6;37.62439454323225
51583;Trois-Fontaines-l'Abbaye;1;4.825
51583;Trois-Fontaines-l'Abbaye;2;4.825
51583;Trois-Fontaines-l'Abbaye;3;4.825
51583;Trois-Fontaines-l'Abbaye;4;53.075
51583;Trois-Fontaines-l'Abbaye;5;33.775
51583;Trois-Fontaines-l'Abbaye;6;19.3
51584;Trois-Puits;1;5.06666666666667
51584;Trois-Puits;2;5.06666666666667
51584;Trois-Puits;3;20.26666666666668
51584;Trois-Puits;4;5.06666666666667
51584;Trois-Puits;5;10.13333333333334
51584;Trois-Puits;6;10.13333333333334
51585;Troissy;1;68.6180381997893
51585;Troissy;2;5.10398503839186
51585;Troissy;3;24.32167697792044
51585;Troissy;4;52.35042694928917
51585;Troissy;5;108.47616811804465
51585;Troissy;6;132.09523925914584
51586;Unchair;3;5.16666666666667
51586;Unchair;4;46.49999999999998
51586;Unchair;5;15.49999999999997
51586;Unchair;6;5.16666666666667
51587;Vadenay;1;4.97872340425532
51587;Vadenay;2;9.95744680851064
51587;Vadenay;3;34.85106382978728
51587;Vadenay;4;44.80851063829788
51587;Vadenay;5;19.91489361702128
51588;Valmy;1;5.42055469751593
51588;Valmy;2;6.34103101768177
51588;Valmy;3;6.34103101768177
51588;Valmy;4;24.59995585983544
51588;Valmy;5;17.18214041271363
51588;Valmy;6;60.16057416058669
51589;Vanault-le-Châtel;1;5.6
51589;Vanault-le-Châtel;2;11.2
51589;Vanault-le-Châtel;4;16.799999999999997
51589;Vanault-le-Châtel;5;16.8
51589;Vanault-le-Châtel;6;22.4
51590;Vanault-les-Dames;1;10.1489763822069
51590;Vanault-les-Dames;3;15.062463482894
51590;Vanault-les-Dames;4;5.10571536071294
51590;Vanault-les-Dames;5;55.71999898069068
51590;Vanault-les-Dames;6;65.92901738983221
51591;Vandeuil;1;8.25
51591;Vandeuil;2;4.125
51591;Vandeuil;3;4.125
51591;Vandeuil;4;12.375
51591;Vandeuil;5;12.375
51591;Vandeuil;6;20.625
51592;Vandières;1;57.4705237261572
51592;Vandières;2;4.80809364428276
51592;Vandières;3;4.73044275373537
51592;Vandières;4;19.00195062066055
51592;Vandières;5;19.00067597024902
51592;Vandières;6;34.29065098560932
51594;Vassimont-et-Chapelaine;1;4.84615384615385
51594;Vassimont-et-Chapelaine;4;9.6923076923077
51594;Vassimont-et-Chapelaine;5;4.84615384615385
51594;Vassimont-et-Chapelaine;6;9.6923076923077
51595;Vatry;1;9.375
51595;Vatry;2;32.8125
51595;Vatry;3;9.375
51595;Vatry;4;14.0625
51595;Vatry;5;9.375
51595;Vatry;6;23.4375
51596;Vauchamps;1;5.60656018040947
51596;Vauchamps;2;21.872123307362518
51596;Vauchamps;3;32.36322819525637
51596;Vauchamps;4;43.0342615201451
51596;Vauchamps;5;26.55722862681575
51596;Vauchamps;6;43.376909168044186
51597;Vauciennes;1;50.2612678306844
51597;Vauciennes;2;4.88023025354804
51597;Vauciennes;3;4.88023025354804
51597;Vauciennes;4;34.811064483471924
51597;Vauciennes;5;48.61067548643068
51597;Vauciennes;6;25.84435841871717
51598;Vauclerc;1;4.95357899491882
51598;Vauclerc;2;9.90854034667953
51598;Vauclerc;3;14.69797240488264
51598;Vauclerc;4;49.70682576970293
51598;Vauclerc;5;88.10856002523747
51598;Vauclerc;6;54.09843707062078
51599;Vaudemange;1;19.20167284711258
51599;Vaudemange;3;14.92078798433
51599;Vaudemange;4;62.71492235517874
51599;Vaudemange;5;28.90694171500818
51599;Vaudemange;6;52.63421550870438
51600;Vaudesincourt;2;5.61111111111111
51600;Vaudesincourt;4;16.83333333333333
51600;Vaudesincourt;5;16.83333333333333
51600;Vaudesincourt;6;5.61111111111111
51601;Vavray-le-Grand;1;9.64705882352942
51601;Vavray-le-Grand;2;4.82352941176471
51601;Vavray-le-Grand;3;4.82352941176471
51601;Vavray-le-Grand;4;14.47058823529413
51601;Vavray-le-Grand;5;9.64705882352942
51601;Vavray-le-Grand;6;9.64705882352942
51602;Vavray-le-Petit;3;11.45454545454546
51602;Vavray-le-Petit;5;17.18181818181819
51602;Vavray-le-Petit;6;11.45454545454546
51603;Vélye;3;15.34090909090908
51603;Vélye;4;30.68181818181818
51603;Vélye;5;30.68181818181818
51603;Vélye;6;51.1363636363636
51604;Ventelay;2;10.1953159093024
51604;Ventelay;3;34.71786648288848
51604;Ventelay;4;35.20082463115544
51604;Ventelay;5;34.54785324873012
51604;Ventelay;6;19.90236361761464
51605;Venteuil;1;58.351258514638204
51605;Venteuil;2;6.2319124378431
51605;Venteuil;3;15.63628040640098
51605;Venteuil;4;56.8469346892273
51605;Venteuil;5;36.16933794413089
51605;Venteuil;6;69.81142608180599
51607;Verdon;1;4.42222222222222
51607;Verdon;2;4.42222222222222
51607;Verdon;3;4.42222222222222
51607;Verdon;4;26.533333333333317
51607;Verdon;5;17.68888888888888
51607;Verdon;6;44.222222222222236
51608;Vernancourt;1;4.88235294117647
51608;Vernancourt;3;4.88235294117647
51608;Vernancourt;4;4.88235294117647
51608;Vernancourt;5;4.88235294117647
51608;Vernancourt;6;14.64705882352941
51609;Verneuil;1;94.0352778437989
51609;Verneuil;2;25.01433591279838
51609;Verneuil;3;45.41144812765621
51609;Verneuil;4;65.79859903964149
51609;Verneuil;5;49.39409079034561
51609;Verneuil;6;89.67887934959363
51610;Verrières;1;5.30438468736682
51610;Verrières;3;4.60270760688354
51610;Verrières;4;81.57444253784243
51610;Verrières;5;30.857477136563098
51610;Verrières;6;72.12398968027792
51611;Vert-Toulon;1;24.0842245725656
51611;Vert-Toulon;2;9.64445332929554
51611;Vert-Toulon;3;9.61217004344006
51611;Vert-Toulon;4;43.346216463542206
51611;Vert-Toulon;5;24.07883199328112
51611;Vert-Toulon;6;33.75022417814133
51612;Blancs-Coteaux;1;222.5760468534649
51612;Blancs-Coteaux;2;68.1422542970521
51612;Blancs-Coteaux;3;120.3834894097284
51612;Blancs-Coteaux;4;218.3418608461862
51612;Blancs-Coteaux;5;417.09964529099204
51612;Blancs-Coteaux;6;400.1151726778919
51613;Verzenay;1;82.63261423094829
51613;Verzenay;2;24.33411173971475
51613;Verzenay;3;88.2999561174003
51613;Verzenay;4;139.14503057317938
51613;Verzenay;5;83.6413503548828
51613;Verzenay;6;98.38704873315872
51614;Verzy;1;68.17696113386758
51614;Verzy;2;23.96638441999682
51614;Verzy;3;83.27678384832657
51614;Verzy;4;131.85626594174718
51614;Verzy;5;88.31556372851793
51614;Verzy;6;108.69817670764759
51616;Vésigneul-sur-Marne;1;4.95862669618804
51616;Vésigneul-sur-Marne;2;9.91725339237608
51616;Vésigneul-sur-Marne;3;20.77996242703325
51616;Vésigneul-sur-Marne;4;47.24140080978434
51616;Vésigneul-sur-Marne;5;25.98320755048294
51616;Vésigneul-sur-Marne;6;9.91725339237608
51617;La Veuve;1;10.1847751126171
51617;La Veuve;2;20.285380026222718
51617;La Veuve;3;35.64653465053981
51617;La Veuve;4;127.39616204875723
51617;La Veuve;5;76.42948387074235
51617;La Veuve;6;30.59676260141945
51618;Le Vézier;1;15.16216216216215
51618;Le Vézier;2;10.1081081081081
51618;Le Vézier;3;5.05405405405405
51618;Le Vézier;4;10.1081081081081
51618;Le Vézier;5;20.2162162162162
51618;Le Vézier;6;20.2162162162162
51619;Le Vieil-Dampierre;3;4.23076923076923
51619;Le Vieil-Dampierre;4;8.46153846153846
51619;Le Vieil-Dampierre;5;16.92307692307693
51619;Le Vieil-Dampierre;6;12.69230769230769
51620;Vienne-la-Ville;2;5.35483870967742
51620;Vienne-la-Ville;3;5.35483870967742
51620;Vienne-la-Ville;4;5.35483870967742
51620;Vienne-la-Ville;5;10.7096774193548
51620;Vienne-la-Ville;6;26.77419354838714
51621;Vienne-le-Château;2;5.07254077050551
51621;Vienne-le-Château;3;10.14508154101102
51621;Vienne-le-Château;4;45.48815779047362
51621;Vienne-le-Château;5;30.319088617613588
51621;Vienne-le-Château;6;80.90212275876576
51622;Ville-Dommange;1;26.5192136338512
51622;Ville-Dommange;2;5.17378750795367
51622;Ville-Dommange;3;47.27505278132824
51622;Ville-Dommange;4;52.44750113648831
51622;Ville-Dommange;5;36.62868557289828
51622;Ville-Dommange;6;26.222418925949878
51623;Ville-en-Selve;1;4.45857343168427
51623;Ville-en-Selve;2;8.83346173095867
51623;Ville-en-Selve;3;57.29706505260664
51623;Ville-en-Selve;4;31.34906019778895
51623;Ville-en-Selve;5;27.3092373501938
51623;Ville-en-Selve;6;8.77807947684072
51624;Ville-en-Tardenois;1;9.750566531736531
51624;Ville-en-Tardenois;2;28.83212567467671
51624;Ville-en-Tardenois;3;14.81914119848232
51624;Ville-en-Tardenois;4;88.7675503096762
51624;Ville-en-Tardenois;5;112.83461564535055
51624;Ville-en-Tardenois;6;53.70834226832754
51625;Villeneuve-la-Lionne;1;10.40289411091506
51625;Villeneuve-la-Lionne;2;14.98850144748614
51625;Villeneuve-la-Lionne;3;15.60434116637259
51625;Villeneuve-la-Lionne;4;30.83433941811596
51625;Villeneuve-la-Lionne;5;29.719760428527742
51625;Villeneuve-la-Lionne;6;34.73402826109101
51626;La Villeneuve-lès-Charleville;2;4.8
51626;La Villeneuve-lès-Charleville;3;4.8
51626;La Villeneuve-lès-Charleville;4;14.399999999999999
51626;La Villeneuve-lès-Charleville;5;9.6
51626;La Villeneuve-lès-Charleville;6;48.0
51627;Villeneuve-Renneville-Chevigny;1;30.0517954616847
51627;Villeneuve-Renneville-Chevigny;2;4.97418984648468
51627;Villeneuve-Renneville-Chevigny;3;10.01747698343383
51627;Villeneuve-Renneville-Chevigny;4;9.994338557334459
51627;Villeneuve-Renneville-Chevigny;5;34.88821438631826
51627;Villeneuve-Renneville-Chevigny;6;59.94278773371374
51628;Villeneuve-Saint-Vistre-et-Villevotte;1;10.5217391304348
51628;Villeneuve-Saint-Vistre-et-Villevotte;2;5.26086956521739
51628;Villeneuve-Saint-Vistre-et-Villevotte;5;10.5217391304348
51628;Villeneuve-Saint-Vistre-et-Villevotte;6;10.5217391304348
51629;Villers-Allerand;1;25.9234207089848
51629;Villers-Allerand;2;46.10751487208229
51629;Villers-Allerand;3;138.1175539654003
51629;Villers-Allerand;4;138.58241223129602
51629;Villers-Allerand;5;51.480246841760135
51629;Villers-Allerand;6;51.167529143550865
51630;Villers-aux-Bois;1;4.64825518887042
51630;Villers-aux-Bois;2;9.29651074532947
51630;Villers-aux-Bois;3;23.238662375943232
51630;Villers-aux-Bois;4;27.89214617198591
51630;Villers-aux-Bois;5;51.129503785048826
51630;Villers-aux-Bois;6;55.77514540561376
51631;Villers-aux-Nœuds;1;5.08332062971059
51631;Villers-aux-Nœuds;2;5.08332062971059
51631;Villers-aux-Nœuds;3;33.49226487082779
51631;Villers-aux-Nœuds;4;52.51099261209909
51631;Villers-aux-Nœuds;5;29.730910947956453
51631;Villers-aux-Nœuds;6;19.758375878429128
51632;Villers-en-Argonne;1;5.19438139545617
51632;Villers-en-Argonne;2;5.68323444404746
51632;Villers-en-Argonne;3;5.43331273369901
51632;Villers-en-Argonne;4;23.00585130179538
51632;Villers-en-Argonne;5;17.061199239770907
51632;Villers-en-Argonne;6;27.68889336892612
51633;Villers-Franqueux;1;14.6501027121802
51633;Villers-Franqueux;2;9.62999818423644
51633;Villers-Franqueux;3;14.46699840819674
51633;Villers-Franqueux;4;33.352986439699244
51633;Villers-Franqueux;5;23.58250950879484
51633;Villers-Franqueux;6;19.28143610198852
51634;Villers-le-Château;1;15.0998335499235
51634;Villers-le-Château;3;15.57533448727304
51634;Villers-le-Château;4;30.19966709984704
51634;Villers-le-Château;5;48.6331368034975
51634;Villers-le-Château;6;19.992230899374338
51635;Villers-le-Sec;2;4.69565217391304
51635;Villers-le-Sec;3;4.69565217391304
51635;Villers-le-Sec;4;9.39130434782608
51635;Villers-le-Sec;5;9.39130434782608
51635;Villers-le-Sec;6;14.086956521739122
51636;Villers-Marmery;1;40.0518882186042
51636;Villers-Marmery;2;28.79906289499495
51636;Villers-Marmery;3;17.10027922708646
51636;Villers-Marmery;4;85.81016509852354
51636;Villers-Marmery;5;16.95543663355261
51636;Villers-Marmery;6;104.23291442427349
51638;Villeseneux;1;10.1
51638;Villeseneux;3;15.149999999999999
51638;Villeseneux;4;10.1
51638;Villeseneux;5;30.3
51638;Villeseneux;6;30.3
51639;La Ville-sous-Orbais;3;4.0
51639;La Ville-sous-Orbais;4;8.0
51639;La Ville-sous-Orbais;6;12.0
51640;Ville-sur-Tourbe;2;5.77221896423184
51640;Ville-sur-Tourbe;4;5.37234506948091
51640;Ville-sur-Tourbe;5;36.57108377254642
51640;Ville-sur-Tourbe;6;27.00037569204765
51641;Villevenard;1;21.7777777777778
51641;Villevenard;3;5.44444444444444
51641;Villevenard;4;5.44444444444444
51641;Villevenard;5;16.33333333333334
51641;Villevenard;6;43.55555555555552
51642;Villiers-aux-Corneilles;1;4.4
51642;Villiers-aux-Corneilles;2;4.4
51642;Villiers-aux-Corneilles;4;22.0
51642;Villiers-aux-Corneilles;5;22.0
51643;Vinay;1;24.71082789595826
51643;Vinay;2;18.48649859375755
51643;Vinay;3;34.52070791749574
51643;Vinay;4;48.47893401172933
51643;Vinay;5;70.03777621320182
51643;Vinay;6;72.66439564326481
51644;Vincelles;1;24.49511469066168
51644;Vincelles;2;9.79804587626468
51644;Vincelles;3;29.51528249325042
51644;Vincelles;4;15.15587853984832
51644;Vincelles;5;35.67227495744778
51644;Vincelles;6;64.72874772524685
51645;Vindey;1;5.14285714285714
51645;Vindey;5;15.42857142857142
51645;Vindey;6;25.71428571428572
51646;Virginy;1;5.125
51646;Virginy;3;5.125
51646;Virginy;4;5.125
51646;Virginy;5;15.375
51646;Virginy;6;5.125
51647;Vitry-en-Perthois;1;14.8211248731139
51647;Vitry-en-Perthois;2;29.06745364313539
51647;Vitry-en-Perthois;3;48.1532651232352
51647;Vitry-en-Perthois;4;101.58598083256643
51647;Vitry-en-Perthois;5;87.8416516202455
51647;Vitry-en-Perthois;6;67.42845315577908
51648;Vitry-la-Ville;1;5.18823352374749
51648;Vitry-la-Ville;2;19.87769569515829
51648;Vitry-la-Ville;3;15.56470057124247
51648;Vitry-la-Ville;4;62.230073353666256
51648;Vitry-la-Ville;5;44.44606394990544
51648;Vitry-la-Ville;6;14.86943409864216
51649;Vitry-le-François;1;7.26205950609301
51649;Vitry-le-François;2;220.2485765073665
51649;Vitry-le-François;3;248.19909487812816
51649;Vitry-le-François;4;701.6655664714099
51649;Vitry-le-François;5;1159.0891402204484
51649;Vitry-le-François;6;1246.2427937563423
51650;Voilemont;4;10.44444444444444
51650;Voilemont;5;5.22222222222222
51650;Voilemont;6;10.44444444444444
51652;Vouarces;1;4.91666666666667
51652;Vouarces;3;4.91666666666667
51652;Vouarces;6;9.83333333333334
51654;Vouillers;2;4.74074074074074
51654;Vouillers;4;23.70370370370368
51654;Vouillers;5;42.66666666666666
51654;Vouillers;6;52.14814814814818
51655;Vouzy;1;9.93494603791408
51655;Vouzy;2;14.8231778914476
51655;Vouzy;3;4.96747301895704
51655;Vouzy;4;34.0386476511071
51655;Vouzy;5;44.06230368667145
51655;Vouzy;6;39.17143399850468
51656;Vraux;1;5.21029126033707
51656;Vraux;2;21.1022432361518
51656;Vraux;3;36.64609124866074
51656;Vraux;4;26.16754498866223
51656;Vraux;5;94.13302335323158
51656;Vraux;6;57.660987188950386
51657;Vrigny;1;32.086956521739
51657;Vrigny;2;10.69565217391304
51657;Vrigny;3;26.73913043478256
51657;Vrigny;4;21.39130434782608
51657;Vrigny;5;21.39130434782604
51657;Vrigny;6;16.0434782608696
51658;Vroil;3;4.72727272727273
51658;Vroil;4;9.45454545454546
51658;Vroil;5;14.18181818181819
51658;Vroil;6;14.18181818181819
51659;Wargemoulin-Hurlus;1;5.22222222222222
51659;Wargemoulin-Hurlus;2;10.4444444444444
51659;Wargemoulin-Hurlus;4;5.22222222222222
51659;Wargemoulin-Hurlus;5;5.22222222222222
51660;Warmeriville;2;92.7543169840968
51660;Warmeriville;3;180.35249110282777
51660;Warmeriville;4;360.703222435315
51660;Warmeriville;5;309.1576122122703
51660;Warmeriville;6;262.78045364509546
51662;Witry-lès-Reims;1;10.1196246473835
51662;Witry-lès-Reims;2;155.33830794519147
51662;Witry-lès-Reims;3;430.059154642043
51662;Witry-lès-Reims;4;649.2214802400476
51662;Witry-lès-Reims;5;577.187195452509
51662;Witry-lès-Reims;6;364.7874536175354
51663;Magenta;1;14.881193831448929
51663;Magenta;2;24.576624322477258
51663;Magenta;3;99.02133017160092
51663;Magenta;4;217.5493434071489
51663;Magenta;5;212.58436207961543
51663;Magenta;6;186.98955915510098
52001;Ageville;2;21.63937885220661
52001;Ageville;3;16.03417755582344
52001;Ageville;4;32.59943126886447
52001;Ageville;5;16.29462554190434
52001;Ageville;6;59.17123948043496
52002;Aigremont;1;0.0
52002;Aigremont;2;0.0
52002;Aigremont;3;0.0
52002;Aigremont;4;0.0
52002;Aigremont;5;0.0
52002;Aigremont;6;0.0
52003;Aillianville;2;4.64516129032258
52003;Aillianville;4;9.29032258064516
52003;Aillianville;5;9.29032258064516
52003;Aillianville;6;37.1612903225806
52004;Aingoulaincourt;1;2.5
52004;Aingoulaincourt;5;2.5
52005;Aizanville;5;6.0
52005;Aizanville;6;6.0
52006;Allichamps;3;14.6464730008263
52006;Allichamps;4;34.47673768786717
52006;Allichamps;5;34.27052441118188
52006;Allichamps;6;43.41820957709924
52007;Ambonville;1;16.5
52007;Ambonville;4;5.5
52007;Ambonville;5;5.5
52007;Ambonville;6;11.0
52008;Andelot-Blancheville;1;30.5131682514723
52008;Andelot-Blancheville;2;10.25643307441756
52008;Andelot-Blancheville;3;30.64040294554084
52008;Andelot-Blancheville;4;70.76712208545788
52008;Andelot-Blancheville;5;112.16891756677019
52008;Andelot-Blancheville;6;81.4825373713049
52009;Andilly-en-Bassigny;1;10.5
52009;Andilly-en-Bassigny;2;5.25
52009;Andilly-en-Bassigny;4;5.25
52009;Andilly-en-Bassigny;6;10.5
52011;Annéville-la-Prairie;2;4.7
52011;Annéville-la-Prairie;3;9.4
52011;Annéville-la-Prairie;4;18.8
52011;Annéville-la-Prairie;6;4.7
52012;Annonville;5;4.14285714285714
52012;Annonville;6;8.28571428571428
52013;Anrosey;1;4.55555555555556
52013;Anrosey;4;18.22222222222224
52013;Anrosey;5;13.6666666666667
52013;Anrosey;6;13.666666666666679
52014;Aprey;1;10.32432432432432
52014;Aprey;2;15.48648648648646
52014;Aprey;3;5.16216216216216
52014;Aprey;4;20.648648648648617
52014;Aprey;5;25.81081081081082
52014;Aprey;6;25.81081081081082
52015;Arbigny-sous-Varennes;1;9.33333333333334
52015;Arbigny-sous-Varennes;2;4.66666666666667
52015;Arbigny-sous-Varennes;5;4.66666666666667
52015;Arbigny-sous-Varennes;6;9.33333333333334
52016;Arbot;1;11.1666666666667
52016;Arbot;3;5.58333333333333
52016;Arbot;4;5.58333333333333
52016;Arbot;6;5.58333333333333
52017;Arc-en-Barrois;1;5.16668174264402
52017;Arc-en-Barrois;2;31.81238011913357
52017;Arc-en-Barrois;3;15.867659473184851
52017;Arc-en-Barrois;4;63.84133814775845
52017;Arc-en-Barrois;5;110.85908122794208
52017;Arc-en-Barrois;6;69.00909230924378
52019;Arnancourt;2;4.3
52019;Arnancourt;4;25.799999999999997
52019;Arnancourt;5;8.6
52019;Arnancourt;6;4.3
52021;Attancourt;1;10.16507208243068
52021;Attancourt;2;9.50955100211238
52021;Attancourt;3;5.80739502600403
52021;Attancourt;4;33.01907743692464
52021;Attancourt;5;23.48838994491544
52021;Attancourt;6;26.76936553997077
52022;Aubepierre-sur-Aube;2;4.97297297297297
52022;Aubepierre-sur-Aube;4;4.97297297297297
52022;Aubepierre-sur-Aube;5;24.86486486486485
52022;Aubepierre-sur-Aube;6;24.86486486486485
52023;Auberive;2;4.9075334943993
52023;Auberive;3;14.722600483197901
52023;Auberive;5;24.31166264001758
52023;Auberive;6;29.4452009663958
52025;Audeloncourt;1;6.0
52025;Audeloncourt;4;12.0
52027;Aujeurres;1;3.83333333333333
52027;Aujeurres;3;3.83333333333333
52027;Aujeurres;4;3.83333333333333
52027;Aujeurres;5;3.83333333333333
52027;Aujeurres;6;3.83333333333333
52028;Aulnoy-sur-Aube;1;6.11111111111111
52028;Aulnoy-sur-Aube;2;6.11111111111111
52028;Aulnoy-sur-Aube;4;6.11111111111111
52028;Aulnoy-sur-Aube;5;18.33333333333331
52028;Aulnoy-sur-Aube;6;12.22222222222222
52029;Autigny-le-Grand;2;5.03846153846154
52029;Autigny-le-Grand;3;10.07692307692308
52029;Autigny-le-Grand;4;5.03846153846154
52029;Autigny-le-Grand;5;5.03846153846154
52029;Autigny-le-Grand;6;15.11538461538462
52030;Autigny-le-Petit;2;8.15384615384616
52030;Autigny-le-Petit;5;8.15384615384616
52031;Autreville-sur-la-Renne;2;24.02009974383547
52031;Autreville-sur-la-Renne;3;4.60371835774645
52031;Autreville-sur-la-Renne;4;60.15899371902675
52031;Autreville-sur-la-Renne;5;53.816635672206175
52031;Autreville-sur-la-Renne;6;25.03486649757916
52033;Avrecourt;1;4.54166666666667
52033;Avrecourt;2;4.54166666666667
52033;Avrecourt;3;4.54166666666667
52033;Avrecourt;4;9.08333333333334
52033;Avrecourt;5;18.16666666666668
52033;Avrecourt;6;13.625000000000009
52034;Bailly-aux-Forges;4;25.740740740740698
52034;Bailly-aux-Forges;5;10.2962962962963
52034;Bailly-aux-Forges;6;30.888888888888896
52035;Baissey;4;9.31578947368422
52035;Baissey;5;18.63157894736844
52035;Baissey;6;37.26315789473688
52037;Bannes;2;10.16631074764509
52037;Bannes;3;15.2431500560577
52037;Bannes;4;30.49894797806357
52037;Bannes;5;35.57575582601376
52037;Bannes;6;45.78004160259563
52038;Bassoncourt;4;4.84615384615385
52038;Bassoncourt;6;14.53846153846155
52039;Baudrecourt;1;12.28571428571428
52039;Baudrecourt;6;6.14285714285714
52040;Bay-sur-Aube;2;10.8888888888889
52040;Bay-sur-Aube;4;10.88888888888888
52040;Bay-sur-Aube;5;5.44444444444444
52042;Beauchemin;1;14.34782608695651
52042;Beauchemin;2;4.78260869565217
52042;Beauchemin;5;19.13043478260868
52042;Beauchemin;6;9.56521739130434
52043;Belmont;2;5.66666666666667
52043;Belmont;5;11.3333333333333
52044;Roches-Bettaincourt;2;9.93490486409967
52044;Roches-Bettaincourt;3;14.631614857658729
52044;Roches-Bettaincourt;4;39.0820865937647
52044;Roches-Bettaincourt;5;49.35320296076898
52044;Roches-Bettaincourt;6;89.01372707510959
52045;Bettancourt-la-Ferrée;1;4.93966508332413
52045;Bettancourt-la-Ferrée;2;54.71760618513178
52045;Bettancourt-la-Ferrée;3;60.06845405027026
52045;Bettancourt-la-Ferrée;4;154.5670188251047
52045;Bettancourt-la-Ferrée;5;164.94529772019845
52045;Bettancourt-la-Ferrée;6;75.12189112549581
52047;Beurville;1;5.36842105263158
52047;Beurville;2;5.36842105263158
52047;Beurville;4;5.36842105263158
52047;Beurville;5;5.36842105263158
52047;Beurville;6;10.73684210526316
52050;Biesles;1;9.65281642384177
52050;Biesles;2;33.80756879618381
52050;Biesles;3;19.84919061067303
52050;Biesles;4;126.05665187733946
52050;Biesles;5;175.02429181666096
52050;Biesles;6;243.0543694568376
52051;Bize;1;0.0
52051;Bize;2;0.0
52051;Bize;3;0.0
52051;Bize;4;0.0
52051;Bize;5;0.0
52051;Bize;6;0.0
52053;Blaisy;1;5.15384615384615
52053;Blaisy;2;5.15384615384615
52053;Blaisy;4;15.4615384615384
52053;Blaisy;5;5.15384615384615
52055;Blécourt;2;5.60064023616565
52055;Blécourt;4;22.4025609446626
52055;Blécourt;5;16.80192070849695
52055;Blécourt;6;5.60064023616565
52056;Blessonville;1;9.72972972972972
52056;Blessonville;4;14.594594594594579
52056;Blessonville;5;34.054054054054035
52056;Blessonville;6;24.32432432432432
52057;Blumeray;2;4.59090909090909
52057;Blumeray;3;4.59090909090909
52057;Blumeray;4;4.59090909090909
52057;Blumeray;5;27.54545454545454
52057;Blumeray;6;18.36363636363636
52058;Bologne;2;20.009942960500908
52058;Bologne;3;39.91403006565894
52058;Bologne;4;239.43357649774129
52058;Bologne;5;219.36476067921677
52058;Bologne;6;274.62752336814003
52059;Bonnecourt;2;5.10718923705258
52059;Bonnecourt;4;5.10718923705258
52059;Bonnecourt;5;10.21437847410516
52059;Bonnecourt;6;35.750324659368104
52060;Bourbonne-les-Bains;1;24.91358358268143
52060;Bourbonne-les-Bains;2;64.83990420982921
52060;Bourbonne-les-Bains;3;29.83943568407053
52060;Bourbonne-les-Bains;4;99.76254858380653
52060;Bourbonne-les-Bains;5;209.39635450655226
52060;Bourbonne-les-Bains;6;124.75498848031413
52061;Bourdons-sur-Rognon;1;5.16476463383965
52061;Bourdons-sur-Rognon;3;5.18963321342916
52061;Bourdons-sur-Rognon;4;25.97315439009143
52061;Bourdons-sur-Rognon;5;20.634785806265
52061;Bourdons-sur-Rognon;6;31.063313285162508
52062;Bourg;3;10.6
52062;Bourg;4;15.899999999999999
52062;Bourg;5;26.5
52062;Bourg;6;53.0
52063;Bourg-Sainte-Marie;1;10.0
52063;Bourg-Sainte-Marie;4;15.0
52063;Bourg-Sainte-Marie;6;5.0
52064;Bourmont-entre-Meuse-et-Mouzon;1;19.92236535206186
52064;Bourmont-entre-Meuse-et-Mouzon;2;19.152417849955178
52064;Bourmont-entre-Meuse-et-Mouzon;3;24.87332426391724
52064;Bourmont-entre-Meuse-et-Mouzon;4;53.02177325340631
52064;Bourmont-entre-Meuse-et-Mouzon;5;92.59602506276774
52064;Bourmont-entre-Meuse-et-Mouzon;6;78.29875745825092
52065;Bouzancourt;1;4.25
52065;Bouzancourt;2;4.25
52065;Bouzancourt;3;4.25
52065;Bouzancourt;4;4.25
52065;Bouzancourt;5;8.5
52065;Bouzancourt;6;4.25
52066;Brachay;1;4.71428571428571
52066;Brachay;5;9.42857142857142
52066;Brachay;6;9.42857142857142
52067;Brainville-sur-Meuse;1;4.3125
52067;Brainville-sur-Meuse;2;4.3125
52067;Brainville-sur-Meuse;4;8.625
52067;Brainville-sur-Meuse;5;4.3125
52067;Brainville-sur-Meuse;6;12.9375
52069;Braux-le-Châtel;1;16.5
52069;Braux-le-Châtel;3;11.0
52069;Braux-le-Châtel;5;16.5
52069;Braux-le-Châtel;6;11.0
52070;Brennes;2;4.95833333333333
52070;Brennes;4;14.874999999999991
52070;Brennes;5;19.8333333333333
52070;Brennes;6;19.83333333333332
52072;Brethenay;1;5.03530940880324
52072;Brethenay;2;15.071258874789649
52072;Brethenay;3;15.10592822640972
52072;Brethenay;4;25.1941230257585
52072;Brethenay;5;40.2652009990354
52072;Brethenay;6;30.21209786290774
52074;Breuvannes-en-Bassigny;1;18.88676880347987
52074;Breuvannes-en-Bassigny;2;14.189051111496969
52074;Breuvannes-en-Bassigny;3;9.44338440173994
52074;Breuvannes-en-Bassigny;4;47.21692572137251
52074;Breuvannes-en-Bassigny;5;33.08436926890087
52074;Breuvannes-en-Bassigny;6;152.84159630584097
52075;Briaucourt;2;5.40625
52075;Briaucourt;3;5.40625
52075;Briaucourt;4;27.03125
52075;Briaucourt;5;27.03125
52075;Briaucourt;6;5.40625
52076;Bricon;1;9.888053364878541
52076;Bricon;2;9.439238486069481
52076;Bricon;3;25.57841131024837
52076;Bricon;4;34.74433622448621
52076;Bricon;5;60.11496465671135
52076;Bricon;6;50.17331313022715
52079;Brousseval;4;39.91141223118809
52079;Brousseval;5;100.70894459679454
52079;Brousseval;6;80.2632452992801
52082;Bugnières;1;15.0
52082;Bugnières;2;5.0
52082;Bugnières;3;5.0
52082;Bugnières;4;10.0
52082;Bugnières;5;20.0
52082;Bugnières;6;10.0
52083;Champsevraine;2;10.1735482064203
52083;Champsevraine;3;35.18990838110546
52083;Champsevraine;4;50.61728272371591
52083;Champsevraine;5;70.28927358877772
52083;Champsevraine;6;91.40069652251053
52084;Busson;5;6.14285714285714
52084;Busson;6;6.14285714285714
52085;Buxières-lès-Clefmont;1;8.66666666666667
52085;Buxières-lès-Clefmont;6;17.33333333333334
52087;Buxières-lès-Villiers;2;8.60161946375108
52087;Buxières-lès-Villiers;3;17.20323892750216
52087;Buxières-lès-Villiers;4;21.50404865937768
52087;Buxières-lès-Villiers;5;28.42550592520309
52087;Buxières-lès-Villiers;6;30.10566812312876
52088;Ceffonds;1;15.0122229186158
52088;Ceffonds;2;35.22234210388632
52088;Ceffonds;3;15.11949892425201
52088;Ceffonds;4;60.293766718495846
52088;Ceffonds;5;95.68501263684439
52088;Ceffonds;6;55.41755738268187
52089;Celles-en-Bassigny;3;5.07142857142857
52089;Celles-en-Bassigny;4;10.14285714285714
52089;Celles-en-Bassigny;5;5.07142857142857
52089;Celles-en-Bassigny;6;5.07142857142857
52090;Celsoy;4;10.10526315789474
52090;Celsoy;5;20.21052631578948
52090;Celsoy;6;10.10526315789474
52091;Cerisières;4;10.0
52091;Cerisières;5;5.0
52091;Cerisières;6;5.0
52092;Chalancey;3;5.04545454545455
52092;Chalancey;4;35.318181818181856
52092;Chalancey;6;10.0909090909091
52093;Chalindrey;1;5.21835516182539
52093;Chalindrey;2;25.00581491881995
52093;Chalindrey;3;55.23695043133851
52093;Chalindrey;4;139.53971505211769
52093;Chalindrey;5;226.28263016689658
52093;Chalindrey;6;394.63535135256075
52094;Vals-des-Tilles;1;10.0555555555556
52094;Vals-des-Tilles;2;5.02777777777778
52094;Vals-des-Tilles;3;5.02777777777778
52094;Vals-des-Tilles;5;25.1388888888889
52094;Vals-des-Tilles;6;20.11111111111112
52095;Chalvraines;2;14.34311745160431
52095;Chalvraines;3;8.958549359149341
52095;Chalvraines;5;18.93281379570493
52095;Chalvraines;6;37.51623159934774
52097;Chambroncourt;1;4.08333333333333
52097;Chambroncourt;4;4.08333333333333
52097;Chambroncourt;5;8.16666666666666
52097;Chambroncourt;6;8.16666666666666
52099;Chamouilley;2;21.12645737085825
52099;Chamouilley;3;15.63060110041661
52099;Chamouilley;4;77.05131043970432
52099;Chamouilley;5;82.86528857597077
52099;Chamouilley;6;147.33630007277728
52101;Champigneulles-en-Bassigny;5;11.42857142857144
52101;Champigneulles-en-Bassigny;6;11.42857142857144
52102;Champigny-lès-Langres;1;4.88898249004664
52102;Champigny-lès-Langres;2;19.76664299677811
52102;Champigny-lès-Langres;3;19.76965591891674
52102;Champigny-lès-Langres;4;73.90978652540483
52102;Champigny-lès-Langres;5;9.98968708790613
52102;Champigny-lès-Langres;6;40.25397144916478
52103;Champigny-sous-Varennes;1;11.45454545454546
52103;Champigny-sous-Varennes;2;5.72727272727273
52103;Champigny-sous-Varennes;3;5.72727272727273
52103;Champigny-sous-Varennes;4;11.45454545454546
52103;Champigny-sous-Varennes;5;5.72727272727273
52103;Champigny-sous-Varennes;6;5.72727272727273
52104;Chancenay;2;24.54059888351737
52104;Chancenay;3;63.71828171401952
52104;Chancenay;4;112.55001630718283
52104;Chancenay;5;148.63460381215427
52104;Chancenay;6;59.387441569341775
52105;Changey;1;11.12883367214246
52105;Changey;2;5.56441683607123
52105;Changey;3;14.98059103836799
52105;Changey;4;30.78731948508498
52105;Changey;5;20.857399526842222
52105;Changey;6;32.84386352936751
52106;Chanoy;5;19.68
52106;Chanoy;6;29.52
52107;Chantraines;4;33.0
52107;Chantraines;5;38.5
52107;Chantraines;6;44.0
52108;Charmes;2;5.28571428571429
52108;Charmes;4;37.00000000000008
52108;Charmes;5;10.57142857142858
52108;Charmes;6;21.14285714285716
52109;Charmes-en-l'Angle;4;6.0
52110;Charmes-la-Grande;1;4.38888888888889
52110;Charmes-la-Grande;2;4.38888888888889
52110;Charmes-la-Grande;4;4.38888888888889
52110;Charmes-la-Grande;5;8.77777777777778
52110;Charmes-la-Grande;6;17.55555555555556
52113;Chassigny;1;5.99699733683307
52113;Chassigny;2;10.19063233533547
52113;Chassigny;3;5.61740763328377
52113;Chassigny;4;30.659071649482073
52113;Chassigny;5;27.06688198306536
52113;Chassigny;6;20.49246606202518
52114;Châteauvillain;1;15.4129950169945
52114;Châteauvillain;2;54.61595747044123
52114;Châteauvillain;3;36.47675466840241
52114;Châteauvillain;4;102.94156422069815
52114;Châteauvillain;5;272.0059111870035
52114;Châteauvillain;6;199.57615674554592
52115;Chatenay-Mâcheron;4;9.6
52115;Chatenay-Mâcheron;5;9.6
52115;Chatenay-Mâcheron;6;14.399999999999999
52116;Chatenay-Vaudin;1;3.61538461538462
52116;Chatenay-Vaudin;4;3.61538461538462
52116;Chatenay-Vaudin;5;3.61538461538462
52116;Chatenay-Vaudin;6;10.84615384615386
52118;Chatonrupt-Sommermont;2;4.64439510307722
52118;Chatonrupt-Sommermont;3;5.0750482314757
52118;Chatonrupt-Sommermont;4;38.89688303796701
52118;Chatonrupt-Sommermont;5;14.78494609996978
52118;Chatonrupt-Sommermont;6;53.71089828018535
52119;Chaudenay;1;4.75825699960016
52119;Chaudenay;2;14.353093858385972
52119;Chaudenay;3;9.59483685878581
52119;Chaudenay;4;38.06986104324663
52119;Chaudenay;5;37.847515343069986
52119;Chaudenay;6;57.196310191695765
52120;Chauffourt;2;5.32352941176471
52120;Chauffourt;3;10.6470588235294
52120;Chauffourt;4;10.64705882352942
52120;Chauffourt;5;37.26470588235301
52120;Chauffourt;6;15.97058823529413
52121;Chaumont;1;15.61186059377438
52121;Chaumont;2;410.67125092364324
52121;Chaumont;3;1266.783123247928
52121;Chaumont;4;2309.4685452484964
52121;Chaumont;5;3209.9460516104964
52121;Chaumont;6;1775.3200430905272
52122;Chaumont-la-Ville;1;14.4
52122;Chaumont-la-Ville;4;9.6
52122;Chaumont-la-Ville;5;9.6
52122;Chaumont-la-Ville;6;14.399999999999999
52123;Chevillon;1;15.3653686960206
52123;Chevillon;2;25.74163912983035
52123;Chevillon;3;20.681847460963702
52123;Chevillon;4;81.9524122387794
52123;Chevillon;5;122.6061439709081
52123;Chevillon;6;199.6361419565335
52124;Chézeaux;5;10.26666666666666
52124;Chézeaux;6;5.13333333333333
52125;Chamarandes-Choignes;2;19.81225262879488
52125;Chamarandes-Choignes;3;85.48164155638997
52125;Chamarandes-Choignes;4;124.50936853719332
52125;Chamarandes-Choignes;5;103.85080466741437
52125;Chamarandes-Choignes;6;85.10621622013693
52126;Choilley-Dardenay;1;15.0
52126;Choilley-Dardenay;4;10.0
52126;Choilley-Dardenay;5;20.0
52126;Choilley-Dardenay;6;40.0
52127;Choiseul;3;11.1428571428571
52127;Choiseul;5;11.14285714285714
52127;Choiseul;6;11.14285714285714
52128;Cirey-lès-Mareilles;4;5.69226693066074
52128;Cirey-lès-Mareilles;5;17.07680079198224
52128;Cirey-lès-Mareilles;6;39.84586851462518
52129;Cirey-sur-Blaise;1;4.34615384615385
52129;Cirey-sur-Blaise;4;4.34615384615385
52129;Cirey-sur-Blaise;5;8.6923076923077
52129;Cirey-sur-Blaise;6;13.03846153846155
52130;Cirfontaines-en-Azois;2;10.68571428571428
52130;Cirfontaines-en-Azois;5;10.6857142857143
52130;Cirfontaines-en-Azois;6;32.05714285714288
52131;Cirfontaines-en-Ornois;1;4.61111111111111
52131;Cirfontaines-en-Ornois;4;9.22222222222222
52131;Cirfontaines-en-Ornois;5;18.44444444444444
52131;Cirfontaines-en-Ornois;6;4.61111111111111
52132;Clefmont;2;9.35294117647058
52132;Clefmont;4;14.02941176470587
52132;Clefmont;5;23.38235294117645
52132;Clefmont;6;23.38235294117645
52133;Clinchamp;4;10.76923076923078
52133;Clinchamp;5;5.38461538461539
52133;Clinchamp;6;16.15384615384617
52134;Cohons;3;13.712998837962001
52134;Cohons;4;33.50122651021024
52134;Cohons;5;28.36193737065336
52134;Cohons;6;27.95408319321576
52135;Coiffy-le-Bas;2;5.375
52135;Coiffy-le-Bas;4;5.375
52135;Coiffy-le-Bas;5;5.375
52135;Coiffy-le-Bas;6;10.75
52136;Coiffy-le-Haut;3;9.84375
52136;Coiffy-le-Haut;5;9.84375
52136;Coiffy-le-Haut;6;13.125
52137;Colmier-le-Bas;3;14.66666666666666
52138;Colmier-le-Haut;1;4.92307692307692
52138;Colmier-le-Haut;2;4.92307692307692
52138;Colmier-le-Haut;4;4.92307692307692
52138;Colmier-le-Haut;5;9.84615384615384
52138;Colmier-le-Haut;6;4.92307692307692
52140;Colombey les Deux Églises;1;19.852664855789
52140;Colombey les Deux Églises;2;36.28732200340424
52140;Colombey les Deux Églises;3;36.42477288263993
52140;Colombey les Deux Églises;4;71.7776765405707
52140;Colombey les Deux Églises;5;70.99167953757733
52140;Colombey les Deux Églises;6;76.2535531050119
52141;Condes;1;9.89043342282488
52141;Condes;2;15.1223094506712
52141;Condes;3;45.29576088436356
52141;Condes;4;29.81563917085178
52141;Condes;5;24.726083557062204
52141;Condes;6;24.93954239628228
52142;Consigny;1;5.35714285714286
52142;Consigny;4;5.35714285714286
52142;Consigny;5;5.35714285714286
52142;Consigny;6;5.35714285714286
52145;Coublanc;1;9.52
52145;Coublanc;4;14.28
52145;Coublanc;6;9.52
52146;Coupray;2;14.057142857142871
52146;Coupray;4;4.68571428571429
52146;Coupray;5;28.11428571428578
52146;Coupray;6;28.114285714285742
52147;Courcelles-en-Montagne;2;4.84210526315789
52147;Courcelles-en-Montagne;4;9.68421052631578
52147;Courcelles-en-Montagne;5;4.84210526315789
52147;Courcelles-en-Montagne;6;24.21052631578945
52149;Courcelles-sur-Blaise;2;4.63157894736842
52149;Courcelles-sur-Blaise;5;9.26315789473684
52149;Courcelles-sur-Blaise;6;13.8947368421053
52151;Cour-l'Évêque;2;9.8
52151;Cour-l'Évêque;4;14.700000000000001
52151;Cour-l'Évêque;5;44.1
52151;Cour-l'Évêque;6;19.6
52155;Culmont;1;5.21568715735668
52155;Culmont;3;10.40772525345714
52155;Culmont;4;46.65811863314567
52155;Culmont;5;41.50131328659794
52155;Culmont;6;67.44997369380039
52156;Curel;1;5.1020945312069
52156;Curel;2;4.97348398469849
52156;Curel;3;9.989473840312279
52156;Curel;4;35.11302192305906
52156;Curel;5;60.450909558914454
52156;Curel;6;70.18316848938112
52157;Curmont;1;0.0
52157;Curmont;2;0.0
52157;Curmont;3;0.0
52157;Curmont;4;0.0
52157;Curmont;5;0.0
52157;Curmont;6;0.0
52158;Cusey;1;15.266391572165471
52158;Cusey;2;5.03547339437452
52158;Cusey;3;5.07538714739917
52158;Cusey;4;25.05982295465371
52158;Cusey;5;35.20965309471204
52158;Cusey;6;40.16655207015218
52159;Cuves;3;13.0
52159;Cuves;6;6.5
52160;Daillancourt;1;12.399999999999991
52161;Daillecourt;5;11.07692307692308
52161;Daillecourt;6;11.07692307692308
52162;Dammartin-sur-Meuse;1;10.5263157894737
52162;Dammartin-sur-Meuse;4;10.52631578947368
52162;Dammartin-sur-Meuse;5;15.789473684210538
52162;Dammartin-sur-Meuse;6;10.52631578947368
52163;Dampierre;1;9.35416337210234
52163;Dampierre;2;10.03249285966838
52163;Dampierre;3;14.85077313834777
52163;Dampierre;4;19.67108664381525
52163;Dampierre;5;29.40160799652225
52163;Dampierre;6;79.07812569269775
52164;Damrémont;2;5.05128205128205
52164;Damrémont;4;5.05128205128205
52164;Damrémont;5;25.256410256410202
52164;Damrémont;6;55.564102564102555
52165;Dancevoir;2;15.102781373300989
52165;Dancevoir;4;15.1659376501836
52165;Dancevoir;5;15.26057609559789
52165;Dancevoir;6;15.22948885444905
52167;Darmannes;1;5.27083333333333
52167;Darmannes;3;10.54166666666666
52167;Darmannes;4;15.81250000000003
52167;Darmannes;5;26.35416666666666
52167;Darmannes;6;42.16666666666669
52168;Dinteville;5;11.6363636363636
52168;Dinteville;6;11.63636363636364
52169;Domblain;1;10.0
52169;Domblain;3;5.0
52169;Domblain;4;10.0
52169;Domblain;5;20.0
52169;Domblain;6;15.0
52170;Dommarien;2;26.875
52170;Dommarien;3;5.375
52170;Dommarien;4;5.375
52170;Dommarien;5;10.75
52170;Dommarien;6;37.625
52171;Dommartin-le-Franc;2;10.2557494781857
52171;Dommartin-le-Franc;3;5.13302141149553
52171;Dommartin-le-Franc;4;25.64968768171358
52171;Dommartin-le-Franc;5;25.65996555061398
52171;Dommartin-le-Franc;6;35.926013539144
52172;Dommartin-le-Saint-Père;2;5.27646728186932
52172;Dommartin-le-Saint-Père;3;5.07498382209924
52172;Dommartin-le-Saint-Père;4;9.95617788977941
52172;Dommartin-le-Saint-Père;5;31.88428461737249
52172;Dommartin-le-Saint-Père;6;11.1896991417754
52173;Domremy-Landéville;1;5.0
52173;Domremy-Landéville;4;5.0
52173;Domremy-Landéville;5;20.0
52174;Doncourt-sur-Meuse;1;10.85714285714286
52174;Doncourt-sur-Meuse;6;5.42857142857143
52175;Donjeux;2;25.85147708031653
52175;Donjeux;3;27.11350829637952
52175;Donjeux;4;5.47820420602866
52175;Donjeux;5;37.97956235552752
52175;Donjeux;6;49.40552080962471
52177;Doulaincourt-Saucourt;1;4.95279082018968
52177;Doulaincourt-Saucourt;2;5.11090590114224
52177;Doulaincourt-Saucourt;3;28.825850037334178
52177;Doulaincourt-Saucourt;4;53.57914102661909
52177;Doulaincourt-Saucourt;5;68.59695783746564
52177;Doulaincourt-Saucourt;6;111.33203424372601
52178;Doulevant-le-Château;1;10.8658842264498
52178;Doulevant-le-Château;3;16.27062110880014
52178;Doulevant-le-Château;4;21.39025279314652
52178;Doulevant-le-Château;5;21.03085404293725
52178;Doulevant-le-Château;6;43.58184938613654
52179;Doulevant-le-Petit;1;0.0
52179;Doulevant-le-Petit;2;0.0
52179;Doulevant-le-Petit;3;0.0
52179;Doulevant-le-Petit;4;0.0
52179;Doulevant-le-Petit;5;0.0
52179;Doulevant-le-Petit;6;0.0
52181;Échenay;1;9.2
52181;Échenay;3;4.6
52181;Échenay;4;13.799999999999999
52181;Échenay;5;9.2
52182;Éclaron-Braucourt-Sainte-Livière;1;5.15230316724732
52182;Éclaron-Braucourt-Sainte-Livière;2;60.31152482226875
52182;Éclaron-Braucourt-Sainte-Livière;3;53.773534439047744
52182;Éclaron-Braucourt-Sainte-Livière;4;220.0305774900603
52182;Éclaron-Braucourt-Sainte-Livière;5;310.5756994770076
52182;Éclaron-Braucourt-Sainte-Livière;6;165.42353904594478
52183;Ecot-la-Combe;6;8.2
52184;Effincourt;1;22.8
52184;Effincourt;5;11.4
52184;Effincourt;6;5.7
52185;Enfonvelle;1;4.25
52185;Enfonvelle;5;8.5
52187;Épizon;4;5.09677419354839
52187;Épizon;5;5.09677419354839
52187;Épizon;6;25.48387096774197
52189;Le Val-d'Esnoms;1;6.37576458657376
52189;Le Val-d'Esnoms;2;5.76353381907461
52189;Le Val-d'Esnoms;3;10.47332867712927
52189;Le Val-d'Esnoms;4;31.396660461813788
52189;Le Val-d'Esnoms;5;70.25179526125929
52189;Le Val-d'Esnoms;6;45.849375036926375
52190;Esnouveaux;2;4.65614354875457
52190;Esnouveaux;3;9.27398737729037
52190;Esnouveaux;4;23.03283363593642
52190;Esnouveaux;5;41.848040726642225
52190;Esnouveaux;6;51.21797577265884
52193;Euffigneix;2;28.65002437948946
52193;Euffigneix;3;19.920924479630187
52193;Euffigneix;4;38.158602255394996
52193;Euffigneix;5;52.67629042824786
52193;Euffigneix;6;34.46058730192343
52194;Eurville-Bienville;2;44.74220408958916
52194;Eurville-Bienville;3;54.74568143928339
52194;Eurville-Bienville;4;198.87411883555038
52194;Eurville-Bienville;5;222.2172297689705
52194;Eurville-Bienville;6;262.09629426726275
52195;Farincourt;5;5.0
52196;Faverolles;1;5.27777777777778
52196;Faverolles;2;5.27777777777778
52196;Faverolles;4;15.83333333333338
52196;Faverolles;5;15.833333333333341
52196;Faverolles;6;21.11111111111112
52197;Fayl-Billot;1;20.17531859847493
52197;Fayl-Billot;2;60.54165946800031
52197;Fayl-Billot;3;40.34025774016636
52197;Fayl-Billot;4;105.95929036983549
52197;Fayl-Billot;5;131.08338174109315
52197;Fayl-Billot;6;126.15184286156513
52198;Fays;4;23.63636363636364
52198;Fays;5;11.81818181818182
52198;Fays;6;5.90909090909091
52199;Ferrière-et-Lafolie;2;8.15384615384616
52199;Ferrière-et-Lafolie;3;4.07692307692308
52200;Flagey;1;20.5714285714286
52200;Flagey;5;10.28571428571428
52200;Flagey;6;5.14285714285714
52201;Flammerécourt;2;5.83333333333333
52201;Flammerécourt;6;5.83333333333333
52203;Fontaines-sur-Marne;2;5.44444444444444
52203;Fontaines-sur-Marne;4;5.44444444444444
52203;Fontaines-sur-Marne;5;16.33333333333332
52203;Fontaines-sur-Marne;6;27.2222222222222
52204;Forcey;4;12.4
52204;Forcey;5;6.2
52204;Forcey;6;12.4
52205;Foulain;3;34.71724277571579
52205;Foulain;4;118.26822223401209
52205;Foulain;5;99.12945372409696
52205;Foulain;6;94.14431443141704
52206;Frampas;2;10.0
52206;Frampas;3;10.0
52206;Frampas;4;50.0
52206;Frampas;5;5.0
52206;Frampas;6;25.0
52207;Frécourt;1;4.6
52207;Frécourt;2;4.6
52207;Frécourt;4;4.6
52207;Frécourt;5;23.0
52207;Frécourt;6;9.2
52208;Fresnes-sur-Apance;2;5.57142857142857
52208;Fresnes-sur-Apance;5;11.14285714285714
52208;Fresnes-sur-Apance;6;11.14285714285714
52211;Froncles;1;4.77487929560169
52211;Froncles;2;19.920211431856572
52211;Froncles;3;34.57953764356597
52211;Froncles;4;71.98975663043215
52211;Froncles;5;130.09783761451655
52211;Froncles;6;222.2390035741685
52212;Fronville;1;4.8244078602567
52212;Fronville;2;9.65275704028331
52212;Fronville;4;23.99398532179191
52212;Fronville;5;28.810510542508794
52212;Fronville;6;56.734817114699844
52213;Genevrières;1;4.5
52213;Genevrières;4;4.5
52213;Genevrières;5;18.0
52213;Genevrières;6;22.5
52214;La Genevroye;4;10.0
52214;La Genevroye;5;10.0
52216;Germaines;4;6.5
52216;Germaines;5;6.5
52216;Germaines;6;6.5
52217;Germainvilliers;3;4.72222222222222
52217;Germainvilliers;6;18.88888888888888
52218;Germay;1;4.9
52218;Germay;4;4.9
52218;Germay;6;4.9
52219;Germisay;4;9.0
52220;Giey-sur-Aujon;1;14.300000000000011
52220;Giey-sur-Aujon;2;4.76666666666667
52220;Giey-sur-Aujon;4;4.76666666666667
52220;Giey-sur-Aujon;5;4.76666666666667
52220;Giey-sur-Aujon;6;28.600000000000023
52221;Gillancourt;1;5.34782608695652
52221;Gillancourt;3;10.69565217391304
52221;Gillancourt;4;10.69565217391304
52221;Gillancourt;5;21.391304347826118
52221;Gillancourt;6;10.695652173913
52222;Gillaumé;1;0.0
52222;Gillaumé;2;0.0
52222;Gillaumé;3;0.0
52222;Gillaumé;4;0.0
52222;Gillaumé;5;0.0
52222;Gillaumé;6;0.0
52223;Gilley;5;5.07692307692308
52227;Graffigny-Chemin;3;18.40587208490172
52227;Graffigny-Chemin;4;18.70158738709452
52227;Graffigny-Chemin;5;12.8322904753326
52227;Graffigny-Chemin;6;44.7433724538759
52228;Grandchamp;5;10.0
52228;Grandchamp;6;15.0
52229;Grenant;3;5.39285714285714
52229;Grenant;4;10.78571428571428
52229;Grenant;5;32.35714285714288
52229;Grenant;6;21.57142857142858
52230;Gudmont-Villiers;2;5.37775610332893
52230;Gudmont-Villiers;3;31.29588524795692
52230;Gudmont-Villiers;4;26.15940779207827
52230;Gudmont-Villiers;5;25.320503320155908
52230;Gudmont-Villiers;6;36.07041370647413
52231;Guindrecourt-aux-Ormes;2;5.11111111111111
52231;Guindrecourt-aux-Ormes;5;15.333333333333329
52231;Guindrecourt-aux-Ormes;6;5.11111111111111
52232;Guindrecourt-sur-Blaise;1;6.0
52232;Guindrecourt-sur-Blaise;2;6.0
52232;Guindrecourt-sur-Blaise;3;6.0
52232;Guindrecourt-sur-Blaise;4;12.0
52232;Guindrecourt-sur-Blaise;6;6.0
52233;Guyonvelle;1;5.64705882352941
52233;Guyonvelle;4;5.64705882352941
52233;Guyonvelle;5;16.94117647058821
52233;Guyonvelle;6;11.29411764705882
52234;Hâcourt;1;11.71428571428572
52234;Hâcourt;5;5.85714285714286
52234;Hâcourt;6;5.85714285714286
52235;Hallignicourt;1;10.5186870191127
52235;Hallignicourt;4;15.587778136582909
52235;Hallignicourt;5;25.41236639617092
52235;Hallignicourt;6;52.13443229596543
52237;Harréville-les-Chanteurs;1;9.51436555794328
52237;Harréville-les-Chanteurs;2;13.79868793636378
52237;Harréville-les-Chanteurs;3;14.28876188302517
52237;Harréville-les-Chanteurs;4;17.91893548986462
52237;Harréville-les-Chanteurs;5;33.165610714098094
52237;Harréville-les-Chanteurs;6;37.25801868862379
52240;Heuilley-le-Grand;1;5.13513513513514
52240;Heuilley-le-Grand;4;10.27027027027028
52240;Heuilley-le-Grand;5;30.81081081081082
52240;Heuilley-le-Grand;6;10.27027027027028
52242;Haute-Amance;1;5.10032078622948
52242;Haute-Amance;2;30.46386247989279
52242;Haute-Amance;3;5.03093323849705
52242;Haute-Amance;4;40.42105196325188
52242;Haute-Amance;5;137.05269880006136
52242;Haute-Amance;6;152.14430554961868
52243;Huilliécourt;4;11.2727272727273
52243;Huilliécourt;5;11.27272727272728
52243;Huilliécourt;6;28.18181818181818
52244;Humbécourt;2;47.87032734094753
52244;Humbécourt;3;15.48188360775098
52244;Humbécourt;4;100.2247571542657
52244;Humbécourt;5;75.9353779264232
52244;Humbécourt;6;104.67129736401533
52245;Humberville;1;4.61538461538461
52245;Humberville;4;9.23076923076922
52246;Humes-Jorquenay;1;15.430723036485
52246;Humes-Jorquenay;2;30.73508735238579
52246;Humes-Jorquenay;3;41.05596385089913
52246;Humes-Jorquenay;4;41.08113734867878
52246;Humes-Jorquenay;5;87.22128301102127
52246;Humes-Jorquenay;6;66.68034621540431
52247;Illoud;3;5.05
52247;Illoud;4;10.1
52247;Illoud;5;25.25
52247;Illoud;6;70.7
52248;Is-en-Bassigny;1;9.698539589009
52248;Is-en-Bassigny;2;29.028764119962542
52248;Is-en-Bassigny;3;14.51438205998127
52248;Is-en-Bassigny;4;48.3657590148203
52248;Is-en-Bassigny;5;72.09805935458542
52248;Is-en-Bassigny;6;96.31480273072725
52249;Isômes;1;18.375
52249;Isômes;2;9.1875
52249;Isômes;3;9.1875
52249;Isômes;4;9.1875
52249;Isômes;5;4.59375
52249;Isômes;6;18.375
52250;Joinville;1;4.97723977489303
52250;Joinville;2;50.92865060978412
52250;Joinville;3;101.2909044475511
52250;Joinville;4;194.72413967057227
52250;Joinville;5;239.6632713144243
52250;Joinville;6;286.9128599482351
52251;Jonchery;1;9.67817994529158
52251;Jonchery;2;32.26097398909284
52251;Jonchery;3;72.95767676961238
52251;Jonchery;4;116.80792924239418
52251;Jonchery;5;125.1947567202825
52251;Jonchery;6;108.96355872774122
52253;Juzennecourt;2;11.08108108108108
52253;Juzennecourt;3;11.08108108108108
52253;Juzennecourt;4;16.62162162162162
52253;Juzennecourt;5;33.243243243243285
52253;Juzennecourt;6;33.243243243243285
52254;Lachapelle-en-Blaisy;3;5.17647058823529
52254;Lachapelle-en-Blaisy;4;5.17647058823529
52254;Lachapelle-en-Blaisy;5;15.52941176470587
52254;Lachapelle-en-Blaisy;6;5.17647058823529
52256;Lafauche;5;12.33333333333334
52257;Laferté-sur-Amance;1;5.57894736842105
52257;Laferté-sur-Amance;5;33.47368421052635
52257;Laferté-sur-Amance;6;5.57894736842105
52258;Laferté-sur-Aube;2;5.26208709085887
52258;Laferté-sur-Aube;4;10.5241741817177
52258;Laferté-sur-Aube;5;46.392730266576436
52258;Laferté-sur-Aube;6;47.12025798338547
52260;Lamancine;3;5.125
52260;Lamancine;4;10.25
52260;Lamancine;5;30.75
52260;Lamancine;6;25.625
52264;Laneuvelle;2;4.28571428571428
52264;Laneuvelle;5;8.57142857142856
52264;Laneuvelle;6;4.28571428571428
52265;Bayard-sur-Marne;2;51.79594165413218
52265;Bayard-sur-Marne;3;37.41884122397505
52265;Bayard-sur-Marne;4;106.78419119025395
52265;Bayard-sur-Marne;5;155.9194991459718
52265;Bayard-sur-Marne;6;181.9543759531087
52266;Laneuville-à-Rémy;1;5.0
52266;Laneuville-à-Rémy;4;10.0
52266;Laneuville-à-Rémy;5;5.0
52266;Laneuville-à-Rémy;6;5.0
52267;Laneuville-au-Pont;2;5.32558139534884
52267;Laneuville-au-Pont;3;21.30232558139538
52267;Laneuville-au-Pont;4;21.302325581395337
52267;Laneuville-au-Pont;5;21.30232558139536
52267;Laneuville-au-Pont;6;31.95348837209308
52269;Langres;1;20.04276876221275
52269;Langres;2;174.55341031255864
52269;Langres;3;360.4914954097797
52269;Langres;4;735.4610570561599
52269;Langres;5;786.2912023578767
52269;Langres;6;760.8154286458669
52271;Lanques-sur-Rognon;2;15.92307692307693
52271;Lanques-sur-Rognon;4;5.30769230769231
52271;Lanques-sur-Rognon;5;10.6153846153846
52271;Lanques-sur-Rognon;6;42.46153846153853
52272;Lanty-sur-Aube;1;10.3636363636364
52272;Lanty-sur-Aube;4;25.90909090909086
52272;Lanty-sur-Aube;6;10.36363636363636
52273;Larivière-Arnoncourt;4;5.59090909090909
52273;Larivière-Arnoncourt;5;11.18181818181818
52273;Larivière-Arnoncourt;6;16.77272727272727
52274;Latrecey-Ormoy-sur-Aube;1;4.4542360413933
52274;Latrecey-Ormoy-sur-Aube;2;4.96427405659261
52274;Latrecey-Ormoy-sur-Aube;4;24.879772840557848
52274;Latrecey-Ormoy-sur-Aube;5;43.88854651454613
52274;Latrecey-Ormoy-sur-Aube;6;48.91122312873357
52275;Lavernoy;1;10.4285714285714
52275;Lavernoy;4;15.64285714285713
52275;Lavernoy;6;5.21428571428571
52276;Laville-aux-Bois;1;5.27623652641006
52276;Laville-aux-Bois;3;15.818061874960762
52276;Laville-aux-Bois;4;26.36520771668494
52276;Laville-aux-Bois;5;10.54448559513746
52276;Laville-aux-Bois;6;26.37319517436764
52277;Lavilleneuve;1;4.83333333333333
52277;Lavilleneuve;4;4.83333333333333
52277;Lavilleneuve;6;14.499999999999991
52278;Lavilleneuve-au-Roi;2;4.125
52278;Lavilleneuve-au-Roi;4;4.125
52278;Lavilleneuve-au-Roi;5;4.125
52278;Lavilleneuve-au-Roi;6;8.25
52280;Lecey;3;5.0
52280;Lecey;4;20.0
52280;Lecey;5;20.0
52280;Lecey;6;35.0
52282;Leffonds;1;4.92938565763053
52282;Leffonds;2;29.55773348340904
52282;Leffonds;3;14.77886284592869
52282;Leffonds;4;19.70824850355923
52282;Leffonds;5;14.7757680488628
52282;Leffonds;6;19.6958595795304
52284;Leschères-sur-le-Blaiseron;1;11.86666666666666
52284;Leschères-sur-le-Blaiseron;4;5.93333333333333
52284;Leschères-sur-le-Blaiseron;5;11.86666666666666
52284;Leschères-sur-le-Blaiseron;6;11.86666666666666
52285;Leuchey;1;5.21428571428571
52285;Leuchey;4;10.42857142857142
52285;Leuchey;5;10.42857142857142
52285;Leuchey;6;10.42857142857142
52286;Leurville;1;8.47058823529412
52286;Leurville;4;4.23529411764706
52286;Leurville;5;12.7058823529412
52286;Leurville;6;4.23529411764706
52287;Levécourt;1;20.0
52287;Levécourt;5;5.0
52287;Levécourt;6;5.0
52288;Lezéville;1;11.2
52288;Lezéville;2;16.799999999999997
52288;Lezéville;5;16.8
52288;Lezéville;6;28.0
52289;Liffol-le-Petit;1;4.95892645736282
52289;Liffol-le-Petit;2;5.06866256744212
52289;Liffol-le-Petit;3;4.95892645736282
52289;Liffol-le-Petit;4;15.09565113014292
52289;Liffol-le-Petit;5;35.37272975087786
52289;Liffol-le-Petit;6;65.61918700962626
52290;Les Loges;1;10.41666666666666
52290;Les Loges;3;5.20833333333333
52290;Les Loges;5;10.41666666666666
52290;Les Loges;6;15.62500000000003
52291;Longchamp;2;4.53846153846154
52291;Longchamp;4;4.53846153846154
52291;Longchamp;5;4.53846153846154
52292;Longeau-Percey;2;25.638189190295968
52292;Longeau-Percey;3;35.607176411494
52292;Longeau-Percey;4;82.71620204058976
52292;Longeau-Percey;5;82.59166995338971
52292;Longeau-Percey;6;112.6945244211298
52294;Louvemont;2;29.77432003815894
52294;Louvemont;3;14.92589446850999
52294;Louvemont;4;64.61325170809249
52294;Louvemont;5;93.92154815844466
52294;Louvemont;6;69.09640726324625
52295;Louvières;2;11.5
52295;Louvières;4;11.5
52295;Louvières;6;23.0
52297;Luzy-sur-Marne;1;9.77626472913439
52297;Luzy-sur-Marne;2;4.8881227568326
52297;Luzy-sur-Marne;3;29.22242597183791
52297;Luzy-sur-Marne;4;48.70710461239544
52297;Luzy-sur-Marne;5;24.40194327107178
52297;Luzy-sur-Marne;6;34.14912350673449
52298;Maâtz;1;4.23529411764706
52298;Maâtz;2;4.23529411764706
52298;Maâtz;4;16.94117647058824
52298;Maâtz;6;8.47058823529412
52300;Magneux;1;4.90625
52300;Magneux;3;4.90625
52300;Magneux;4;14.71875
52300;Magneux;5;4.90625
52300;Magneux;6;14.71875
52301;Maisoncelles;1;9.53846153846154
52301;Maisoncelles;4;14.30769230769231
52301;Maisoncelles;6;9.53846153846154
52302;Maizières;1;10.3333333333333
52302;Maizières;2;5.16666666666667
52302;Maizières;4;10.3333333333333
52302;Maizières;5;36.16666666666661
52302;Maizières;6;20.66666666666668
52303;Maizières-sur-Amance;2;4.36363636363636
52303;Maizières-sur-Amance;4;13.09090909090908
52303;Maizières-sur-Amance;5;17.45454545454546
52303;Maizières-sur-Amance;6;4.36363636363636
52304;Malaincourt-sur-Meuse;1;6.0
52304;Malaincourt-sur-Meuse;6;6.0
52305;Mandres-la-Côte;2;29.99563604982896
52305;Mandres-la-Côte;3;24.8202077133014
52305;Mandres-la-Côte;4;65.42728011095986
52305;Mandres-la-Côte;5;59.727764315641494
52305;Mandres-la-Côte;6;79.7346661738393
52306;Manois;2;5.33926316616965
52306;Manois;3;14.78797900481695
52306;Manois;4;16.03715410952505
52306;Manois;5;52.18218577902065
52306;Manois;6;63.91300262989287
52307;Marac;2;4.90697674418605
52307;Marac;3;19.6279069767442
52307;Marac;4;24.5348837209302
52307;Marac;5;29.44186046511625
52307;Marac;6;24.53488372093025
52308;Maranville;2;4.72193532308127
52308;Maranville;3;4.76336346638599
52308;Maranville;4;14.22844696918406
52308;Maranville;5;43.57782372474688
52308;Maranville;6;75.38714501221821
52310;Marbéville;1;8.25
52310;Marbéville;4;12.375
52310;Marbéville;5;12.375
52310;Marbéville;6;4.125
52311;Marcilly-en-Bassigny;2;9.07025283462216
52311;Marcilly-en-Bassigny;4;4.53425966751429
52311;Marcilly-en-Bassigny;5;22.67476533675863
52311;Marcilly-en-Bassigny;6;41.891551370124134
52312;Mardor;1;5.6
52312;Mardor;5;22.4
52313;Mareilles;1;4.63333333333333
52313;Mareilles;3;9.26666666666666
52313;Mareilles;4;27.79999999999998
52313;Mareilles;5;9.26666666666666
52313;Mareilles;6;18.53333333333333
52315;Marnay-sur-Marne;2;15.28864964033176
52315;Marnay-sur-Marne;3;20.61935760668734
52315;Marnay-sur-Marne;4;35.30821086389677
52315;Marnay-sur-Marne;5;40.80572018499641
52315;Marnay-sur-Marne;6;20.18641137098079
52316;Mathons;1;9.85714285714286
52316;Mathons;3;9.85714285714286
52316;Mathons;6;4.92857142857143
52318;Melay;2;4.9429343932169
52318;Melay;5;19.70740398781282
52318;Melay;6;14.509845659151331
52319;Mennouveaux;1;5.58333333333333
52319;Mennouveaux;3;11.16666666666666
52319;Mennouveaux;5;5.58333333333333
52319;Mennouveaux;6;11.16666666666666
52320;Merrey;2;9.47368421052632
52320;Merrey;5;4.73684210526316
52320;Merrey;6;14.21052631578948
52321;Mertrud;1;11.25
52321;Mertrud;4;11.25
52321;Mertrud;5;11.25
52321;Mertrud;6;33.75
52322;Meures;1;4.51724137931034
52322;Meures;4;13.55172413793102
52322;Meures;5;18.06896551724136
52322;Meures;6;18.06896551724136
52325;Millières;1;5.61904761904762
52325;Millières;2;5.61904761904762
52325;Millières;3;5.61904761904762
52325;Millières;4;11.23809523809524
52325;Millières;5;16.85714285714282
52325;Millières;6;11.23809523809524
52326;Mirbel;1;7.8
52326;Mirbel;5;3.9
52327;Moëslains;2;24.85528523775337
52327;Moëslains;3;29.96631547535333
52327;Moëslains;4;19.95421473987084
52327;Moëslains;5;49.92477705645089
52327;Moëslains;6;49.92588537446457
52328;Montcharvot;5;5.14285714285714
52330;Montheries;1;11.1666666666667
52330;Montheries;3;5.58333333333333
52330;Montheries;4;16.749999999999993
52331;La Porte du Der;1;30.78488155599965
52331;La Porte du Der;2;41.79599206835009
52331;La Porte du Der;3;30.619783978762193
52331;La Porte du Der;4;135.39574507915245
52331;La Porte du Der;5;264.52224378793596
52331;La Porte du Der;6;240.79477236984852
52332;Val-de-Meuse;1;24.740355435887
52332;Val-de-Meuse;2;50.39915979343414
52332;Val-de-Meuse;3;35.19796206014971
52332;Val-de-Meuse;4;131.32953242187384
52332;Val-de-Meuse;5;196.91212711450896
52332;Val-de-Meuse;6;281.08507309704896
52335;Montot-sur-Rognon;2;4.66666666666667
52335;Montot-sur-Rognon;4;14.000000000000009
52335;Montot-sur-Rognon;5;4.66666666666667
52335;Montot-sur-Rognon;6;18.66666666666668
52336;Montreuil-sur-Blaise;3;4.5
52336;Montreuil-sur-Blaise;4;18.0
52336;Montreuil-sur-Blaise;5;13.5
52336;Montreuil-sur-Blaise;6;22.5
52337;Montreuil-sur-Thonnance;6;10.16666666666666
52341;Morancourt;2;5.41666666666667
52341;Morancourt;3;10.83333333333334
52341;Morancourt;5;16.25
52341;Morancourt;6;37.91666666666667
52342;Morionvilliers;4;6.25
52344;Mouilleron;1;14.5
52346;Mussey-sur-Marne;1;10.94403841272408
52346;Mussey-sur-Marne;2;14.944571281608852
52346;Mussey-sur-Marne;3;5.28070356585738
52346;Mussey-sur-Marne;4;10.0139818660221
52346;Mussey-sur-Marne;5;60.822172558395636
52346;Mussey-sur-Marne;6;31.36801965632198
52347;Narcy;1;9.111194376031701
52347;Narcy;4;30.65950373679637
52347;Narcy;5;24.57458745171118
52347;Narcy;6;36.08851337436458
52348;Neuilly-l'Évêque;1;13.62546598044297
52348;Neuilly-l'Évêque;2;24.52533965352876
52348;Neuilly-l'Évêque;3;34.30352417712931
52348;Neuilly-l'Évêque;4;62.33531778969305
52348;Neuilly-l'Évêque;5;58.66930105135711
52348;Neuilly-l'Évêque;6;68.59610976998876
52349;Neuilly-sur-Suize;3;14.850034841938669
52349;Neuilly-sur-Suize;4;59.47966458648184
52349;Neuilly-sur-Suize;5;24.71444759772298
52349;Neuilly-sur-Suize;6;9.89129766504939
52350;Neuvelle-lès-Voisey;4;4.71428571428571
52350;Neuvelle-lès-Voisey;6;4.71428571428571
52352;Ninville;1;11.625
52352;Ninville;5;3.875
52352;Ninville;6;3.875
52353;Nogent;1;19.71825855527555
52353;Nogent;2;93.98087894040047
52353;Nogent;3;114.2272993144813
52353;Nogent;4;273.61193657775414
52353;Nogent;5;394.44753788816985
52353;Nogent;6;430.8088496677001
52354;Noidant-Chatenoy;3;5.125
52354;Noidant-Chatenoy;4;10.25
52354;Noidant-Chatenoy;6;10.25
52355;Noidant-le-Rocheux;3;14.625
52355;Noidant-le-Rocheux;4;34.125
52355;Noidant-le-Rocheux;5;14.625
52355;Noidant-le-Rocheux;6;24.375
52356;Nomécourt;1;9.65217391304348
52356;Nomécourt;3;9.65217391304348
52356;Nomécourt;5;4.82608695652174
52356;Nomécourt;6;19.30434782608696
52357;Noncourt-sur-le-Rongeant;4;14.91428571428571
52357;Noncourt-sur-le-Rongeant;5;24.85714285714287
52357;Noncourt-sur-le-Rongeant;6;19.88571428571428
52358;Noyers;1;16.76470588235295
52358;Noyers;3;5.58823529411765
52358;Noyers;4;11.1764705882353
52358;Noyers;6;5.58823529411765
52359;Nully;2;10.21428571428572
52359;Nully;5;10.21428571428572
52359;Nully;6;20.42857142857142
52360;Occey;1;14.399999999999999
52360;Occey;3;9.6
52360;Occey;4;24.0
52360;Occey;5;4.8
52360;Occey;6;9.6
52362;Orbigny-au-Mont;4;14.67857142857142
52362;Orbigny-au-Mont;5;29.35714285714284
52362;Orbigny-au-Mont;6;14.67857142857142
52363;Orbigny-au-Val;2;10.88888888888888
52363;Orbigny-au-Val;4;5.44444444444444
52363;Orbigny-au-Val;5;5.44444444444444
52363;Orbigny-au-Val;6;10.88888888888888
52364;Orcevaux;1;5.0
52364;Orcevaux;2;15.0
52364;Orcevaux;4;10.0
52364;Orcevaux;5;25.0
52364;Orcevaux;6;10.0
52365;Orges;1;10.205645858288399
52365;Orges;2;5.28605493457849
52365;Orges;3;15.363719082155551
52365;Orges;4;31.475170689583923
52365;Orges;5;77.68246706268634
52365;Orges;6;36.26360612922666
52366;Ormancey;1;4.47058823529412
52366;Ormancey;3;4.47058823529412
52366;Ormancey;5;4.47058823529412
52366;Ormancey;6;4.47058823529412
52367;Ormoy-lès-Sexfontaines;3;6.83333333333333
52367;Ormoy-lès-Sexfontaines;5;6.83333333333333
52367;Ormoy-lès-Sexfontaines;6;27.33333333333336
52369;Orquevaux;4;4.53333333333333
52369;Orquevaux;5;4.53333333333333
52369;Orquevaux;6;4.53333333333333
52370;Osne-le-Val;1;5.03806626448346
52370;Osne-le-Val;3;38.959798567818055
52370;Osne-le-Val;4;24.74324641607048
52370;Osne-le-Val;5;29.77563271864304
52370;Osne-le-Val;6;14.66482468937355
52371;Oudincourt;1;10.6153846153846
52371;Oudincourt;2;15.92307692307693
52371;Oudincourt;4;5.30769230769231
52371;Oudincourt;5;26.53846153846155
52371;Oudincourt;6;5.30769230769231
52372;Outremécourt;2;4.05
52372;Outremécourt;4;8.1
52372;Outremécourt;5;4.05
52372;Outremécourt;6;16.2
52373;Ozières;1;0.0
52373;Ozières;2;0.0
52373;Ozières;3;0.0
52373;Ozières;4;0.0
52373;Ozières;5;0.0
52373;Ozières;6;0.0
52374;Le Pailly;3;9.71335548870049
52374;Le Pailly;4;34.49206467391695
52374;Le Pailly;5;29.33870893333567
52374;Le Pailly;6;44.07562663901987
52375;Palaiseul;6;15.600000000000001
52376;Pansey;5;11.22222222222222
52376;Pansey;6;16.83333333333331
52377;Parnoy-en-Bassigny;1;25.01821870035
52377;Parnoy-en-Bassigny;2;4.93062558275458
52377;Parnoy-en-Bassigny;3;4.69952054932594
52377;Parnoy-en-Bassigny;4;19.6252498980025
52377;Parnoy-en-Bassigny;5;9.98103121471297
52377;Parnoy-en-Bassigny;6;14.55799827673238
52378;Paroy-sur-Saulx;1;9.0
52380;Peigney;1;5.8270543568671
52380;Peigney;2;14.37257075058651
52380;Peigney;3;11.6541087137342
52380;Peigney;4;61.8798018294192
52380;Peigney;5;27.99137390970887
52380;Peigney;6;34.43265149868347
52383;Perrancey-les-Vieux-Moulins;2;10.30025005659645
52383;Perrancey-les-Vieux-Moulins;3;5.33948459145663
52383;Perrancey-les-Vieux-Moulins;4;26.36260869906986
52383;Perrancey-les-Vieux-Moulins;5;16.525082673797527
52383;Perrancey-les-Vieux-Moulins;6;25.939984704649532
52384;Perrogney-les-Fontaines;1;11.2
52384;Perrogney-les-Fontaines;4;16.799999999999997
52384;Perrogney-les-Fontaines;5;11.2
52385;Perrusse;1;4.14285714285714
52385;Perrusse;4;4.14285714285714
52385;Perrusse;6;4.14285714285714
52386;Perthes;1;4.95428433653986
52386;Perthes;4;67.69866861826836
52386;Perthes;5;24.202340497648173
52386;Perthes;6;85.22339183689107
52388;Pierremont-sur-Amance;2;5.39285714285714
52388;Pierremont-sur-Amance;3;10.78571428571428
52388;Pierremont-sur-Amance;4;5.39285714285714
52388;Pierremont-sur-Amance;5;5.39285714285714
52388;Pierremont-sur-Amance;6;16.17857142857142
52390;Pisseloup;2;4.61538461538462
52390;Pisseloup;5;13.846153846153861
52390;Pisseloup;6;9.23076923076924
52391;Planrupt;2;5.29548857404456
52391;Planrupt;3;14.70308473401804
52391;Planrupt;4;49.88408077012555
52391;Planrupt;5;40.1599674162022
52391;Planrupt;6;45.0844681493436
52392;Plesnoy;1;10.27272727272728
52392;Plesnoy;2;10.2727272727273
52392;Plesnoy;3;5.13636363636364
52392;Plesnoy;4;5.13636363636364
52392;Plesnoy;5;10.2727272727273
52392;Plesnoy;6;10.27272727272728
52393;Poinsenot;4;11.2
52393;Poinsenot;5;11.2
52393;Poinsenot;6;5.6
52394;Poinson-lès-Fayl;1;4.46808510638298
52394;Poinson-lès-Fayl;4;22.3404255319149
52394;Poinson-lès-Fayl;5;8.93617021276596
52394;Poinson-lès-Fayl;6;40.21276595744682
52395;Poinson-lès-Grancey;1;11.4
52395;Poinson-lès-Grancey;5;5.7
52395;Poinson-lès-Grancey;6;5.7
52396;Poinson-lès-Nogent;1;8.6875
52396;Poinson-lès-Nogent;3;4.34375
52396;Poinson-lès-Nogent;4;17.375
52396;Poinson-lès-Nogent;6;21.71875
52397;Poiseul;1;11.6666666666667
52397;Poiseul;4;5.83333333333333
52397;Poiseul;5;5.83333333333333
52397;Poiseul;6;29.16666666666665
52398;Poissons;1;4.88876113786045
52398;Poissons;2;15.05916807123517
52398;Poissons;3;19.37377942793531
52398;Poissons;4;59.09626625381677
52398;Poissons;5;73.3718249363172
52398;Poissons;6;74.60116961112396
52399;Pont-la-Ville;5;4.45454545454545
52399;Pont-la-Ville;6;17.8181818181818
52400;Le Châtelet-sur-Meuse;1;5.03225806451613
52400;Le Châtelet-sur-Meuse;2;10.06451612903226
52400;Le Châtelet-sur-Meuse;3;15.09677419354843
52400;Le Châtelet-sur-Meuse;4;20.129032258064562
52400;Le Châtelet-sur-Meuse;5;10.06451612903226
52400;Le Châtelet-sur-Meuse;6;10.06451612903226
52401;Poulangy;2;4.75278233842894
52401;Poulangy;3;19.86430125302131
52401;Poulangy;4;43.76144077155815
52401;Poulangy;5;54.46806944448442
52401;Poulangy;6;36.63676659841962
52403;Praslay;2;6.30769230769231
52403;Praslay;4;18.923076923076913
52403;Praslay;5;12.61538461538462
52403;Praslay;6;6.30769230769231
52405;Le Montsaugeonnais;1;4.90930250398097
52405;Le Montsaugeonnais;2;24.7711015336369
52405;Le Montsaugeonnais;3;78.05061185276621
52405;Le Montsaugeonnais;4;88.75527121580423
52405;Le Montsaugeonnais;5;119.030098359842
52405;Le Montsaugeonnais;6;167.53324929654264
52406;Pressigny;1;4.73809523809524
52406;Pressigny;2;4.73809523809524
52406;Pressigny;3;4.73809523809524
52406;Pressigny;5;14.214285714285719
52406;Pressigny;6;28.42857142857142
52407;Prez-sous-Lafauche;1;13.80004883607
52407;Prez-sous-Lafauche;3;4.33126085718285
52407;Prez-sous-Lafauche;4;39.01109257259782
52407;Prez-sous-Lafauche;5;18.42070756474411
52407;Prez-sous-Lafauche;6;37.65405104341
52411;Rives Dervoises;1;40.5382370813558
52411;Rives Dervoises;2;89.1422704938531
52411;Rives Dervoises;3;44.41506463187154
52411;Rives Dervoises;4;108.24588087833337
52411;Rives Dervoises;5;147.86139872318952
52411;Rives Dervoises;6;107.66770577774122
52413;Rachecourt-Suzémont;3;11.1578947368421
52413;Rachecourt-Suzémont;5;5.57894736842105
52413;Rachecourt-Suzémont;6;5.57894736842105
52414;Rachecourt-sur-Marne;1;10.19715743585699
52414;Rachecourt-sur-Marne;2;15.33362124206818
52414;Rachecourt-sur-Marne;3;20.5069931728551
52414;Rachecourt-sur-Marne;4;35.99243420908947
52414;Rachecourt-sur-Marne;5;87.39453722442718
52414;Rachecourt-sur-Marne;6;97.5164730529701
52415;Rançonnières;1;10.25
52415;Rançonnières;5;10.25
52415;Rançonnières;6;30.75
52416;Rangecourt;4;3.875
52416;Rangecourt;5;7.75
52416;Rangecourt;6;3.875
52419;Rennepont;4;5.34782608695652
52419;Rennepont;5;21.39130434782604
52419;Rennepont;6;32.08695652173908
52420;Reynel;4;5.60869565217391
52420;Reynel;5;16.82608695652171
52420;Reynel;6;28.04347826086953
52421;Riaucourt;2;6.38941225237487
52421;Riaucourt;3;11.25330866276446
52421;Riaucourt;4;56.760148781162115
52421;Riaucourt;5;21.243401762675802
52421;Riaucourt;6;34.61923237247502
52422;Richebourg;1;9.63920713211269
52422;Richebourg;4;18.89051625088144
52422;Richebourg;5;19.668651272270438
52422;Richebourg;6;43.00536031380188
52423;Rimaucourt;2;5.08493983603316
52423;Rimaucourt;3;16.18201172831413
52423;Rimaucourt;4;42.00681125804676
52423;Rimaucourt;5;62.32993353130842
52423;Rimaucourt;6;88.96883747962232
52424;Rivières-le-Bois;1;3.83333333333333
52424;Rivières-le-Bois;2;3.83333333333333
52424;Rivières-le-Bois;5;7.66666666666666
52424;Rivières-le-Bois;6;11.49999999999999
52425;Rivière-les-Fosses;1;10.1621621621622
52425;Rivière-les-Fosses;3;10.16216216216216
52425;Rivière-les-Fosses;4;25.40540540540548
52425;Rivière-les-Fosses;5;25.40540540540536
52425;Rivière-les-Fosses;6;20.32432432432436
52426;Rizaucourt-Buchey;1;14.333333333333341
52426;Rizaucourt-Buchey;4;4.77777777777778
52426;Rizaucourt-Buchey;5;4.77777777777778
52426;Rizaucourt-Buchey;6;14.333333333333341
52428;Rochefort-sur-la-Côte;5;11.6363636363636
52428;Rochefort-sur-la-Côte;6;11.63636363636364
52429;Roches-sur-Marne;1;4.71422144957656
52429;Roches-sur-Marne;2;14.330381842679639
52429;Roches-sur-Marne;3;23.75852763974748
52429;Roches-sur-Marne;4;62.30281001146561
52429;Roches-sur-Marne;5;72.07165186894903
52429;Roches-sur-Marne;6;76.59666321963725
52431;Rochetaillée;2;5.96296296296296
52431;Rochetaillée;4;11.92592592592592
52431;Rochetaillée;5;17.88888888888886
52431;Rochetaillée;6;17.88888888888888
52432;Rolampont;1;14.23289403346067
52432;Rolampont;2;48.34217783457612
52432;Rolampont;3;34.76423876286241
52432;Rolampont;4;136.0240221004387
52432;Rolampont;5;126.22080501581844
52432;Rolampont;6;219.1923534918074
52433;Romain-sur-Meuse;1;11.6
52433;Romain-sur-Meuse;2;5.8
52433;Romain-sur-Meuse;4;5.8
52433;Romain-sur-Meuse;5;5.8
52436;Rouécourt;1;4.9
52436;Rouécourt;2;4.9
52436;Rouécourt;6;9.8
52437;Rouelles;2;3.57142857142857
52437;Rouelles;5;7.14285714285714
52438;Rougeux;1;15.13636363636364
52438;Rougeux;2;5.04545454545454
52438;Rougeux;4;5.04545454545454
52438;Rougeux;5;15.13636363636364
52438;Rougeux;6;10.09090909090908
52439;Rouvres-sur-Aube;2;4.66666666666667
52439;Rouvres-sur-Aube;4;4.66666666666667
52439;Rouvres-sur-Aube;5;9.33333333333334
52439;Rouvres-sur-Aube;6;9.33333333333334
52440;Rouvroy-sur-Marne;1;5.09148870677797
52440;Rouvroy-sur-Marne;2;24.840516960367893
52440;Rouvroy-sur-Marne;3;14.85735923925004
52440;Rouvroy-sur-Marne;4;43.70776200073366
52440;Rouvroy-sur-Marne;5;34.35047367276751
52440;Rouvroy-sur-Marne;6;38.82543603696148
52442;Rupt;1;5.25365080438222
52442;Rupt;3;15.730090866491029
52442;Rupt;4;26.12923954807396
52442;Rupt;5;31.382844761313798
52442;Rupt;6;52.41292481437029
52443;Sailly;1;5.5
52443;Sailly;5;5.5
52444;Saint-Blin;1;8.71629317889258
52444;Saint-Blin;2;4.89365791682861
52444;Saint-Blin;3;14.972921570636709
52444;Saint-Blin;4;18.5036090125498
52444;Saint-Blin;5;23.44385259489932
52444;Saint-Blin;6;64.88507870397136
52445;Saint-Broingt-le-Bois;3;5.30769230769231
52445;Saint-Broingt-le-Bois;6;5.30769230769231
52446;Saint-Broingt-les-Fosses;2;9.15626834623878
52446;Saint-Broingt-les-Fosses;3;9.15626834623878
52446;Saint-Broingt-les-Fosses;4;4.57813417311939
52446;Saint-Broingt-les-Fosses;5;41.20320755807448
52446;Saint-Broingt-les-Fosses;6;54.937610077432716
52447;Saint-Ciergues;1;10.41216498656998
52447;Saint-Ciergues;3;5.20608249328499
52447;Saint-Ciergues;4;10.41216498656998
52447;Saint-Ciergues;5;36.4425774529949
52447;Saint-Ciergues;6;10.41216498656998
52448;Saint-Dizier;1;4.90818914519747
52448;Saint-Dizier;2;373.7956997301077
52448;Saint-Dizier;3;877.0144109061513
52448;Saint-Dizier;4;1888.5427194596282
52448;Saint-Dizier;5;2900.8792573175033
52448;Saint-Dizier;6;2010.8483019137693
52449;Saints-Geosmes;1;15.4240971733264
52449;Saints-Geosmes;2;43.88518388736365
52449;Saints-Geosmes;3;67.49078141740607
52449;Saints-Geosmes;4;157.6517050215452
52449;Saints-Geosmes;5;103.50110771970077
52449;Saints-Geosmes;6;110.56731939714552
52450;Saint-Loup-sur-Aujon;2;5.04251646946977
52450;Saint-Loup-sur-Aujon;3;5.04251646946977
52450;Saint-Loup-sur-Aujon;4;4.98300394393787
52450;Saint-Loup-sur-Aujon;5;25.21258234734884
52450;Saint-Loup-sur-Aujon;6;20.17006587787904
52452;Saint-Martin-lès-Langres;2;13.95652173913044
52452;Saint-Martin-lès-Langres;3;4.65217391304348
52452;Saint-Martin-lès-Langres;4;13.95652173913044
52452;Saint-Martin-lès-Langres;5;4.65217391304348
52452;Saint-Martin-lès-Langres;6;9.30434782608696
52453;Saint-Maurice;1;4.77777777777778
52453;Saint-Maurice;3;9.55555555555556
52453;Saint-Maurice;4;4.77777777777778
52453;Saint-Maurice;5;4.77777777777778
52453;Saint-Maurice;6;4.77777777777778
52455;Saint-Thiébault;2;14.57649306635339
52455;Saint-Thiébault;4;18.46964517135898
52455;Saint-Thiébault;5;27.140201466657153
52455;Saint-Thiébault;6;75.79428513887775
52456;Saint-Urbain-Maconcourt;1;15.38693886654133
52456;Saint-Urbain-Maconcourt;2;15.27097927490072
52456;Saint-Urbain-Maconcourt;3;19.61781791154833
52456;Saint-Urbain-Maconcourt;4;40.68988452289574
52456;Saint-Urbain-Maconcourt;5;79.8324138545858
52456;Saint-Urbain-Maconcourt;6;59.66255256087551
52457;Saint-Vallier-sur-Marne;1;9.88571428571428
52457;Saint-Vallier-sur-Marne;3;9.88571428571428
52457;Saint-Vallier-sur-Marne;4;19.77142857142856
52457;Saint-Vallier-sur-Marne;5;29.657142857142823
52457;Saint-Vallier-sur-Marne;6;9.88571428571428
52459;Sarcey;1;4.95238095238095
52459;Sarcey;3;14.85714285714285
52459;Sarcey;4;9.9047619047619
52459;Sarcey;5;4.95238095238095
52459;Sarcey;6;9.9047619047619
52461;Sarrey;2;10.20800088247862
52461;Sarrey;3;9.43761268852222
52461;Sarrey;4;50.32800623086381
52461;Sarrey;5;30.22213261770196
52461;Sarrey;6;72.2600792766063
52463;Saudron;4;4.3
52463;Saudron;5;8.6
52464;Saulles;6;11.33333333333334
52465;Saulxures;1;5.03846153846154
52465;Saulxures;2;10.07692307692308
52465;Saulxures;4;35.2692307692308
52465;Saulxures;5;20.15384615384616
52467;Savigny;1;10.5454545454545
52467;Savigny;5;5.27272727272727
52467;Savigny;6;5.27272727272727
52468;Semilly;2;6.5625
52468;Semilly;3;6.5625
52468;Semilly;4;13.125
52468;Semilly;5;13.125
52468;Semilly;6;13.125
52469;Semoutiers-Montsaon;1;9.55311203822588
52469;Semoutiers-Montsaon;2;9.32505981532433
52469;Semoutiers-Montsaon;3;18.84851117587149
52469;Semoutiers-Montsaon;4;84.2210336181814
52469;Semoutiers-Montsaon;5;306.8815239164186
52469;Semoutiers-Montsaon;6;27.34062937393031
52470;Serqueux;2;8.9821543076197
52470;Serqueux;3;4.57454716733206
52470;Serqueux;4;22.78926937771922
52470;Serqueux;5;40.79511730749378
52470;Serqueux;6;54.227193729677914
52472;Sexfontaines;4;22.15384615384618
52472;Sexfontaines;5;11.07692307692308
52472;Sexfontaines;6;33.23076923076924
52473;Signéville;4;5.23529411764706
52473;Signéville;5;10.47058823529412
52473;Signéville;6;15.70588235294118
52474;Silvarouvres;1;8.25
52474;Silvarouvres;6;4.125
52475;Sommancourt;5;11.2
52475;Sommancourt;6;22.4
52476;Sommerécourt;1;9.875
52476;Sommerécourt;5;4.9375
52476;Sommerécourt;6;9.875
52479;Sommevoire;1;24.37085663262298
52479;Sommevoire;2;64.86979263051384
52479;Sommevoire;3;14.734829493655479
52479;Sommevoire;4;34.16658486478693
52479;Sommevoire;5;58.61195519324456
52479;Sommevoire;6;87.75816627217314
52480;Soncourt-sur-Marne;2;19.95387020370687
52480;Soncourt-sur-Marne;3;19.52322195781015
52480;Soncourt-sur-Marne;4;44.46668365585029
52480;Soncourt-sur-Marne;5;54.90349935926628
52480;Soncourt-sur-Marne;6;24.734035709060016
52482;Soulaucourt-sur-Mouzon;2;5.64705882352941
52482;Soulaucourt-sur-Mouzon;3;5.64705882352941
52482;Soulaucourt-sur-Mouzon;4;5.64705882352941
52482;Soulaucourt-sur-Mouzon;5;5.64705882352941
52482;Soulaucourt-sur-Mouzon;6;5.64705882352941
52483;Soyers;1;15.923076923076911
52483;Soyers;5;10.6153846153846
52484;Suzannecourt;2;9.7388048249229
52484;Suzannecourt;3;19.52215544117965
52484;Suzannecourt;4;38.60973862206253
52484;Suzannecourt;5;63.52163583757826
52484;Suzannecourt;6;53.432716850272584
52486;Ternat;2;5.08333333333333
52486;Ternat;4;5.08333333333333
52486;Ternat;5;10.1666666666667
52486;Ternat;6;10.16666666666666
52487;Thilleux;2;4.84615384615385
52487;Thilleux;4;4.84615384615385
52487;Thilleux;5;4.84615384615385
52487;Thilleux;6;9.6923076923077
52488;Thivet;1;5.18020875683186
52488;Thivet;3;5.15252189297646
52488;Thivet;4;36.262352352829524
52488;Thivet;5;36.12302697854604
52488;Thivet;6;41.33151610579796
52489;Thol-lès-Millières;3;6.6
52489;Thol-lès-Millières;4;6.6
52489;Thol-lès-Millières;6;6.6
52490;Thonnance-lès-Joinville;1;4.95504813591321
52490;Thonnance-lès-Joinville;2;9.70787160814093
52490;Thonnance-lès-Joinville;3;33.69932427692581
52490;Thonnance-lès-Joinville;4;33.69071995681132
52490;Thonnance-lès-Joinville;5;81.099290297463
52490;Thonnance-lès-Joinville;6;129.70574143954093
52491;Thonnance-les-Moulins;1;11.1
52491;Thonnance-les-Moulins;5;22.2
52491;Thonnance-les-Moulins;6;27.75
52492;Torcenay;1;10.08357490341484
52492;Torcenay;2;4.87721981764279
52492;Torcenay;3;9.97264732801406
52492;Torcenay;4;55.29573841648336
52492;Torcenay;5;34.79638209578721
52492;Torcenay;6;64.83014647985317
52493;Tornay;1;0.0
52493;Tornay;2;0.0
52493;Tornay;3;0.0
52493;Tornay;4;0.0
52493;Tornay;5;0.0
52493;Tornay;6;0.0
52494;Treix;1;4.95472748945612
52494;Treix;2;4.95472748945612
52494;Treix;3;19.107416709596357
52494;Treix;4;23.68910976408248
52494;Treix;5;28.82684505940383
52494;Treix;6;5.14475411856086
52495;Trémilly;1;10.375
52495;Trémilly;4;5.1875
52495;Trémilly;5;20.75
52495;Trémilly;6;15.5625
52497;Troisfontaines-la-Ville;1;4.702626788371
52497;Troisfontaines-la-Ville;3;9.56627477542498
52497;Troisfontaines-la-Ville;4;47.51748608159058
52497;Troisfontaines-la-Ville;5;32.444787290868035
52497;Troisfontaines-la-Ville;6;51.73702607296042
52499;Vaillant;1;6.28571428571429
52499;Vaillant;3;12.57142857142858
52499;Vaillant;6;6.28571428571429
52500;Valcourt;2;9.88551606971404
52500;Valcourt;3;20.27358944173574
52500;Valcourt;4;89.68658439886828
52500;Valcourt;5;84.0799221042377
52500;Valcourt;6;65.59767810102463
52502;Valleret;4;5.58333333333333
52502;Valleret;6;5.58333333333333
52503;Valleroy;4;8.33333333333334
52504;Varennes-sur-Amance;1;4.84200649749247
52504;Varennes-sur-Amance;2;4.68574882612824
52504;Varennes-sur-Amance;3;14.28783337994959
52504;Varennes-sur-Amance;4;18.97545968239038
52504;Varennes-sur-Amance;5;37.72660124943924
52504;Varennes-sur-Amance;6;14.36848040166723
52505;Vaudrecourt;1;4.71428571428571
52505;Vaudrecourt;4;4.71428571428571
52505;Vaudrecourt;6;4.71428571428571
52506;Vaudrémont;2;4.83333333333333
52506;Vaudrémont;3;4.83333333333333
52506;Vaudrémont;4;4.83333333333333
52506;Vaudrémont;5;9.66666666666666
52506;Vaudrémont;6;19.33333333333332
52507;Vauxbons;1;12.0
52507;Vauxbons;5;6.0
52507;Vauxbons;6;12.0
52510;Vaux-sur-Blaise;1;16.51543927835305
52510;Vaux-sur-Blaise;2;17.00063902442863
52510;Vaux-sur-Blaise;3;10.7035175761028
52510;Vaux-sur-Blaise;4;61.2097050318981
52510;Vaux-sur-Blaise;5;16.747728484347448
52510;Vaux-sur-Blaise;6;10.94589824476901
52511;Vaux-sur-Saint-Urbain;1;4.90909090909091
52511;Vaux-sur-Saint-Urbain;4;9.81818181818182
52511;Vaux-sur-Saint-Urbain;5;9.81818181818182
52511;Vaux-sur-Saint-Urbain;6;4.90909090909091
52512;Vecqueville;2;15.712292829353201
52512;Vecqueville;3;5.23743074187774
52512;Vecqueville;4;15.71537253474896
52512;Vecqueville;5;36.662017004185834
52512;Vecqueville;6;73.31992619165324
52513;Velles;5;4.61538461538462
52513;Velles;6;18.46153846153848
52514;Verbiesles;1;5.57095902530217
52514;Verbiesles;2;4.88031728146211
52514;Verbiesles;3;16.11997201409454
52514;Verbiesles;4;67.2424550317384
52514;Verbiesles;5;10.4512763067643
52514;Verbiesles;6;56.50702967721119
52515;Verseilles-le-Bas;3;4.5
52515;Verseilles-le-Bas;4;22.5
52515;Verseilles-le-Bas;5;4.5
52515;Verseilles-le-Bas;6;13.5
52516;Verseilles-le-Haut;2;4.54545454545455
52516;Verseilles-le-Haut;3;4.54545454545455
52516;Verseilles-le-Haut;5;13.636363636363651
52516;Verseilles-le-Haut;6;9.0909090909091
52517;Vesaignes-sous-Lafauche;4;10.66666666666666
52517;Vesaignes-sous-Lafauche;5;26.666666666666693
52517;Vesaignes-sous-Lafauche;6;26.666666666666693
52518;Vesaignes-sur-Marne;2;5.1
52518;Vesaignes-sur-Marne;3;10.2
52518;Vesaignes-sur-Marne;4;10.2
52518;Vesaignes-sur-Marne;5;10.2
52518;Vesaignes-sur-Marne;6;20.4
52519;Vesvres-sous-Chalancey;5;4.6
52519;Vesvres-sous-Chalancey;6;4.6
52520;Vicq;2;8.97142857142856
52520;Vicq;4;17.94285714285712
52520;Vicq;5;8.97142857142856
52520;Vicq;6;13.457142857142841
52522;Viéville;2;5.07646837829981
52522;Viéville;3;15.121015161669412
52522;Viéville;4;50.60618634629968
52522;Viéville;5;60.97474590767913
52522;Viéville;6;35.53762421540921
52523;Vignes-la-Côte;2;7.0
52523;Vignes-la-Côte;5;7.0
52523;Vignes-la-Côte;6;14.0
52524;Vignory;3;15.79457918406402
52524;Vignory;4;22.25764474011465
52524;Vignory;5;21.3926500348677
52524;Vignory;6;49.74801547199847
52525;Villars-en-Azois;2;4.4
52525;Villars-en-Azois;3;4.4
52525;Villars-en-Azois;5;4.4
52525;Villars-en-Azois;6;8.8
52526;Villars-Santenoge;1;5.5
52526;Villars-Santenoge;4;5.5
52526;Villars-Santenoge;5;11.0
52526;Villars-Santenoge;6;16.5
52528;Ville-en-Blaisois;1;5.40740740740741
52528;Ville-en-Blaisois;4;10.8148148148148
52528;Ville-en-Blaisois;5;16.22222222222221
52528;Ville-en-Blaisois;6;16.22222222222223
52529;Villegusien-le-Lac;1;35.3165967472213
52529;Villegusien-le-Lac;2;24.42442773266867
52529;Villegusien-le-Lac;3;28.04908000907632
52529;Villegusien-le-Lac;4;112.92859607423816
52529;Villegusien-le-Lac;5;103.19270033954115
52529;Villegusien-le-Lac;6;113.27299569831027
52534;Villiers-en-Lieu;1;5.0877361116526
52534;Villiers-en-Lieu;2;30.21397281500575
52534;Villiers-en-Lieu;3;15.02980114815388
52534;Villiers-en-Lieu;4;145.19653781895124
52534;Villiers-en-Lieu;5;224.96750176760082
52534;Villiers-en-Lieu;6;120.46306757714405
52535;Villiers-le-Sec;2;20.07585010951597
52535;Villiers-le-Sec;3;14.75644531064344
52535;Villiers-le-Sec;4;75.81494251364157
52535;Villiers-le-Sec;5;95.05587967044578
52535;Villiers-le-Sec;6;99.74135589431378
52536;Villiers-lès-Aprey;2;6.57142857142857
52536;Villiers-lès-Aprey;3;13.14285714285714
52536;Villiers-lès-Aprey;6;6.57142857142857
52538;Villiers-sur-Suize;2;20.36448706011663
52538;Villiers-sur-Suize;3;9.81486559150748
52538;Villiers-sur-Suize;4;25.643359152397082
52538;Villiers-sur-Suize;5;17.25292513523447
52538;Villiers-sur-Suize;6;30.15523233284781
52539;Violot;1;4.64285714285714
52539;Violot;5;4.64285714285714
52539;Violot;6;23.214285714285698
52540;Vitry-en-Montagne;1;8.33333333333334
52540;Vitry-en-Montagne;5;8.33333333333334
52541;Vitry-lès-Nogent;1;4.84090909090909
52541;Vitry-lès-Nogent;2;9.68181818181818
52541;Vitry-lès-Nogent;3;9.68181818181818
52541;Vitry-lès-Nogent;4;24.20454545454545
52541;Vitry-lès-Nogent;5;4.84090909090909
52541;Vitry-lès-Nogent;6;24.20454545454545
52542;Vivey;1;4.63636363636364
52542;Vivey;2;9.27272727272728
52542;Vivey;3;9.27272727272728
52542;Vivey;5;4.63636363636364
52542;Vivey;6;4.63636363636364
52543;Voillecomte;2;14.97235844974041
52543;Voillecomte;3;9.950114818647759
52543;Voillecomte;4;53.877457736039304
52543;Voillecomte;5;69.30490580651492
52543;Voillecomte;6;68.67907496798064
52544;Voisey;4;10.00625067967054
52544;Voisey;5;25.076320769161
52544;Voisey;6;44.88928257201263
52545;Voisines;1;4.65217391304348
52545;Voisines;2;9.30434782608696
52545;Voisines;3;9.30434782608696
52545;Voisines;4;9.30434782608696
52545;Voisines;5;4.65217391304348
52545;Voisines;6;9.30434782608696
52546;Voncourt;5;5.33333333333333
52546;Voncourt;6;5.33333333333333
52547;Vouécourt;3;19.57717402414707
52547;Vouécourt;4;24.386555218224032
52547;Vouécourt;5;34.345557502879686
52547;Vouécourt;6;24.61416257242862
52548;Vraincourt;3;4.63157894736842
52548;Vraincourt;4;13.89473684210526
52548;Vraincourt;5;9.26315789473684
52549;Vroncourt-la-Côte;1;11.2
52549;Vroncourt-la-Côte;5;5.6
52549;Vroncourt-la-Côte;6;5.6
52550;Wassy;1;4.97230985547719
52550;Wassy;2;74.93026300645542
52550;Wassy;3;79.79396944424467
52550;Wassy;4;225.13700202026578
52550;Wassy;5;399.5157523038228
52550;Wassy;6;234.68259796827388
54001;Abaucourt;1;9.76298582208016
54001;Abaucourt;3;10.06708415969727
54001;Abaucourt;4;33.8968074413143
54001;Abaucourt;5;43.98548721744578
54001;Abaucourt;6;24.70143914468883
54002;Abbéville-lès-Conflans;1;5.51479502445721
54002;Abbéville-lès-Conflans;2;5.28717137255321
54002;Abbéville-lès-Conflans;3;25.14450086780446
54002;Abbéville-lès-Conflans;4;41.233638637368045
54002;Abbéville-lès-Conflans;5;40.82459169098924
54002;Abbéville-lès-Conflans;6;25.57195039972568
54003;Aboncourt;1;15.16666666666666
54003;Aboncourt;2;5.05555555555556
54003;Aboncourt;4;10.11111111111112
54003;Aboncourt;5;5.05555555555556
54003;Aboncourt;6;30.33333333333334
54004;Affléville;1;14.916666666666659
54004;Affléville;2;4.97222222222222
54004;Affléville;3;9.94444444444444
54004;Affléville;4;24.8611111111111
54004;Affléville;5;34.80555555555556
54004;Affléville;6;19.88888888888888
54005;Affracourt;3;18.66666666666668
54005;Affracourt;4;23.33333333333334
54005;Affracourt;5;4.66666666666667
54005;Affracourt;6;4.66666666666667
54006;Agincourt;1;5.17849453307748
54006;Agincourt;3;70.75930700263359
54006;Agincourt;4;65.36079279307489
54006;Agincourt;5;40.122234381427575
54006;Agincourt;6;30.273465061380648
54007;Aingeray;1;5.07295193409754
54007;Aingeray;2;20.65777812362746
54007;Aingeray;3;31.1745879089036
54007;Aingeray;4;67.33425708989942
54007;Aingeray;5;71.66863912255097
54007;Aingeray;6;62.0660535093894
54008;Allain;2;20.34210490331519
54008;Allain;3;20.68488329561963
54008;Allain;4;61.78474073702785
54008;Allain;5;112.84126197499418
54008;Allain;6;36.0677316350338
54009;Allamont;1;5.43333333333333
54009;Allamont;3;5.43333333333333
54009;Allamont;4;5.43333333333333
54009;Allamont;5;32.60000000000003
54009;Allamont;6;10.86666666666666
54010;Allamps;2;9.52020014535228
54010;Allamps;3;24.35326816227926
54010;Allamps;4;24.073452489078612
54010;Allamps;5;70.58544405105225
54010;Allamps;6;66.2912885547858
54011;Allondrelle-la-Malmaison;1;5.04076136261455
54011;Allondrelle-la-Malmaison;2;21.43973416719332
54011;Allondrelle-la-Malmaison;3;10.71986708359666
54011;Allondrelle-la-Malmaison;4;104.02640405099646
54011;Allondrelle-la-Malmaison;5;99.76182159810523
54011;Allondrelle-la-Malmaison;6;93.91563400566179
54012;Amance;2;5.04573635590638
54012;Amance;3;59.20886631927158
54012;Amance;4;44.50026886080412
54012;Amance;5;19.64718869267331
54012;Amance;6;29.79281517502648
54013;Amenoncourt;1;10.1176470588235
54013;Amenoncourt;3;5.05882352941176
54013;Amenoncourt;4;15.17647058823528
54013;Amenoncourt;5;10.1176470588235
54013;Amenoncourt;6;10.11764705882352
54014;Ancerviller;1;5.22779585922098
54014;Ancerviller;2;10.3371495618434
54014;Ancerviller;3;15.81013036045718
54014;Ancerviller;4;15.446503264465822
54014;Ancerviller;5;21.15355906866116
54014;Ancerviller;6;15.451932376751621
54015;Anderny;1;4.63744738921785
54015;Anderny;2;9.466029357490669
54015;Anderny;3;9.75566537884969
54015;Anderny;4;42.12697729171028
54015;Anderny;5;28.307346210592538
54015;Anderny;6;33.224740184504384
54016;Andilly;2;10.09432905774036
54016;Andilly;3;37.43037111737289
54016;Andilly;4;32.1223801588105
54016;Andilly;5;42.11196770844998
54016;Andilly;6;26.99269179201499
54017;Angomont;2;4.18725119574321
54017;Angomont;4;4.18725119574321
54017;Angomont;6;4.18725119574321
54018;Anoux;1;4.16539324703044
54018;Anoux;2;5.29065641236962
54018;Anoux;3;5.29065641236962
54018;Anoux;4;9.38885818242936
54018;Anoux;5;30.855468861933957
54018;Anoux;6;53.504916509751595
54019;Ansauville;3;5.92307692307692
54019;Ansauville;4;17.76923076923076
54019;Ansauville;5;5.92307692307692
54020;Anthelupt;1;14.1835915947144
54020;Anthelupt;2;19.36336562795918
54020;Anthelupt;3;24.09122949286398
54020;Anthelupt;4;43.37967252626959
54020;Anthelupt;5;58.01996112173168
54020;Anthelupt;6;47.88627552647428
54021;Armaucourt;2;5.1304347826087
54021;Armaucourt;3;5.1304347826087
54021;Armaucourt;4;25.652173913043498
54021;Armaucourt;5;15.3913043478261
54021;Armaucourt;6;51.304347826086996
54022;Arnaville;1;4.93089254204054
54022;Arnaville;2;4.93089254204054
54022;Arnaville;3;29.80669570928608
54022;Arnaville;4;79.73108286144347
54022;Arnaville;5;79.73460041104985
54022;Arnaville;6;49.70538251421677
54023;Arracourt;1;4.24608130709038
54023;Arracourt;2;13.76060677428966
54023;Arracourt;3;21.53567277806712
54023;Arracourt;4;12.73824392127114
54023;Arracourt;5;23.04402525656492
54023;Arracourt;6;26.019077647323037
54024;Arraye-et-Han;2;5.02079063906228
54024;Arraye-et-Han;3;9.60001706163478
54024;Arraye-et-Han;4;43.34288365381316
54024;Arraye-et-Han;5;48.664803285545986
54024;Arraye-et-Han;6;28.807386883635772
54025;Art-sur-Meurthe;1;27.44845601746482
54025;Art-sur-Meurthe;2;43.88289722973603
54025;Art-sur-Meurthe;3;115.17471749056962
54025;Art-sur-Meurthe;4;250.87819264119452
54025;Art-sur-Meurthe;5;241.10099775553527
54025;Art-sur-Meurthe;6;118.20560033957108
54026;Athienville;1;5.375
54026;Athienville;4;26.875
54026;Athienville;5;10.75
54026;Athienville;6;16.125
54027;Atton;1;15.08729025917018
54027;Atton;2;19.86396479646124
54027;Atton;3;99.59559479983321
54027;Atton;4;124.78661152119341
54027;Atton;5;69.76545304101208
54027;Atton;6;114.88907478749374
54028;Auboué;2;54.0382052025835
54028;Auboué;3;54.122628059150585
54028;Auboué;4;250.83555467036928
54028;Auboué;5;290.29459605024545
54028;Auboué;6;383.7560958385074
54029;Audun-le-Roman;1;4.87378428415911
54029;Audun-le-Roman;2;44.723113446526824
54029;Audun-le-Roman;3;129.01916300386605
54029;Audun-le-Roman;4;331.75926499845076
54029;Audun-le-Roman;5;380.50692122689946
54029;Audun-le-Roman;6;273.0980085742716
54030;Autrepierre;1;5.0
54030;Autrepierre;2;5.0
54030;Autrepierre;4;5.0
54030;Autrepierre;5;10.0
54030;Autrepierre;6;10.0
54031;Autreville-sur-Moselle;2;4.89560649764238
54031;Autreville-sur-Moselle;3;14.83139623188627
54031;Autreville-sur-Moselle;4;39.885735869593454
54031;Autreville-sur-Moselle;5;39.81031332294137
54031;Autreville-sur-Moselle;6;54.85865694022998
54032;Autrey;1;5.05263157894737
54032;Autrey;2;15.15789473684207
54032;Autrey;3;15.15789473684211
54032;Autrey;4;15.15789473684207
54032;Autrey;5;5.05263157894737
54032;Autrey;6;10.10526315789474
54033;Avillers;1;4.82142857142857
54033;Avillers;2;4.82142857142857
54033;Avillers;4;14.464285714285712
54033;Avillers;5;24.10714285714285
54033;Avillers;6;9.64285714285714
54034;Avrainville;2;10.23809523809524
54034;Avrainville;3;35.8333333333333
54034;Avrainville;4;30.71428571428568
54034;Avrainville;5;10.23809523809524
54034;Avrainville;6;35.833333333333385
54035;Avricourt;3;10.4570881913206
54035;Avricourt;4;15.74820131909466
54035;Avricourt;5;36.64154901575796
54035;Avricourt;6;26.16363180923096
54036;Avril;2;58.91156504513878
54036;Avril;3;68.77240157299079
54036;Avril;4;239.79928360435625
54036;Avril;5;181.70191982468936
54036;Avril;6;132.4608164063551
54037;Azelot;3;45.18039000318409
54037;Azelot;4;60.416966823301436
54037;Azelot;5;45.728285032309316
54037;Azelot;6;15.105188932327358
54038;Azerailles;1;14.367136225301248
54038;Azerailles;2;33.77365406122022
54038;Azerailles;3;4.41643377545486
54038;Azerailles;4;83.27243720932847
54038;Azerailles;5;80.1433087394047
54038;Azerailles;6;91.0825129453702
54039;Baccarat;1;9.98601433546432
54039;Baccarat;2;62.69674019500107
54039;Baccarat;3;96.52502658516582
54039;Baccarat;4;306.04062849470233
54039;Baccarat;5;460.87521982898284
54039;Baccarat;6;420.075412011867
54040;Badonviller;1;10.19295428889462
54040;Badonviller;2;35.70589791310558
54040;Badonviller;3;30.60977557030284
54040;Badonviller;4;107.03082720655472
54040;Badonviller;5;157.5736511165591
54040;Badonviller;6;86.43136387412821
54041;Bagneux;1;4.88884474652438
54041;Bagneux;3;4.88884474652438
54041;Bagneux;4;14.666534239573139
54041;Bagneux;5;9.77768949304876
54042;Bainville-aux-Miroirs;1;10.86646135849362
54042;Bainville-aux-Miroirs;2;10.3403332316361
54042;Bainville-aux-Miroirs;3;9.81420510477868
54042;Bainville-aux-Miroirs;4;41.994819024599686
54042;Bainville-aux-Miroirs;5;9.43598665225616
54042;Bainville-aux-Miroirs;6;35.713652000508496
54043;Bainville-sur-Madon;1;5.10671469765304
54043;Bainville-sur-Madon;2;40.527990201489565
54043;Bainville-sur-Madon;3;80.68298003754951
54043;Bainville-sur-Madon;4;110.99582234406105
54043;Bainville-sur-Madon;5;207.8416333380323
54043;Bainville-sur-Madon;6;111.32198331655579
54044;Barbas;1;20.4102564102564
54044;Barbas;4;25.512820512820504
54044;Barbas;5;10.2051282051282
54044;Barbas;6;30.6153846153846
54045;Barbonville;1;9.64524685860307
54045;Barbonville;2;24.57866700620041
54045;Barbonville;3;14.4840786516428
54045;Barbonville;4;37.48286060831271
54045;Barbonville;5;42.49921465732869
54045;Barbonville;6;38.83186190711129
54046;Barisey-au-Plain;1;20.5086788658178
54046;Barisey-au-Plain;2;5.19193667491278
54046;Barisey-au-Plain;3;50.713748359293575
54046;Barisey-au-Plain;4;41.02316808015179
54046;Barisey-au-Plain;5;25.445905571598267
54046;Barisey-au-Plain;6;56.16330038422443
54047;Barisey-la-Côte;4;20.01739749283402
54047;Barisey-la-Côte;5;45.87383288148426
54047;Barisey-la-Côte;6;45.7753059922658
54048;Les Baroches;1;14.319301542340082
54048;Les Baroches;2;9.55189690742286
54048;Les Baroches;3;10.22902257865982
54048;Les Baroches;4;44.15559018502019
54048;Les Baroches;5;44.14969411611194
54048;Les Baroches;6;49.96555134848625
54049;Baslieux;2;9.54617378251244
54049;Baslieux;3;9.54617378251244
54049;Baslieux;4;63.0059088205479
54049;Baslieux;5;66.2630274116627
54049;Baslieux;6;66.419359317192
54050;Bathelémont;4;4.53333333333333
54050;Bathelémont;5;13.599999999999989
54050;Bathelémont;6;4.53333333333333
54051;Batilly;1;9.7426034069149
54051;Batilly;2;43.84348771815231
54051;Batilly;3;102.30737304353315
54051;Batilly;4;156.05351976029425
54051;Batilly;5;175.59505860995273
54051;Batilly;6;117.02801449803476
54052;Battigny;3;3.97368421052632
54052;Battigny;4;31.789473684210577
54052;Battigny;5;27.81578947368422
54052;Battigny;6;15.89473684210528
54053;Bauzemont;1;5.0
54053;Bauzemont;2;5.0
54053;Bauzemont;4;15.0
54053;Bauzemont;5;25.0
54053;Bauzemont;6;10.0
54054;Bayon;2;35.59952968518404
54054;Bayon;3;60.87640844927808
54054;Bayon;4;187.73254408301165
54054;Bayon;5;228.58091568242511
54054;Bayon;6;111.79515816820145
54055;Bayonville-sur-Mad;2;13.575640932541319
54055;Bayonville-sur-Mad;3;18.0478790352866
54055;Bayonville-sur-Mad;4;27.17774323973577
54055;Bayonville-sur-Mad;5;36.33453576194345
54055;Bayonville-sur-Mad;6;27.17789888565309
54056;Bazailles;2;5.21428571428571
54056;Bazailles;3;5.21428571428571
54056;Bazailles;4;15.64285714285711
54056;Bazailles;5;20.85714285714282
54056;Bazailles;6;26.071428571428548
54057;Beaumont;2;4.4375
54057;Beaumont;4;8.875
54057;Beaumont;5;4.4375
54057;Beaumont;6;8.875
54058;Béchamps;1;15.75
54058;Béchamps;4;15.75
54058;Béchamps;5;5.25
54058;Béchamps;6;10.5
54059;Belleau;1;19.05141331458819
54059;Belleau;2;9.30063721768324
54059;Belleau;3;37.7684641261024
54059;Belleau;4;144.83023667906795
54059;Belleau;5;104.40130449588
54059;Belleau;6;67.15291495467298
54060;Belleville;2;49.22396730913562
54060;Belleville;3;120.16821215061901
54060;Belleville;4;210.27812610938517
54060;Belleville;5;218.62681361290547
54060;Belleville;6;178.36970148196153
54061;Bénaménil;2;9.37805020374724
54061;Bénaménil;3;19.368184800944288
54061;Bénaménil;4;71.82001065622629
54061;Bénaménil;5;99.77193996395134
54061;Bénaménil;6;52.54601334053822
54062;Benney;1;5.44942747417829
54062;Benney;2;45.102797132346836
54062;Benney;3;20.321149774078272
54062;Benney;4;149.41571707349144
54062;Benney;5;35.3520735172706
54062;Benney;6;41.27320746097668
54063;Bernécourt;1;10.48484848484848
54063;Bernécourt;2;15.72727272727274
54063;Bernécourt;4;15.727272727272721
54063;Bernécourt;5;15.7272727272727
54063;Bernécourt;6;20.96969696969696
54064;Bertrambois;1;9.62994388898344
54064;Bertrambois;2;9.57542017805452
54064;Bertrambois;3;14.49978903869096
54064;Bertrambois;4;28.73994928956508
54064;Bertrambois;5;43.22566149053084
54064;Bertrambois;6;47.931663079842636
54065;Bertrichamps;2;4.97009836690247
54065;Bertrichamps;3;25.327811240633842
54065;Bertrichamps;4;112.39767156292571
54065;Bertrichamps;5;147.04619481202323
54065;Bertrichamps;6;112.24599543736316
54066;Bettainvillers;2;5.61915802458697
54066;Bettainvillers;3;20.40455043065848
54066;Bettainvillers;4;82.2939927435783
54066;Bettainvillers;5;62.61785643687824
54066;Bettainvillers;6;33.9920673488402
54067;Beuveille;1;9.70655097657405
54067;Beuveille;2;19.58299815421012
54067;Beuveille;3;44.40366365042668
54067;Beuveille;4;84.86150731027824
54067;Beuveille;5;118.08475518796178
54067;Beuveille;6;92.93452699113719
54068;Beuvezin;1;20.9411764705882
54068;Beuvezin;3;5.23529411764706
54068;Beuvezin;4;5.23529411764706
54068;Beuvezin;6;5.23529411764706
54069;Beuvillers;1;9.28863164281568
54069;Beuvillers;2;9.55127504044286
54069;Beuvillers;3;55.2316815852297
54069;Beuvillers;4;115.51970248395116
54069;Beuvillers;5;59.751897942973216
54069;Beuvillers;6;36.52309660078479
54070;Bey-sur-Seille;2;10.11111111111112
54070;Bey-sur-Seille;4;10.11111111111112
54070;Bey-sur-Seille;5;35.38888888888892
54070;Bey-sur-Seille;6;15.166666666666679
54071;Bezange-la-Grande;1;4.65714285714286
54071;Bezange-la-Grande;2;13.97142857142858
54071;Bezange-la-Grande;4;27.94285714285718
54071;Bezange-la-Grande;5;32.60000000000002
54071;Bezange-la-Grande;6;18.62857142857144
54072;Bezaumont;1;5.27405145441849
54072;Bezaumont;3;5.05271115285613
54072;Bezaumont;4;25.925467914487093
54072;Bezaumont;5;21.0972830140424
54072;Bezaumont;6;41.89945064872126
54073;Bicqueley;2;30.7371027015796
54073;Bicqueley;3;46.22607074440514
54073;Bicqueley;4;112.1395346274512
54073;Bicqueley;5;128.35317780443597
54073;Bicqueley;6;81.84404223882919
54074;Bienville-la-Petite;4;10.57142857142858
54075;Bionville;3;9.28
54075;Bionville;4;13.919999999999998
54075;Bionville;5;9.28
54075;Bionville;6;4.64
54076;Blainville-sur-l'Eau;1;10.2272348091063
54076;Blainville-sur-l'Eau;2;99.85841402884596
54076;Blainville-sur-l'Eau;3;168.95529281447708
54076;Blainville-sur-l'Eau;4;524.4574825806684
54076;Blainville-sur-l'Eau;5;545.9068165038254
54076;Blainville-sur-l'Eau;6;398.42102372798115
54077;Blâmont;1;9.70973928955633
54077;Blâmont;2;5.04678346498202
54077;Blâmont;3;5.04678346498202
54077;Blâmont;4;59.31153570468922
54077;Blâmont;5;115.73101376726765
54077;Blâmont;6;149.77571697395675
54078;Blémerey;2;1.00536400541043
54078;Blémerey;3;1.00536400541043
54078;Blémerey;4;11.35484399768124
54078;Blémerey;5;3.78494799922708
54078;Blémerey;6;3.78494799922708
54079;Blénod-lès-Pont-à-Mousson;2;94.67594110806255
54079;Blénod-lès-Pont-à-Mousson;3;89.69164654379027
54079;Blénod-lès-Pont-à-Mousson;4;458.45578752566865
54079;Blénod-lès-Pont-à-Mousson;5;493.34139078089987
54079;Blénod-lès-Pont-à-Mousson;6;528.1634720622882
54080;Blénod-lès-Toul;2;20.18988318779077
54080;Blénod-lès-Toul;3;49.30886001209634
54080;Blénod-lès-Toul;4;74.17102722841913
54080;Blénod-lès-Toul;5;131.9615549086662
54080;Blénod-lès-Toul;6;141.0906698232373
54081;Boismont;1;10.213587628591
54081;Boismont;2;15.82009035058708
54081;Boismont;3;10.46193244764418
54081;Boismont;4;36.01064121208351
54081;Boismont;5;40.86024571101725
54081;Boismont;6;65.79391595320915
54082;Boncourt;2;4.91428571428571
54082;Boncourt;3;9.82857142857142
54082;Boncourt;4;49.1428571428571
54082;Boncourt;5;29.48571428571423
54082;Boncourt;6;9.82857142857142
54083;Bonviller;1;4.81081081081081
54083;Bonviller;3;14.432432432432428
54083;Bonviller;4;14.432432432432428
54083;Bonviller;5;24.05405405405402
54083;Bonviller;6;24.05405405405405
54084;Mont-Bonvillers;2;19.94514996913584
54084;Mont-Bonvillers;3;10.08325538260094
54084;Mont-Bonvillers;4;65.34498810890756
54084;Mont-Bonvillers;5;150.73260425888273
54084;Mont-Bonvillers;6;145.69170518938606
54085;Borville;1;10.23529411764706
54085;Borville;2;5.11764705882353
54085;Borville;4;5.11764705882353
54085;Borville;5;15.35294117647059
54085;Borville;6;30.70588235294122
54086;Boucq;3;4.87805763384224
54086;Boucq;4;39.643168709339875
54086;Boucq;5;48.63647622361566
54086;Boucq;6;53.52228615193133
54087;Bouillonville;4;4.35294117647059
54087;Bouillonville;5;21.76470588235299
54087;Bouillonville;6;17.41176470588239
54088;Bouvron;1;5.97368421052632
54088;Bouvron;2;5.97368421052632
54088;Bouvron;3;17.92105263157892
54088;Bouvron;4;23.89473684210528
54088;Bouvron;5;29.86842105263164
54088;Bouvron;6;29.86842105263156
54089;Bouxières-aux-Chênes;1;19.8944312140355
54089;Bouxières-aux-Chênes;2;73.63849128791017
54089;Bouxières-aux-Chênes;3;155.9735739250522
54089;Bouxières-aux-Chênes;4;198.43062541303618
54089;Bouxières-aux-Chênes;5;111.58913389866336
54089;Bouxières-aux-Chênes;6;92.96319918526156
54090;Bouxières-aux-Dames;2;80.02248434666762
54090;Bouxières-aux-Dames;3;371.85527878538676
54090;Bouxières-aux-Dames;4;492.4092257850033
54090;Bouxières-aux-Dames;5;396.5611185362786
54090;Bouxières-aux-Dames;6;325.4412180037395
54091;Bouxières-sous-Froidmont;2;14.34108243065616
54091;Bouxières-sous-Froidmont;3;57.92958597532308
54091;Bouxières-sous-Froidmont;4;62.2435068206746
54091;Bouxières-sous-Froidmont;5;67.51033239458616
54091;Bouxières-sous-Froidmont;6;29.19195483883863
54092;Bouzanville;1;4.26666666666667
54092;Bouzanville;4;8.53333333333334
54092;Bouzanville;5;4.26666666666667
54092;Bouzanville;6;4.26666666666667
54093;Brainville;2;4.97058823529412
54093;Brainville;4;24.8529411764706
54093;Brainville;5;9.94117647058824
54093;Brainville;6;9.94117647058824
54094;Bralleville;2;14.828571428571422
54094;Bralleville;3;4.94285714285714
54094;Bralleville;4;24.71428571428568
54094;Bralleville;5;24.7142857142857
54094;Bralleville;6;4.94285714285714
54095;Bratte;1;5.22222222222222
54095;Bratte;5;15.666666666666659
54095;Bratte;6;5.22222222222222
54096;Bréhain-la-Ville;2;5.13444802041997
54096;Bréhain-la-Ville;3;20.45134332865295
54096;Bréhain-la-Ville;4;45.61510502856425
54096;Bréhain-la-Ville;5;65.63854670074167
54096;Bréhain-la-Ville;6;55.28024097661151
54097;Bréménil;1;10.1052631578947
54097;Bréménil;3;5.05263157894737
54097;Bréménil;4;15.15789473684211
54097;Bréménil;6;20.21052631578944
54098;Brémoncourt;3;20.75
54098;Brémoncourt;4;20.75
54098;Brémoncourt;5;15.5625
54098;Brémoncourt;6;15.5625
54099;Val de Briey;1;24.23107279822592
54099;Val de Briey;2;119.17310877138534
54099;Val de Briey;3;402.39154380073234
54099;Val de Briey;4;822.9061188920837
54099;Val de Briey;5;1013.6318960602539
54099;Val de Briey;6;812.6326846163528
54100;Brin-sur-Seille;1;4.94381822602028
54100;Brin-sur-Seille;2;15.42715863506795
54100;Brin-sur-Seille;3;40.13777416830186
54100;Brin-sur-Seille;4;86.36935410995342
54100;Brin-sur-Seille;5;111.56062628551777
54100;Brin-sur-Seille;6;44.79789332843165
54101;Brouville;1;5.25
54101;Brouville;5;5.25
54101;Brouville;6;26.25
54102;Bruley;2;21.10606211458505
54102;Bruley;3;41.835494007216
54102;Bruley;4;83.3664169893021
54102;Bruley;5;68.15533581737643
54102;Bruley;6;72.93013164577086
54103;Bruville;1;10.0
54103;Bruville;2;10.0
54103;Bruville;3;5.0
54103;Bruville;4;25.0
54103;Bruville;5;30.0
54103;Bruville;6;25.0
54104;Buissoncourt;2;15.599954346647088
54104;Buissoncourt;3;15.615740765024341
54104;Buissoncourt;4;38.69356368053647
54104;Buissoncourt;5;29.47986010723543
54104;Buissoncourt;6;20.32848971571325
54105;Bulligny;1;9.88982803869218
54105;Bulligny;2;9.966069887736879
54105;Bulligny;3;10.198340103593129
54105;Bulligny;4;125.62749201451945
54105;Bulligny;5;75.47806845181783
54105;Bulligny;6;10.11972910061238
54106;Bures;1;21.333333333333343
54106;Bures;2;4.26666666666667
54106;Bures;3;4.26666666666667
54106;Bures;4;4.26666666666667
54106;Bures;6;17.06666666666668
54107;Buriville;1;6.0
54107;Buriville;3;6.0
54107;Buriville;4;6.0
54107;Buriville;5;18.0
54107;Buriville;6;6.0
54108;Burthecourt-aux-Chênes;1;13.0434782608696
54108;Burthecourt-aux-Chênes;2;26.08695652173916
54108;Burthecourt-aux-Chênes;4;13.0434782608696
54108;Burthecourt-aux-Chênes;5;6.52173913043478
54108;Burthecourt-aux-Chênes;6;13.0434782608696
54109;Ceintrey;1;15.2357647169271
54109;Ceintrey;2;25.37701337247528
54109;Ceintrey;3;65.86172618520125
54109;Ceintrey;4;162.08316522043486
54109;Ceintrey;5;121.53447030697431
54109;Ceintrey;6;45.53154616375515
54110;Cerville;1;14.3426630057353
54110;Cerville;2;10.0997514206889
54110;Cerville;3;34.9694123096421
54110;Cerville;4;65.94457214740154
54110;Cerville;5;82.51597329563542
54110;Cerville;6;24.80541726113954
54111;Chaligny;2;33.95651596449862
54111;Chaligny;3;199.61621318950012
54111;Chaligny;4;383.21120399431925
54111;Chaligny;5;407.4061746581731
54111;Chaligny;6;244.86913829997874
54112;Chambley-Bussières;1;9.88615621304858
54112;Chambley-Bussières;2;9.805831557079589
54112;Chambley-Bussières;3;29.550930303168208
54112;Chambley-Bussières;4;156.0107393612984
54112;Chambley-Bussières;5;107.1952008206518
54112;Chambley-Bussières;6;53.73082206897466
54113;Champenoux;1;15.89080721268811
54113;Champenoux;2;90.54706178723056
54113;Champenoux;3;107.23682774263098
54113;Champenoux;4;208.91127198976056
54113;Champenoux;5;201.72617800638946
54113;Champenoux;6;75.09283436393288
54114;Champey-sur-Moselle;2;10.0061196492158
54114;Champey-sur-Moselle;3;9.69570884616438
54114;Champey-sur-Moselle;4;69.79909657400526
54114;Champey-sur-Moselle;5;24.8291526755804
54114;Champey-sur-Moselle;6;30.435352112154398
54115;Champigneulles;2;119.75076858168396
54115;Champigneulles;3;233.13816240550474
54115;Champigneulles;4;811.3234639076705
54115;Champigneulles;5;762.0130805101875
54115;Champigneulles;6;499.81558251131105
54116;Chanteheux;1;9.86310083905702
54116;Chanteheux;2;70.1772155906623
54116;Chanteheux;3;67.25979232330279
54116;Chanteheux;4;249.86243535242946
54116;Chanteheux;5;322.8118695051851
54116;Chanteheux;6;197.8839868891793
54117;Chaouilley;1;4.95652173913043
54117;Chaouilley;2;9.91304347826086
54117;Chaouilley;3;4.95652173913043
54117;Chaouilley;4;9.91304347826086
54117;Chaouilley;5;14.86956521739129
54118;Charency-Vezin;2;10.28228922897654
54118;Charency-Vezin;3;15.2165191216396
54118;Charency-Vezin;4;56.13903022434905
54118;Charency-Vezin;5;96.39236245478529
54118;Charency-Vezin;6;102.15009803260214
54119;Charey;5;10.5882352941176
54119;Charey;6;5.29411764705882
54120;Charmes-la-Côte;1;5.16701352882676
54120;Charmes-la-Côte;2;4.61340042317789
54120;Charmes-la-Côte;3;19.27618085061792
54120;Charmes-la-Côte;4;49.50369045143104
54120;Charmes-la-Côte;5;52.46669629030638
54120;Charmes-la-Côte;6;35.64867203582055
54121;Charmois;1;5.24324324324324
54121;Charmois;3;15.729729729729721
54121;Charmois;4;31.459459459459442
54121;Charmois;5;15.72972972972974
54121;Charmois;6;10.48648648648648
54122;Chaudeney-sur-Moselle;2;30.62983190739558
54122;Chaudeney-sur-Moselle;3;30.69611392595999
54122;Chaudeney-sur-Moselle;4;117.8774645940671
54122;Chaudeney-sur-Moselle;5;102.4550539834683
54122;Chaudeney-sur-Moselle;6;56.34637766926829
54123;Chavigny;2;67.95865531209078
54123;Chavigny;3;133.13515224871958
54123;Chavigny;4;267.53499188723595
54123;Chavigny;5;171.40140490869342
54123;Chavigny;6;96.74798718493915
54124;Chazelles-sur-Albe;1;10.44444444444444
54124;Chazelles-sur-Albe;5;5.22222222222222
54125;Chenevières;1;9.88769391683917
54125;Chenevières;2;14.92034597929036
54125;Chenevières;3;19.16009915137929
54125;Chenevières;4;48.51306623563538
54125;Chenevières;5;53.53073637295247
54125;Chenevières;6;58.56307350386923
54126;Chenicourt;1;5.06976744186046
54126;Chenicourt;2;15.20930232558136
54126;Chenicourt;3;15.20930232558138
54126;Chenicourt;4;25.34883720930226
54126;Chenicourt;5;30.41860465116276
54126;Chenicourt;6;20.27906976744184
54127;Chenières;1;15.5164362708992
54127;Chenières;2;25.64588771176763
54127;Chenières;3;26.00551296330974
54127;Chenières;4;77.51851584509883
54127;Chenières;5;62.21118932730176
54127;Chenières;6;72.84573843319009
54128;Choloy-Ménillot;1;10.1138128932905
54128;Choloy-Ménillot;2;5.1239449092071
54128;Choloy-Ménillot;3;40.408594172203195
54128;Choloy-Ménillot;4;86.47782021589751
54128;Choloy-Ménillot;5;86.43550610284692
54128;Choloy-Ménillot;6;71.37730637621404
54129;Cirey-sur-Vezouze;1;5.14509293671698
54129;Cirey-sur-Vezouze;2;49.28246184383932
54129;Cirey-sur-Vezouze;3;40.360370328190726
54129;Cirey-sur-Vezouze;4;74.31980100154027
54129;Cirey-sur-Vezouze;5;143.63203768876045
54129;Cirey-sur-Vezouze;6;163.75749990844906
54130;Clayeures;2;14.666666666666671
54130;Clayeures;3;4.88888888888889
54130;Clayeures;4;19.55555555555556
54130;Clayeures;5;24.44444444444445
54130;Clayeures;6;4.88888888888889
54131;Clémery;1;4.92453243743637
54131;Clémery;2;24.96921334026132
54131;Clémery;3;19.88415020038774
54131;Clémery;4;84.48791339087052
54131;Clémery;5;84.46227421288378
54131;Clémery;6;49.724337211942924
54132;Clérey-sur-Brenon;3;14.000000000000009
54132;Clérey-sur-Brenon;4;14.000000000000009
54133;Coincourt;1;10.36363636363636
54133;Coincourt;2;10.36363636363636
54133;Coincourt;4;5.18181818181818
54133;Coincourt;5;20.727272727272762
54133;Coincourt;6;10.36363636363636
54134;Colmey;4;21.355161395228592
54134;Colmey;5;31.47632420787607
54134;Colmey;6;79.62858380976924
54135;Colombey-les-Belles;1;4.9478542364223
54135;Colombey-les-Belles;2;59.66738100472663
54135;Colombey-les-Belles;3;29.70345784398381
54135;Colombey-les-Belles;4;171.08664234588645
54135;Colombey-les-Belles;5;275.77941439076375
54135;Colombey-les-Belles;6;138.37964305709363
54136;Conflans-en-Jarnisy;1;20.14946453968944
54136;Conflans-en-Jarnisy;2;40.4625839311337
54136;Conflans-en-Jarnisy;3;55.821220979185796
54136;Conflans-en-Jarnisy;4;161.47032197281928
54136;Conflans-en-Jarnisy;5;310.15176346489096
54136;Conflans-en-Jarnisy;6;283.6440928151345
54137;Cons-la-Grandville;2;24.27592605029284
54137;Cons-la-Grandville;3;24.512654223136142
54137;Cons-la-Grandville;4;83.15581748486562
54137;Cons-la-Grandville;5;53.6786204805596
54137;Cons-la-Grandville;6;53.59756209311505
54138;Cosnes-et-Romain;1;4.9912061390396
54138;Cosnes-et-Romain;2;65.25695192208059
54138;Cosnes-et-Romain;3;75.4864354580865
54138;Cosnes-et-Romain;4;372.8498506406034
54138;Cosnes-et-Romain;5;401.4787820919448
54138;Cosnes-et-Romain;6;257.3531829619105
54139;Courbesseaux;1;4.83962065268908
54139;Courbesseaux;2;9.68212620576003
54139;Courbesseaux;3;29.06102050235158
54139;Courbesseaux;4;48.76665167241667
54139;Courbesseaux;5;59.65123575197666
54139;Courbesseaux;6;33.65247666094914
54140;Courcelles;1;18.0
54140;Courcelles;2;4.5
54140;Courcelles;4;4.5
54140;Courcelles;5;9.0
54140;Courcelles;6;18.0
54141;Coyviller;3;10.62068965517242
54141;Coyviller;4;42.48275862068966
54141;Coyviller;5;5.31034482758621
54141;Coyviller;6;10.62068965517242
54142;Crantenoy;3;10.06666666666666
54142;Crantenoy;4;20.13333333333336
54142;Crantenoy;5;5.03333333333333
54142;Crantenoy;6;20.13333333333336
54143;Crépey;2;14.05372662745053
54143;Crépey;3;4.28793776103659
54143;Crépey;4;52.53752371808228
54143;Crépey;5;80.2017226121986
54143;Crépey;6;53.75274178139736
54144;Crévéchamps;2;20.79399131344929
54144;Crévéchamps;3;5.91120742630463
54144;Crévéchamps;4;78.65454982938947
54144;Crévéchamps;5;38.00646216513507
54144;Crévéchamps;6;21.560223996306
54145;Crévic;2;20.32389882349981
54145;Crévic;3;25.15770032658486
54145;Crévic;4;105.90152258436407
54145;Crévic;5;136.3540120227048
54145;Crévic;6;110.67823321097427
54146;Crézilles;2;20.42867886640525
54146;Crézilles;4;40.99124152629838
54146;Crézilles;5;35.92967194203208
54146;Crézilles;6;20.5138145133268
54147;Crion;1;9.08333333333334
54147;Crion;2;4.54166666666667
54147;Crion;4;9.08333333333334
54147;Crion;5;22.70833333333335
54147;Crion;6;9.08333333333334
54148;Croismare;2;9.6279451935364
54148;Croismare;3;20.29402094872131
54148;Croismare;4;96.9709023818248
54148;Croismare;5;85.36514567439627
54148;Croismare;6;79.62264105868033
54149;Crusnes;2;10.5372922450688
54149;Crusnes;3;39.79961144604012
54149;Crusnes;4;202.5343764934315
54149;Crusnes;5;265.29094655892226
54149;Crusnes;6;175.71642280315635
54150;Custines;1;10.1802776466413
54150;Custines;2;81.22925611359591
54150;Custines;3;185.67551082938178
54150;Custines;4;443.2432964955478
54150;Custines;5;341.6302368563775
54150;Custines;6;347.2616350795201
54151;Cutry;2;10.02341494885388
54151;Cutry;3;40.16396622291972
54151;Cutry;4;110.39040315971131
54151;Cutry;5;160.42180495410074
54151;Cutry;6;120.38273347739425
54152;Damelevières;2;44.461253275411984
54152;Damelevières;3;164.0575659630733
54152;Damelevières;4;332.53716361570497
54152;Damelevières;5;455.85673378112085
54152;Damelevières;6;338.69609369896375
54153;Dampvitoux;1;15.27272727272729
54153;Dampvitoux;4;10.18181818181818
54153;Dampvitoux;5;10.18181818181818
54153;Dampvitoux;6;5.09090909090909
54154;Deneuvre;1;4.77795678750828
54154;Deneuvre;2;19.71129978566541
54154;Deneuvre;3;18.88015402112026
54154;Deneuvre;4;29.03834856810651
54154;Deneuvre;5;66.78987924972071
54154;Deneuvre;6;24.72963555217115
54155;Deuxville;2;5.04399087576815
54155;Deuxville;3;8.95356766004118
54155;Deuxville;4;44.88470424212271
54155;Deuxville;5;49.63559678028828
54155;Deuxville;6;56.81375181296755
54156;Diarville;1;4.95934132411044
54156;Diarville;2;14.21941817805157
54156;Diarville;3;30.310795057944837
54156;Diarville;4;44.80763746785895
54156;Diarville;5;64.51185163957992
54156;Diarville;6;74.95966250135244
54157;Dieulouard;1;4.97171427783841
54157;Dieulouard;2;65.62107387318994
54157;Dieulouard;3;241.60407900752338
54157;Dieulouard;4;552.984720638568
54157;Dieulouard;5;643.2163171806
54157;Dieulouard;6;628.1092791137336
54158;Dolcourt;2;16.73076923076924
54158;Dolcourt;4;11.15384615384616
54158;Dolcourt;5;27.88461538461548
54158;Dolcourt;6;11.15384615384616
54159;Dombasle-sur-Meurthe;1;9.91767479380482
54159;Dombasle-sur-Meurthe;2;238.98177287815636
54159;Dombasle-sur-Meurthe;3;467.4421167287626
54159;Dombasle-sur-Meurthe;4;1310.8615075005787
54159;Dombasle-sur-Meurthe;5;1334.0027059471172
54159;Dombasle-sur-Meurthe;6;845.3801642568286
54160;Domèvre-en-Haye;2;9.11890875551073
54160;Domèvre-en-Haye;3;14.69633514290393
54160;Domèvre-en-Haye;4;43.489563702227954
54160;Domèvre-en-Haye;5;53.53689465856425
54160;Domèvre-en-Haye;6;48.92755345853149
54161;Domèvre-sur-Vezouze;1;4.89466173468043
54161;Domèvre-sur-Vezouze;2;15.0338119826162
54161;Domèvre-sur-Vezouze;4;24.9334134284269
54161;Domèvre-sur-Vezouze;5;60.006645044863994
54161;Domèvre-sur-Vezouze;6;45.3219368250381
54162;Domgermain;1;10.2028602795372
54162;Domgermain;2;19.77731437294534
54162;Domgermain;3;75.50376665930678
54162;Domgermain;4;137.79774905131694
54162;Domgermain;5;154.2184838369097
54162;Domgermain;6;67.14813289329359
54163;Domjevin;1;5.37103085642613
54163;Domjevin;2;15.99967381935722
54163;Domjevin;3;10.27240259764932
54163;Domjevin;4;5.49244166410643
54163;Domjevin;5;15.87563854273283
54163;Domjevin;6;46.93024234815652
54164;Dommarie-Eulmont;1;6.38461538461539
54164;Dommarie-Eulmont;3;6.38461538461539
54164;Dommarie-Eulmont;4;31.92307692307695
54164;Dommarie-Eulmont;5;12.76923076923078
54165;Dommartemont;2;45.80341810123565
54165;Dommartemont;3;132.30501475196593
54165;Dommartemont;4;45.803416538468454
54165;Dommartemont;5;25.44446188917145
54165;Dommartemont;6;15.2649837831393
54166;Dommartin-la-Chaussée;1;10.875
54166;Dommartin-la-Chaussée;4;3.625
54166;Dommartin-la-Chaussée;5;3.625
54167;Dommartin-lès-Toul;2;59.16664604623885
54167;Dommartin-lès-Toul;3;117.24537547076866
54167;Dommartin-lès-Toul;4;339.1412033185719
54167;Dommartin-lès-Toul;5;198.29891480777897
54167;Dommartin-lès-Toul;6;130.84777680369692
54168;Dommartin-sous-Amance;1;10.5486150581771
54168;Dommartin-sous-Amance;2;21.05127287119504
54168;Dommartin-sous-Amance;3;26.65304604089385
54168;Dommartin-sous-Amance;4;37.15529259467751
54168;Dommartin-sous-Amance;5;26.51229184316826
54168;Dommartin-sous-Amance;6;10.59539482180466
54169;Domprix;1;12.249999999999991
54169;Domprix;4;12.249999999999991
54169;Domprix;5;12.249999999999991
54169;Domprix;6;4.08333333333333
54170;Domptail-en-l'Air;1;5.46153846153846
54170;Domptail-en-l'Air;3;5.46153846153846
54170;Domptail-en-l'Air;4;16.38461538461538
54170;Domptail-en-l'Air;6;10.92307692307692
54171;Doncourt-lès-Conflans;1;10.4040795838822
54171;Doncourt-lès-Conflans;2;24.17939755489542
54171;Doncourt-lès-Conflans;3;42.9907662861448
54171;Doncourt-lès-Conflans;4;173.921571020017
54171;Doncourt-lès-Conflans;5;151.7868309413582
54171;Doncourt-lès-Conflans;6;99.7568505433028
54172;Doncourt-lès-Longuyon;1;4.01476530760932
54172;Doncourt-lès-Longuyon;2;14.39307958296299
54172;Doncourt-lès-Longuyon;3;4.57733231886561
54172;Doncourt-lès-Longuyon;4;34.31308010822511
54172;Doncourt-lès-Longuyon;5;42.18694778089708
54172;Doncourt-lès-Longuyon;6;23.216535879068488
54173;Drouville;2;5.4390243902439
54173;Drouville;3;21.7560975609756
54173;Drouville;5;38.0731707317073
54173;Drouville;6;16.3170731707317
54174;Écrouves;1;10.02407569155171
54174;Écrouves;2;55.20297865231788
54174;Écrouves;3;175.58581080253788
54174;Écrouves;4;566.8651105207672
54174;Écrouves;5;776.6408761277531
54174;Écrouves;6;406.0211757230213
54175;Einvaux;1;9.50913957801874
54175;Einvaux;3;15.45523032555626
54175;Einvaux;4;76.20569836611625
54175;Einvaux;5;32.30367649962277
54175;Einvaux;6;33.10850701782943
54176;Einville-au-Jard;1;5.14284060652308
54176;Einville-au-Jard;2;34.16280631493803
54176;Einville-au-Jard;3;34.50461049039564
54176;Einville-au-Jard;4;103.7102755400168
54176;Einville-au-Jard;5;159.02041819333058
54176;Einville-au-Jard;6;135.84805926455047
54177;Emberménil;1;4.99706977531786
54177;Emberménil;2;9.99413955063572
54177;Emberménil;3;4.45162059416235
54177;Emberménil;4;52.27391019714826
54177;Emberménil;5;33.17999023839626
54177;Emberménil;6;18.88162389458705
54178;Épiez-sur-Chiers;3;11.1111111111111
54178;Épiez-sur-Chiers;4;16.66666666666666
54178;Épiez-sur-Chiers;5;22.22222222222222
54178;Épiez-sur-Chiers;6;50.00000000000002
54179;Éply;1;10.0446987877029
54179;Éply;3;58.53306584788593
54179;Éply;4;39.27091576603309
54179;Éply;5;19.06940623673656
54179;Éply;6;19.28591352924003
54180;Erbéviller-sur-Amezule;1;4.92857142857143
54180;Erbéviller-sur-Amezule;2;4.92857142857143
54180;Erbéviller-sur-Amezule;4;4.92857142857143
54180;Erbéviller-sur-Amezule;5;4.92857142857143
54181;Errouville;2;13.89798133352607
54181;Errouville;3;29.86303430436014
54181;Errouville;4;71.98098484645641
54181;Errouville;5;87.19240370704651
54181;Errouville;6;90.74703441279662
54182;Essey-et-Maizerais;2;30.23826554895546
54182;Essey-et-Maizerais;3;8.35750454150394
54182;Essey-et-Maizerais;4;27.13627022035347
54182;Essey-et-Maizerais;5;29.252989639261923
54182;Essey-et-Maizerais;6;45.42731769558872
54183;Essey-la-Côte;1;13.058823529411768
54183;Essey-la-Côte;4;8.70588235294118
54183;Essey-la-Côte;5;4.35294117647059
54183;Essey-la-Côte;6;4.35294117647059
54184;Essey-lès-Nancy;2;161.76609916424655
54184;Essey-lès-Nancy;3;743.0002352086946
54184;Essey-lès-Nancy;4;1049.8153633201932
54184;Essey-lès-Nancy;5;1090.543347226562
54184;Essey-lès-Nancy;6;462.34558010501434
54185;Étreval;2;4.53846153846154
54185;Étreval;4;4.53846153846154
54185;Étreval;5;9.07692307692308
54186;Eulmont;2;39.71531839566563
54186;Eulmont;3;119.14484305793816
54186;Eulmont;4;198.57214357283496
54186;Eulmont;5;89.35881768982699
54186;Eulmont;6;59.56908492031471
54187;Euvezin;2;5.19047619047619
54187;Euvezin;3;10.38095238095238
54187;Euvezin;4;15.571428571428589
54187;Euvezin;5;15.571428571428589
54187;Euvezin;6;5.19047619047619
54188;Faulx;1;10.049571083863299
54188;Faulx;2;40.19871710038595
54188;Faulx;3;90.44570663555184
54188;Faulx;4;185.91554945119907
54188;Faulx;5;145.71791465471833
54188;Faulx;6;130.64182659626061
54189;Favières;2;27.79140245571618
54189;Favières;3;28.08252956521465
54189;Favières;4;73.5646198573543
54189;Favières;5;69.08167963338285
54189;Favières;6;92.90699109061998
54190;Fécocourt;1;20.7619047619048
54190;Fécocourt;4;15.571428571428589
54190;Fécocourt;5;20.76190476190476
54190;Fécocourt;6;20.76190476190478
54191;Fenneviller;4;10.94736842105264
54191;Fenneviller;5;10.94736842105264
54191;Fenneviller;6;21.89473684210528
54192;Ferrières;2;5.70475220204942
54192;Ferrières;3;21.14920826197599
54192;Ferrières;4;26.5172293561863
54192;Ferrières;5;54.17756125039591
54192;Ferrières;6;21.09051934104702
54193;Fey-en-Haye;4;11.8181818181818
54193;Fey-en-Haye;5;11.8181818181818
54193;Fey-en-Haye;6;5.90909090909091
54194;Fillières;1;8.9029039707612
54194;Fillières;2;4.95233974694664
54194;Fillières;3;34.42333998976408
54194;Fillières;4;75.30838797112483
54194;Fillières;5;90.6593063756502
54194;Fillières;6;56.67598255801237
54195;Flainval;2;14.583333333333329
54195;Flainval;3;4.86111111111111
54195;Flainval;4;29.16666666666662
54195;Flainval;6;14.583333333333329
54196;Flavigny-sur-Moselle;1;4.97723587134222
54196;Flavigny-sur-Moselle;2;25.0389656795107
54196;Flavigny-sur-Moselle;3;91.34121514655945
54196;Flavigny-sur-Moselle;4;254.24773408195006
54196;Flavigny-sur-Moselle;5;130.68818159535218
54196;Flavigny-sur-Moselle;6;158.17726675104163
54197;Fléville-devant-Nancy;2;86.94787827674544
54197;Fléville-devant-Nancy;3;195.09857266837
54197;Fléville-devant-Nancy;4;249.93796782813098
54197;Fléville-devant-Nancy;5;120.47037325190229
54197;Fléville-devant-Nancy;6;74.41138801069216
54198;Fléville-Lixières;2;10.39208143373917
54198;Fléville-Lixières;3;5.21427280310752
54198;Fléville-Lixières;4;41.78890834814412
54198;Fléville-Lixières;5;62.42695412636301
54198;Fléville-Lixières;6;41.86209709245192
54199;Flin;1;5.14308993515312
54199;Flin;2;15.04217023948501
54199;Flin;3;10.09354923724511
54199;Flin;4;34.56499903144328
54199;Flin;5;54.65847012995312
54199;Flin;6;63.61437594212004
54200;Flirey;2;9.2
54200;Flirey;4;23.0
54200;Flirey;5;13.799999999999999
54200;Flirey;6;23.0
54201;Fontenoy-la-Joûte;2;10.18856489276384
54201;Fontenoy-la-Joûte;3;5.10349015674658
54201;Fontenoy-la-Joûte;4;25.50517629967236
54201;Fontenoy-la-Joûte;5;45.87618731637336
54201;Fontenoy-la-Joûte;6;40.76656361223516
54202;Fontenoy-sur-Moselle;2;15.45811104320776
54202;Fontenoy-sur-Moselle;3;42.91492858175484
54202;Fontenoy-sur-Moselle;4;67.86003924300933
54202;Fontenoy-sur-Moselle;5;41.935185113287005
54202;Fontenoy-sur-Moselle;6;10.06050321517005
54203;Forcelles-Saint-Gorgon;1;4.51515151515152
54203;Forcelles-Saint-Gorgon;3;9.03030303030304
54203;Forcelles-Saint-Gorgon;4;18.06060606060608
54203;Forcelles-Saint-Gorgon;5;13.545454545454561
54203;Forcelles-Saint-Gorgon;6;9.03030303030304
54204;Forcelles-sous-Gugney;1;4.73684210526316
54204;Forcelles-sous-Gugney;4;23.684210526315802
54204;Forcelles-sous-Gugney;5;14.21052631578948
54204;Forcelles-sous-Gugney;6;4.73684210526316
54205;Foug;2;14.891220643540471
54205;Foug;3;64.85423628211329
54205;Foug;4;169.2844135413819
54205;Foug;5;366.9496740369107
54205;Foug;6;333.16711446003535
54206;Fraimbois;1;19.8350494265772
54206;Fraimbois;3;48.31920162821764
54206;Fraimbois;4;53.46493413516721
54206;Fraimbois;5;38.31211508539348
54206;Fraimbois;6;28.013152184961477
54207;Fraisnes-en-Saintois;2;5.5625
54207;Fraisnes-en-Saintois;4;27.8125
54207;Fraisnes-en-Saintois;6;11.125
54208;Francheville;3;9.66682748346211
54208;Francheville;4;64.85912421290703
54208;Francheville;5;64.58067151373619
54208;Francheville;6;29.74925979803254
54209;Franconville;4;8.53333333333334
54209;Franconville;5;8.53333333333334
54209;Franconville;6;17.06666666666668
54210;Fréménil;3;5.21428571428571
54210;Fréménil;4;36.49999999999992
54210;Fréménil;5;26.0714285714285
54210;Fréménil;6;36.49999999999995
54211;Frémonville;1;4.80952380952381
54211;Frémonville;3;4.80952380952381
54211;Frémonville;4;33.66666666666667
54211;Frémonville;5;19.23809523809524
54211;Frémonville;6;19.23809523809524
54212;Fresnois-la-Montagne;1;4.90808734648881
54212;Fresnois-la-Montagne;2;24.4703825787738
54212;Fresnois-la-Montagne;3;9.72299135420316
54212;Fresnois-la-Montagne;4;73.1559468928002
54212;Fresnois-la-Montagne;5;48.801545650544135
54212;Fresnois-la-Montagne;6;39.07822099463529
54213;Friauville;3;29.98328494040165
54213;Friauville;4;55.03904092688304
54213;Friauville;5;25.86513904480961
54213;Friauville;6;41.32346430575204
54214;Frolois;1;4.92061838986999
54214;Frolois;2;44.11440044560994
54214;Frolois;3;64.03154250145019
54214;Frolois;4;137.08989817704924
54214;Frolois;5;84.30420511340577
54214;Frolois;6;63.68230046066458
54215;Frouard;1;5.04320546759352
54215;Frouard;2;132.09363172503765
54215;Frouard;3;402.61419153425464
54215;Frouard;4;675.6893579304366
54215;Frouard;5;983.8747085669023
54215;Frouard;6;569.2362197205462
54216;Froville;2;10.7826086956522
54216;Froville;3;10.78260869565218
54216;Froville;4;5.39130434782609
54216;Froville;5;21.56521739130436
54216;Froville;6;10.78260869565218
54217;Gélacourt;1;15.17142857142856
54217;Gélacourt;3;10.11428571428572
54217;Gélacourt;5;10.11428571428572
54217;Gélacourt;6;20.22857142857144
54218;Gélaucourt;2;5.66666666666667
54218;Gélaucourt;3;5.66666666666667
54218;Gélaucourt;5;5.66666666666667
54218;Gélaucourt;6;5.66666666666667
54219;Gellenoncourt;1;4.82352941176471
54219;Gellenoncourt;3;14.47058823529413
54219;Gellenoncourt;4;9.64705882352942
54219;Gellenoncourt;5;9.64705882352942
54219;Gellenoncourt;6;14.47058823529413
54220;Gémonville;1;3.8
54220;Gémonville;2;3.8
54220;Gémonville;3;7.6
54220;Gémonville;4;3.8
54220;Gémonville;5;11.4
54220;Gémonville;6;3.8
54221;Gerbécourt-et-Haplemont;1;4.95833333333333
54221;Gerbécourt-et-Haplemont;2;19.83333333333332
54221;Gerbécourt-et-Haplemont;3;9.91666666666666
54221;Gerbécourt-et-Haplemont;4;39.66666666666665
54221;Gerbécourt-et-Haplemont;5;19.83333333333332
54221;Gerbécourt-et-Haplemont;6;4.95833333333333
54222;Gerbéviller;1;29.59065590347482
54222;Gerbéviller;2;29.7664737703924
54222;Gerbéviller;3;39.95068804172707
54222;Gerbéviller;4;128.94690959416013
54222;Gerbéviller;5;140.36087877276475
54222;Gerbéviller;6;114.17278322066034
54223;Germiny;1;5.21052631578947
54223;Germiny;3;10.42105263157894
54223;Germiny;4;10.42105263157894
54223;Germiny;5;15.631578947368372
54223;Germiny;6;20.84210526315784
54224;Germonville;1;4.3448275862069
54224;Germonville;2;8.6896551724138
54224;Germonville;3;13.034482758620701
54224;Germonville;4;30.413793103448302
54224;Germonville;6;4.3448275862069
54225;Gézoncourt;3;10.05555555555556
54225;Gézoncourt;4;35.19444444444446
54225;Gézoncourt;5;30.1666666666668
54225;Gézoncourt;6;5.02777777777778
54226;Gibeaumeix;1;5.27272727272727
54226;Gibeaumeix;4;21.09090909090908
54226;Gibeaumeix;5;21.090909090909072
54226;Gibeaumeix;6;26.36363636363631
54227;Giraumont;1;9.90277090404411
54227;Giraumont;2;25.44103019415286
54227;Giraumont;3;25.42460998504313
54227;Giraumont;4;157.18085863784682
54227;Giraumont;5;222.11603802118145
54227;Giraumont;6;212.65001422117868
54228;Giriviller;2;3.88888888888889
54228;Giriviller;3;3.88888888888889
54228;Giriviller;5;7.77777777777778
54228;Giriviller;6;11.666666666666671
54229;Glonville;1;19.78514935941977
54229;Glonville;2;4.93706805072762
54229;Glonville;3;15.10733928442097
54229;Glonville;4;24.979287723229262
54229;Glonville;5;29.73250088687534
54229;Glonville;6;39.68039529712583
54230;Gogney;1;5.0
54230;Gogney;4;10.0
54230;Gogney;5;5.0
54231;Gondrecourt-Aix;1;4.64102564102564
54231;Gondrecourt-Aix;3;9.28205128205128
54231;Gondrecourt-Aix;4;9.28205128205128
54231;Gondrecourt-Aix;5;9.28205128205128
54231;Gondrecourt-Aix;6;23.205128205128197
54232;Gondreville;2;69.68351475199805
54232;Gondreville;3;211.3988350014591
54232;Gondreville;4;483.1921658889618
54232;Gondreville;5;316.5962739221041
54232;Gondreville;6;118.61922834142838
54233;Gondrexon;5;6.6
54234;Gorcy;2;52.44041106108644
54234;Gorcy;3;99.98466607748631
54234;Gorcy;4;335.5490416214751
54234;Gorcy;5;393.7635175745844
54234;Gorcy;6;420.25051696262494
54235;Goviller;1;10.6665909352951
54235;Goviller;2;26.19125988488395
54235;Goviller;3;16.12105305066863
54235;Goviller;4;31.419184321829082
54235;Goviller;5;42.778258659036496
54235;Goviller;6;48.000917457177366
54236;Grand-Failly;1;16.593216068881972
54236;Grand-Failly;3;17.369174963860267
54236;Grand-Failly;4;28.3660410777674
54236;Grand-Failly;5;40.6128269013984
54236;Grand-Failly;6;42.96750660530365
54237;Grimonviller;2;9.45454545454546
54237;Grimonviller;4;14.18181818181819
54237;Grimonviller;5;9.45454545454546
54238;Gripport;2;29.889593945911702
54238;Gripport;3;10.0162729089601
54238;Gripport;4;46.036657388110335
54238;Gripport;5;44.17347012618751
54238;Gripport;6;29.73571118681484
54239;Griscourt;2;9.58620689655172
54239;Griscourt;4;19.17241379310344
54239;Griscourt;5;4.79310344827586
54239;Griscourt;6;23.965517241379303
54240;Grosrouvres;1;4.81818181818182
54240;Grosrouvres;4;4.81818181818182
54240;Grosrouvres;5;14.45454545454546
54241;Gugney;2;18.0
54241;Gugney;3;4.5
54241;Gugney;4;9.0
54242;Gye;1;10.1454545454545
54242;Gye;2;5.07272727272727
54242;Gye;3;20.29090909090904
54242;Gye;4;45.654545454545406
54242;Gye;5;25.36363636363631
54242;Gye;6;20.29090909090908
54243;Hablainville;1;5.39024390243903
54243;Hablainville;2;5.39024390243903
54243;Hablainville;3;5.39024390243903
54243;Hablainville;4;10.7804878048781
54243;Hablainville;5;43.121951219512226
54243;Hablainville;6;16.17073170731709
54244;Hagéville;2;5.73684210526316
54244;Hagéville;3;17.210526315789462
54244;Hagéville;4;5.73684210526316
54244;Hagéville;5;17.21052631578948
54244;Hagéville;6;17.21052631578948
54245;Haigneville;3;5.81818181818182
54245;Haigneville;4;11.63636363636364
54245;Haigneville;5;5.81818181818182
54245;Haigneville;6;11.63636363636364
54246;Halloville;4;3.9375
54246;Halloville;5;7.875
54246;Halloville;6;11.8125
54247;Hammeville;2;9.94594594594594
54247;Hammeville;3;14.91891891891891
54247;Hammeville;4;9.94594594594594
54247;Hammeville;5;34.81081081081078
54247;Hammeville;6;9.94594594594594
54248;Hamonville;4;4.59090909090909
54248;Hamonville;5;18.363636363636388
54248;Hamonville;6;22.95454545454545
54249;Hannonville-Suzémont;2;9.03323540427609
54249;Hannonville-Suzémont;3;4.39089698084051
54249;Hannonville-Suzémont;4;29.47951710142166
54249;Hannonville-Suzémont;5;25.11824185963292
54249;Hannonville-Suzémont;6;49.76579058125577
54250;Haraucourt;2;9.83707772715726
54250;Haraucourt;3;38.606493424789065
54250;Haraucourt;4;111.20121693780618
54250;Haraucourt;5;101.61853548851424
54250;Haraucourt;6;58.40234901348303
54251;Harbouey;1;5.03846153846154
54251;Harbouey;2;10.07692307692308
54251;Harbouey;5;25.192307692307722
54251;Harbouey;6;10.07692307692308
54252;Haroué;2;9.77732074365602
54252;Haroué;3;34.00529053517747
54252;Haroué;4;43.75782981058451
54252;Haroué;5;92.60073738156616
54252;Haroué;6;39.14607347749332
54253;Hatrize;1;4.99292564869519
54253;Hatrize;2;24.329410459358698
54253;Hatrize;3;39.31324142511607
54253;Hatrize;4;88.95899015577274
54253;Hatrize;5;138.46144245022813
54253;Hatrize;6;93.81264550004269
54254;Haucourt-Moulaine;2;20.60921694773068
54254;Haucourt-Moulaine;3;147.59415026296602
54254;Haucourt-Moulaine;4;351.28498315020846
54254;Haucourt-Moulaine;5;381.02684637342315
54254;Haucourt-Moulaine;6;493.12894916303566
54255;Haudonville;5;5.92857142857143
54255;Haudonville;6;11.85714285714286
54256;Haussonville;1;4.56035644502193
54256;Haussonville;3;9.24141341728714
54256;Haussonville;4;78.18920837010457
54256;Haussonville;5;55.126437019834775
54256;Haussonville;6;32.30471409700363
54257;Heillecourt;2;108.97588405648554
54257;Heillecourt;3;568.5665963892529
54257;Heillecourt;4;647.6870343034556
54257;Heillecourt;5;479.80141412706854
54257;Heillecourt;6;257.0542344773932
54258;Hénaménil;1;5.06896551724138
54258;Hénaménil;4;25.34482758620694
54258;Hénaménil;5;15.2068965517241
54258;Hénaménil;6;20.27586206896548
54259;Herbéviller;1;5.28571428571429
54259;Herbéviller;2;5.28571428571429
54259;Herbéviller;3;10.57142857142858
54259;Herbéviller;4;42.28571428571427
54259;Herbéviller;5;10.57142857142858
54259;Herbéviller;6;21.14285714285718
54260;Hériménil;1;4.71090101728312
54260;Hériménil;2;34.85604574163353
54260;Hériménil;3;49.68462940510699
54260;Hériménil;4;102.58178049097381
54260;Hériménil;5;122.73683691906854
54260;Hériménil;6;72.85903754076476
54261;Herserange;1;5.05415491551125
54261;Herserange;2;66.2008287793504
54261;Herserange;3;86.41522163728672
54261;Herserange;4;346.6452557250508
54261;Herserange;5;638.9994436443026
54261;Herserange;6;750.675246998759
54262;Hoéville;3;10.1
54262;Hoéville;4;5.05
54262;Hoéville;5;20.2
54262;Hoéville;6;30.299999999999997
54263;Homécourt;2;158.48482362053753
54263;Homécourt;3;190.93388647071603
54263;Homécourt;4;564.2942328530863
54263;Homécourt;5;846.9405444111632
54263;Homécourt;6;866.6757693070156
54264;Houdelmont;2;15.05093264172234
54264;Houdelmont;3;15.24555717537564
54264;Houdelmont;4;65.33266817220115
54264;Houdelmont;5;70.78808180691063
54264;Houdelmont;6;40.50652715663052
54265;Houdemont;2;34.84121498868659
54265;Houdemont;3;222.85132056772255
54265;Houdemont;4;262.40919704188246
54265;Houdemont;5;173.29018838369166
54265;Houdemont;6;69.68591167081894
54266;Houdreville;2;10.7055944165982
54266;Houdreville;3;13.56635810599358
54266;Houdreville;4;44.12635107298886
54266;Houdreville;5;55.28850037103971
54266;Houdreville;6;32.24669320470801
54268;Housséville;1;15.0
54268;Housséville;3;5.0
54268;Housséville;4;20.0
54268;Housséville;5;25.0
54268;Housséville;6;10.0
54269;Hudiviller;2;10.20695172505958
54269;Hudiviller;3;38.468665788204916
54269;Hudiviller;4;35.37072851095544
54269;Hudiviller;5;49.08186765315893
54269;Hudiviller;6;40.13399958839532
54270;Hussigny-Godbrange;2;67.12194432477907
54270;Hussigny-Godbrange;3;191.03576086134206
54270;Hussigny-Godbrange;4;407.188605805758
54270;Hussigny-Godbrange;5;490.7229593241524
54270;Hussigny-Godbrange;6;412.6325339570907
54271;Igney;1;5.85
54271;Igney;2;11.7
54271;Igney;4;17.549999999999997
54271;Igney;5;5.85
54272;Jaillon;2;20.94671216531613
54272;Jaillon;3;20.930268033029648
54272;Jaillon;4;104.5025576140932
54272;Jaillon;5;46.989686054021064
54272;Jaillon;6;31.370395962991722
54273;Jarny;2;182.10098597002334
54273;Jarny;3;265.2711734162366
54273;Jarny;4;732.3911310512216
54273;Jarny;5;1020.5087134294048
54273;Jarny;6;1022.6195841120015
54274;Jarville-la-Malgrange;2;164.32803752422905
54274;Jarville-la-Malgrange;3;549.0946780633172
54274;Jarville-la-Malgrange;4;963.8600637939787
54274;Jarville-la-Malgrange;5;1023.55689227389
54274;Jarville-la-Malgrange;6;803.5525985244509
54275;Jaulny;2;4.30952380952381
54275;Jaulny;3;12.92857142857143
54275;Jaulny;4;21.54761904761905
54275;Jaulny;5;34.47619047619044
54275;Jaulny;6;30.16666666666667
54276;Jeandelaincourt;1;4.85748240077691
54276;Jeandelaincourt;2;19.95499309165655
54276;Jeandelaincourt;3;34.85350678604805
54276;Jeandelaincourt;4;74.50227231087473
54276;Jeandelaincourt;5;154.71835491419796
54276;Jeandelaincourt;6;104.63233170464157
54277;Jeandelize;1;15.44859966691082
54277;Jeandelize;3;5.14625057286572
54277;Jeandelize;4;61.6371886180105
54277;Jeandelize;5;20.55553364739522
54277;Jeandelize;6;46.24750750181662
54278;Jevoncourt;3;17.82352941176469
54278;Jevoncourt;4;29.705882352941188
54278;Jevoncourt;6;5.94117647058823
54279;Jezainville;1;5.02616139834766
54279;Jezainville;2;20.26285639258043
54279;Jezainville;3;50.49837960545953
54279;Jezainville;4;136.4443029903062
54279;Jezainville;5;95.86807528998334
54279;Jezainville;6;105.91959657797359
54280;Jœuf;2;85.29161982806865
54280;Jœuf;3;130.40269400988018
54280;Jœuf;4;424.09661003188967
54280;Jœuf;5;676.2902945068987
54280;Jœuf;6;864.9801474096562
54281;Jolivet;1;5.01999189702015
54281;Jolivet;2;24.94195344740596
54281;Jolivet;3;59.89237921425128
54281;Jolivet;4;125.04155993180603
54281;Jolivet;5;115.25436652361338
54281;Jolivet;6;40.033640299965796
54282;Joppécourt;1;4.61764705882353
54282;Joppécourt;4;27.705882352941178
54282;Joppécourt;5;27.705882352941188
54282;Joppécourt;6;36.941176470588246
54283;Jouaville;1;10.11234684215449
54283;Jouaville;2;5.19544888103034
54283;Jouaville;3;5.19544888103034
54283;Jouaville;4;51.26024447658699
54283;Jouaville;5;41.57926125978652
54283;Jouaville;6;36.37997522107304
54284;Joudreville;1;4.87333536994063
54284;Joudreville;2;19.676357963433382
54284;Joudreville;3;24.414636543678093
54284;Joudreville;4;54.15363204571361
54284;Joudreville;5;127.80314355214321
54284;Joudreville;6;137.1921995778532
54285;Juvrecourt;1;8.16666666666667
54285;Juvrecourt;4;16.33333333333334
54285;Juvrecourt;6;8.16666666666667
54286;Labry;1;5.12707433174374
54286;Labry;2;30.3123631617198
54286;Labry;3;75.56838337405169
54286;Labry;4;169.72536848286032
54286;Labry;5;175.63157331266308
54286;Labry;6;160.25995018638844
54287;Lachapelle;2;10.481249909809
54287;Lachapelle;4;48.28131214941876
54287;Lachapelle;5;27.00525906426148
54287;Lachapelle;6;52.19340638985034
54288;Lagney;1;28.2765327879409
54288;Lagney;2;18.95495754686051
54288;Lagney;3;18.99706212806822
54288;Lagney;4;52.14346768355816
54288;Lagney;5;56.67753100749189
54288;Lagney;6;52.07893042241467
54289;Laître-sous-Amance;2;24.16512509378191
54289;Laître-sous-Amance;3;16.296235670389308
54289;Laître-sous-Amance;4;35.86311157618777
54289;Laître-sous-Amance;5;48.68305225513079
54289;Laître-sous-Amance;6;14.7539704492411
54290;Laix;1;9.33333333333334
54290;Laix;2;9.33333333333334
54290;Laix;3;14.000000000000009
54290;Laix;4;28.000000000000007
54290;Laix;5;28.000000000000018
54290;Laix;6;23.33333333333334
54291;Lalœuf;1;16.574008024125888
54291;Lalœuf;2;5.38887491819978
54291;Lalœuf;3;38.40213634581447
54291;Lalœuf;4;48.11876118464981
54291;Lalœuf;5;32.60587815808819
54291;Lalœuf;6;16.452471557075718
54292;Lamath;3;9.57894736842106
54292;Lamath;4;23.94736842105265
54292;Lamath;5;19.15789473684213
54292;Lamath;6;23.947368421052662
54293;Landécourt;2;8.94736842105264
54293;Landécourt;3;8.94736842105264
54293;Landécourt;4;8.94736842105264
54293;Landécourt;5;13.421052631578961
54293;Landécourt;6;8.94736842105264
54294;Landremont;2;5.0
54294;Landremont;3;10.0
54294;Landremont;4;30.0
54294;Landremont;5;15.0
54294;Landremont;6;15.0
54295;Landres;2;20.371465830478748
54295;Landres;3;10.28054511581951
54295;Landres;4;80.72555270930891
54295;Landres;5;150.89396186175023
54295;Landres;6;131.47516606139155
54296;Laneuvelotte;1;19.92634426895918
54296;Laneuvelotte;2;29.76509906263591
54296;Laneuvelotte;3;39.349441341042194
54296;Laneuvelotte;4;49.252175044143144
54296;Laneuvelotte;5;39.79027302829251
54296;Laneuvelotte;6;14.851750367701051
54297;Laneuveville-aux-Bois;3;10.18762764468244
54297;Laneuveville-aux-Bois;4;15.08599404200452
54297;Laneuveville-aux-Bois;5;59.29706622155318
54297;Laneuveville-aux-Bois;6;34.97450557703396
54298;Laneuveville-derrière-Foug;1;5.0
54298;Laneuveville-derrière-Foug;3;5.0
54298;Laneuveville-derrière-Foug;4;5.0
54298;Laneuveville-derrière-Foug;5;25.0
54298;Laneuveville-derrière-Foug;6;10.0
54299;Laneuveville-devant-Bayon;2;5.20454545454545
54299;Laneuveville-devant-Bayon;3;15.613636363636349
54299;Laneuveville-devant-Bayon;4;31.227272727272698
54299;Laneuveville-devant-Bayon;5;26.022727272727302
54299;Laneuveville-devant-Bayon;6;20.8181818181818
54300;Laneuveville-devant-Nancy;1;9.76287849601468
54300;Laneuveville-devant-Nancy;2;212.9771288654639
54300;Laneuveville-devant-Nancy;3;441.94654288717726
54300;Laneuveville-devant-Nancy;4;683.9979319307838
54300;Laneuveville-devant-Nancy;5;812.6615734949064
54300;Laneuveville-devant-Nancy;6;547.9162117149796
54301;Lanfroicourt;1;4.74074074074074
54301;Lanfroicourt;3;14.222222222222218
54301;Lanfroicourt;4;9.48148148148148
54301;Lanfroicourt;5;18.96296296296294
54301;Lanfroicourt;6;9.48148148148148
54302;Lantéfontaine;1;14.823682707624
54302;Lantéfontaine;2;24.886115409214987
54302;Lantéfontaine;3;29.58841762852493
54302;Lantéfontaine;4;84.12191617683709
54302;Lantéfontaine;5;54.53567786679817
54302;Lantéfontaine;6;68.64257571663764
54303;Laronxe;3;4.70680515458152
54303;Laronxe;4;28.387414836352768
54303;Laronxe;5;52.50562881553443
54303;Laronxe;6;47.86769453353877
54304;Laxou;2;258.1550454741111
54304;Laxou;3;1539.8694064518672
54304;Laxou;4;1650.8567252526293
54304;Laxou;5;1530.46219625391
54304;Laxou;6;729.8818719074961
54305;Lay-Saint-Christophe;1;5.00088852049402
54305;Lay-Saint-Christophe;2;140.8307687759881
54305;Lay-Saint-Christophe;3;337.04134458370004
54305;Lay-Saint-Christophe;4;261.7424269396486
54305;Lay-Saint-Christophe;5;190.83614343828916
54305;Lay-Saint-Christophe;6;100.96571426438213
54306;Lay-Saint-Remy;2;5.36523657507403
54306;Lay-Saint-Remy;3;10.7304731501481
54306;Lay-Saint-Remy;4;19.05829490839826
54306;Lay-Saint-Remy;5;41.58569792306942
54306;Lay-Saint-Remy;6;30.16901520124517
54307;Lebeuville;1;10.8965517241379
54307;Lebeuville;2;5.44827586206897
54307;Lebeuville;3;16.34482758620687
54307;Lebeuville;4;43.586206896551744
54307;Lebeuville;5;5.44827586206897
54307;Lebeuville;6;10.89655172413794
54308;Leintrey;1;5.44444444444444
54308;Leintrey;2;5.44444444444444
54308;Leintrey;3;10.88888888888888
54308;Leintrey;5;21.77777777777776
54308;Leintrey;6;10.88888888888888
54309;Lemainville;2;5.0691513016396
54309;Lemainville;3;10.73115078059547
54309;Lemainville;4;64.40337936183455
54309;Lemainville;5;53.173915395109304
54309;Lemainville;6;49.35108318943905
54310;Leménil-Mitry;1;0.0
54310;Leménil-Mitry;2;0.0
54310;Leménil-Mitry;3;0.0
54310;Leménil-Mitry;4;0.0
54310;Leménil-Mitry;5;0.0
54310;Leménil-Mitry;6;0.0
54311;Lenoncourt;1;15.3547902846471
54311;Lenoncourt;2;15.43752744409108
54311;Lenoncourt;3;35.02087639101253
54311;Lenoncourt;4;116.60403655842299
54311;Lenoncourt;5;101.16515596962671
54311;Lenoncourt;6;35.11049248152346
54312;Lesménils;1;5.13512878418953
54312;Lesménils;3;56.16856533072289
54312;Lesménils;4;102.13941350946004
54312;Lesménils;5;30.56593001955136
54312;Lesménils;6;56.14403418684371
54313;Létricourt;3;19.91304347826088
54313;Létricourt;4;69.69565217391312
54313;Létricourt;5;19.91304347826092
54313;Létricourt;6;24.8913043478261
54314;Lexy;1;4.91752071002411
54314;Lexy;2;74.60644651181073
54314;Lexy;3;259.4300712828891
54314;Lexy;4;454.77478828973904
54314;Lexy;5;499.62970633974425
54314;Lexy;6;354.37192758779196
54315;Leyr;1;5.03126657208816
54315;Leyr;2;20.14693675106446
54315;Leyr;3;30.26787566546779
54315;Leyr;4;181.39562801091714
54315;Leyr;5;125.97136671478626
54315;Leyr;6;80.62429287498765
54316;Limey-Remenauville;2;20.01297464896186
54316;Limey-Remenauville;3;25.26608357798144
54316;Limey-Remenauville;4;55.48186144095221
54316;Limey-Remenauville;5;45.43319521929627
54316;Limey-Remenauville;6;10.12208546202029
54317;Lironville;4;40.96551724137928
54317;Lironville;5;9.10344827586206
54317;Lironville;6;22.758620689655153
54318;Liverdun;2;188.84853638832908
54318;Liverdun;3;346.75928982530763
54318;Liverdun;4;771.7313172771435
54318;Liverdun;5;705.6362981064256
54318;Liverdun;6;468.003198625955
54320;Loisy;1;4.66384378783693
54320;Loisy;3;18.55527489205183
54320;Loisy;4;56.18139900219474
54320;Loisy;5;33.067600916939455
54320;Loisy;6;19.13080097209932
54321;Longlaville;2;74.81819295270068
54321;Longlaville;3;54.78966446248287
54321;Longlaville;4;199.06314684006503
54321;Longlaville;5;308.54054869965046
54321;Longlaville;6;308.4387520412421
54322;Longuyon;1;29.8377266562962
54322;Longuyon;2;84.60258988759226
54322;Longuyon;3;110.32429753587724
54322;Longuyon;4;344.3827537143919
54322;Longuyon;5;628.7828588007413
54322;Longuyon;6;597.2960349181654
54323;Longwy;2;239.54652596319437
54323;Longwy;3;544.9379408247576
54323;Longwy;4;1168.2814677755043
54323;Longwy;5;2035.4915410771514
54323;Longwy;6;1940.0113817194497
54324;Lorey;3;4.19992756507367
54324;Lorey;4;4.19992756507367
54324;Lorey;5;16.79971026029468
54325;Loromontzey;1;4.875
54325;Loromontzey;4;9.75
54325;Loromontzey;5;4.875
54325;Loromontzey;6;9.75
54326;Lubey;2;4.93181818181818
54326;Lubey;4;19.72727272727272
54326;Lubey;5;24.6590909090909
54326;Lubey;6;24.6590909090909
54327;Lucey;1;5.14356029380012
54327;Lucey;2;10.2472437891153
54327;Lucey;3;35.68269569169002
54327;Lucey;4;96.96132316218083
54327;Lucey;5;81.77246912140785
54327;Lucey;6;61.39890127902372
54328;Ludres;2;109.38996614842281
54328;Ludres;3;546.8497433422732
54328;Ludres;4;801.4312749185569
54328;Ludres;5;658.5782699254326
54328;Ludres;6;281.4436042878307
54329;Lunéville;1;20.0485315679287
54329;Lunéville;2;362.56725856802905
54329;Lunéville;3;684.5096445145529
54329;Lunéville;4;1545.7811566834214
54329;Lunéville;5;2427.4516742942133
54329;Lunéville;6;1459.903576313172
54330;Lupcourt;2;24.85669135237512
54330;Lupcourt;3;33.99889165765727
54330;Lupcourt;4;69.76861766611474
54330;Lupcourt;5;49.54797251302913
54330;Lupcourt;6;20.05004637049978
54331;Magnières;1;5.00310381826458
54331;Magnières;3;9.59356548100655
54331;Magnières;4;29.32928074957843
54331;Magnières;5;28.918578369235107
54331;Magnières;6;19.665811145913892
54332;Maidières;2;35.57378342642157
54332;Maidières;3;121.82944106851431
54332;Maidières;4;232.94898248761316
54332;Maidières;5;156.6577558498623
54332;Maidières;6;127.7893440678456
54333;Mailly-sur-Seille;1;5.02321914671122
54333;Mailly-sur-Seille;3;4.90921087443262
54333;Mailly-sur-Seille;4;34.71173615174884
54333;Mailly-sur-Seille;5;43.97034796361262
54333;Mailly-sur-Seille;6;29.35678370440258
54334;Mairy-Mainville;2;9.039359387417111
54334;Mairy-Mainville;3;13.98096278476169
54334;Mairy-Mainville;4;62.257694913604766
54334;Mairy-Mainville;5;89.50608791361125
54334;Mairy-Mainville;6;66.38154966349525
54335;Maixe;1;14.587090354609
54335;Maixe;2;4.61733977257564
54335;Maixe;3;28.98848718469958
54335;Maixe;4;63.30124168299974
54335;Maixe;5;47.82101638169826
54335;Maixe;6;29.34553561091692
54336;Maizières;1;4.77344524797613
54336;Maizières;2;24.427049851871118
54336;Maizières;3;72.04495224744262
54336;Maizières;4;118.7190382279521
54336;Maizières;5;98.51401042154424
54336;Maizières;6;78.96342486355351
54337;Malavillers;2;14.333333333333341
54337;Malavillers;5;9.55555555555556
54337;Malavillers;6;14.333333333333341
54338;Malleloy;1;5.21360783320162
54338;Malleloy;2;14.7046937088683
54338;Malleloy;3;92.25562995174293
54338;Malleloy;4;152.48806349040422
54338;Malleloy;5;73.77299761022336
54338;Malleloy;6;94.14835879898042
54339;Malzéville;1;4.88413516230953
54339;Malzéville;2;303.77818358421285
54339;Malzéville;3;846.0813656862036
54339;Malzéville;4;1130.785729906335
54339;Malzéville;5;787.2675012523974
54339;Malzéville;6;526.2630466685613
54340;Mamey;1;4.82799574905751
54340;Mamey;2;15.56555398498869
54340;Mamey;4;44.17476234971698
54340;Mamey;5;60.80928436765771
54340;Mamey;6;49.54938579164992
54343;Mandres-aux-Quatre-Tours;1;23.095238095238102
54343;Mandres-aux-Quatre-Tours;2;4.61904761904762
54343;Mandres-aux-Quatre-Tours;3;4.61904761904762
54343;Mandres-aux-Quatre-Tours;4;9.23809523809524
54343;Mandres-aux-Quatre-Tours;5;23.095238095238102
54343;Mandres-aux-Quatre-Tours;6;13.857142857142861
54344;Mangonville;2;5.04761904761905
54344;Mangonville;3;15.14285714285715
54344;Mangonville;4;5.04761904761905
54344;Mangonville;5;15.14285714285715
54344;Mangonville;6;55.523809523809554
54345;Manoncourt-en-Vermois;2;14.46063504042667
54345;Manoncourt-en-Vermois;3;14.76811838379561
54345;Manoncourt-en-Vermois;4;30.48304702922703
54345;Manoncourt-en-Vermois;5;59.52857098062923
54345;Manoncourt-en-Vermois;6;34.97442966303827
54346;Manoncourt-en-Woëvre;1;15.41809959133681
54346;Manoncourt-en-Woëvre;2;20.99896466439651
54346;Manoncourt-en-Woëvre;3;20.99394314751714
54346;Manoncourt-en-Woëvre;4;21.17179704532584
54346;Manoncourt-en-Woëvre;5;20.82645804485416
54346;Manoncourt-en-Woëvre;6;10.6698039546879
54348;Manonville;2;5.06382978723404
54348;Manonville;3;15.19148936170214
54348;Manonville;4;35.44680851063828
54348;Manonville;5;20.25531914893618
54348;Manonville;6;25.31914893617022
54349;Manonviller;1;5.09090909090909
54349;Manonviller;3;10.18181818181818
54349;Manonviller;4;15.27272727272729
54349;Manonviller;5;25.45454545454549
54350;Marainviller;1;20.5458375472325
54350;Marainviller;2;15.4920496277199
54350;Marainviller;3;5.1571012992859
54350;Marainviller;4;103.01863184019622
54350;Marainviller;5;82.5766063985015
54350;Marainviller;6;61.94786905233452
54351;Marbache;2;34.35158348463238
54351;Marbache;3;88.00473680052075
54351;Marbache;4;203.03383694340985
54351;Marbache;5;207.21625668527008
54351;Marbache;6;148.09961334647994
54352;Maron;2;25.2082923983324
54352;Maron;3;135.33395349929842
54352;Maron;4;100.46814135098211
54352;Maron;5;95.12525872923248
54352;Maron;6;39.87857401364961
54353;Mars-la-Tour;1;19.6783647067032
54353;Mars-la-Tour;2;25.502101894626698
54353;Mars-la-Tour;3;25.04875259647724
54353;Mars-la-Tour;4;115.9252532700586
54353;Mars-la-Tour;5;120.37107187829436
54353;Mars-la-Tour;6;75.26087140649472
54354;Marthemont;3;17.0
54354;Marthemont;4;12.75
54354;Marthemont;6;4.25
54355;Martincourt;1;5.6875
54355;Martincourt;3;5.6875
54355;Martincourt;4;5.6875
54355;Martincourt;6;17.0625
54356;Mattexey;1;5.90909090909091
54356;Mattexey;4;5.90909090909091
54356;Mattexey;5;11.8181818181818
54356;Mattexey;6;5.90909090909091
54357;Maxéville;2;160.94304084325225
54357;Maxéville;3;296.26189236615267
54357;Maxéville;4;763.0312349103915
54357;Maxéville;5;1039.38908521056
54357;Maxéville;6;653.2487809897129
54358;Mazerulles;1;5.18592180103617
54358;Mazerulles;3;25.99301077846681
54358;Mazerulles;4;41.576279376424566
54358;Mazerulles;5;26.0565054769813
54358;Mazerulles;6;36.42834915475531
54359;Méhoncourt;1;5.34782608695652
54359;Méhoncourt;3;10.69565217391304
54359;Méhoncourt;4;32.086956521739154
54359;Méhoncourt;5;37.4347826086956
54359;Méhoncourt;6;37.434782608695556
54360;Ménil-la-Tour;2;9.92071356125425
54360;Ménil-la-Tour;3;4.95559949605389
54360;Ménil-la-Tour;4;34.7034660404598
54360;Ménil-la-Tour;5;39.65431965388429
54360;Ménil-la-Tour;6;49.56553232482581
54362;Mercy-le-Bas;2;35.71303682929759
54362;Mercy-le-Bas;3;51.04392893122606
54362;Mercy-le-Bas;4;91.61181152429626
54362;Mercy-le-Bas;5;171.90675302564853
54362;Mercy-le-Bas;6;158.19875107351297
54363;Mercy-le-Haut;1;10.30451328501723
54363;Mercy-le-Haut;2;9.68466992151913
54363;Mercy-le-Haut;3;4.62163455441561
54363;Mercy-le-Haut;4;9.38887362383605
54363;Mercy-le-Haut;5;28.76294525633474
54363;Mercy-le-Haut;6;9.69398897865298
54364;Méréville;1;4.60510005538376
54364;Méréville;2;61.87601318465382
54364;Méréville;3;140.62332602359675
54364;Méréville;4;172.1162635201481
54364;Méréville;5;158.7396863070852
54364;Méréville;6;31.45806181762
54365;Merviller;1;9.44676689930282
54365;Merviller;2;28.25877133990134
54365;Merviller;3;22.89758672307418
54365;Merviller;4;28.1786255644135
54365;Merviller;5;42.934490878168596
54365;Merviller;6;23.61758555962387
54366;Messein;2;49.64350224038588
54366;Messein;3;139.92516782078528
54366;Messein;4;343.40874494809674
54366;Messein;5;183.74300681081846
54366;Messein;6;129.1899606535684
54367;Mexy;2;51.3678777497976
54367;Mexy;3;154.50961731906506
54367;Mexy;4;231.3279760995766
54367;Mexy;5;323.3787767463163
54367;Mexy;6;169.48650260860558
54368;Mignéville;3;21.75
54368;Mignéville;4;16.3125
54368;Mignéville;5;16.3125
54368;Mignéville;6;10.875
54369;Millery;1;10.4166964731813
54369;Millery;2;36.25550570271019
54369;Millery;3;56.0370620100263
54369;Millery;4;103.54566309943009
54369;Millery;5;60.82738101206352
54369;Millery;6;35.82463025164152
54370;Minorville;3;4.78723404255319
54370;Minorville;4;28.72340425531917
54370;Minorville;5;33.51063829787238
54370;Minorville;6;38.29787234042552
54371;Moineville;2;60.37282853603495
54371;Moineville;3;60.30566313515286
54371;Moineville;4;171.10285983134958
54371;Moineville;5;95.82062671321312
54371;Moineville;6;90.71936770358973
54372;Moivrons;2;20.558552606335052
54372;Moivrons;3;10.36894395027714
54372;Moivrons;4;87.60241104641511
54372;Moivrons;5;86.0441764303622
54372;Moivrons;6;50.4218171926459
54373;Moncel-lès-Lunéville;1;5.10570381994872
54373;Moncel-lès-Lunéville;2;4.94770596245826
54373;Moncel-lès-Lunéville;3;19.18312762385168
54373;Moncel-lès-Lunéville;4;69.13937755591577
54373;Moncel-lès-Lunéville;5;108.52450767489893
54373;Moncel-lès-Lunéville;6;68.27850436767683
54374;Moncel-sur-Seille;1;5.10666763632248
54374;Moncel-sur-Seille;2;10.11110957686
54374;Moncel-sur-Seille;3;30.85285251830814
54374;Moncel-sur-Seille;4;62.55313052827327
54374;Moncel-sur-Seille;5;67.44460562873137
54374;Moncel-sur-Seille;6;31.16370593261534
54375;Montauville;2;38.78314488927039
54375;Montauville;3;63.41865647079147
54375;Montauville;4;97.5001707936793
54375;Montauville;5;126.77010071047827
54375;Montauville;6;112.3363571329842
54376;Montenoy;2;14.668589217093242
54376;Montenoy;3;40.44847284942074
54376;Montenoy;4;75.88691031066097
54376;Montenoy;5;29.34796830701228
54376;Montenoy;6;31.022180455998722
54377;Montigny;1;9.75
54377;Montigny;2;4.875
54377;Montigny;4;9.75
54377;Montigny;5;19.5
54377;Montigny;6;24.375
54378;Montigny-sur-Chiers;2;14.221515874658468
54378;Montigny-sur-Chiers;3;13.97043606353601
54378;Montigny-sur-Chiers;4;56.71089198878118
54378;Montigny-sur-Chiers;5;101.18302200559998
54378;Montigny-sur-Chiers;6;62.72729265959477
54379;Mont-l'Étroit;5;19.92089720739
54380;Mont-le-Vignoble;2;9.62099516629652
54380;Mont-le-Vignoble;3;15.07080006811903
54380;Mont-le-Vignoble;4;56.16043169121088
54380;Mont-le-Vignoble;5;81.23740353917287
54380;Mont-le-Vignoble;6;51.46067714630631
54381;Montreux;1;5.3
54381;Montreux;2;5.3
54381;Montreux;3;5.3
54381;Montreux;6;5.3
54382;Mont-Saint-Martin;2;134.4674430528182
54382;Mont-Saint-Martin;3;165.79024067535042
54382;Mont-Saint-Martin;4;527.690095083127
54382;Mont-Saint-Martin;5;1137.0957500516079
54382;Mont-Saint-Martin;6;1326.0808597762125
54383;Mont-sur-Meurthe;1;5.2209810355909
54383;Mont-sur-Meurthe;2;30.63218753639875
54383;Mont-sur-Meurthe;3;20.756814171104658
54383;Mont-sur-Meurthe;4;149.79612397612416
54383;Mont-sur-Meurthe;5;175.01969409726425
54383;Mont-sur-Meurthe;6;107.77942424146192
54385;Morfontaine;2;14.75706920095459
54385;Morfontaine;3;49.941771010244864
54385;Morfontaine;4;156.64923807257668
54385;Morfontaine;5;119.6736049542032
54385;Morfontaine;6;136.20776288934903
54386;Moriviller;3;4.89473684210526
54386;Moriviller;4;19.57894736842104
54386;Moriviller;6;4.89473684210526
54387;Morville-sur-Seille;1;5.78571428571429
54387;Morville-sur-Seille;3;5.78571428571429
54387;Morville-sur-Seille;4;28.92857142857148
54387;Morville-sur-Seille;5;23.14285714285719
54387;Morville-sur-Seille;6;23.14285714285718
54388;Mouacourt;1;14.600000000000009
54389;Mouaville;2;4.90476190476191
54389;Mouaville;3;4.90476190476191
54389;Mouaville;4;14.714285714285731
54389;Mouaville;5;29.428571428571463
54389;Mouaville;6;14.714285714285731
54390;Mousson;2;4.45371153637544
54390;Mousson;3;4.45371153637544
54390;Mousson;4;17.81484614550176
54390;Mousson;5;13.36113460912632
54390;Mousson;6;4.45371153637544
54391;Moutiers;2;52.82520070915667
54391;Moutiers;3;28.75556106543747
54391;Moutiers;4;186.17546140995495
54391;Moutiers;5;177.1402028234989
54391;Moutiers;6;235.14311284628954
54392;Moutrot;1;5.08670938278422
54392;Moutrot;2;5.08670938278422
54392;Moutrot;3;10.19658022253172
54392;Moutrot;4;33.637471981261
54392;Moutrot;5;50.719122539889014
54392;Moutrot;6;44.87443611220099
54393;Moyen;1;4.9224138636746
54393;Moyen;2;5.02144733715804
54393;Moyen;3;14.7672415910238
54393;Moyen;4;55.16091919564306
54393;Moyen;5;55.75320618388775
54393;Moyen;6;80.16896204912894
54394;Murville;2;11.0
54394;Murville;3;22.0
54394;Murville;4;16.5
54394;Murville;5;16.5
54394;Murville;6;11.0
54395;Nancy;1;9.65580538031853
54395;Nancy;2;2120.4316475166515
54395;Nancy;3;13424.080084919124
54395;Nancy;4;12157.020119719056
54395;Nancy;5;10610.284769160273
54395;Nancy;6;4582.521754243225
54396;Neufmaisons;2;14.53020833258622
54396;Neufmaisons;4;19.37361111011496
54396;Neufmaisons;5;14.53020833258622
54396;Neufmaisons;6;14.53020833258622
54397;Neuves-Maisons;2;185.4826289848375
54397;Neuves-Maisons;3;384.0835807298565
54397;Neuves-Maisons;4;688.5294384128601
54397;Neuves-Maisons;5;1037.813055734699
54397;Neuves-Maisons;6;607.9723683930869
54398;Neuviller-lès-Badonviller;1;5.875
54398;Neuviller-lès-Badonviller;2;11.75
54398;Neuviller-lès-Badonviller;4;11.75
54398;Neuviller-lès-Badonviller;5;17.625
54398;Neuviller-lès-Badonviller;6;5.875
54399;Neuviller-sur-Moselle;3;5.04866657733895
54399;Neuviller-sur-Moselle;4;14.80166290351659
54399;Neuviller-sur-Moselle;5;42.42647091559266
54399;Neuviller-sur-Moselle;6;58.291973768953426
54400;Nomeny;1;4.80360510625056
54400;Nomeny;2;57.18826720229768
54400;Nomeny;3;75.0630086877069
54400;Nomeny;4;178.5650788691746
54400;Nomeny;5;144.7608322609571
54400;Nomeny;6;102.13057851483288
54401;Nonhigny;1;14.653846153846139
54401;Nonhigny;3;4.88461538461538
54401;Nonhigny;4;14.653846153846139
54401;Nonhigny;5;4.88461538461538
54401;Nonhigny;6;19.53846153846152
54402;Norroy-le-Sec;1;5.24229046323586
54402;Norroy-le-Sec;2;10.50745110739176
54402;Norroy-le-Sec;3;15.7383064801676
54402;Norroy-le-Sec;4;36.69608302115289
54402;Norroy-le-Sec;5;31.45384239071039
54402;Norroy-le-Sec;6;20.969161852943422
54403;Norroy-lès-Pont-à-Mousson;2;44.38953048020982
54403;Norroy-lès-Pont-à-Mousson;3;83.64801493423363
54403;Norroy-lès-Pont-à-Mousson;4;186.50745168763942
54403;Norroy-lès-Pont-à-Mousson;5;108.07508499427882
54403;Norroy-lès-Pont-à-Mousson;6;93.37597752892239
54404;Noviant-aux-Prés;1;17.4418604651163
54404;Noviant-aux-Prés;2;5.81395348837209
54404;Noviant-aux-Prés;3;5.81395348837209
54404;Noviant-aux-Prés;4;34.88372093023258
54404;Noviant-aux-Prés;5;40.69767441860467
54404;Noviant-aux-Prés;6;34.88372093023254
54405;Ochey;2;9.93478168797372
54405;Ochey;3;14.774801629953359
54405;Ochey;4;44.38871184126629
54405;Ochey;5;83.99596952363689
54405;Ochey;6;83.81285643941328
54406;Ogéviller;3;5.32455911955648
54406;Ogéviller;4;10.67843580886276
54406;Ogéviller;5;42.802018795804834
54406;Ogéviller;6;31.89000303631121
54407;Ognéville;4;12.81818181818181
54407;Ognéville;5;21.36363636363635
54407;Ognéville;6;17.09090909090908
54408;Olley;1;6.30646918564921
54408;Olley;3;5.52570735220377
54408;Olley;4;29.00461275506673
54408;Olley;5;32.8584777061958
54408;Olley;6;15.893021131610801
54409;Omelmont;1;5.45714285714286
54409;Omelmont;2;10.91428571428572
54409;Omelmont;4;16.37142857142858
54409;Omelmont;5;27.28571428571426
54409;Omelmont;6;32.74285714285714
54410;Onville;3;31.04083745559145
54410;Onville;4;67.13728169720174
54410;Onville;5;36.07134090477294
54410;Onville;6;56.77234615329694
54411;Ormes-et-Ville;3;40.0
54411;Ormes-et-Ville;4;50.0
54411;Ormes-et-Ville;5;5.0
54411;Ormes-et-Ville;6;15.0
54412;Othe;5;10.0
54413;Ozerailles;2;5.51851851851852
54413;Ozerailles;4;16.55555555555552
54413;Ozerailles;5;5.51851851851852
54413;Ozerailles;6;38.629629629629605
54414;Pagney-derrière-Barine;2;14.977075936888308
54414;Pagney-derrière-Barine;3;50.756174905828644
54414;Pagney-derrière-Barine;4;100.75228929692419
54414;Pagney-derrière-Barine;5;60.40148636808975
54414;Pagney-derrière-Barine;6;55.83655462387181
54415;Pagny-sur-Moselle;2;64.65296864143038
54415;Pagny-sur-Moselle;3;213.10760073458025
54415;Pagny-sur-Moselle;4;505.45858031631667
54415;Pagny-sur-Moselle;5;553.9698432396672
54415;Pagny-sur-Moselle;6;380.5527330078508
54416;Pannes;2;5.05714285714286
54416;Pannes;3;5.05714285714286
54416;Pannes;4;15.171428571428578
54416;Pannes;5;10.1142857142857
54416;Pannes;6;35.4
54417;Parey-Saint-Césaire;2;10.4255319148936
54417;Parey-Saint-Césaire;3;5.21276595744681
54417;Parey-Saint-Césaire;4;20.85106382978724
54417;Parey-Saint-Césaire;5;31.27659574468082
54417;Parey-Saint-Césaire;6;31.27659574468084
54418;Parroy;1;14.5833333333333
54418;Parroy;3;4.86111111111111
54418;Parroy;4;34.02777777777774
54418;Parroy;5;4.86111111111111
54418;Parroy;6;19.44444444444444
54419;Parux;1;4.625
54419;Parux;5;13.875
54419;Parux;6;4.625
54420;Petit-Failly;2;4.55
54420;Petit-Failly;3;9.1
54420;Petit-Failly;5;4.55
54420;Petit-Failly;6;9.1
54421;Petitmont;1;4.45837021475656
54421;Petitmont;2;18.6700745031462
54421;Petitmont;3;4.94825351834593
54421;Petitmont;4;18.79090840790777
54421;Petitmont;5;22.89602270929018
54421;Petitmont;6;33.27627583965564
54422;Pettonville;3;6.7
54422;Pettonville;5;6.7
54422;Pettonville;6;13.4
54423;Pexonne;2;4.7081451642599
54423;Pexonne;3;19.00607337934932
54423;Pexonne;4;38.19351574032885
54423;Pexonne;5;42.729737546493794
54423;Pexonne;6;28.428698994990462
54424;Phlin;4;12.899999999999999
54424;Phlin;6;8.6
54425;Piennes;1;5.39173054426618
54425;Piennes;2;70.62764759192277
54425;Piennes;3;30.23226877185525
54425;Piennes;4;172.08640558105898
54425;Piennes;5;278.1612733865344
54425;Piennes;6;285.4465016502084
54426;Pierre-la-Treiche;2;5.09131678306667
54426;Pierre-la-Treiche;3;15.27395034920001
54426;Pierre-la-Treiche;4;45.82321926148897
54426;Pierre-la-Treiche;5;81.7999029497988
54426;Pierre-la-Treiche;6;56.23046530787626
54427;Pierre-Percée;2;6.33333333333333
54427;Pierre-Percée;4;6.33333333333333
54427;Pierre-Percée;5;12.66666666666666
54427;Pierre-Percée;6;6.33333333333333
54428;Pierrepont;1;15.2048358487373
54428;Pierrepont;2;14.9638902863264
54428;Pierrepont;3;15.081543590722958
54428;Pierrepont;4;61.783395911527066
54428;Pierrepont;5;97.1084387745195
54428;Pierrepont;6;129.26027679218828
54429;Pierreville;1;4.82645897454507
54429;Pierreville;2;4.89893198916168
54429;Pierreville;3;34.005880481773644
54429;Pierreville;4;38.977317925294614
54429;Pierreville;5;39.27045859986941
54429;Pierreville;6;24.42327516956185
54430;Pompey;2;114.6144280505367
54430;Pompey;3;235.15155763808215
54430;Pompey;4;498.487227378383
54430;Pompey;5;532.8415857855733
54430;Pompey;6;435.3271169640887
54431;Pont-à-Mousson;1;4.04244377490959
54431;Pont-à-Mousson;2;311.55122402630195
54431;Pont-à-Mousson;3;776.3978135256199
54431;Pont-à-Mousson;4;1551.8930298533521
54431;Pont-à-Mousson;5;1594.632385468874
54431;Pont-à-Mousson;6;1440.455822039282
54432;Pont-Saint-Vincent;2;29.259386031186438
54432;Pont-Saint-Vincent;3;79.0799144333152
54432;Pont-Saint-Vincent;4;271.2344869433359
54432;Pont-Saint-Vincent;5;217.1745036486564
54432;Pont-Saint-Vincent;6;186.90616919384655
54433;Port-sur-Seille;2;5.27906976744186
54433;Port-sur-Seille;3;52.79069767441854
54433;Port-sur-Seille;4;36.953488372093
54433;Port-sur-Seille;6;10.55813953488372
54434;Praye;1;4.8761652549747
54434;Praye;2;15.120258712574252
54434;Praye;3;9.076898520622901
54434;Praye;4;43.93106632719156
54434;Praye;5;23.94537064245501
54434;Praye;6;15.13151497876931
54435;Prény;1;9.76755429044038
54435;Prény;2;14.58524266837506
54435;Prény;3;19.461701262578693
54435;Prény;4;63.393695715461675
54435;Prény;5;24.41192319538269
54435;Prény;6;14.71786475962792
54436;Preutin-Higny;1;5.64285714285714
54436;Preutin-Higny;3;16.92857142857142
54436;Preutin-Higny;4;11.28571428571428
54436;Preutin-Higny;5;22.57142857142856
54436;Preutin-Higny;6;16.92857142857142
54437;Pulligny;2;14.86548447056138
54437;Pulligny;3;79.82762313985972
54437;Pulligny;4;174.253085052798
54437;Pulligny;5;144.65035651153883
54437;Pulligny;6;109.82634075627216
54438;Pulney;4;8.3076923076923
54438;Pulney;5;8.3076923076923
54439;Pulnoy;2;74.8022007778827
54439;Pulnoy;3;379.55996049283607
54439;Pulnoy;4;609.771212419748
54439;Pulnoy;5;680.4639651159732
54439;Pulnoy;6;335.20114953921586
54440;Puxe;2;5.08695652173913
54440;Puxe;3;5.08695652173913
54440;Puxe;4;10.17391304347826
54440;Puxe;6;20.34782608695652
54441;Puxieux;1;4.91304347826087
54441;Puxieux;2;4.91304347826087
54441;Puxieux;3;9.82608695652174
54441;Puxieux;4;14.73913043478261
54441;Puxieux;5;24.56521739130435
54441;Puxieux;6;39.30434782608696
54442;Quevilloncourt;3;10.10526315789474
54442;Quevilloncourt;4;20.21052631578948
54442;Quevilloncourt;5;5.05263157894737
54443;Raon-lès-Leau;6;5.42857142857143
54444;Raucourt;1;4.79166666666667
54444;Raucourt;2;9.58333333333334
54444;Raucourt;3;14.375000000000009
54444;Raucourt;4;9.58333333333334
54444;Raucourt;5;38.33333333333335
54444;Raucourt;6;28.750000000000018
54445;Raville-sur-Sânon;2;4.68181818181818
54445;Raville-sur-Sânon;3;9.36363636363636
54445;Raville-sur-Sânon;4;9.36363636363636
54445;Raville-sur-Sânon;5;18.72727272727272
54445;Raville-sur-Sânon;6;9.36363636363636
54446;Réchicourt-la-Petite;1;5.33333333333333
54446;Réchicourt-la-Petite;2;5.33333333333333
54446;Réchicourt-la-Petite;4;10.66666666666666
54446;Réchicourt-la-Petite;6;5.33333333333333
54447;Réclonville;3;4.5
54447;Réclonville;4;13.5
54447;Réclonville;5;4.5
54447;Réclonville;6;9.0
54449;Rehainviller;2;19.922451856243498
54449;Rehainviller;3;80.22024869442599
54449;Rehainviller;4;80.51868796191353
54449;Rehainviller;5;166.05849700951288
54449;Rehainviller;6;95.22866814137257
54450;Reherrey;1;5.10344827586207
54450;Reherrey;2;5.10344827586207
54450;Reherrey;3;5.10344827586207
54450;Reherrey;4;15.3103448275862
54450;Reherrey;5;35.72413793103448
54450;Reherrey;6;35.72413793103445
54451;Réhon;1;4.97080641569954
54451;Réhon;2;44.73761563106494
54451;Réhon;3;184.19210311133267
54451;Réhon;4;442.7880586914441
54451;Réhon;5;562.1673517645618
54451;Réhon;6;407.6415870943819
54452;Reillon;1;4.29411764705882
54452;Reillon;4;4.29411764705882
54452;Reillon;5;17.17647058823528
54452;Reillon;6;21.470588235294098
54453;Rembercourt-sur-Mad;2;4.58823529411765
54453;Rembercourt-sur-Mad;3;4.58823529411765
54453;Rembercourt-sur-Mad;4;18.3529411764706
54453;Rembercourt-sur-Mad;5;27.529411764705905
54453;Rembercourt-sur-Mad;6;32.11764705882355
54455;Remenoville;2;10.4
54455;Remenoville;4;20.8
54455;Remenoville;5;20.8
54455;Remenoville;6;20.8
54456;Réméréville;2;19.54021993601586
54456;Réméréville;3;39.04742213866689
54456;Réméréville;4;137.24810330013327
54456;Réméréville;5;78.36352341114721
54456;Réméréville;6;34.31310361981762
54457;Remoncourt;1;0.0
54457;Remoncourt;2;0.0
54457;Remoncourt;3;0.0
54457;Remoncourt;4;0.0
54457;Remoncourt;5;0.0
54457;Remoncourt;6;0.0
54458;Repaix;1;9.7391304347826
54458;Repaix;2;4.8695652173913
54458;Repaix;4;4.8695652173913
54458;Repaix;5;19.4782608695652
54458;Repaix;6;4.8695652173913
54459;Richardménil;2;54.19406254189131
54459;Richardménil;3;217.105751192778
54459;Richardménil;4;241.36025019661128
54459;Richardménil;5;225.9097573765442
54459;Richardménil;6;123.53579985127757
54460;Rogéville;1;5.3448275862069
54460;Rogéville;2;16.0344827586207
54460;Rogéville;4;10.6896551724138
54460;Rogéville;5;26.7241379310345
54460;Rogéville;6;16.0344827586207
54461;Romain;1;5.75
54461;Romain;3;17.25
54461;Romain;4;17.25
54461;Romain;5;5.75
54462;Rosières-aux-Salines;1;5.00518698689935
54462;Rosières-aux-Salines;2;77.71316837357205
54462;Rosières-aux-Salines;3;148.3480478829539
54462;Rosières-aux-Salines;4;346.38148156485704
54462;Rosières-aux-Salines;5;304.79164181720694
54462;Rosières-aux-Salines;6;229.22307025911445
54463;Rosières-en-Haye;3;13.03636363636365
54463;Rosières-en-Haye;4;47.800000000000104
54463;Rosières-en-Haye;5;17.3818181818182
54463;Rosières-en-Haye;6;34.7636363636364
54464;Rouves;1;5.77777777777778
54464;Rouves;2;5.77777777777778
54464;Rouves;3;5.77777777777778
54464;Rouves;4;5.77777777777778
54464;Rouves;6;28.888888888888943
54465;Roville-devant-Bayon;1;9.94392270953844
54465;Roville-devant-Bayon;2;29.92252811462046
54465;Roville-devant-Bayon;3;44.49106142664233
54465;Roville-devant-Bayon;4;83.3029141798606
54465;Roville-devant-Bayon;5;75.03956389039581
54465;Roville-devant-Bayon;6;65.00805276585459
54466;Royaumeix;3;5.38115628040626
54466;Royaumeix;4;43.98209155703402
54466;Royaumeix;5;43.529669031516434
54466;Royaumeix;6;49.42177990227334
54467;Rozelieures;2;4.76923076923077
54467;Rozelieures;3;4.76923076923077
54467;Rozelieures;4;4.76923076923077
54467;Rozelieures;5;28.61538461538461
54467;Rozelieures;6;9.53846153846154
54468;Saffais;2;8.38461538461538
54468;Saffais;3;16.76923076923076
54468;Saffais;4;4.19230769230769
54468;Saffais;5;4.19230769230769
54468;Saffais;6;16.76923076923076
54469;Saint-Ail;1;4.30937364467928
54469;Saint-Ail;2;23.649484231931858
54469;Saint-Ail;3;18.56133842391946
54469;Saint-Ail;4;41.21520226686134
54469;Saint-Ail;5;40.637955437928085
54469;Saint-Ail;6;51.21516608335948
54470;Saint-Baussant;4;7.0
54470;Saint-Baussant;5;21.0
54470;Saint-Baussant;6;7.0
54471;Saint-Boingt;5;5.21428571428571
54471;Saint-Boingt;6;15.64285714285713
54472;Saint-Clément;1;5.21669633938235
54472;Saint-Clément;2;15.43792196742504
54472;Saint-Clément;3;15.50824227949294
54472;Saint-Clément;4;134.07861515681904
54472;Saint-Clément;5;108.06521190146684
54472;Saint-Clément;6;72.50309006634919
54473;Saint-Firmin;2;15.35812704308713
54473;Saint-Firmin;3;18.14473984626939
54473;Saint-Firmin;4;27.50197232055428
54473;Saint-Firmin;5;32.98135395567848
54473;Saint-Firmin;6;26.48996618932479
54474;Sainte-Geneviève;1;5.21621621621622
54474;Sainte-Geneviève;2;5.21621621621622
54474;Sainte-Geneviève;3;15.64864864864866
54474;Sainte-Geneviève;4;41.729729729729804
54474;Sainte-Geneviève;5;5.21621621621622
54474;Sainte-Geneviève;6;20.864864864864842
54475;Saint-Germain;1;9.93548387096774
54475;Saint-Germain;2;4.96774193548387
54475;Saint-Germain;3;9.93548387096774
54475;Saint-Germain;4;14.90322580645161
54475;Saint-Germain;5;14.9032258064516
54475;Saint-Germain;6;9.93548387096774
54476;Saint-Jean-lès-Longuyon;1;4.98921340499184
54476;Saint-Jean-lès-Longuyon;2;9.892875330290462
54476;Saint-Jean-lès-Longuyon;4;48.961337043245614
54476;Saint-Jean-lès-Longuyon;5;49.12953120554908
54476;Saint-Jean-lès-Longuyon;6;73.82481213376984
54477;Saint-Julien-lès-Gorze;1;10.4516129032258
54477;Saint-Julien-lès-Gorze;4;10.4516129032258
54477;Saint-Julien-lès-Gorze;5;36.5806451612903
54477;Saint-Julien-lès-Gorze;6;26.1290322580645
54478;Saint-Marcel;1;16.07142857142856
54478;Saint-Marcel;2;10.7142857142857
54478;Saint-Marcel;3;5.35714285714286
54478;Saint-Marcel;4;5.35714285714286
54478;Saint-Marcel;5;16.0714285714286
54478;Saint-Marcel;6;5.35714285714286
54479;Saint-Mard;1;5.61111111111111
54479;Saint-Mard;3;5.61111111111111
54479;Saint-Mard;4;5.61111111111111
54479;Saint-Mard;5;16.83333333333331
54479;Saint-Mard;6;11.22222222222222
54480;Saint-Martin;4;4.58333333333333
54480;Saint-Martin;5;13.749999999999991
54480;Saint-Martin;6;4.58333333333333
54481;Saint-Maurice-aux-Forges;2;5.76470588235294
54481;Saint-Maurice-aux-Forges;4;5.76470588235294
54481;Saint-Maurice-aux-Forges;5;11.52941176470588
54481;Saint-Maurice-aux-Forges;6;11.52941176470588
54482;Saint-Max;2;225.926291224382
54482;Saint-Max;3;902.2292574180372
54482;Saint-Max;4;1257.2657303665885
54482;Saint-Max;5;1415.533652234013
54482;Saint-Max;6;539.7847496628428
54483;Saint-Nicolas-de-Port;2;141.93334376402294
54483;Saint-Nicolas-de-Port;3;259.53371920220036
54483;Saint-Nicolas-de-Port;4;729.1131049635935
54483;Saint-Nicolas-de-Port;5;1000.1594358236018
54483;Saint-Nicolas-de-Port;6;738.714703183979
54484;Sainte-Pôle;1;4.89189189189189
54484;Sainte-Pôle;2;4.89189189189189
54484;Sainte-Pôle;3;4.89189189189189
54484;Sainte-Pôle;4;19.56756756756756
54484;Sainte-Pôle;5;4.89189189189189
54484;Sainte-Pôle;6;19.56756756756756
54485;Saint-Pancré;1;4.47942189195948
54485;Saint-Pancré;2;9.88648515785002
54485;Saint-Pancré;3;9.17896109519951
54485;Saint-Pancré;4;55.46029242187858
54485;Saint-Pancré;5;23.550211535061358
54485;Saint-Pancré;6;27.42808189842093
54486;Saint-Remimont;3;24.971710627724892
54486;Saint-Remimont;4;61.11760751926075
54486;Saint-Remimont;5;59.90857668124167
54486;Saint-Remimont;6;16.66027790523042
54487;Saint-Rémy-aux-Bois;4;4.92307692307692
54487;Saint-Rémy-aux-Bois;5;4.92307692307692
54487;Saint-Rémy-aux-Bois;6;9.84615384615384
54488;Saint-Sauveur;6;4.11111111111111
54489;Saint-Supplet;3;4.57575757575758
54489;Saint-Supplet;4;9.15151515151516
54489;Saint-Supplet;5;9.15151515151516
54489;Saint-Supplet;6;27.454545454545478
54490;Saizerais;2;60.36433329088274
54490;Saizerais;3;112.25557671363676
54490;Saizerais;4;221.44327146080116
54490;Saizerais;5;193.8635246913361
54490;Saizerais;6;138.85372937300812
54491;Sancy;1;4.92349103041148
54491;Sancy;2;9.9263085797744
54491;Sancy;3;19.64660043411401
54491;Sancy;4;29.469881635845
54491;Sancy;5;44.24833107481278
54491;Sancy;6;54.15877571774796
54492;Sanzey;2;5.64285714285714
54492;Sanzey;4;5.64285714285714
54492;Sanzey;5;22.571428571428537
54492;Sanzey;6;16.92857142857142
54493;Saulnes;2;25.3237548497532
54493;Saulnes;3;81.20799300629041
54493;Saulnes;4;259.3158543900277
54493;Saulnes;5;352.6031486972376
54493;Saulnes;6;301.3069044759908
54494;Saulxerotte;3;5.55555555555556
54494;Saulxerotte;4;5.55555555555556
54494;Saulxerotte;5;11.11111111111112
54494;Saulxerotte;6;27.77777777777778
54495;Saulxures-lès-Nancy;2;71.50095805593651
54495;Saulxures-lès-Nancy;3;346.5740744814343
54495;Saulxures-lès-Nancy;4;606.7657269059076
54495;Saulxures-lès-Nancy;5;417.66853715621454
54495;Saulxures-lès-Nancy;6;183.41383500927097
54496;Saulxures-lès-Vannes;1;5.29095287491503
54496;Saulxures-lès-Vannes;2;10.5339962257556
54496;Saulxures-lès-Vannes;3;15.837076131404611
54496;Saulxures-lès-Vannes;4;21.11603803764183
54496;Saulxures-lès-Vannes;5;26.430809612537892
54496;Saulxures-lès-Vannes;6;52.801745969369804
54497;Saxon-Sion;2;4.24407220577818
54497;Saxon-Sion;4;8.48814441155636
54497;Saxon-Sion;5;4.24407220577818
54497;Saxon-Sion;6;4.24407220577818
54498;Seichamps;2;112.69958362729506
54498;Seichamps;3;312.1671632094231
54498;Seichamps;4;593.0239363174541
54498;Seichamps;5;686.1457684344134
54498;Seichamps;6;301.85409394513385
54499;Seicheprey;1;11.1
54499;Seicheprey;3;5.55
54499;Seicheprey;4;16.65
54499;Seicheprey;5;5.55
54499;Seicheprey;6;11.1
54500;Selaincourt;2;5.14285714285714
54500;Selaincourt;4;25.714285714285698
54500;Selaincourt;5;20.57142857142854
54500;Selaincourt;6;20.5714285714286
54501;Seranville;1;4.54545454545455
54501;Seranville;2;9.0909090909091
54501;Seranville;4;4.54545454545455
54501;Seranville;5;4.54545454545455
54501;Seranville;6;13.636363636363651
54502;Serres;2;23.43046328028487
54502;Serres;3;4.58479091543007
54502;Serres;4;22.70733904738168
54502;Serres;5;31.66222808081597
54502;Serres;6;22.7623049586457
54504;Serrouville;1;5.02692505453055
54504;Serrouville;2;13.32643702027806
54504;Serrouville;3;24.29998416724897
54504;Serrouville;4;112.5044644740623
54504;Serrouville;5;93.64923712068646
54504;Serrouville;6;54.049464400692955
54505;Sexey-aux-Forges;1;10.544492969174499
54505;Sexey-aux-Forges;2;31.01035951423503
54505;Sexey-aux-Forges;3;52.35052467126982
54505;Sexey-aux-Forges;4;124.92783340492882
54505;Sexey-aux-Forges;5;109.79492307623163
54505;Sexey-aux-Forges;6;46.88766119418438
54507;Sionviller;2;4.34782608695652
54507;Sionviller;3;8.69565217391304
54507;Sionviller;4;8.69565217391304
54507;Sionviller;5;13.04347826086956
54507;Sionviller;6;8.69565217391304
54508;Sivry;2;5.06382978723404
54508;Sivry;3;5.06382978723404
54508;Sivry;4;60.76595744680846
54508;Sivry;5;40.51063829787234
54508;Sivry;6;5.06382978723404
54509;Sommerviller;1;4.88020970066926
54509;Sommerviller;2;26.840020858963122
54509;Sommerviller;3;49.22954197708191
54509;Sommerviller;4;120.2278475207489
54509;Sommerviller;5;135.20628019527183
54509;Sommerviller;6;84.91859962245628
54510;Sornéville;2;19.152581281372278
54510;Sornéville;3;13.67347207607557
54510;Sornéville;4;36.07049415387044
54510;Sornéville;5;65.213289361155
54510;Sornéville;6;22.97463031793845
54511;Sponville;1;15.13636363636364
54511;Sponville;5;10.09090909090908
54511;Sponville;6;15.136363636363619
54512;Tanconville;1;4.86363636363636
54512;Tanconville;4;9.72727272727272
54512;Tanconville;5;24.3181818181818
54512;Tanconville;6;4.86363636363636
54513;Tantonville;1;15.56493608141244
54513;Tantonville;2;25.76547281895992
54513;Tantonville;3;20.93267467659107
54513;Tantonville;4;41.79300594885294
54513;Tantonville;5;68.23913830827138
54513;Tantonville;6;52.21263745736872
54514;Tellancourt;2;15.53634119980407
54514;Tellancourt;3;10.38051875082084
54514;Tellancourt;4;92.91789463602953
54514;Tellancourt;5;113.10731733962508
54514;Tellancourt;6;109.26111943513311
54515;Thélod;1;14.570779802734709
54515;Thélod;2;18.76196396407492
54515;Thélod;3;19.76095051417311
54515;Thélod;4;24.59030998816573
54515;Thélod;5;19.27785024617365
54515;Thélod;6;14.23778638291843
54516;They-sous-Vaudemont;4;3.6
54517;Thézey-Saint-Martin;1;14.780487804878
54517;Thézey-Saint-Martin;2;9.85365853658536
54517;Thézey-Saint-Martin;3;9.85365853658536
54517;Thézey-Saint-Martin;4;9.85365853658536
54517;Thézey-Saint-Martin;5;44.34146341463412
54517;Thézey-Saint-Martin;6;24.6341463414634
54518;Thiaucourt-Regniéville;2;4.89983280157486
54518;Thiaucourt-Regniéville;3;39.37576566598848
54518;Thiaucourt-Regniéville;4;117.86383365363574
54518;Thiaucourt-Regniéville;5;157.10188506138985
54518;Thiaucourt-Regniéville;6;137.4172798209497
54519;Thiaville-sur-Meurthe;2;14.995084445899899
54519;Thiaville-sur-Meurthe;4;59.88974335343978
54519;Thiaville-sur-Meurthe;5;74.930595508222
54519;Thiaville-sur-Meurthe;6;60.0038480858286
54520;Thiébauménil;2;14.477918352887869
54520;Thiébauménil;3;9.69912511643068
54520;Thiébauménil;4;58.01773016203842
54520;Thiébauménil;5;57.87527905773642
54520;Thiébauménil;6;33.92962205763201
54521;Thil;2;34.71099873809227
54521;Thil;3;59.46234133492937
54521;Thil;4;196.70184351351418
54521;Thil;5;232.37908628146275
54521;Thil;6;336.32419114294765
54522;Thorey-Lyautey;4;11.21739130434782
54522;Thorey-Lyautey;5;11.2173913043478
54522;Thorey-Lyautey;6;11.21739130434782
54523;Thuilley-aux-Groseilles;1;5.53019439947474
54523;Thuilley-aux-Groseilles;3;15.5290523573228
54523;Thuilley-aux-Groseilles;4;83.17545618608855
54523;Thuilley-aux-Groseilles;5;167.63498340724604
54523;Thuilley-aux-Groseilles;6;73.70736364879126
54524;Thumeréville;2;4.75
54524;Thumeréville;4;4.75
54524;Thumeréville;5;14.25
54524;Thumeréville;6;9.5
54525;Tiercelet;2;45.22219051587262
54525;Tiercelet;3;34.814992365919835
54525;Tiercelet;4;80.72930747383276
54525;Tiercelet;5;86.81532098546681
54525;Tiercelet;6;31.157268002723892
54526;Tomblaine;2;157.79063875830744
54526;Tomblaine;3;530.6566652490479
54526;Tomblaine;4;1167.8791675676396
54526;Tomblaine;5;954.1689170755325
54526;Tomblaine;6;729.1369750617708
54527;Tonnoy;1;10.4018939966717
54527;Tonnoy;2;15.890949338609168
54527;Tonnoy;3;47.00109862489832
54527;Tonnoy;4;95.22313421288067
54527;Tonnoy;5;69.31731397072559
54527;Tonnoy;6;42.55381352255719
54528;Toul;1;6.60737727136777
54528;Toul;2;340.75344519449607
54528;Toul;3;533.4362597093284
54528;Toul;4;1466.0219231931765
54528;Toul;5;2020.813132801522
54528;Toul;6;1429.5681126255215
54529;Tramont-Émy;1;8.0
54529;Tramont-Émy;5;12.0
54530;Tramont-Lassus;3;4.68421052631579
54530;Tramont-Lassus;4;4.68421052631579
54530;Tramont-Lassus;6;14.05263157894737
54531;Tramont-Saint-André;3;5.36264184917483
54531;Tramont-Saint-André;4;10.72528369834966
54531;Tramont-Saint-André;5;5.36264184917483
54531;Tramont-Saint-André;6;5.36264184917483
54532;Tremblecourt;1;5.33333333333333
54532;Tremblecourt;4;32.00000000000006
54532;Tremblecourt;5;15.999999999999991
54532;Tremblecourt;6;21.33333333333336
54533;Trieux;1;10.2631302537538
54533;Trieux;2;71.80753100192206
54533;Trieux;3;71.76452963346675
54533;Trieux;4;276.8578321712791
54533;Trieux;5;368.894228575818
54533;Trieux;6;287.21314358629996
54534;Trondes;2;10.443406843353682
54534;Trondes;3;15.52204250355227
54534;Trondes;4;51.563196409194504
54534;Trondes;5;71.7909612749646
54534;Trondes;6;82.80836613651583
54535;Tronville;3;15.55263157894737
54535;Tronville;4;31.10526315789476
54535;Tronville;5;10.3684210526316
54535;Tronville;6;15.55263157894737
54536;Tucquegnieux;1;15.031370218481161
54536;Tucquegnieux;2;80.15953305555573
54536;Tucquegnieux;3;55.11614180975706
54536;Tucquegnieux;4;250.5106471290385
54536;Tucquegnieux;5;300.6542085491204
54536;Tucquegnieux;6;300.5941099451018
54537;Ugny;1;5.05392623471541
54537;Ugny;2;21.18928910984836
54537;Ugny;3;66.44930421713165
54537;Ugny;4;85.51941790427657
54537;Ugny;5;75.62593123713722
54537;Ugny;6;71.04309532856644
54538;Uruffe;1;5.21841421590477
54538;Uruffe;2;10.385475278989759
54538;Uruffe;3;15.197597538804658
54538;Uruffe;4;30.54773355005223
54538;Uruffe;5;61.753501070121686
54538;Uruffe;6;25.43200594279561
54539;Vacqueville;2;5.47418527148496
54539;Vacqueville;4;33.94536342849746
54539;Vacqueville;5;22.48740822861848
54539;Vacqueville;6;24.82597854687248
54540;Val-et-Châtillon;2;18.796068785361662
54540;Val-et-Châtillon;3;4.77503238120664
54540;Val-et-Châtillon;4;9.4289075307292
54540;Val-et-Châtillon;5;55.92789014600005
54540;Val-et-Châtillon;6;55.91207082399758
54541;Valhey;3;5.2258064516129
54541;Valhey;4;31.354838709677402
54541;Valhey;5;20.9032258064516
54541;Valhey;6;10.4516129032258
54542;Valleroy;2;54.28507176507209
54542;Valleroy;3;98.89940203631649
54542;Valleroy;4;330.07021561448437
54542;Valleroy;5;345.4921636166452
54542;Valleroy;6;242.6152529718686
54543;Vallois;1;5.19230769230769
54543;Vallois;3;10.3846153846154
54543;Vallois;4;31.153846153846178
54543;Vallois;6;5.19230769230769
54544;Vandelainville;3;9.6551724137931
54544;Vandelainville;4;43.44827586206895
54544;Vandelainville;5;14.48275862068965
54545;Vandeléville;2;14.72093023255815
54545;Vandeléville;3;14.72093023255815
54545;Vandeléville;4;44.16279069767435
54545;Vandeléville;5;44.162790697674396
54545;Vandeléville;6;4.90697674418605
54546;Vandières;2;19.99520764837957
54546;Vandières;3;9.95986674792126
54546;Vandières;4;130.1077758050713
54546;Vandières;5;104.98079447920352
54546;Vandières;6;115.04184262299343
54547;Vandœuvre-lès-Nancy;2;465.70896993719896
54547;Vandœuvre-lès-Nancy;3;2153.891205246794
54547;Vandœuvre-lès-Nancy;4;2446.4133785501
54547;Vandœuvre-lès-Nancy;5;2639.15706536811
54547;Vandœuvre-lès-Nancy;6;1625.795732801076
54548;Vannes-le-Châtel;2;4.93732400709416
54548;Vannes-le-Châtel;3;9.876872110270511
54548;Vannes-le-Châtel;4;62.75114141243463
54548;Vannes-le-Châtel;5;57.513466926139486
54548;Vannes-le-Châtel;6;57.71434951246482
54549;Varangéville;1;10.0608697099431
54549;Varangéville;2;131.8794701420859
54549;Varangéville;3;172.04650904269613
54549;Varangéville;4;402.5329987990836
54549;Varangéville;5;428.876602680431
54549;Varangéville;6;363.0447384428292
54550;Vathiménil;2;14.15529243692149
54550;Vathiménil;3;9.80954633643179
54550;Vathiménil;4;60.02680566957629
54550;Vathiménil;5;28.47859796962754
54550;Vathiménil;6;30.21097488116309
54551;Vaucourt;1;4.61538461538461
54551;Vaucourt;5;4.61538461538461
54551;Vaucourt;6;4.61538461538461
54552;Vaudémont;2;10.3076923076923
54552;Vaudémont;3;5.15384615384615
54552;Vaudémont;4;15.46153846153845
54553;Vaudeville;2;15.299999999999999
54553;Vaudeville;4;20.4
54553;Vaudeville;5;20.4
54553;Vaudeville;6;5.1
54554;Vaudigny;1;5.71428571428571
54554;Vaudigny;4;11.42857142857142
54554;Vaudigny;5;17.14285714285713
54554;Vaudigny;6;5.71428571428571
54555;Vaxainville;1;4.77777777777778
54555;Vaxainville;2;4.77777777777778
54555;Vaxainville;3;4.77777777777778
54555;Vaxainville;4;4.77777777777778
54555;Vaxainville;5;9.55555555555556
54555;Vaxainville;6;28.666666666666682
54556;Vého;4;4.78260869565217
54556;Vého;5;4.78260869565217
54556;Vého;6;19.13043478260868
54557;Bois-de-Haye;1;5.18753012108183
54557;Bois-de-Haye;2;52.02704908657302
54557;Bois-de-Haye;3;259.43308028593884
54557;Bois-de-Haye;4;379.917642987789
54557;Bois-de-Haye;5;234.82276334219364
54557;Bois-de-Haye;6;52.22244200390906
54558;Velaine-sous-Amance;1;4.60404131902208
54558;Velaine-sous-Amance;2;13.869755855556239
54558;Velaine-sous-Amance;3;4.60404131902208
54558;Velaine-sous-Amance;4;32.36286385981017
54558;Velaine-sous-Amance;5;50.92327911242013
54558;Velaine-sous-Amance;6;23.10670452038612
54559;Velle-sur-Moselle;2;9.98266604114138
54559;Velle-sur-Moselle;3;15.16272832252765
54559;Velle-sur-Moselle;4;40.62293355709346
54559;Velle-sur-Moselle;5;10.17297778836687
54559;Velle-sur-Moselle;6;35.6323967143202
54560;Veney;3;4.41666666666667
54560;Veney;4;4.41666666666667
54560;Veney;5;4.41666666666667
54560;Veney;6;8.83333333333334
54561;Vennezey;4;4.55555555555556
54561;Vennezey;5;9.11111111111112
54561;Vennezey;6;4.55555555555556
54562;Verdenal;3;5.03703703703704
54562;Verdenal;4;25.185185185185198
54562;Verdenal;5;15.11111111111112
54562;Verdenal;6;15.11111111111114
54563;Vézelise;2;29.56970056370995
54563;Vézelise;3;63.897992902475934
54563;Vézelise;4;158.23412803228933
54563;Vézelise;5;178.36838493659468
54563;Vézelise;6;123.30845224241187
54564;Viéville-en-Haye;1;13.03125
54564;Viéville-en-Haye;3;17.375
54564;Viéville-en-Haye;4;8.6875
54564;Viéville-en-Haye;5;8.6875
54564;Viéville-en-Haye;6;8.6875
54565;Vigneulles;3;28.999999999999982
54565;Vigneulles;4;33.833333333333314
54565;Vigneulles;5;28.999999999999993
54565;Vigneulles;6;24.16666666666665
54566;Vilcey-sur-Trey;1;4.50608872538334
54566;Vilcey-sur-Trey;2;13.51826617615
54566;Vilcey-sur-Trey;3;4.50608872538334
54566;Vilcey-sur-Trey;4;13.518266176150021
54566;Vilcey-sur-Trey;5;9.01217745076668
54566;Vilcey-sur-Trey;6;9.01217745076668
54567;Villacourt;2;15.331808213013321
54567;Villacourt;3;13.90500255020136
54567;Villacourt;4;49.86234329033991
54567;Villacourt;5;38.936133303136245
54567;Villacourt;6;44.059230745810865
54568;Ville-au-Montois;1;5.12627041546483
54568;Ville-au-Montois;2;4.83283585065422
54568;Ville-au-Montois;3;16.64271337353589
54568;Ville-au-Montois;4;30.18856978534438
54568;Ville-au-Montois;5;44.79199811998401
54568;Ville-au-Montois;6;15.39662766857111
54569;Ville-au-Val;2;4.7
54569;Ville-au-Val;3;28.2
54569;Ville-au-Val;4;23.5
54569;Ville-au-Val;5;14.100000000000001
54569;Ville-au-Val;6;14.100000000000001
54570;Villecey-sur-Mad;2;10.212158796522761
54570;Villecey-sur-Mad;3;4.96157838511078
54570;Villecey-sur-Mad;4;53.273766013531386
54570;Villecey-sur-Mad;5;41.51157364694646
54570;Villecey-sur-Mad;6;69.71850903281423
54571;Ville-en-Vermois;1;4.72669909782223
54571;Ville-en-Vermois;2;20.2614849174758
54571;Ville-en-Vermois;3;43.88452580459831
54571;Ville-en-Vermois;4;84.46928406213637
54571;Ville-en-Vermois;5;78.16658324382479
54571;Ville-en-Vermois;6;20.039188363774173
54572;Ville-Houdlémont;2;14.78097017752022
54572;Ville-Houdlémont;3;14.686522816523
54572;Ville-Houdlémont;4;93.53759735597237
54572;Ville-Houdlémont;5;132.2732117379206
54572;Ville-Houdlémont;6;63.640703055691446
54573;Villers-en-Haye;2;5.58620689655172
54573;Villers-en-Haye;3;5.58620689655172
54573;Villers-en-Haye;4;33.51724137931028
54573;Villers-en-Haye;5;27.93103448275856
54573;Villers-en-Haye;6;27.931034482758598
54574;Villers-la-Chèvre;3;51.989086947137054
54574;Villers-la-Chèvre;4;88.96851299085027
54574;Villers-la-Chèvre;5;72.93381206379456
54574;Villers-la-Chèvre;6;62.80407901612569
54575;Villers-la-Montagne;1;4.89161707245322
54575;Villers-la-Montagne;2;39.1334678422646
54575;Villers-la-Montagne;3;102.68310377100313
54575;Villers-la-Montagne;4;161.17610456333168
54575;Villers-la-Montagne;5;235.09200861007224
54575;Villers-la-Montagne;6;117.64589742717055
54576;Villers-le-Rond;4;17.42857142857143
54576;Villers-le-Rond;5;29.047619047619012
54576;Villers-le-Rond;6;11.61904761904762
54577;Villers-lès-Moivrons;3;10.28571428571428
54577;Villers-lès-Moivrons;4;25.71428571428568
54577;Villers-lès-Moivrons;5;15.428571428571441
54577;Villers-lès-Moivrons;6;15.428571428571441
54578;Villers-lès-Nancy;2;180.795717883592
54578;Villers-lès-Nancy;3;1935.619393533029
54578;Villers-lès-Nancy;4;1987.6533012593732
54578;Villers-lès-Nancy;5;1284.5426132475118
54578;Villers-lès-Nancy;6;519.8543175373474
54579;Villers-sous-Prény;2;5.62677838824068
54579;Villers-sous-Prény;3;15.29911783178747
54579;Villers-sous-Prény;4;49.87165041808754
54579;Villers-sous-Prény;5;33.689241803640954
54579;Villers-sous-Prény;6;36.30933150199928
54580;Villerupt;1;5.13972476785656
54580;Villerupt;2;170.38255056134744
54580;Villerupt;3;254.98379944362037
54580;Villerupt;4;832.812409373269
54580;Villerupt;5;1472.0682094955948
54580;Villerupt;6;1489.7912463348214
54581;Ville-sur-Yron;1;5.26440629760881
54581;Ville-sur-Yron;2;10.63679201962928
54581;Ville-sur-Yron;3;5.31839600981464
54581;Ville-sur-Yron;4;36.372039415519126
54581;Ville-sur-Yron;5;20.844401161393918
54581;Ville-sur-Yron;6;57.429670169756704
54582;Villette;3;5.05405405405405
54582;Villette;4;30.3243243243243
54582;Villette;5;20.2162162162162
54582;Villette;6;20.2162162162162
54583;Villey-le-Sec;2;5.0186694025433
54583;Villey-le-Sec;3;49.09457828426067
54583;Villey-le-Sec;4;59.53002165667705
54583;Villey-le-Sec;5;63.86452360457416
54583;Villey-le-Sec;6;43.98989504679357
54584;Villey-Saint-Étienne;2;24.67170570402988
54584;Villey-Saint-Étienne;3;80.69565941781737
54584;Villey-Saint-Étienne;4;179.67205223121218
54584;Villey-Saint-Étienne;5;105.03338502075769
54584;Villey-Saint-Étienne;6;84.1525711982398
54585;Virecourt;2;15.49609439672602
54585;Virecourt;3;46.66749029432293
54585;Virecourt;4;46.53903312966927
54585;Virecourt;5;82.79049346857033
54585;Virecourt;6;20.72967476055766
54586;Viterne;1;4.94790331113968
54586;Viterne;2;14.89909391643116
54586;Viterne;3;29.964494764809
54586;Viterne;4;90.0884901815075
54586;Viterne;5;130.05971451753032
54586;Viterne;6;70.01980203897782
54587;Vitrey;1;4.65853658536585
54587;Vitrey;3;9.3170731707317
54587;Vitrey;4;9.3170731707317
54587;Vitrey;5;27.95121951219505
54587;Vitrey;6;27.9512195121951
54588;Vitrimont;1;4.76846570927328
54588;Vitrimont;2;20.86643799300795
54588;Vitrimont;3;45.29073879336953
54588;Vitrimont;4;45.26644800798876
54588;Vitrimont;5;42.169558935198246
54588;Vitrimont;6;37.24857477051095
54589;Vittonville;2;4.7037037037037
54589;Vittonville;3;4.7037037037037
54589;Vittonville;4;18.8148148148148
54589;Vittonville;5;23.518518518518498
54589;Vittonville;6;18.8148148148148
54590;Viviers-sur-Chiers;1;24.8665982850121
54590;Viviers-sur-Chiers;2;5.0898237219037
54590;Viviers-sur-Chiers;3;24.86592388387341
54590;Viviers-sur-Chiers;4;65.5811416544807
54590;Viviers-sur-Chiers;5;100.85768995393467
54590;Viviers-sur-Chiers;6;110.39927457725989
54591;Voinémont;1;5.26025646799724
54591;Voinémont;3;20.38712835976796
54591;Voinémont;4;24.6716175885457
54591;Voinémont;5;55.90096300795231
54591;Voinémont;6;35.85178027839013
54592;Vroncourt;1;9.501883595494391
54592;Vroncourt;3;14.570131408695111
54592;Vroncourt;4;57.56213309548803
54592;Vroncourt;5;14.570131408695111
54592;Vroncourt;6;9.50188359549439
54593;Waville;2;24.341842318880932
54593;Waville;3;9.69153494424982
54593;Waville;4;66.92814473239154
54593;Waville;5;63.116550243684415
54593;Waville;6;63.127484848582434
54594;Xammes;1;5.58064516129032
54594;Xammes;2;5.58064516129032
54594;Xammes;3;16.74193548387096
54594;Xammes;4;22.32258064516124
54594;Xammes;5;16.74193548387096
54594;Xammes;6;5.58064516129032
54595;Xermaménil;2;30.58841728545962
54595;Xermaménil;3;15.26049040439017
54595;Xermaménil;4;66.21870633447581
54595;Xermaménil;5;71.26038231888108
54595;Xermaménil;6;66.26323778211001
54596;Xeuilley;1;9.98015002367164
54596;Xeuilley;2;19.8107481543274
54596;Xeuilley;3;34.60732794263001
54596;Xeuilley;4;134.26835152940947
54596;Xeuilley;5;159.04259043143338
54596;Xeuilley;6;99.45674608312908
54597;Xirocourt;1;4.75976891684873
54597;Xirocourt;2;9.51953783369746
54597;Xirocourt;3;39.71258593574678
54597;Xirocourt;4;95.58921591263605
54597;Xirocourt;5;46.3183030750208
54597;Xirocourt;6;35.844842305689
54598;Xivry-Circourt;2;10.188634796807861
54598;Xivry-Circourt;3;20.19256890742476
54598;Xivry-Circourt;4;35.50758597486765
54598;Xivry-Circourt;5;20.43985220662716
54598;Xivry-Circourt;6;25.69217326901029
54599;Xonville;3;5.0952380952381
54599;Xonville;4;10.1904761904762
54599;Xonville;5;15.2857142857143
54599;Xonville;6;5.0952380952381
54600;Xousse;2;5.61904761904762
54600;Xousse;4;5.61904761904762
54600;Xousse;5;11.23809523809524
54600;Xousse;6;11.23809523809524
54601;Xures;4;9.89572946817298
54601;Xures;5;24.73932367043245
54601;Xures;6;14.843594202259471
54602;Han-devant-Pierrepont;3;9.93333333333334
54602;Han-devant-Pierrepont;4;4.96666666666667
54602;Han-devant-Pierrepont;5;14.900000000000011
54602;Han-devant-Pierrepont;6;39.73333333333336
55001;Abainville;3;14.63410415275193
55001;Abainville;4;24.16411905495606
55001;Abainville;5;38.79822320770805
55001;Abainville;6;28.78737800042098
55002;Abaucourt-Hautecourt;4;9.9
55002;Abaucourt-Hautecourt;5;14.850000000000001
55002;Abaucourt-Hautecourt;6;14.850000000000001
55004;Aincreville;1;10.8
55004;Aincreville;3;5.4
55004;Aincreville;5;10.8
55004;Aincreville;6;16.200000000000003
55005;Amanty;5;7.0
55007;Ambly-sur-Meuse;1;4.64705882352941
55007;Ambly-sur-Meuse;2;13.941176470588232
55007;Ambly-sur-Meuse;4;23.23529411764705
55007;Ambly-sur-Meuse;5;32.52941176470587
55007;Ambly-sur-Meuse;6;27.882352941176432
55008;Amel-sur-l'Étang;1;17.81818181818185
55008;Amel-sur-l'Étang;3;8.9090909090909
55008;Amel-sur-l'Étang;4;8.9090909090909
55008;Amel-sur-l'Étang;5;17.8181818181818
55008;Amel-sur-l'Étang;6;31.181818181818148
55009;Ancemont;1;4.98704393261708
55009;Ancemont;2;9.57863818568415
55009;Ancemont;3;31.20191679548608
55009;Ancemont;4;56.15415818886428
55009;Ancemont;5;43.48741622910884
55009;Ancemont;6;54.93375116502709
55010;Ancerville;1;4.9458740556754
55010;Ancerville;2;44.31893797757369
55010;Ancerville;3;158.88974412422505
55010;Ancerville;4;267.9710593793398
55010;Ancerville;5;377.79357581104597
55010;Ancerville;6;272.7835001625615
55011;Andernay;1;16.3273110525506
55011;Andernay;2;5.42465238033101
55011;Andernay;3;16.31462539337723
55011;Andernay;4;10.586978072674
55011;Andernay;5;34.949662629417574
55011;Andernay;6;25.087463237358833
55012;Apremont-la-Forêt;1;14.58896123146376
55012;Apremont-la-Forêt;2;14.61381337684693
55012;Apremont-la-Forêt;3;4.87125702181015
55012;Apremont-la-Forêt;4;38.99503532619103
55012;Apremont-la-Forêt;5;38.98669483846858
55012;Apremont-la-Forêt;6;24.41452766945011
55013;Arrancy-sur-Crusnes;1;9.899269937959
55013;Arrancy-sur-Crusnes;3;29.140316133791927
55013;Arrancy-sur-Crusnes;4;49.390983640922286
55013;Arrancy-sur-Crusnes;5;73.28545293636624
55013;Arrancy-sur-Crusnes;6;73.62925981507232
55014;Aubréville;1;13.45002034786839
55014;Aubréville;2;4.95100993571196
55014;Aubréville;3;9.90201987142392
55014;Aubréville;4;32.287559708418016
55014;Aubréville;5;27.69188546261256
55014;Aubréville;6;32.97432016171341
55015;Aulnois-en-Perthois;1;5.24390199277678
55015;Aulnois-en-Perthois;2;9.84207917226806
55015;Aulnois-en-Perthois;3;35.41586432286646
55015;Aulnois-en-Perthois;4;83.57020353824068
55015;Aulnois-en-Perthois;5;68.45495965146348
55015;Aulnois-en-Perthois;6;47.44182721665816
55017;Autrécourt-sur-Aire;1;5.22727272727273
55017;Autrécourt-sur-Aire;3;5.22727272727273
55017;Autrécourt-sur-Aire;4;5.22727272727273
55017;Autrécourt-sur-Aire;5;15.6818181818182
55017;Autrécourt-sur-Aire;6;10.45454545454546
55018;Autréville-Saint-Lambert;2;4.625
55018;Autréville-Saint-Lambert;5;9.25
55021;Avillers-Sainte-Croix;1;8.22222222222222
55021;Avillers-Sainte-Croix;2;4.11111111111111
55021;Avillers-Sainte-Croix;3;4.11111111111111
55021;Avillers-Sainte-Croix;4;8.22222222222222
55021;Avillers-Sainte-Croix;5;4.11111111111111
55022;Avioth;1;16.60965020352165
55022;Avioth;4;5.53655006784055
55022;Avioth;5;11.0731001356811
55022;Avioth;6;16.60965020352165
55023;Avocourt;1;5.5
55023;Avocourt;2;5.5
55023;Avocourt;3;5.5
55023;Avocourt;4;5.5
55023;Avocourt;5;5.5
55023;Avocourt;6;5.5
55024;Azannes-et-Soumazannes;1;9.2
55024;Azannes-et-Soumazannes;4;18.4
55024;Azannes-et-Soumazannes;5;18.4
55024;Azannes-et-Soumazannes;6;9.2
55025;Baâlon;1;18.6685371231768
55025;Baâlon;2;4.48057536030539
55025;Baâlon;3;4.48057536030539
55025;Baâlon;4;23.52910338816418
55025;Baâlon;5;19.31921146683096
55025;Baâlon;6;42.23201089067793
55026;Badonvilliers-Gérauvilliers;1;22.85714285714284
55026;Badonvilliers-Gérauvilliers;4;9.14285714285714
55026;Badonvilliers-Gérauvilliers;5;31.99999999999998
55026;Badonvilliers-Gérauvilliers;6;18.28571428571428
55027;Bannoncourt;4;4.6
55027;Bannoncourt;5;27.6
55027;Bannoncourt;6;36.8
55028;Bantheville;1;6.23529411764706
55028;Bantheville;3;6.23529411764706
55028;Bantheville;5;31.17647058823528
55028;Bantheville;6;18.70588235294118
55029;Bar-le-Duc;1;33.841352176396
55029;Bar-le-Duc;2;325.8537728448737
55029;Bar-le-Duc;3;877.6960873828468
55029;Bar-le-Duc;4;1341.4858169947308
55029;Bar-le-Duc;5;1580.763261484254
55029;Bar-le-Duc;6;1240.5981961017717
55031;Baudonvilliers;2;4.7395486284888
55031;Baudonvilliers;3;14.50556681763361
55031;Baudonvilliers;4;49.42117283731652
55031;Baudonvilliers;5;54.13083430970797
55031;Baudonvilliers;6;49.686763762214454
55032;Baudrémont;1;8.6
55032;Baudrémont;2;8.6
55032;Baudrémont;5;8.6
55032;Baudrémont;6;4.3
55033;Baulny;1;0.0
55033;Baulny;2;0.0
55033;Baulny;3;0.0
55033;Baulny;4;0.0
55033;Baulny;5;0.0
55033;Baulny;6;0.0
55034;Bazeilles-sur-Othain;1;5.00006838856858
55034;Bazeilles-sur-Othain;3;5.00006838856858
55034;Bazeilles-sur-Othain;4;5.00006838856858
55034;Bazeilles-sur-Othain;5;15.0002051657057
55034;Bazeilles-sur-Othain;6;10.0001367771372
55035;Bazincourt-sur-Saulx;3;5.33333333333333
55035;Bazincourt-sur-Saulx;4;16.00000000000003
55035;Bazincourt-sur-Saulx;5;5.33333333333333
55035;Bazincourt-sur-Saulx;6;26.6666666666667
55036;Beauclair;5;15.66666666666662
55036;Beauclair;6;20.88888888888888
55037;Beaufort-en-Argonne;1;5.11538461538461
55037;Beaufort-en-Argonne;4;5.11538461538461
55037;Beaufort-en-Argonne;5;30.692307692307637
55037;Beaufort-en-Argonne;6;15.346153846153829
55038;Beaulieu-en-Argonne;2;6.5
55038;Beaulieu-en-Argonne;3;6.5
55038;Beaulieu-en-Argonne;5;6.5
55038;Beaulieu-en-Argonne;6;6.5
55039;Beaumont-en-Verdunois;1;0.0
55039;Beaumont-en-Verdunois;2;0.0
55039;Beaumont-en-Verdunois;3;0.0
55039;Beaumont-en-Verdunois;4;0.0
55039;Beaumont-en-Verdunois;5;0.0
55039;Beaumont-en-Verdunois;6;0.0
55040;Beausite;1;23.509653443902
55040;Beausite;2;4.20918934931481
55040;Beausite;3;5.11686798606941
55040;Beausite;4;26.61655177110892
55040;Beausite;5;13.130488010087252
55040;Beausite;6;18.58126363339884
55041;Behonne;2;19.899422950332323
55041;Behonne;3;29.0028920306566
55041;Behonne;4;83.35275547332802
55041;Behonne;5;62.93874756953006
55041;Behonne;6;24.045678880322903
55042;Belleray;2;11.73010542332702
55042;Belleray;3;16.37514622883141
55042;Belleray;4;58.824541957156626
55042;Belleray;5;55.02646146381001
55042;Belleray;6;52.32396461510937
55043;Belleville-sur-Meuse;2;49.96338891872326
55043;Belleville-sur-Meuse;3;99.87473373381691
55043;Belleville-sur-Meuse;4;359.5821344320265
55043;Belleville-sur-Meuse;5;566.3180883625769
55043;Belleville-sur-Meuse;6;234.7128887446074
55044;Belrain;6;3.88888888888889
55045;Belrupt-en-Verdunois;2;25.02997629202155
55045;Belrupt-en-Verdunois;3;14.758295948162289
55045;Belrupt-en-Verdunois;4;90.25678040689583
55045;Belrupt-en-Verdunois;5;55.46877520968082
55045;Belrupt-en-Verdunois;6;44.95761189436889
55046;Beney-en-Woëvre;1;11.0833333333333
55046;Beney-en-Woëvre;2;5.54166666666667
55046;Beney-en-Woëvre;4;16.62499999999997
55046;Beney-en-Woëvre;5;11.08333333333334
55046;Beney-en-Woëvre;6;33.24999999999998
55047;Béthelainville;1;20.0
55047;Béthelainville;2;25.0
55047;Béthelainville;3;5.0
55047;Béthelainville;4;10.0
55047;Béthelainville;5;15.0
55047;Béthelainville;6;10.0
55048;Béthincourt;6;9.21428571428571
55049;Beurey-sur-Saulx;2;10.44639122611186
55049;Beurey-sur-Saulx;3;15.70298633126853
55049;Beurey-sur-Saulx;4;57.672729149549276
55049;Beurey-sur-Saulx;5;26.19953018842324
55049;Beurey-sur-Saulx;6;41.91948323074514
55050;Bezonvaux;1;0.0
55050;Bezonvaux;2;0.0
55050;Bezonvaux;3;0.0
55050;Bezonvaux;4;0.0
55050;Bezonvaux;5;0.0
55050;Bezonvaux;6;0.0
55051;Biencourt-sur-Orge;1;11.047619047619
55051;Biencourt-sur-Orge;5;22.09523809523808
55051;Biencourt-sur-Orge;6;38.66666666666656
55053;Billy-sous-Mangiennes;2;19.37591929012143
55053;Billy-sous-Mangiennes;3;9.85385471150166
55053;Billy-sous-Mangiennes;4;33.85146945010547
55053;Billy-sous-Mangiennes;5;19.59461142192584
55053;Billy-sous-Mangiennes;6;43.70592719456793
55054;Bislée;1;8.26666666666666
55054;Bislée;4;4.13333333333333
55054;Bislée;6;16.53333333333332
55055;Blanzée;1;8.66666666666666
55057;Boinville-en-Woëvre;3;4.58823529411765
55057;Boinville-en-Woëvre;4;9.1764705882353
55057;Boinville-en-Woëvre;5;9.1764705882353
55057;Boinville-en-Woëvre;6;9.1764705882353
55058;Boncourt-sur-Meuse;1;9.86153069811081
55058;Boncourt-sur-Meuse;3;20.24587293373856
55058;Boncourt-sur-Meuse;4;24.745403606897078
55058;Boncourt-sur-Meuse;5;29.45372732351122
55058;Boncourt-sur-Meuse;6;34.50136077675752
55059;Bonnet;1;32.55
55059;Bonnet;2;4.65
55059;Bonnet;3;4.65
55059;Bonnet;4;4.65
55059;Bonnet;5;9.3
55059;Bonnet;6;13.950000000000001
55060;Bonzée;2;18.94715580072716
55060;Bonzée;3;18.94716005745538
55060;Bonzée;4;61.576251357639876
55060;Bonzée;5;37.89430989832998
55060;Bonzée;6;42.63110012621616
55061;Le Bouchon-sur-Saulx;2;5.15217391304348
55061;Le Bouchon-sur-Saulx;3;10.304347826087
55061;Le Bouchon-sur-Saulx;4;10.30434782608696
55061;Le Bouchon-sur-Saulx;5;30.91304347826086
55061;Le Bouchon-sur-Saulx;6;36.065217391304444
55062;Bouconville-sur-Madt;2;15.75
55062;Bouconville-sur-Madt;4;10.5
55062;Bouconville-sur-Madt;5;15.75
55062;Bouconville-sur-Madt;6;5.25
55063;Bouligny;2;29.199483143484787
55063;Bouligny;3;34.56990704261922
55063;Bouligny;4;129.0679985970572
55063;Bouligny;5;279.6181760441148
55063;Bouligny;6;304.89283163961596
55064;Bouquemont;2;4.70833333333333
55064;Bouquemont;3;4.70833333333333
55064;Bouquemont;5;9.41666666666666
55064;Bouquemont;6;18.83333333333332
55065;Boureuilles;1;5.22727272727273
55065;Boureuilles;2;5.22727272727273
55065;Boureuilles;4;15.68181818181819
55065;Boureuilles;5;20.909090909090928
55065;Boureuilles;6;20.90909090909096
55066;Bovée-sur-Barboure;2;5.08
55066;Bovée-sur-Barboure;3;10.16
55066;Bovée-sur-Barboure;4;15.24
55066;Bovée-sur-Barboure;5;10.16
55066;Bovée-sur-Barboure;6;40.64
55067;Boviolles;2;5.44444444444444
55067;Boviolles;4;10.88888888888888
55067;Boviolles;5;5.44444444444444
55067;Boviolles;6;5.44444444444444
55068;Brabant-en-Argonne;1;5.2
55068;Brabant-en-Argonne;4;10.4
55068;Brabant-en-Argonne;5;10.4
55068;Brabant-en-Argonne;6;15.600000000000001
55069;Brabant-le-Roi;1;5.61656814647111
55069;Brabant-le-Roi;2;16.22291835030831
55069;Brabant-le-Roi;3;5.40735083831531
55069;Brabant-le-Roi;4;16.6387222428544
55069;Brabant-le-Roi;5;21.97457281210219
55069;Brabant-le-Roi;6;16.56809883490714
55070;Brabant-sur-Meuse;1;14.04
55070;Brabant-sur-Meuse;2;4.68
55070;Brabant-sur-Meuse;4;4.68
55070;Brabant-sur-Meuse;5;4.68
55070;Brabant-sur-Meuse;6;28.08
55071;Brandeville;4;4.81081081081081
55071;Brandeville;5;24.05405405405405
55071;Brandeville;6;33.67567567567567
55072;Braquis;3;9.21739130434782
55072;Braquis;4;4.60869565217391
55072;Braquis;5;4.60869565217391
55072;Braquis;6;18.43478260869561
55073;Bras-sur-Meuse;1;4.73231743292461
55073;Bras-sur-Meuse;2;9.8878794483739
55073;Bras-sur-Meuse;3;25.58963724250681
55073;Bras-sur-Meuse;4;112.8947200473982
55073;Bras-sur-Meuse;5;110.05572246373683
55073;Bras-sur-Meuse;6;55.64893604115762
55075;Brauvilliers;2;4.85714285714286
55075;Brauvilliers;3;4.85714285714286
55075;Brauvilliers;4;24.285714285714302
55075;Brauvilliers;5;4.85714285714286
55075;Brauvilliers;6;29.142857142857164
55076;Bréhéville;4;4.18604651162791
55076;Bréhéville;5;25.11627906976743
55076;Bréhéville;6;20.93023255813955
55077;Breux;1;5.31325027246589
55077;Breux;4;10.66868430745033
55077;Breux;5;47.486750774437375
55077;Breux;6;42.13197866957155
55078;Brieulles-sur-Meuse;1;4.83659350893392
55078;Brieulles-sur-Meuse;2;9.67318701786784
55078;Brieulles-sur-Meuse;4;8.50470839161089
55078;Brieulles-sur-Meuse;5;37.05985410443341
55078;Brieulles-sur-Meuse;6;50.45202610397785
55079;Brillon-en-Barrois;1;9.89151906211016
55079;Brillon-en-Barrois;2;24.94221372765287
55079;Brillon-en-Barrois;3;19.99719156185257
55079;Brillon-en-Barrois;4;89.62277841396282
55079;Brillon-en-Barrois;5;79.86164587347463
55079;Brillon-en-Barrois;6;70.0116573871245
55080;Brixey-aux-Chanoines;1;5.2
55080;Brixey-aux-Chanoines;4;15.600000000000001
55080;Brixey-aux-Chanoines;5;5.2
55081;Brizeaux;4;13.55555555555556
55081;Brizeaux;5;13.55555555555556
55082;Brocourt-en-Argonne;1;4.18181818181818
55082;Brocourt-en-Argonne;4;12.54545454545454
55082;Brocourt-en-Argonne;5;8.36363636363636
55082;Brocourt-en-Argonne;6;8.36363636363636
55083;Brouennes;1;8.91428571428572
55083;Brouennes;2;13.37142857142858
55083;Brouennes;3;4.45714285714286
55083;Brouennes;4;8.91428571428572
55083;Brouennes;5;17.8285714285714
55083;Brouennes;6;13.37142857142858
55084;Broussey-en-Blois;1;12.4444444444444
55084;Broussey-en-Blois;4;6.22222222222222
55084;Broussey-en-Blois;5;12.44444444444444
55084;Broussey-en-Blois;6;6.22222222222222
55085;Broussey-Raulecourt;1;9.78221623249576
55085;Broussey-Raulecourt;2;9.68520144429837
55085;Broussey-Raulecourt;4;19.40259798019199
55085;Broussey-Raulecourt;5;14.544114468951
55085;Broussey-Raulecourt;6;58.27498028707328
55087;Bure;2;3.81818181818182
55087;Bure;5;11.45454545454546
55087;Bure;6;15.27272727272728
55088;Burey-en-Vaux;2;5.37931034482759
55088;Burey-en-Vaux;3;5.37931034482759
55088;Burey-en-Vaux;5;16.13793103448279
55088;Burey-en-Vaux;6;16.13793103448279
55089;Burey-la-Côte;2;4.57894736842105
55089;Burey-la-Côte;4;4.57894736842105
55089;Burey-la-Côte;5;13.73684210526315
55089;Burey-la-Côte;6;9.1578947368421
55093;Buxières-sous-les-Côtes;1;14.758318276360859
55093;Buxières-sous-les-Côtes;2;10.7019504468974
55093;Buxières-sous-les-Côtes;3;15.79273531151477
55093;Buxières-sous-les-Côtes;4;20.70620672781468
55093;Buxières-sous-les-Côtes;5;25.26582305321763
55093;Buxières-sous-les-Côtes;6;41.384110680102594
55094;Buzy-Darmont;1;10.2968601823874
55094;Buzy-Darmont;2;15.764447135708739
55094;Buzy-Darmont;3;20.13882843903467
55094;Buzy-Darmont;4;40.57776789248477
55094;Buzy-Darmont;5;56.182636597129616
55094;Buzy-Darmont;6;71.79245152328477
55095;Cesse;3;4.90909090909091
55095;Cesse;4;24.54545454545455
55095;Cesse;5;4.90909090909091
55095;Cesse;6;9.81818181818182
55096;Chaillon;3;4.95454545454545
55096;Chaillon;4;14.863636363636349
55096;Chaillon;5;9.9090909090909
55096;Chaillon;6;29.727272727272748
55097;Chalaines;1;4.97734172233508
55097;Chalaines;2;19.912389260958072
55097;Chalaines;4;40.70025302983523
55097;Chalaines;5;15.81996992567532
55097;Chalaines;6;30.87299197676602
55099;Champneuville;1;4.73076923076923
55099;Champneuville;2;9.46153846153846
55099;Champneuville;4;18.92307692307693
55099;Champneuville;5;14.19230769230769
55099;Champneuville;6;9.46153846153846
55100;Champougny;1;10.125
55100;Champougny;2;10.125
55100;Champougny;3;15.1875
55100;Champougny;4;10.125
55100;Champougny;6;10.125
55101;Chardogne;2;14.64294437185577
55101;Chardogne;3;14.846738125993149
55101;Chardogne;4;34.36855363076423
55101;Chardogne;5;43.9267071658724
55101;Chardogne;6;39.260703173309594
55102;Charny-sur-Meuse;1;5.07317655315804
55102;Charny-sur-Meuse;2;20.14724008348358
55102;Charny-sur-Meuse;3;15.16127631773532
55102;Charny-sur-Meuse;4;70.70525183794476
55102;Charny-sur-Meuse;5;40.0929317489297
55102;Charny-sur-Meuse;6;60.50080779799918
55103;Charpentry;1;0.0
55103;Charpentry;2;0.0
55103;Charpentry;3;0.0
55103;Charpentry;4;0.0
55103;Charpentry;5;0.0
55103;Charpentry;6;0.0
55104;Chassey-Beaupré;1;4.38888888888889
55104;Chassey-Beaupré;3;4.38888888888889
55104;Chassey-Beaupré;4;8.77777777777778
55104;Chassey-Beaupré;6;4.38888888888889
55105;Châtillon-sous-les-Côtes;1;5.0
55105;Châtillon-sous-les-Côtes;2;10.0
55105;Châtillon-sous-les-Côtes;3;10.0
55105;Châtillon-sous-les-Côtes;4;25.0
55105;Châtillon-sous-les-Côtes;5;10.0
55105;Châtillon-sous-les-Côtes;6;20.0
55106;Chattancourt;1;5.5
55106;Chattancourt;4;22.0
55106;Chattancourt;5;16.5
55106;Chattancourt;6;44.0
55107;Chaumont-devant-Damvillers;4;6.71428571428571
55107;Chaumont-devant-Damvillers;6;13.42857142857142
55108;Chaumont-sur-Aire;1;4.84
55108;Chaumont-sur-Aire;2;4.84
55108;Chaumont-sur-Aire;4;19.36
55108;Chaumont-sur-Aire;5;19.36
55108;Chaumont-sur-Aire;6;19.36
55109;Chauvency-le-Château;1;4.83570104248498
55109;Chauvency-le-Château;4;14.777617312252012
55109;Chauvency-le-Château;5;19.89047289773062
55109;Chauvency-le-Château;6;40.33147171529786
55110;Chauvency-Saint-Hubert;4;4.84782608695652
55110;Chauvency-Saint-Hubert;5;38.78260869565218
55110;Chauvency-Saint-Hubert;6;48.47826086956524
55111;Chauvoncourt;1;10.0528957072906
55111;Chauvoncourt;2;20.10908227421391
55111;Chauvoncourt;3;24.81522482474676
55111;Chauvoncourt;4;35.00093570665072
55111;Chauvoncourt;5;45.44214680923545
55111;Chauvoncourt;6;24.56284594659141
55113;Cheppy;2;9.6875
55113;Cheppy;4;9.6875
55113;Cheppy;5;24.21875
55113;Cheppy;6;9.6875
55114;Chonville-Malaumont;2;5.39473684210526
55114;Chonville-Malaumont;4;16.18421052631578
55114;Chonville-Malaumont;5;43.15789473684208
55114;Chonville-Malaumont;6;32.36842105263152
55115;Cierges-sous-Montfaucon;5;5.625
55115;Cierges-sous-Montfaucon;6;5.625
55116;Le Claon;3;4.54545454545454
55116;Le Claon;4;13.636363636363619
55116;Le Claon;6;9.09090909090908
55117;Clermont-en-Argonne;1;19.79271536645095
55117;Clermont-en-Argonne;2;24.71623479270862
55117;Clermont-en-Argonne;3;29.74800874964122
55117;Clermont-en-Argonne;4;109.27408823252571
55117;Clermont-en-Argonne;5;113.69492681865606
55117;Clermont-en-Argonne;6;123.28027709662894
55118;Cléry-le-Grand;2;4.78947368421053
55118;Cléry-le-Grand;4;14.36842105263159
55118;Cléry-le-Grand;5;4.78947368421053
55118;Cléry-le-Grand;6;9.57894736842106
55119;Cléry-le-Petit;4;16.11428571428571
55119;Cléry-le-Petit;5;5.37142857142857
55119;Cléry-le-Petit;6;32.22857142857138
55120;Combles-en-Barrois;1;5.17224956227414
55120;Combles-en-Barrois;2;20.27679661279517
55120;Combles-en-Barrois;3;48.21415510487141
55120;Combles-en-Barrois;4;79.6955491732733
55120;Combles-en-Barrois;5;69.38674510718079
55120;Combles-en-Barrois;6;40.58109399410576
55121;Combres-sous-les-Côtes;1;8.87990562639736
55121;Combres-sous-les-Côtes;2;13.31985843959604
55121;Combres-sous-les-Côtes;4;17.75981125279472
55121;Combres-sous-les-Côtes;5;8.87990562639736
55121;Combres-sous-les-Côtes;6;8.87990562639736
55122;Commercy;2;75.04532671393157
55122;Commercy;3;133.93953686474487
55122;Commercy;4;401.2761079660798
55122;Commercy;5;524.3849683535334
55122;Commercy;6;481.23913250526306
55123;Les Hauts-de-Chée;1;48.0041066015742
55123;Les Hauts-de-Chée;2;9.4507053176404
55123;Les Hauts-de-Chée;3;23.79906274162985
55123;Les Hauts-de-Chée;4;99.86716294397527
55123;Les Hauts-de-Chée;5;71.45989728640255
55123;Les Hauts-de-Chée;6;76.5877602925909
55124;Consenvoye;1;15.3383836270309
55124;Consenvoye;2;4.78103810020636
55124;Consenvoye;3;10.2463987153195
55124;Consenvoye;4;35.68598915571184
55124;Consenvoye;5;40.010888542455
55124;Consenvoye;6;35.288303408406684
55125;Contrisson;2;14.79303694302929
55125;Contrisson;3;19.495850218584337
55125;Contrisson;4;82.52990705464138
55125;Contrisson;5;140.4703940380104
55125;Contrisson;6;97.57696975862928
55127;Courcelles-en-Barrois;1;9.0
55127;Courcelles-en-Barrois;3;4.5
55127;Courcelles-en-Barrois;5;4.5
55128;Courcelles-sur-Aire;1;10.5
55128;Courcelles-sur-Aire;2;10.5
55129;Courouvre;6;6.5
55132;Cousances-les-Forges;1;10.0843959301699
55132;Cousances-les-Forges;2;24.85228702500953
55132;Cousances-les-Forges;3;39.151852929816755
55132;Cousances-les-Forges;4;148.89734408985186
55132;Cousances-les-Forges;5;192.86642523056142
55132;Cousances-les-Forges;6;195.61839207598877
55133;Couvertpuis;5;9.22222222222222
55133;Couvertpuis;6;23.05555555555555
55134;Couvonges;3;5.39285714285714
55134;Couvonges;4;16.17857142857142
55134;Couvonges;5;43.14285714285714
55134;Couvonges;6;26.96428571428568
55137;Cuisy;1;6.0
55137;Cuisy;5;6.0
55138;Culey;1;5.68181818181818
55138;Culey;2;11.36363636363636
55138;Culey;3;5.68181818181818
55138;Culey;4;11.36363636363636
55138;Culey;5;11.36363636363636
55138;Culey;6;5.68181818181818
55139;Cumières-le-Mort-Homme;1;0.0
55139;Cumières-le-Mort-Homme;2;0.0
55139;Cumières-le-Mort-Homme;3;0.0
55139;Cumières-le-Mort-Homme;4;0.0
55139;Cumières-le-Mort-Homme;5;0.0
55139;Cumières-le-Mort-Homme;6;0.0
55140;Cunel;1;20.0
55141;Dagonville;1;4.42105263157895
55141;Dagonville;2;4.42105263157895
55141;Dagonville;4;8.8421052631579
55141;Dagonville;6;13.26315789473685
55142;Dainville-Bertheléville;1;4.88
55142;Dainville-Bertheléville;2;4.88
55142;Dainville-Bertheléville;4;4.88
55142;Dainville-Bertheléville;5;9.76
55142;Dainville-Bertheléville;6;29.28
55143;Damloup;2;9.92
55143;Damloup;4;34.72
55143;Damloup;5;14.879999999999999
55143;Damloup;6;9.92
55144;Dammarie-sur-Saulx;2;9.75389043864718
55144;Dammarie-sur-Saulx;4;37.85017586954022
55144;Dammarie-sur-Saulx;5;10.2569991918279
55144;Dammarie-sur-Saulx;6;65.99401610701057
55145;Damvillers;1;5.02879042667865
55145;Damvillers;2;20.1986306473188
55145;Damvillers;3;25.1037481136212
55145;Damvillers;4;49.71280161558265
55145;Damvillers;5;75.03477925287793
55145;Damvillers;6;65.17019733995261
55146;Dannevoux;2;4.73170731707317
55146;Dannevoux;4;9.46341463414634
55146;Dannevoux;5;23.658536585365848
55146;Dannevoux;6;18.92682926829268
55148;Delouze-Rosières;2;5.8
55148;Delouze-Rosières;5;11.6
55148;Delouze-Rosières;6;23.2
55149;Delut;1;11.4285714285714
55149;Delut;4;11.42857142857142
55149;Delut;5;22.85714285714282
55149;Delut;6;17.14285714285711
55150;Demange-Baudignécourt;1;9.90434075681186
55150;Demange-Baudignécourt;2;10.1392353939494
55150;Demange-Baudignécourt;3;14.581991592838552
55150;Demange-Baudignécourt;4;29.2432329961605
55150;Demange-Baudignécourt;5;44.68970123162071
55150;Demange-Baudignécourt;6;128.29078792513775
55153;Dieppe-sous-Douaumont;1;4.19565217391304
55153;Dieppe-sous-Douaumont;3;8.39130434782608
55153;Dieppe-sous-Douaumont;4;8.39130434782608
55153;Dieppe-sous-Douaumont;5;20.9782608695652
55153;Dieppe-sous-Douaumont;6;8.39130434782608
55154;Dieue-sur-Meuse;1;15.08851633316852
55154;Dieue-sur-Meuse;2;19.87962604256178
55154;Dieue-sur-Meuse;3;84.5112432886977
55154;Dieue-sur-Meuse;4;145.26185819212802
55154;Dieue-sur-Meuse;5;184.3795323975863
55154;Dieue-sur-Meuse;6;154.90852509490438
55155;Dombasle-en-Argonne;2;19.65029905499167
55155;Dombasle-en-Argonne;3;21.14175950058455
55155;Dombasle-en-Argonne;4;41.07250894359334
55155;Dombasle-en-Argonne;5;47.804703840003185
55155;Dombasle-en-Argonne;6;47.04192949209843
55156;Dombras;1;11.04
55156;Dombras;2;5.52
55156;Dombras;5;16.56
55156;Dombras;6;11.04
55157;Dommartin-la-Montagne;2;4.63636363636364
55157;Dommartin-la-Montagne;4;4.63636363636364
55157;Dommartin-la-Montagne;5;13.90909090909092
55157;Dommartin-la-Montagne;6;4.63636363636364
55158;Dommary-Baroncourt;2;35.70500425398766
55158;Dommary-Baroncourt;4;56.965423201977345
55158;Dommary-Baroncourt;5;93.01740692055706
55158;Dommary-Baroncourt;6;102.13337753893562
55159;Dompcevrin;2;4.86654417471597
55159;Dompcevrin;3;5.13635297192501
55159;Dompcevrin;4;9.55959005050446
55159;Dompcevrin;5;54.15826642395471
55159;Dompcevrin;6;60.36744208010282
55160;Dompierre-aux-Bois;1;8.22222222222222
55162;Domremy-la-Canne;5;3.75
55162;Domremy-la-Canne;6;7.5
55163;Doncourt-aux-Templiers;2;4.28571428571429
55163;Doncourt-aux-Templiers;3;4.28571428571429
55163;Doncourt-aux-Templiers;4;4.28571428571429
55163;Doncourt-aux-Templiers;5;8.57142857142858
55165;Doulcon;2;15.73083887592795
55165;Doulcon;3;5.37162478472899
55165;Doulcon;4;31.52180217342498
55165;Doulcon;5;36.89264563420507
55165;Doulcon;6;26.47175389664057
55166;Dugny-sur-Meuse;1;10.2397926737887
55166;Dugny-sur-Meuse;2;31.27754928709322
55166;Dugny-sur-Meuse;3;50.08660309010102
55166;Dugny-sur-Meuse;4;181.91434445650984
55166;Dugny-sur-Meuse;5;140.14048678314379
55166;Dugny-sur-Meuse;6;138.17562748540698
55167;Dun-sur-Meuse;2;10.26141389880403
55167;Dun-sur-Meuse;3;31.10949809812681
55167;Dun-sur-Meuse;4;72.76282767250518
55167;Dun-sur-Meuse;5;72.65084752575244
55167;Dun-sur-Meuse;6;74.1643627999325
55168;Duzey;1;5.625
55168;Duzey;3;5.625
55168;Duzey;4;5.625
55168;Duzey;5;11.25
55169;Écouviez;1;4.87433362344132
55169;Écouviez;2;19.23721735647354
55169;Écouviez;3;14.10710438782094
55169;Écouviez;4;19.498225802650648
55169;Écouviez;5;66.94706100676558
55169;Écouviez;6;91.12323735599878
55170;Écurey-en-Verdunois;1;8.51851851851852
55170;Écurey-en-Verdunois;4;8.51851851851852
55170;Écurey-en-Verdunois;5;12.777777777777782
55170;Écurey-en-Verdunois;6;42.59259259259264
55171;Eix;2;10.15922583246578
55171;Eix;3;25.398064581164448
55171;Eix;4;30.47767749739737
55171;Eix;5;40.63690332986319
55171;Eix;6;15.238838748698669
55172;Les Éparges;1;4.06666666666667
55172;Les Éparges;3;4.06666666666667
55172;Les Éparges;5;8.13333333333334
55172;Les Éparges;6;4.06666666666667
55173;Épiez-sur-Meuse;1;10.8571428571429
55173;Épiez-sur-Meuse;6;5.42857142857143
55174;Épinonville;1;10.57142857142858
55174;Épinonville;6;5.28571428571429
55175;Érize-la-Brûlée;2;9.67567567567568
55175;Érize-la-Brûlée;4;33.86486486486486
55175;Érize-la-Brûlée;5;33.864864864864884
55175;Érize-la-Brûlée;6;24.1891891891892
55177;Érize-la-Petite;2;3.66666666666667
55177;Érize-la-Petite;3;3.66666666666667
55177;Érize-la-Petite;4;3.66666666666667
55178;Érize-Saint-Dizier;3;10.55555555555556
55178;Érize-Saint-Dizier;4;21.11111111111112
55178;Érize-Saint-Dizier;5;21.11111111111112
55178;Érize-Saint-Dizier;6;21.11111111111112
55179;Erneville-aux-Bois;1;12.81818181818181
55179;Erneville-aux-Bois;2;4.27272727272727
55179;Erneville-aux-Bois;3;4.27272727272727
55179;Erneville-aux-Bois;4;4.27272727272727
55179;Erneville-aux-Bois;5;17.090909090909072
55179;Erneville-aux-Bois;6;12.81818181818181
55180;Esnes-en-Argonne;1;5.23076923076923
55180;Esnes-en-Argonne;2;5.23076923076923
55180;Esnes-en-Argonne;3;10.46153846153846
55180;Esnes-en-Argonne;4;5.23076923076923
55180;Esnes-en-Argonne;5;15.69230769230769
55180;Esnes-en-Argonne;6;26.15384615384619
55181;Étain;1;5.07486639603391
55181;Étain;2;55.48208397405798
55181;Étain;3;110.28583658769473
55181;Étain;4;183.48685833359102
55181;Étain;5;454.2453121617462
55181;Étain;6;374.099078338179
55182;Éton;1;5.07317073170732
55182;Éton;2;5.07317073170732
55182;Éton;3;5.07317073170732
55182;Éton;4;15.21951219512196
55182;Éton;5;20.292682926829322
55182;Éton;6;35.5121951219512
55183;Étraye;1;8.22222222222222
55183;Étraye;5;12.333333333333329
55183;Étraye;6;8.22222222222222
55184;Euville;1;9.92914974954769
55184;Euville;2;24.96608147079829
55184;Euville;3;40.126617108453736
55184;Euville;4;155.02353804333245
55184;Euville;5;243.41925380652913
55184;Euville;6;173.99988978847315
55185;Èvres;1;9.88888888888888
55185;Èvres;4;4.94444444444444
55185;Èvres;5;4.94444444444444
55185;Èvres;6;9.88888888888888
55186;Fains-Véel;2;49.47236164249837
55186;Fains-Véel;3;79.18232391688748
55186;Fains-Véel;4;291.2503122418543
55186;Fains-Véel;5;216.76656637357272
55186;Fains-Véel;6;162.83986483196077
55188;Flassigny;1;3.66666666666667
55188;Flassigny;4;3.66666666666667
55188;Flassigny;6;7.33333333333334
55189;Fleury-devant-Douaumont;1;0.0
55189;Fleury-devant-Douaumont;2;0.0
55189;Fleury-devant-Douaumont;3;0.0
55189;Fleury-devant-Douaumont;4;0.0
55189;Fleury-devant-Douaumont;5;0.0
55189;Fleury-devant-Douaumont;6;0.0
55191;Foameix-Ornel;3;20.363636363636388
55191;Foameix-Ornel;4;20.36363636363638
55191;Foameix-Ornel;5;35.63636363636369
55191;Foameix-Ornel;6;25.45454545454548
55192;Fontaines-Saint-Clair;1;4.75
55192;Fontaines-Saint-Clair;4;4.75
55193;Forges-sur-Meuse;1;4.35709103460409
55193;Forges-sur-Meuse;4;17.42836413841636
55193;Forges-sur-Meuse;5;13.07127310381227
55193;Forges-sur-Meuse;6;4.35709103460409
55194;Foucaucourt-sur-Thabas;1;4.06666666666667
55194;Foucaucourt-sur-Thabas;2;4.06666666666667
55194;Foucaucourt-sur-Thabas;4;8.13333333333334
55194;Foucaucourt-sur-Thabas;5;4.06666666666667
55194;Foucaucourt-sur-Thabas;6;8.13333333333334
55195;Fouchères-aux-Bois;1;4.12903225806452
55195;Fouchères-aux-Bois;2;4.12903225806452
55195;Fouchères-aux-Bois;4;8.25806451612904
55195;Fouchères-aux-Bois;5;12.387096774193559
55195;Fouchères-aux-Bois;6;4.12903225806452
55196;Frémeréville-sous-les-Côtes;1;4.42857142857143
55196;Frémeréville-sous-les-Côtes;2;4.42857142857143
55196;Frémeréville-sous-les-Côtes;3;4.42857142857143
55196;Frémeréville-sous-les-Côtes;4;13.285714285714288
55196;Frémeréville-sous-les-Côtes;5;8.85714285714286
55196;Frémeréville-sous-les-Côtes;6;13.285714285714288
55197;Fresnes-au-Mont;1;4.71428571428571
55197;Fresnes-au-Mont;2;14.1428571428571
55197;Fresnes-au-Mont;3;9.42857142857142
55197;Fresnes-au-Mont;4;23.571428571428548
55197;Fresnes-au-Mont;5;28.28571428571426
55197;Fresnes-au-Mont;6;14.14285714285713
55198;Fresnes-en-Woëvre;1;4.86710237352915
55198;Fresnes-en-Woëvre;2;9.98631418908438
55198;Fresnes-en-Woëvre;3;44.2035421034083
55198;Fresnes-en-Woëvre;4;73.558179186183
55198;Fresnes-en-Woëvre;5;49.369229200590084
55198;Fresnes-en-Woëvre;6;88.44294048549116
55199;Froidos;1;9.55555555555556
55199;Froidos;3;4.77777777777778
55199;Froidos;4;4.77777777777778
55199;Froidos;5;9.55555555555556
55199;Froidos;6;19.11111111111112
55200;Fromeréville-les-Vallons;1;14.92857142857144
55200;Fromeréville-les-Vallons;2;19.90476190476192
55200;Fromeréville-les-Vallons;3;14.92857142857144
55200;Fromeréville-les-Vallons;4;34.83333333333336
55200;Fromeréville-les-Vallons;5;9.95238095238096
55200;Fromeréville-les-Vallons;6;14.92857142857144
55201;Fromezey;2;5.25
55201;Fromezey;3;10.5
55201;Fromezey;4;5.25
55201;Fromezey;5;10.5
55201;Fromezey;6;10.5
55202;Futeau;1;5.07142857142857
55202;Futeau;3;5.07142857142857
55202;Futeau;4;15.214285714285712
55202;Futeau;6;15.214285714285712
55204;Génicourt-sur-Meuse;3;4.67808836921051
55204;Génicourt-sur-Meuse;4;33.30354471957457
55204;Génicourt-sur-Meuse;5;23.808483437214267
55204;Génicourt-sur-Meuse;6;77.1445127798705
55206;Gercourt-et-Drillancourt;1;5.0
55206;Gercourt-et-Drillancourt;3;10.0
55206;Gercourt-et-Drillancourt;4;15.0
55206;Gercourt-et-Drillancourt;5;10.0
55206;Gercourt-et-Drillancourt;6;25.0
55207;Géry;3;4.33333333333333
55207;Géry;4;4.33333333333333
55207;Géry;6;8.66666666666666
55208;Gesnes-en-Argonne;1;4.23076923076923
55208;Gesnes-en-Argonne;2;12.69230769230769
55208;Gesnes-en-Argonne;5;4.23076923076923
55208;Gesnes-en-Argonne;6;4.23076923076923
55210;Gimécourt;4;6.5
55210;Gimécourt;5;6.5
55211;Gincrey;4;8.26666666666666
55211;Gincrey;5;4.13333333333333
55211;Gincrey;6;16.53333333333332
55212;Girauvoisin;4;14.82352941176469
55212;Girauvoisin;5;4.94117647058823
55212;Girauvoisin;6;4.94117647058823
55214;Givrauval;1;4.66891833658106
55214;Givrauval;2;10.3691578139079
55214;Givrauval;3;15.442828481477978
55214;Givrauval;4;35.49977022521364
55214;Givrauval;5;25.06934190906262
55214;Givrauval;6;35.55109167199833
55215;Gondrecourt-le-Château;1;31.5297478071616
55215;Gondrecourt-le-Château;2;5.23680732068744
55215;Gondrecourt-le-Château;3;10.167420942366931
55215;Gondrecourt-le-Château;4;73.01934759990941
55215;Gondrecourt-le-Château;5;108.9721549960265
55215;Gondrecourt-le-Château;6;145.85394767598814
55216;Gouraincourt;4;8.375
55216;Gouraincourt;5;4.1875
55216;Gouraincourt;6;12.5625
55217;Goussaincourt;1;4.72
55217;Goussaincourt;2;4.72
55217;Goussaincourt;3;4.72
55217;Goussaincourt;4;4.72
55217;Goussaincourt;5;9.44
55217;Goussaincourt;6;4.72
55218;Gremilly;4;6.0
55218;Gremilly;6;12.0
55219;Grimaucourt-en-Woëvre;1;13.636363636363651
55219;Grimaucourt-en-Woëvre;4;4.54545454545455
55219;Grimaucourt-en-Woëvre;5;13.636363636363651
55219;Grimaucourt-en-Woëvre;6;9.0909090909091
55220;Grimaucourt-près-Sampigny;1;11.0
55220;Grimaucourt-près-Sampigny;2;5.5
55220;Grimaucourt-près-Sampigny;4;5.5
55220;Grimaucourt-près-Sampigny;5;16.5
55220;Grimaucourt-près-Sampigny;6;22.0
55221;Guerpont;2;10.48427074479197
55221;Guerpont;3;5.43268392666294
55221;Guerpont;4;14.98103857308217
55221;Guerpont;5;30.87745482673293
55221;Guerpont;6;14.80707809235419
55222;Gussainville;2;6.6
55222;Gussainville;5;6.6
55222;Gussainville;6;6.6
55224;Haironville;2;9.94869922543944
55224;Haironville;3;24.81218009235988
55224;Haironville;4;80.64215636071268
55224;Haironville;5;64.59350297621822
55224;Haironville;6;70.36497641674896
55225;Halles-sous-les-Côtes;2;4.79310344827586
55225;Halles-sous-les-Côtes;4;9.58620689655172
55225;Halles-sous-les-Côtes;5;19.17241379310344
55225;Halles-sous-les-Côtes;6;43.13793103448276
55226;Han-lès-Juvigny;3;10.3333333333333
55226;Han-lès-Juvigny;4;20.66666666666664
55226;Han-lès-Juvigny;5;5.16666666666667
55226;Han-lès-Juvigny;6;30.99999999999998
55228;Hannonville-sous-les-Côtes;2;26.78527275868835
55228;Hannonville-sous-les-Côtes;3;14.4661220679303
55228;Hannonville-sous-les-Côtes;4;48.67738850651532
55228;Hannonville-sous-les-Côtes;5;23.59621280283836
55228;Hannonville-sous-les-Côtes;6;62.8067713277086
55229;Han-sur-Meuse;2;4.9014171550881
55229;Han-sur-Meuse;3;10.7527672106682
55229;Han-sur-Meuse;4;21.516262702198368
55229;Han-sur-Meuse;5;21.25426440525087
55229;Han-sur-Meuse;6;10.99280702604502
55232;Harville;2;9.04
55232;Harville;3;9.04
55232;Harville;4;9.04
55232;Harville;5;4.52
55232;Harville;6;18.08
55236;Haudainville;1;5.19696810679266
55236;Haudainville;2;25.93489214187848
55236;Haudainville;3;51.74563454835496
55236;Haudainville;4;129.30140680113763
55236;Haudainville;5;118.68414011661483
55236;Haudainville;6;98.17074266662544
55237;Haudiomont;1;13.83634973597049
55237;Haudiomont;2;4.61211657865683
55237;Haudiomont;4;18.448466314627332
55237;Haudiomont;5;32.28481605059779
55237;Haudiomont;6;32.28481605059781
55239;Haumont-près-Samogneux;1;0.0
55239;Haumont-près-Samogneux;2;0.0
55239;Haumont-près-Samogneux;3;0.0
55239;Haumont-près-Samogneux;4;0.0
55239;Haumont-près-Samogneux;5;0.0
55239;Haumont-près-Samogneux;6;0.0
55241;Heippes;1;4.70588235294118
55241;Heippes;3;4.70588235294118
55241;Heippes;4;4.70588235294118
55241;Heippes;5;14.1176470588235
55241;Heippes;6;14.11764705882354
55242;Hennemont;2;4.48
55242;Hennemont;4;4.48
55242;Hennemont;5;31.360000000000003
55242;Hennemont;6;13.44
55243;Herbeuville;2;10.0
55243;Herbeuville;3;20.0
55243;Herbeuville;4;20.0
55243;Herbeuville;5;15.0
55243;Herbeuville;6;15.0
55244;Herméville-en-Woëvre;1;12.9807692307692
55244;Herméville-en-Woëvre;2;8.65384615384616
55244;Herméville-en-Woëvre;4;25.96153846153844
55244;Herméville-en-Woëvre;5;8.65384615384616
55244;Herméville-en-Woëvre;6;34.61538461538464
55245;Heudicourt-sous-les-Côtes;1;21.41935483870972
55245;Heudicourt-sous-les-Côtes;2;5.35483870967742
55245;Heudicourt-sous-les-Côtes;3;10.70967741935484
55245;Heudicourt-sous-les-Côtes;4;5.35483870967742
55245;Heudicourt-sous-les-Côtes;5;10.70967741935484
55245;Heudicourt-sous-les-Côtes;6;32.129032258064484
55246;Hévilliers;1;4.4
55246;Hévilliers;2;17.6
55246;Hévilliers;5;17.6
55246;Hévilliers;6;13.200000000000001
55247;Horville-en-Ornois;1;5.22222222222222
55247;Horville-en-Ornois;5;10.44444444444444
55247;Horville-en-Ornois;6;10.44444444444444
55248;Houdelaincourt;2;9.75394013869733
55248;Houdelaincourt;3;11.10212539542275
55248;Houdelaincourt;5;16.72882813451935
55248;Houdelaincourt;6;36.95437597734908
55250;Inor;1;5.29411764705882
55250;Inor;2;5.29411764705882
55250;Inor;4;10.58823529411764
55250;Inor;5;26.47058823529406
55250;Inor;6;15.88235294117646
55251;Ippécourt;1;11.64705882352942
55251;Ippécourt;4;5.82352941176471
55251;Ippécourt;5;11.64705882352942
55251;Ippécourt;6;11.6470588235294
55252;Iré-le-Sec;3;4.81818181818182
55252;Iré-le-Sec;4;14.45454545454546
55252;Iré-le-Sec;5;28.90909090909092
55252;Iré-le-Sec;6;28.90909090909096
55253;Les Islettes;2;19.164325156138382
55253;Les Islettes;3;14.57203780723229
55253;Les Islettes;4;23.854500491111608
55253;Les Islettes;5;110.60347187856671
55253;Les Islettes;6;106.41085443064777
55254;Les Trois-Domaines;1;5.26086956521739
55254;Les Trois-Domaines;2;5.26086956521739
55254;Les Trois-Domaines;4;5.26086956521739
55254;Les Trois-Domaines;5;10.5217391304348
55254;Les Trois-Domaines;6;26.304347826086968
55255;Jametz;1;5.2443881739195
55255;Jametz;2;5.32006334126515
55255;Jametz;3;5.2820902369643
55255;Jametz;4;15.84708578318471
55255;Jametz;5;26.67762982635771
55255;Jametz;6;53.31728459989082
55256;Jonville-en-Woëvre;4;4.67741935483871
55256;Jonville-en-Woëvre;5;14.03225806451613
55256;Jonville-en-Woëvre;6;32.74193548387094
55257;Jouy-en-Argonne;1;8.0
55257;Jouy-en-Argonne;4;4.0
55257;Jouy-en-Argonne;5;4.0
55258;Geville;1;23.447430168889312
55258;Geville;2;9.60016324726027
55258;Geville;3;24.219780243870623
55258;Geville;4;72.05691020518
55258;Geville;5;38.66644431097847
55258;Geville;6;82.37573748490365
55260;Julvécourt;1;12.9230769230769
55260;Julvécourt;2;4.30769230769231
55260;Julvécourt;5;12.92307692307693
55260;Julvécourt;6;17.230769230769212
55261;Juvigny-en-Perthois;2;5.52
55261;Juvigny-en-Perthois;3;11.04
55261;Juvigny-en-Perthois;4;22.08
55261;Juvigny-en-Perthois;5;5.52
55261;Juvigny-en-Perthois;6;11.04
55262;Juvigny-sur-Loison;1;5.08997850672764
55262;Juvigny-sur-Loison;3;15.26993552018292
55262;Juvigny-sur-Loison;4;23.78017194617894
55262;Juvigny-sur-Loison;5;10.17995701345528
55262;Juvigny-sur-Loison;6;55.98976357400404
55263;Kœur-la-Grande;2;5.0625
55263;Kœur-la-Grande;4;20.25
55263;Kœur-la-Grande;5;25.3125
55263;Kœur-la-Grande;6;5.0625
55264;Kœur-la-Petite;1;4.86423949876103
55264;Kœur-la-Petite;2;5.10964075240825
55264;Kœur-la-Petite;3;4.6306241569244
55264;Kœur-la-Petite;4;33.38478280139863
55264;Kœur-la-Petite;5;29.020300134107742
55264;Kœur-la-Petite;6;29.75709849519898
55265;Labeuville;2;5.6
55265;Labeuville;4;22.4
55265;Labeuville;5;11.2
55265;Labeuville;6;11.2
55266;Lachalade;3;9.27272727272728
55266;Lachalade;5;9.27272727272728
55267;Lachaussée;2;5.44917209454039
55267;Lachaussée;4;11.2016449971546
55267;Lachaussée;5;54.74154800850016
55267;Lachaussée;6;53.09308090761301
55268;Lacroix-sur-Meuse;2;30.505022460706527
55268;Lacroix-sur-Meuse;3;43.83659440129805
55268;Lacroix-sur-Meuse;4;61.82958481696315
55268;Lacroix-sur-Meuse;5;39.57527287670063
55268;Lacroix-sur-Meuse;6;103.7425648766878
55269;Lahaymeix;1;13.0588235294118
55269;Lahaymeix;2;4.35294117647059
55269;Lahaymeix;4;4.35294117647059
55269;Lahaymeix;5;8.70588235294118
55270;Lahayville;1;4.28571428571429
55270;Lahayville;4;4.28571428571429
55270;Lahayville;5;4.28571428571429
55271;Laheycourt;1;4.90195527752446
55271;Laheycourt;2;9.55633314633892
55271;Laheycourt;3;19.86501955844168
55271;Laheycourt;4;34.326598080106244
55271;Laheycourt;5;25.02104935568866
55271;Laheycourt;6;24.3891946964786
55272;Laimont;2;28.9582879917319
55272;Laimont;3;18.9345128055719
55272;Laimont;4;66.92645846358626
55272;Laimont;5;47.89229349209178
55272;Laimont;6;33.2857168939242
55274;Lamorville;1;13.1423627185494
55274;Lamorville;3;4.8396111422893
55274;Lamorville;4;25.010861439649943
55274;Lamorville;5;32.90276092071829
55274;Lamorville;6;31.58204279892466
55275;Lamouilly;3;4.47368421052632
55275;Lamouilly;4;8.94736842105264
55275;Lamouilly;5;4.47368421052632
55275;Lamouilly;6;17.89473684210528
55276;Landrecourt-Lempire;2;10.47619047619048
55276;Landrecourt-Lempire;4;47.14285714285718
55276;Landrecourt-Lempire;5;31.428571428571438
55276;Landrecourt-Lempire;6;15.714285714285719
55278;Laneuville-au-Rupt;1;5.44444444444444
55278;Laneuville-au-Rupt;3;10.88888888888888
55278;Laneuville-au-Rupt;4;10.88888888888888
55278;Laneuville-au-Rupt;5;16.33333333333332
55278;Laneuville-au-Rupt;6;32.66666666666666
55279;Laneuville-sur-Meuse;1;15.356471994791
55279;Laneuville-sur-Meuse;4;41.01839464835121
55279;Laneuville-sur-Meuse;5;25.63648088465784
55279;Laneuville-sur-Meuse;6;61.57869741795614
55280;Lanhères;3;6.22222222222222
55280;Lanhères;4;12.44444444444444
55280;Lanhères;5;6.22222222222222
55280;Lanhères;6;12.44444444444444
55281;Latour-en-Woëvre;2;5.05555555555556
55281;Latour-en-Woëvre;4;5.05555555555556
55281;Latour-en-Woëvre;5;25.27777777777778
55281;Latour-en-Woëvre;6;15.16666666666666
55282;Lavallée;4;18.20000000000001
55282;Lavallée;5;12.13333333333334
55282;Lavallée;6;6.06666666666667
55284;Lavincourt;5;6.08333333333333
55284;Lavincourt;6;6.08333333333333
55285;Lavoye;1;16.44444444444448
55285;Lavoye;2;5.48148148148148
55285;Lavoye;3;10.96296296296296
55285;Lavoye;4;10.96296296296296
55285;Lavoye;5;21.92592592592588
55285;Lavoye;6;16.44444444444444
55286;Lemmes;2;5.61904761904762
55286;Lemmes;4;5.61904761904762
55286;Lemmes;5;28.09523809523806
55286;Lemmes;6;39.333333333333385
55288;Lérouville;1;20.35097254153828
55288;Lérouville;2;24.93338071567152
55288;Lérouville;3;35.382216560195616
55288;Lérouville;4;146.29464928810842
55288;Lérouville;5;134.2873522569521
55288;Lérouville;6;179.95250373677834
55289;Levoncourt;1;6.0
55289;Levoncourt;3;12.0
55289;Levoncourt;4;12.0
55290;Lignières-sur-Aire;1;6.875
55290;Lignières-sur-Aire;4;13.75
55290;Lignières-sur-Aire;6;6.875
55291;Ligny-en-Barrois;1;10.0161362478997
55291;Ligny-en-Barrois;2;93.58725648560298
55291;Ligny-en-Barrois;3;83.4032083782689
55291;Ligny-en-Barrois;4;154.73563176357885
55291;Ligny-en-Barrois;5;358.091037035496
55291;Ligny-en-Barrois;6;466.47503483684864
55292;Liny-devant-Dun;1;5.4
55292;Liny-devant-Dun;3;10.8
55292;Liny-devant-Dun;5;21.6
55292;Liny-devant-Dun;6;27.0
55293;Lion-devant-Dun;2;10.6060606060606
55293;Lion-devant-Dun;4;15.9090909090909
55293;Lion-devant-Dun;5;37.1212121212121
55293;Lion-devant-Dun;6;31.8181818181818
55295;Lisle-en-Barrois;1;10.0
55296;L'Isle-en-Rigault;2;5.10616830782325
55296;L'Isle-en-Rigault;3;15.21710181852286
55296;L'Isle-en-Rigault;4;35.443037158254484
55296;L'Isle-en-Rigault;5;60.580390440078745
55296;L'Isle-en-Rigault;6;65.28090552672735
55297;Lissey;4;16.35
55297;Lissey;5;10.9
55297;Lissey;6;21.8
55298;Loisey;1;8.9851941018988
55298;Loisey;3;13.477791152848202
55298;Loisey;4;39.21984798938003
55298;Loisey;5;29.6001162513298
55298;Loisey;6;50.93891970911381
55299;Loison;1;10.3478260869565
55299;Loison;2;5.17391304347826
55299;Loison;4;10.34782608695652
55299;Loison;5;5.17391304347826
55299;Loison;6;20.695652173913018
55300;Longeaux;2;4.63829787234043
55300;Longeaux;3;9.27659574468086
55300;Longeaux;4;37.106382978723445
55300;Longeaux;5;18.55319148936172
55300;Longeaux;6;23.19148936170215
55301;Longchamps-sur-Aire;1;20.86956521739133
55301;Longchamps-sur-Aire;3;10.43478260869566
55301;Longchamps-sur-Aire;4;15.65217391304349
55301;Longchamps-sur-Aire;5;10.43478260869566
55301;Longchamps-sur-Aire;6;5.21739130434783
55302;Longeville-en-Barrois;1;9.95477598058938
55302;Longeville-en-Barrois;2;9.73347646894256
55302;Longeville-en-Barrois;3;49.65953999432258
55302;Longeville-en-Barrois;4;140.92842796800323
55302;Longeville-en-Barrois;5;115.03809519206878
55302;Longeville-en-Barrois;6;125.21920029359869
55303;Loupmont;1;10.0
55303;Loupmont;3;5.0
55303;Loupmont;4;5.0
55303;Loupmont;5;10.0
55303;Loupmont;6;10.0
55304;Louppy-le-Château;2;15.677419354838701
55304;Louppy-le-Château;5;20.9032258064516
55304;Louppy-le-Château;6;31.354838709677402
55306;Louppy-sur-Loison;4;10.66666666666666
55306;Louppy-sur-Loison;5;26.666666666666693
55306;Louppy-sur-Loison;6;10.66666666666666
55307;Louvemont-Côte-du-Poivre;1;0.0
55307;Louvemont-Côte-du-Poivre;2;0.0
55307;Louvemont-Côte-du-Poivre;3;0.0
55307;Louvemont-Côte-du-Poivre;4;0.0
55307;Louvemont-Côte-du-Poivre;5;0.0
55307;Louvemont-Côte-du-Poivre;6;0.0
55310;Luzy-Saint-Martin;1;9.7391304347826
55310;Luzy-Saint-Martin;4;4.8695652173913
55310;Luzy-Saint-Martin;5;14.6086956521739
55310;Luzy-Saint-Martin;6;14.6086956521739
55311;Maizeray;2;4.33333333333333
55311;Maizeray;6;4.33333333333333
55312;Maizey;1;10.8666666666667
55312;Maizey;3;5.43333333333333
55312;Maizey;4;21.73333333333332
55312;Maizey;5;16.30000000000003
55312;Maizey;6;27.16666666666669
55313;Malancourt;1;9.85714285714286
55313;Malancourt;4;4.92857142857143
55313;Malancourt;5;4.92857142857143
55313;Malancourt;6;19.71428571428572
55315;Mandres-en-Barrois;1;8.51851851851852
55315;Mandres-en-Barrois;2;4.25925925925926
55315;Mandres-en-Barrois;3;4.25925925925926
55315;Mandres-en-Barrois;5;21.2962962962963
55316;Mangiennes;1;4.92505347693236
55316;Mangiennes;2;29.35911022291384
55316;Mangiennes;3;4.5105550039736
55316;Mangiennes;4;52.10350520664336
55316;Mangiennes;5;61.373280457468
55316;Mangiennes;6;61.1870802565355
55317;Manheulles;2;4.7741935483871
55317;Manheulles;3;9.5483870967742
55317;Manheulles;5;14.3225806451613
55317;Manheulles;6;14.322580645161299
55320;Marchéville-en-Woëvre;3;11.0
55320;Marchéville-en-Woëvre;4;5.5
55320;Marchéville-en-Woëvre;5;5.5
55320;Marchéville-en-Woëvre;6;5.5
55321;Marre;1;18.9189189189189
55321;Marre;3;4.72972972972973
55321;Marre;4;23.64864864864865
55321;Marre;5;33.10810810810812
55322;Marson-sur-Barboure;5;6.0
55322;Marson-sur-Barboure;6;12.0
55323;Martincourt-sur-Meuse;1;4.11764705882353
55323;Martincourt-sur-Meuse;5;16.47058823529413
55323;Martincourt-sur-Meuse;6;12.3529411764706
55324;Marville;2;24.21646906849707
55324;Marville;3;15.01969115775075
55324;Marville;4;53.24991326748031
55324;Marville;5;34.19156440590231
55324;Marville;6;58.87502219396657
55325;Maucourt-sur-Orne;5;12.5
55325;Maucourt-sur-Orne;6;18.75
55326;Maulan;3;4.90909090909091
55326;Maulan;4;19.63636363636364
55326;Maulan;5;4.90909090909091
55326;Maulan;6;14.72727272727273
55327;Mauvages;1;10.68628004377358
55327;Mauvages;3;21.71040903587804
55327;Mauvages;4;11.3394739752702
55327;Mauvages;5;11.00288612444464
55327;Mauvages;6;29.086929931203812
55328;Maxey-sur-Vaise;1;4.96434615974862
55328;Maxey-sur-Vaise;2;4.96434615974862
55328;Maxey-sur-Vaise;3;15.2408600870739
55328;Maxey-sur-Vaise;4;25.84625936724141
55328;Maxey-sur-Vaise;5;37.76318703574992
55328;Maxey-sur-Vaise;6;21.21079856033494
55329;Mécrin;2;6.157898048274
55329;Mécrin;3;6.157898048274
55329;Mécrin;4;6.157898048274
55329;Mécrin;5;37.01666266483046
55329;Mécrin;6;15.47792646091994
55330;Méligny-le-Grand;1;10.47058823529412
55330;Méligny-le-Grand;2;10.47058823529412
55330;Méligny-le-Grand;4;10.47058823529412
55330;Méligny-le-Grand;5;5.23529411764706
55330;Méligny-le-Grand;6;10.47058823529412
55331;Méligny-le-Petit;1;5.0
55331;Méligny-le-Petit;5;10.0
55331;Méligny-le-Petit;6;5.0
55332;Menaucourt;1;5.02464357084644
55332;Menaucourt;2;5.22417369943532
55332;Menaucourt;4;15.07583572667718
55332;Menaucourt;5;20.39495577088572
55332;Menaucourt;6;39.91593372465088
55333;Ménil-aux-Bois;2;13.5
55333;Ménil-aux-Bois;4;9.0
55333;Ménil-aux-Bois;6;4.5
55334;Ménil-la-Horgne;3;14.911830797957009
55334;Ménil-la-Horgne;4;19.88244106394268
55334;Ménil-la-Horgne;5;9.94122053197134
55334;Ménil-la-Horgne;6;39.76488212788535
55335;Ménil-sur-Saulx;1;5.39451378436617
55335;Ménil-sur-Saulx;2;16.85047784412894
55335;Ménil-sur-Saulx;3;16.51252839866598
55335;Ménil-sur-Saulx;4;16.85047784412898
55335;Ménil-sur-Saulx;5;16.97615757084167
55335;Ménil-sur-Saulx;6;44.830207290714156
55336;Merles-sur-Loison;2;4.25714285714286
55336;Merles-sur-Loison;3;21.2857142857143
55336;Merles-sur-Loison;4;8.51428571428572
55336;Merles-sur-Loison;5;17.02857142857144
55336;Merles-sur-Loison;6;29.80000000000002
55338;Milly-sur-Bradon;4;5.44444444444444
55338;Milly-sur-Bradon;5;16.33333333333334
55338;Milly-sur-Bradon;6;16.33333333333332
55339;Mogeville;3;4.625
55339;Mogeville;4;9.25
55339;Mogeville;5;4.625
55339;Mogeville;6;4.625
55340;Mognéville;1;5.15373658711168
55340;Mognéville;3;21.28108630487024
55340;Mognéville;4;37.18708310232723
55340;Mognéville;5;31.360279819267
55340;Mognéville;6;57.24530621203975
55341;Moirey-Flabas-Crépion;1;4.875
55341;Moirey-Flabas-Crépion;3;4.875
55341;Moirey-Flabas-Crépion;4;34.125
55341;Moirey-Flabas-Crépion;6;4.875
55343;Montblainville;1;4.75
55343;Montblainville;2;4.75
55343;Montblainville;5;4.75
55343;Montblainville;6;4.75
55344;Montbras;1;0.0
55344;Montbras;2;0.0
55344;Montbras;3;0.0
55344;Montbras;4;0.0
55344;Montbras;5;0.0
55344;Montbras;6;0.0
55345;Mont-devant-Sassey;3;9.52380952380952
55345;Mont-devant-Sassey;5;4.76190476190476
55345;Mont-devant-Sassey;6;9.52380952380952
55346;Montfaucon-d'Argonne;1;5.23616309697903
55346;Montfaucon-d'Argonne;2;4.94725624473161
55346;Montfaucon-d'Argonne;3;5.23616309697903
55346;Montfaucon-d'Argonne;4;24.79916378578941
55346;Montfaucon-d'Argonne;5;15.13067558644221
55346;Montfaucon-d'Argonne;6;29.18454684730667
55347;Les Monthairons;2;10.06767100715792
55347;Les Monthairons;4;28.02740574577367
55347;Les Monthairons;5;60.567757711463095
55347;Les Monthairons;6;49.4204067280658
55348;Montiers-sur-Saulx;1;10.2586252384194
55348;Montiers-sur-Saulx;2;15.34963856614749
55348;Montiers-sur-Saulx;4;46.04921283172909
55348;Montiers-sur-Saulx;5;61.08947008220205
55348;Montiers-sur-Saulx;6;76.2835411748726
55349;Montigny-devant-Sassey;1;4.76923076923077
55349;Montigny-devant-Sassey;4;14.30769230769231
55349;Montigny-devant-Sassey;6;4.76923076923077
55350;Montigny-lès-Vaucouleurs;3;4.47058823529412
55350;Montigny-lès-Vaucouleurs;4;8.94117647058824
55351;Montmédy;1;14.2453171251946
55351;Montmédy;2;24.37910199918348
55351;Montmédy;3;68.40681407108757
55351;Montmédy;4;141.9800447856088
55351;Montmédy;5;224.34633431205094
55351;Montmédy;6;152.36742901191985
55352;Montplonne;1;5.5
55352;Montplonne;4;16.5
55352;Montplonne;5;5.5
55352;Montplonne;6;27.5
55353;Montsec;2;4.43742250043163
55353;Montsec;4;8.87484500086326
55353;Montsec;5;8.87484500086326
55355;Montzéville;1;4.84375
55355;Montzéville;2;4.84375
55355;Montzéville;4;4.84375
55355;Montzéville;5;29.0625
55355;Montzéville;6;14.53125
55356;Moranville;1;5.77777777777778
55356;Moranville;4;23.11111111111108
55356;Moranville;5;17.333333333333343
55356;Moranville;6;11.55555555555556
55357;Morgemoulin;5;22.29166666666665
55357;Morgemoulin;6;22.29166666666665
55358;Chanteraine;1;15.5833333333333
55358;Chanteraine;2;5.19444444444444
55358;Chanteraine;3;5.19444444444444
55358;Chanteraine;4;36.36111111111114
55358;Chanteraine;5;10.3888888888889
55358;Chanteraine;6;15.58333333333334
55359;Morley;4;20.7
55359;Morley;5;20.7
55359;Morley;6;31.049999999999997
55360;Mouilly;5;25.71428571428568
55360;Mouilly;6;10.28571428571428
55361;Moulainville;2;5.95454545454545
55361;Moulainville;3;11.9090909090909
55361;Moulainville;4;11.9090909090909
55361;Moulainville;5;29.77272727272725
55361;Moulainville;6;17.86363636363635
55362;Moulins-Saint-Hubert;4;15.68571428571429
55362;Moulins-Saint-Hubert;5;31.37142857142859
55362;Moulins-Saint-Hubert;6;20.91428571428572
55363;Moulotte;4;4.94444444444444
55363;Moulotte;5;9.88888888888888
55363;Moulotte;6;24.7222222222222
55364;Mouzay;1;10.15932373640186
55364;Mouzay;2;5.07629308817926
55364;Mouzay;3;14.34663664874126
55364;Mouzay;4;64.22154284977526
55364;Mouzay;5;49.50472907898538
55364;Mouzay;6;114.64124684969266
55365;Murvaux;4;10.2962962962963
55365;Murvaux;5;10.2962962962963
55365;Murvaux;6;20.5925925925926
55366;Val-d'Ornain;1;9.4300421676639
55366;Val-d'Ornain;2;65.99354379983215
55366;Val-d'Ornain;3;55.376322546121614
55366;Val-d'Ornain;4;90.46341265320834
55366;Val-d'Ornain;5;104.12365659685607
55366;Val-d'Ornain;6;127.56520963404687
55367;Muzeray;1;20.0
55367;Muzeray;3;25.0
55367;Muzeray;4;5.0
55367;Muzeray;5;15.0
55367;Muzeray;6;15.0
55368;Naives-en-Blois;1;4.90322580645161
55368;Naives-en-Blois;2;9.80645161290322
55368;Naives-en-Blois;3;4.90322580645161
55368;Naives-en-Blois;4;9.80645161290322
55368;Naives-en-Blois;5;14.709677419354831
55368;Naives-en-Blois;6;14.709677419354831
55369;Naives-Rosières;2;14.705100887632291
55369;Naives-Rosières;3;55.90762581712037
55369;Naives-Rosières;4;80.49638455082206
55369;Naives-Rosières;5;96.08483609010815
55369;Naives-Rosières;6;74.52803562772846
55370;Naix-aux-Forges;1;6.02857142857143
55370;Naix-aux-Forges;2;30.142857142857153
55370;Naix-aux-Forges;4;12.05714285714286
55370;Naix-aux-Forges;5;18.08571428571429
55370;Naix-aux-Forges;6;48.228571428571485
55371;Nançois-le-Grand;2;4.8125
55371;Nançois-le-Grand;3;4.8125
55371;Nançois-le-Grand;4;4.8125
55371;Nançois-le-Grand;6;9.625
55372;Nançois-sur-Ornain;2;5.00930659897074
55372;Nançois-sur-Ornain;3;10.36610337487263
55372;Nançois-sur-Ornain;4;35.30284289267555
55372;Nançois-sur-Ornain;5;34.84555923869356
55372;Nançois-sur-Ornain;6;54.66824029467994
55373;Nant-le-Grand;2;5.125
55373;Nant-le-Grand;3;10.25
55373;Nant-le-Grand;4;10.25
55374;Nant-le-Petit;2;4.93333333333333
55374;Nant-le-Petit;4;9.86666666666666
55374;Nant-le-Petit;5;9.86666666666666
55374;Nant-le-Petit;6;4.93333333333333
55375;Nantillois;1;6.3
55375;Nantillois;5;25.2
55375;Nantillois;6;6.3
55376;Nantois;1;31.538461538461497
55376;Nantois;5;12.6153846153846
55376;Nantois;6;6.30769230769231
55377;Nepvant;1;22.35294117647055
55377;Nepvant;5;16.76470588235295
55378;Nettancourt;2;4.88960950736221
55378;Nettancourt;3;13.58523586149813
55378;Nettancourt;4;10.559234176675
55378;Nettancourt;5;14.69763854953241
55378;Nettancourt;6;24.532349410052163
55379;Le Neufour;3;4.61538461538461
55379;Le Neufour;6;18.46153846153844
55380;Neuville-en-Verdunois;6;19.125
55381;Neuville-lès-Vaucouleurs;3;9.75
55381;Neuville-lès-Vaucouleurs;4;14.625
55381;Neuville-lès-Vaucouleurs;5;19.5
55381;Neuville-lès-Vaucouleurs;6;19.5
55382;Neuville-sur-Ornain;1;5.26472227832613
55382;Neuville-sur-Ornain;2;10.4298437120079
55382;Neuville-sur-Ornain;3;15.696486628286358
55382;Neuville-sur-Ornain;4;31.19561953391495
55382;Neuville-sur-Ornain;5;47.890107917918655
55382;Neuville-sur-Ornain;6;42.12734508070996
55383;Neuvilly-en-Argonne;1;4.51020408163265
55383;Neuvilly-en-Argonne;2;4.51020408163265
55383;Neuvilly-en-Argonne;4;13.530612244897949
55383;Neuvilly-en-Argonne;5;36.08163265306125
55383;Neuvilly-en-Argonne;6;27.061224489795897
55384;Nicey-sur-Aire;1;16.00000000000003
55384;Nicey-sur-Aire;3;5.33333333333333
55384;Nicey-sur-Aire;4;10.6666666666667
55384;Nicey-sur-Aire;5;10.66666666666666
55384;Nicey-sur-Aire;6;10.66666666666666
55385;Nixéville-Blercourt;1;4.82932344951054
55385;Nixéville-Blercourt;2;15.349458657044181
55385;Nixéville-Blercourt;3;20.42670519032104
55385;Nixéville-Blercourt;4;40.366948778383644
55385;Nixéville-Blercourt;5;65.74387454238966
55385;Nixéville-Blercourt;6;85.67186045961735
55386;Nonsard-Lamarche;1;4.95555555555556
55386;Nonsard-Lamarche;2;9.91111111111112
55386;Nonsard-Lamarche;4;29.733333333333363
55386;Nonsard-Lamarche;5;34.68888888888888
55386;Nonsard-Lamarche;6;39.64444444444448
55387;Nouillonpont;1;4.76603049585081
55387;Nouillonpont;2;4.78390553839999
55387;Nouillonpont;3;4.78390553839999
55387;Nouillonpont;4;23.75891946913698
55387;Nouillonpont;5;28.61432492817304
55387;Nouillonpont;6;42.80576802397482
55388;Noyers-Auzécourt;2;9.23157047570361
55388;Noyers-Auzécourt;4;27.9578128695591
55388;Noyers-Auzécourt;5;37.26959481252317
55388;Noyers-Auzécourt;6;36.60342764787407
55389;Nubécourt;1;30.014248567482163
55389;Nubécourt;2;4.71111105458327
55389;Nubécourt;4;19.4210897899289
55389;Nubécourt;5;39.199049193185516
55389;Nubécourt;6;23.68581552804041
55391;Olizy-sur-Chiers;1;4.80487804878049
55391;Olizy-sur-Chiers;3;4.80487804878049
55391;Olizy-sur-Chiers;4;24.024390243902452
55391;Olizy-sur-Chiers;5;33.63414634146347
55391;Olizy-sur-Chiers;6;43.24390243902441
55394;Ornes;1;0.0
55394;Ornes;2;0.0
55394;Ornes;3;0.0
55394;Ornes;4;0.0
55394;Ornes;5;0.0
55394;Ornes;6;0.0
55395;Osches;1;8.61538461538462
55395;Osches;3;8.61538461538462
55395;Osches;4;8.61538461538462
55395;Osches;5;4.30769230769231
55395;Osches;6;8.61538461538462
55396;Ourches-sur-Meuse;2;5.6857378904484
55396;Ourches-sur-Meuse;4;27.9416731511631
55396;Ourches-sur-Meuse;5;33.372176036498644
55396;Ourches-sur-Meuse;6;27.94167315116303
55397;Pagny-la-Blanche-Côte;2;10.07643574464536
55397;Pagny-la-Blanche-Côte;3;4.9539929784723
55397;Pagny-la-Blanche-Côte;4;24.8548937758881
55397;Pagny-la-Blanche-Côte;5;30.10422434837438
55397;Pagny-la-Blanche-Côte;6;24.89647674075897
55398;Pagny-sur-Meuse;1;4.75768245201394
55398;Pagny-sur-Meuse;2;5.03008503355951
55398;Pagny-sur-Meuse;3;43.64372431952166
55398;Pagny-sur-Meuse;4;132.00646539882982
55398;Pagny-sur-Meuse;5;161.8374674178958
55398;Pagny-sur-Meuse;6;125.62141786328192
55399;Pareid;1;5.13636363636364
55399;Pareid;3;10.27272727272728
55399;Pareid;4;10.27272727272728
55399;Pareid;5;5.13636363636364
55399;Pareid;6;5.13636363636364
55400;Parfondrupt;1;3.90909090909091
55400;Parfondrupt;4;11.72727272727273
55401;Les Paroches;2;9.75117928139494
55401;Les Paroches;3;15.357578876940659
55401;Les Paroches;4;41.13963433554811
55401;Les Paroches;5;30.06923263796569
55401;Les Paroches;6;51.90856549682244
55403;Peuvillers;1;8.13333333333334
55403;Peuvillers;4;8.13333333333334
55403;Peuvillers;5;16.26666666666668
55403;Peuvillers;6;4.06666666666667
55404;Pierrefitte-sur-Aire;1;5.41853001862544
55404;Pierrefitte-sur-Aire;2;9.10042969870075
55404;Pierrefitte-sur-Aire;3;18.42827396199788
55404;Pierrefitte-sur-Aire;4;36.17111671992481
55404;Pierrefitte-sur-Aire;5;40.01532361699779
55404;Pierrefitte-sur-Aire;6;19.62423047685646
55405;Pillon;1;14.68800321353709
55405;Pillon;2;4.59878736851776
55405;Pillon;4;14.23985618235206
55405;Pillon;5;23.295660058921598
55405;Pillon;6;37.98366327245868
55406;Pintheville;2;5.94444444444444
55406;Pintheville;4;17.83333333333334
55406;Pintheville;5;23.77777777777776
55407;Pont-sur-Meuse;1;14.666666666666671
55407;Pont-sur-Meuse;2;9.77777777777778
55407;Pont-sur-Meuse;4;14.666666666666671
55407;Pont-sur-Meuse;5;19.55555555555556
55407;Pont-sur-Meuse;6;9.77777777777778
55408;Pouilly-sur-Meuse;1;5.34375
55408;Pouilly-sur-Meuse;3;10.6875
55408;Pouilly-sur-Meuse;4;5.34375
55408;Pouilly-sur-Meuse;5;16.03125
55408;Pouilly-sur-Meuse;6;21.375
55409;Pretz-en-Argonne;1;4.13333333333333
55409;Pretz-en-Argonne;4;4.13333333333333
55409;Pretz-en-Argonne;5;20.66666666666665
55410;Quincy-Landzécourt;4;14.035714285714288
55410;Quincy-Landzécourt;5;9.35714285714286
55410;Quincy-Landzécourt;6;18.71428571428572
55411;Rambluzin-et-Benoite-Vaux;2;13.86268427678873
55411;Rambluzin-et-Benoite-Vaux;5;8.8372945846468
55411;Rambluzin-et-Benoite-Vaux;6;13.255941876970201
55412;Rambucourt;2;9.89473684210526
55412;Rambucourt;4;4.94736842105263
55412;Rambucourt;5;34.63157894736842
55412;Rambucourt;6;9.89473684210526
55414;Rancourt-sur-Ornain;1;9.47368421052632
55414;Rancourt-sur-Ornain;4;4.73684210526316
55414;Rancourt-sur-Ornain;5;4.73684210526316
55414;Rancourt-sur-Ornain;6;33.157894736842124
55415;Ranzières;2;5.93333333333333
55415;Ranzières;4;11.86666666666666
55415;Ranzières;5;11.86666666666666
55415;Ranzières;6;17.79999999999999
55416;Rarécourt;2;11.02564102564102
55416;Rarécourt;4;49.61538461538455
55416;Rarécourt;5;11.02564102564102
55416;Rarécourt;6;22.051282051282023
55419;Récicourt;1;11.0
55419;Récicourt;2;5.5
55419;Récicourt;3;5.5
55419;Récicourt;4;22.0
55419;Récicourt;5;5.5
55419;Récicourt;6;16.5
55420;Récourt-le-Creux;1;12.0
55420;Récourt-le-Creux;2;6.0
55420;Récourt-le-Creux;4;12.0
55420;Récourt-le-Creux;6;12.0
55421;Reffroy;1;4.93333333333333
55421;Reffroy;2;4.93333333333333
55421;Reffroy;3;4.93333333333333
55421;Reffroy;5;9.86666666666666
55421;Reffroy;6;9.86666666666666
55422;Regnéville-sur-Meuse;5;11.11111111111112
55422;Regnéville-sur-Meuse;6;5.55555555555556
55423;Rembercourt-Sommaisne;1;14.383812268527
55423;Rembercourt-Sommaisne;2;9.45640470701159
55423;Rembercourt-Sommaisne;3;33.04954282289221
55423;Rembercourt-Sommaisne;4;38.1416392007178
55423;Rembercourt-Sommaisne;5;14.54448474136074
55423;Rembercourt-Sommaisne;6;38.29958093426477
55424;Remennecourt;4;8.36363636363636
55424;Remennecourt;6;4.18181818181818
55425;Remoiville;3;5.03846153846154
55425;Remoiville;4;10.07692307692308
55425;Remoiville;6;25.19230769230774
55426;Resson;3;14.8960989984089
55426;Resson;4;75.41865296480671
55426;Resson;5;50.277343968031516
55426;Resson;6;30.37826885080358
55427;Revigny-sur-Ornain;1;15.67742625788803
55427;Revigny-sur-Ornain;2;48.168260151799444
55427;Revigny-sur-Ornain;3;29.28722557290618
55427;Revigny-sur-Ornain;4;216.28726781194865
55427;Revigny-sur-Ornain;5;382.84388080182515
55427;Revigny-sur-Ornain;6;369.28754714788005
55428;Réville-aux-Bois;4;16.00000000000003
55428;Réville-aux-Bois;5;16.00000000000003
55428;Réville-aux-Bois;6;26.666666666666693
55429;Riaville;1;5.55555555555556
55429;Riaville;3;5.55555555555556
55429;Riaville;4;11.11111111111112
55429;Riaville;5;5.55555555555556
55430;Ribeaucourt;6;5.30769230769231
55431;Richecourt;1;4.66666666666667
55431;Richecourt;3;4.66666666666667
55431;Richecourt;5;4.66666666666667
55431;Richecourt;6;9.33333333333334
55433;Rigny-la-Salle;1;9.85108032517468
55433;Rigny-la-Salle;2;19.83019027732038
55433;Rigny-la-Salle;3;19.765992827409832
55433;Rigny-la-Salle;4;29.655338990178898
55433;Rigny-la-Salle;5;44.547389305402376
55433;Rigny-la-Salle;6;39.634681687195
55434;Rigny-Saint-Martin;1;4.54545454545455
55434;Rigny-Saint-Martin;4;18.1818181818182
55434;Rigny-Saint-Martin;5;4.54545454545455
55434;Rigny-Saint-Martin;6;9.0909090909091
55435;Robert-Espagne;2;32.91446146283405
55435;Robert-Espagne;3;25.41311606947913
55435;Robert-Espagne;4;56.855282235340816
55435;Robert-Espagne;5;88.60971983907525
55435;Robert-Espagne;6;81.67851995013989
55436;Les Roises;6;8.0
55437;Romagne-sous-les-Côtes;1;4.88
55437;Romagne-sous-les-Côtes;3;4.88
55437;Romagne-sous-les-Côtes;4;9.76
55437;Romagne-sous-les-Côtes;5;9.76
55437;Romagne-sous-les-Côtes;6;24.4
55438;Romagne-sous-Montfaucon;1;11.6774193548387
55438;Romagne-sous-Montfaucon;3;11.6774193548387
55438;Romagne-sous-Montfaucon;4;5.83870967741935
55438;Romagne-sous-Montfaucon;5;17.51612903225805
55438;Romagne-sous-Montfaucon;6;17.51612903225805
55439;Ronvaux;3;4.71422101728065
55439;Ronvaux;4;23.57110508640325
55439;Ronvaux;5;4.71422101728065
55442;Raival;3;28.3609027406404
55442;Raival;4;38.7589276588131
55442;Raival;5;15.51696487647558
55442;Raival;6;24.189900114480203
55443;Rouvres-en-Woëvre;1;9.98837110526392
55443;Rouvres-en-Woëvre;3;9.99305619882813
55443;Rouvres-en-Woëvre;4;54.77301172214473
55443;Rouvres-en-Woëvre;5;229.5338104063682
55443;Rouvres-en-Woëvre;6;84.6372407805445
55444;Rouvrois-sur-Meuse;1;10.63157894736842
55444;Rouvrois-sur-Meuse;4;5.31578947368421
55444;Rouvrois-sur-Meuse;5;47.842105263157826
55444;Rouvrois-sur-Meuse;6;26.57894736842103
55445;Rouvrois-sur-Othain;2;5.05263157894737
55445;Rouvrois-sur-Othain;3;5.05263157894737
55445;Rouvrois-sur-Othain;4;10.10526315789474
55445;Rouvrois-sur-Othain;5;40.42105263157898
55445;Rouvrois-sur-Othain;6;10.10526315789474
55446;Rumont;2;5.66666666666667
55446;Rumont;4;5.66666666666667
55446;Rumont;5;16.99999999999997
55446;Rumont;6;22.6666666666666
55447;Rupt-aux-Nonains;1;5.42480971697031
55447;Rupt-aux-Nonains;2;5.14653395721108
55447;Rupt-aux-Nonains;3;20.49658634738905
55447;Rupt-aux-Nonains;4;31.33649372696052
55447;Rupt-aux-Nonains;5;57.71353736730502
55447;Rupt-aux-Nonains;6;53.497892646007465
55448;Rupt-devant-Saint-Mihiel;1;4.66666666666667
55448;Rupt-devant-Saint-Mihiel;4;9.33333333333334
55448;Rupt-devant-Saint-Mihiel;5;4.66666666666667
55448;Rupt-devant-Saint-Mihiel;6;9.33333333333334
55449;Rupt-en-Woëvre;1;9.75008340869949
55449;Rupt-en-Woëvre;4;29.1555790288768
55449;Rupt-en-Woëvre;5;24.043863949251612
55449;Rupt-en-Woëvre;6;28.96391606651786
55450;Rupt-sur-Othain;3;3.35714285714286
55450;Rupt-sur-Othain;6;6.71428571428572
55452;Saint-Amand-sur-Ornain;3;5.09090909090909
55452;Saint-Amand-sur-Ornain;4;5.09090909090909
55452;Saint-Amand-sur-Ornain;5;5.09090909090909
55452;Saint-Amand-sur-Ornain;6;5.09090909090909
55453;Saint-André-en-Barrois;3;4.76923076923077
55453;Saint-André-en-Barrois;4;14.30769230769231
55453;Saint-André-en-Barrois;5;4.76923076923077
55453;Saint-André-en-Barrois;6;9.53846153846154
55454;Saint-Aubin-sur-Aire;1;4.80555555555556
55454;Saint-Aubin-sur-Aire;2;4.80555555555556
55454;Saint-Aubin-sur-Aire;3;24.0277777777778
55454;Saint-Aubin-sur-Aire;4;24.02777777777782
55454;Saint-Aubin-sur-Aire;5;19.22222222222224
55454;Saint-Aubin-sur-Aire;6;4.80555555555556
55456;Saint-Germain-sur-Meuse;2;14.41537622998008
55456;Saint-Germain-sur-Meuse;3;9.76355269223697
55456;Saint-Germain-sur-Meuse;4;18.99819248491556
55456;Saint-Germain-sur-Meuse;5;25.30576200414148
55456;Saint-Germain-sur-Meuse;6;25.51129621476938
55457;Saint-Hilaire-en-Woëvre;1;19.7837837837838
55457;Saint-Hilaire-en-Woëvre;4;24.72972972972975
55457;Saint-Hilaire-en-Woëvre;5;14.83783783783785
55457;Saint-Hilaire-en-Woëvre;6;24.72972972972975
55458;Saint-Jean-lès-Buzy;3;9.2289015939887
55458;Saint-Jean-lès-Buzy;4;45.587857939823905
55458;Saint-Jean-lès-Buzy;5;63.17689972562535
55458;Saint-Jean-lès-Buzy;6;39.79503847697737
55459;Saint-Joire;1;5.75881035429915
55459;Saint-Joire;2;5.75881035429915
55459;Saint-Joire;4;39.87568810951948
55459;Saint-Joire;5;22.93812816411575
55459;Saint-Joire;6;28.79446820199641
55460;Saint-Julien-sous-les-Côtes;2;4.63333333333333
55460;Saint-Julien-sous-les-Côtes;4;23.16666666666665
55460;Saint-Julien-sous-les-Côtes;5;23.16666666666666
55460;Saint-Julien-sous-les-Côtes;6;13.899999999999991
55461;Saint-Laurent-sur-Othain;1;14.83573287059721
55461;Saint-Laurent-sur-Othain;3;14.45449810643768
55461;Saint-Laurent-sur-Othain;4;19.580527444900568
55461;Saint-Laurent-sur-Othain;5;33.28530777170641
55461;Saint-Laurent-sur-Othain;6;77.44083961227373
55462;Saint-Maurice-sous-les-Côtes;2;19.1612235754631
55462;Saint-Maurice-sous-les-Côtes;3;24.05958778932024
55462;Saint-Maurice-sous-les-Côtes;4;52.74459030293333
55462;Saint-Maurice-sous-les-Côtes;5;28.79899235248528
55462;Saint-Maurice-sous-les-Côtes;6;47.84687181220987
55463;Saint-Mihiel;1;10.1800542937942
55463;Saint-Mihiel;2;51.373680384907445
55463;Saint-Mihiel;3;107.82955891248365
55463;Saint-Mihiel;4;211.09821846616833
55463;Saint-Mihiel;5;451.53003530086755
55463;Saint-Mihiel;6;390.2940106852993
55464;Saint-Pierrevillers;1;10.8571428571429
55464;Saint-Pierrevillers;2;5.42857142857143
55464;Saint-Pierrevillers;3;10.8571428571429
55464;Saint-Pierrevillers;4;16.28571428571433
55464;Saint-Pierrevillers;5;16.28571428571429
55464;Saint-Pierrevillers;6;10.85714285714286
55465;Saint-Remy-la-Calonne;4;4.54545454545454
55465;Saint-Remy-la-Calonne;5;9.09090909090908
55465;Saint-Remy-la-Calonne;6;13.636363636363619
55466;Salmagne;1;4.87547535071011
55466;Salmagne;4;42.8365813671555
55466;Salmagne;5;28.44424487422523
55466;Salmagne;6;33.20542020040377
55467;Sampigny;1;5.21052877069274
55467;Sampigny;2;20.67232038512028
55467;Sampigny;3;20.64386616581489
55467;Sampigny;4;72.32404558973103
55467;Sampigny;5;87.61604166259367
55467;Sampigny;6;41.25881365178161
55468;Samogneux;3;5.88235294117647
55468;Samogneux;4;5.88235294117647
55468;Samogneux;5;17.64705882352937
55468;Samogneux;6;29.41176470588231
55469;Sassey-sur-Meuse;6;9.1
55470;Saudrupt;3;13.97560975609755
55470;Saudrupt;4;18.6341463414634
55470;Saudrupt;5;18.6341463414634
55470;Saudrupt;6;32.60975609756095
55471;Saulmory-Villefranche;4;10.125
55471;Saulmory-Villefranche;6;20.25
55472;Saulvaux;1;5.42857142857143
55472;Saulvaux;3;5.42857142857143
55472;Saulvaux;4;5.42857142857143
55472;Saulvaux;5;10.85714285714286
55472;Saulvaux;6;16.28571428571433
55473;Saulx-lès-Champlon;1;29.727272727272698
55473;Saulx-lès-Champlon;3;4.95454545454545
55473;Saulx-lès-Champlon;4;14.863636363636349
55473;Saulx-lès-Champlon;5;9.9090909090909
55473;Saulx-lès-Champlon;6;9.9090909090909
55474;Sauvigny;1;10.1500871267073
55474;Sauvigny;2;5.07504356335363
55474;Sauvigny;4;55.04174973135425
55474;Sauvigny;5;9.37360209576308
55474;Sauvigny;6;19.13166293282851
55475;Sauvoy;1;7.44444444444444
55475;Sauvoy;4;3.72222222222222
55475;Sauvoy;5;3.72222222222222
55475;Sauvoy;6;11.16666666666666
55476;Savonnières-devant-Bar;1;9.81336860465786
55476;Savonnières-devant-Bar;2;4.9225080749123
55476;Savonnières-devant-Bar;3;34.23350741470481
55476;Savonnières-devant-Bar;4;39.38069538481307
55476;Savonnières-devant-Bar;5;63.802310181819095
55476;Savonnières-devant-Bar;6;59.10511142688965
55477;Savonnières-en-Perthois;2;30.79010042701822
55477;Savonnières-en-Perthois;3;5.1010618793341
55477;Savonnières-en-Perthois;4;56.20579709532534
55477;Savonnières-en-Perthois;5;25.73487247856502
55477;Savonnières-en-Perthois;6;40.90220336384159
55479;Seigneulles;1;10.82758620689656
55479;Seigneulles;2;5.41379310344828
55479;Seigneulles;4;32.48275862068972
55479;Seigneulles;5;21.655172413793082
55479;Seigneulles;6;21.65517241379312
55481;Senon;1;10.7707201780203
55481;Senon;2;25.91840663154593
55481;Senon;3;16.224487704919
55481;Senon;4;20.92339639472969
55481;Senon;5;26.85840030866246
55481;Senon;6;53.55775742810112
55482;Senoncourt-les-Maujouy;2;5.66666666666667
55482;Senoncourt-les-Maujouy;4;28.333333333333307
55482;Senoncourt-les-Maujouy;5;5.66666666666667
55482;Senoncourt-les-Maujouy;6;17.000000000000007
55484;Septsarges;1;4.7
55484;Septsarges;3;4.7
55484;Septsarges;4;4.7
55484;Septsarges;5;4.7
55484;Septsarges;6;14.100000000000001
55485;Sepvigny;3;4.85714285714286
55485;Sepvigny;4;9.71428571428572
55487;Seuzey;1;4.77777777777778
55487;Seuzey;3;4.77777777777778
55487;Seuzey;4;9.55555555555556
55487;Seuzey;6;9.55555555555556
55488;Silmont;1;5.33333333333333
55488;Silmont;3;5.33333333333333
55488;Silmont;4;15.999999999999991
55488;Silmont;5;21.33333333333332
55488;Silmont;6;10.66666666666666
55489;Sivry-la-Perche;1;10.500779608137599
55489;Sivry-la-Perche;2;5.31391563677374
55489;Sivry-la-Perche;3;5.22932763598738
55489;Sivry-la-Perche;4;26.274363079099682
55489;Sivry-la-Perche;5;31.5444631605756
55489;Sivry-la-Perche;6;36.39769594315358
55490;Sivry-sur-Meuse;1;20.4320687859122
55490;Sivry-sur-Meuse;2;10.24383167596207
55490;Sivry-sur-Meuse;4;10.24390731088193
55490;Sivry-sur-Meuse;5;40.73794781171387
55490;Sivry-sur-Meuse;6;20.43214421559194
55492;Sommedieue;1;4.88443705769361
55492;Sommedieue;2;15.0265793476315
55492;Sommedieue;3;39.48950405340941
55492;Sommedieue;4;89.97578077950858
55492;Sommedieue;5;143.3963869841249
55492;Sommedieue;6;161.17968242358498
55493;Sommeilles;4;4.525
55493;Sommeilles;5;18.1
55493;Sommeilles;6;31.675000000000004
55494;Sommelonne;2;10.51741525284612
55494;Sommelonne;3;4.12805425568552
55494;Sommelonne;4;52.01498188309442
55494;Sommelonne;5;83.02045083099338
55494;Sommelonne;6;14.09684597987422
55495;Sorbey;2;9.91666666666666
55495;Sorbey;4;34.708333333333314
55495;Sorbey;5;14.874999999999991
55495;Sorbey;6;14.875
55496;Sorcy-Saint-Martin;1;10.2991663153695
55496;Sorcy-Saint-Martin;2;51.0130818173011
55496;Sorcy-Saint-Martin;3;20.39097855302548
55496;Sorcy-Saint-Martin;4;102.33499742288335
55496;Sorcy-Saint-Martin;5;143.32360658608005
55496;Sorcy-Saint-Martin;6;168.5898240999117
55497;Les Souhesmes-Rampont;1;10.1190272125819
55497;Les Souhesmes-Rampont;3;10.12185756257812
55497;Les Souhesmes-Rampont;4;50.651784251574405
55497;Les Souhesmes-Rampont;5;35.44349782561875
55497;Les Souhesmes-Rampont;6;40.504426606021596
55498;Souilly;1;4.87000638472249
55498;Souilly;2;16.58355779652758
55498;Souilly;3;5.87782435525726
55498;Souilly;4;57.15738132534554
55498;Souilly;5;55.86767365995226
55498;Souilly;6;47.77457640511829
55500;Spincourt;1;29.3402391503545
55500;Spincourt;2;39.85817114976189
55500;Spincourt;3;20.11271376530868
55500;Spincourt;4;34.85748174651452
55500;Spincourt;5;89.7916350098789
55500;Spincourt;6;149.77909572249703
55501;Stainville;1;10.08060655594621
55501;Stainville;2;5.03899573884229
55501;Stainville;3;15.23838533334399
55501;Stainville;4;60.14571899452599
55501;Stainville;5;30.81980336624795
55501;Stainville;6;40.562548480100105
55502;Stenay;1;10.294468148670369
55502;Stenay;2;92.65620724946474
55502;Stenay;3;80.35640305075835
55502;Stenay;4;154.07295140152158
55502;Stenay;5;176.7343010067711
55502;Stenay;6;295.86139203867197
55503;Taillancourt;2;11.18181818181818
55503;Taillancourt;4;5.59090909090909
55503;Taillancourt;5;11.1818181818182
55503;Taillancourt;6;27.954545454545467
55504;Tannois;2;10.87895693499895
55504;Tannois;3;20.2640051790526
55504;Tannois;4;68.75940591284433
55504;Tannois;5;31.39208167776463
55504;Tannois;6;31.186023396207972
55505;Thierville-sur-Meuse;1;20.1812279024842
55505;Thierville-sur-Meuse;2;65.59801362148602
55505;Thierville-sur-Meuse;3;115.85964846138688
55505;Thierville-sur-Meuse;4;272.2872956505465
55505;Thierville-sur-Meuse;5;908.824471787967
55505;Thierville-sur-Meuse;6;266.9993328063697
55506;Thillombois;1;0.0
55506;Thillombois;2;0.0
55506;Thillombois;3;0.0
55506;Thillombois;4;0.0
55506;Thillombois;5;0.0
55506;Thillombois;6;0.0
55507;Thillot;1;8.4
55507;Thillot;2;8.4
55507;Thillot;3;8.4
55507;Thillot;4;8.4
55507;Thillot;5;16.8
55507;Thillot;6;21.0
55508;Thonne-la-Long;3;28.7131610534342
55508;Thonne-la-Long;4;52.622355436526306
55508;Thonne-la-Long;5;43.05312881754504
55508;Thonne-la-Long;6;76.52051715445761
55509;Thonne-le-Thil;4;26.05333391996182
55509;Thonne-le-Thil;5;26.037423430012026
55509;Thonne-le-Thil;6;57.26753932680228
55510;Thonne-les-Près;4;10.0
55510;Thonne-les-Près;5;20.0
55510;Thonne-les-Près;6;30.0
55511;Thonnelle;1;4.95652173913043
55511;Thonnelle;3;4.95652173913043
55511;Thonnelle;5;19.82608695652172
55511;Thonnelle;6;19.82608695652172
55512;Tilly-sur-Meuse;2;19.95004820492727
55512;Tilly-sur-Meuse;3;4.90050122596603
55512;Tilly-sur-Meuse;4;24.853585541178532
55512;Tilly-sur-Meuse;5;40.16763761547567
55512;Tilly-sur-Meuse;6;34.8324385018645
55514;Trémont-sur-Saulx;1;6.81218990465868
55514;Trémont-sur-Saulx;2;20.0283820683122
55514;Trémont-sur-Saulx;3;17.21894570815743
55514;Trémont-sur-Saulx;4;70.27729244113995
55514;Trémont-sur-Saulx;5;78.6943872158898
55514;Trémont-sur-Saulx;6;37.41966996419379
55515;Trésauvaux;2;5.75
55515;Trésauvaux;4;5.75
55515;Trésauvaux;6;11.5
55516;Tréveray;1;5.10072302548212
55516;Tréveray;2;15.27469406673315
55516;Tréveray;3;25.4212642954831
55516;Tréveray;4;66.24091604948597
55516;Tréveray;5;71.28657755948771
55516;Tréveray;6;76.35964018295289
55517;Seuil-d'Argonne;2;19.38383438922402
55517;Seuil-d'Argonne;3;9.27661731219615
55517;Seuil-d'Argonne;4;38.32554698727312
55517;Seuil-d'Argonne;5;76.99169074954169
55517;Seuil-d'Argonne;6;42.13540223625597
55518;Cousances-lès-Triconville;1;28.0645161290322
55518;Cousances-lès-Triconville;4;9.35483870967742
55518;Cousances-lès-Triconville;5;28.064516129032228
55518;Cousances-lès-Triconville;6;9.35483870967742
55519;Tronville-en-Barrois;2;14.83681296898657
55519;Tronville-en-Barrois;3;39.51587354410199
55519;Tronville-en-Barrois;4;156.15314586185877
55519;Tronville-en-Barrois;5;169.12069996207845
55519;Tronville-en-Barrois;6;231.0493023548573
55520;Troussey;2;19.15140532717437
55520;Troussey;3;23.93980029247815
55520;Troussey;4;47.88006657525325
55520;Troussey;5;52.66582099102392
55520;Troussey;6;81.39215234304874
55521;Troyon;1;4.56010383441313
55521;Troyon;2;4.56010383441313
55521;Troyon;3;4.56010383441313
55521;Troyon;4;9.12020766882626
55521;Troyon;5;9.12020766882626
55521;Troyon;6;18.24041533765252
55522;Ugny-sur-Meuse;1;11.0
55522;Ugny-sur-Meuse;2;5.5
55522;Ugny-sur-Meuse;3;11.0
55522;Ugny-sur-Meuse;4;5.5
55522;Ugny-sur-Meuse;6;5.5
55523;Vacherauville;2;5.13513513513514
55523;Vacherauville;3;20.54054054054056
55523;Vacherauville;4;20.540540540540583
55523;Vacherauville;5;15.40540540540544
55523;Vacherauville;6;15.405405405405421
55525;Vadelaincourt;1;10.71428571428572
55525;Vadelaincourt;2;5.35714285714286
55525;Vadelaincourt;3;5.35714285714286
55525;Vadelaincourt;4;5.35714285714286
55525;Vadelaincourt;5;5.35714285714286
55525;Vadelaincourt;6;5.35714285714286
55526;Vadonville;3;5.28929457643444
55526;Vadonville;4;22.70802661496428
55526;Vadonville;5;15.336857150793278
55526;Vadonville;6;46.106542037217324
55527;Varennes-en-Argonne;1;24.48104547703105
55527;Varennes-en-Argonne;2;19.39499530695565
55527;Varennes-en-Argonne;3;9.541741134874819
55527;Varennes-en-Argonne;4;14.50073253259906
55527;Varennes-en-Argonne;5;87.03175372351777
55527;Varennes-en-Argonne;6;67.42170198186696
55528;Varnéville;3;7.14285714285714
55528;Varnéville;4;7.14285714285714
55528;Varnéville;6;21.42857142857142
55530;Valbois;2;4.47619047619048
55530;Valbois;3;4.47619047619048
55530;Valbois;4;4.47619047619048
55530;Valbois;5;17.90476190476188
55530;Valbois;6;8.95238095238096
55531;Vassincourt;2;5.37995445591593
55531;Vassincourt;3;5.33254722533515
55531;Vassincourt;4;26.853207965307448
55531;Vassincourt;5;37.80439836002245
55531;Vassincourt;6;48.374286449617685
55532;Vaubecourt;1;10.57992969780452
55532;Vaubecourt;4;36.99056081167005
55532;Vaubecourt;5;26.1702673219941
55532;Vaubecourt;6;36.511356207823454
55533;Vaucouleurs;2;30.52977060073939
55533;Vaucouleurs;3;30.8025694248558
55533;Vaucouleurs;4;126.55326127799222
55533;Vaucouleurs;5;242.38712020739447
55533;Vaucouleurs;6;232.20911094285856
55534;Vaudeville-le-Haut;1;5.77777777777778
55534;Vaudeville-le-Haut;4;11.55555555555556
55534;Vaudeville-le-Haut;5;5.77777777777778
55534;Vaudeville-le-Haut;6;5.77777777777778
55535;Vaudoncourt;2;5.3125
55535;Vaudoncourt;4;10.625
55535;Vaudoncourt;5;10.625
55536;Vauquois;4;7.0
55536;Vauquois;5;3.5
55536;Vauquois;6;7.0
55537;Douaumont-Vaux;2;8.77777777777778
55537;Douaumont-Vaux;3;4.38888888888889
55537;Douaumont-Vaux;4;13.166666666666671
55537;Douaumont-Vaux;5;4.38888888888889
55540;Vaux-lès-Palameix;2;4.21428571428571
55540;Vaux-lès-Palameix;3;4.21428571428571
55540;Vaux-lès-Palameix;4;4.21428571428571
55540;Vaux-lès-Palameix;6;12.64285714285713
55541;Vavincourt;1;4.93574164136787
55541;Vavincourt;2;9.87148328273574
55541;Vavincourt;3;44.759789996626516
55541;Vavincourt;4;64.35028999993379
55541;Vavincourt;5;49.52609919154622
55541;Vavincourt;6;44.64114112163516
55543;Velaines;2;15.29024328117669
55543;Velaines;3;46.54897397190623
55543;Velaines;4;124.06074162740357
55543;Velaines;5;98.87151000006928
55543;Velaines;6;91.60556000055495
55544;Velosnes;1;8.72727272727272
55544;Velosnes;4;13.09090909090908
55544;Velosnes;5;21.8181818181818
55544;Velosnes;6;30.54545454545454
55545;Verdun;1;22.38482903059035
55545;Verdun;2;410.61597338706275
55545;Verdun;3;899.7659838648458
55545;Verdun;4;1423.269983590939
55545;Verdun;5;1961.9827483686838
55545;Verdun;6;1430.8667140416521
55546;Verneuil-Grand;1;10.45
55546;Verneuil-Grand;3;15.674999999999999
55546;Verneuil-Grand;4;31.35
55546;Verneuil-Grand;5;15.674999999999999
55546;Verneuil-Grand;6;31.349999999999998
55547;Verneuil-Petit;1;5.04545454545454
55547;Verneuil-Petit;2;5.04545454545454
55547;Verneuil-Petit;4;25.227272727272677
55547;Verneuil-Petit;5;15.136363636363619
55547;Verneuil-Petit;6;10.0909090909091
55549;Véry;1;5.73333333333333
55549;Véry;3;11.46666666666666
55549;Véry;5;11.46666666666666
55551;Vigneulles-lès-Hattonchâtel;1;64.98281513424025
55551;Vigneulles-lès-Hattonchâtel;2;35.32237327373661
55551;Vigneulles-lès-Hattonchâtel;3;60.27935141432814
55551;Vigneulles-lès-Hattonchâtel;4;141.07949481930055
55551;Vigneulles-lès-Hattonchâtel;5;105.19357022628623
55551;Vigneulles-lès-Hattonchâtel;6;272.1625917032396
55552;Vigneul-sous-Montmédy;4;10.8
55552;Vigneul-sous-Montmédy;5;10.8
55552;Vigneul-sous-Montmédy;6;10.8
55553;Vignot;2;30.413420449197282
55553;Vignot;3;24.13829979303535
55553;Vignot;4;133.346181497078
55553;Vignot;5;122.40962249782135
55553;Vignot;6;177.19693919168324
55554;Villécloye;1;10.71235711135884
55554;Villécloye;2;5.35617855567942
55554;Villécloye;3;10.23795267475429
55554;Villécloye;4;33.86236747421834
55554;Villécloye;5;19.136729405936748
55554;Villécloye;6;29.207416865642198
55555;Ville-devant-Belrain;2;3.55555555555556
55555;Ville-devant-Belrain;5;3.55555555555556
55556;Ville-devant-Chaumont;1;8.16666666666666
55556;Ville-devant-Chaumont;5;4.08333333333333
55556;Ville-devant-Chaumont;6;8.16666666666666
55557;Ville-en-Woëvre;1;8.75862068965518
55557;Ville-en-Woëvre;4;4.37931034482759
55557;Ville-en-Woëvre;5;17.51724137931036
55557;Ville-en-Woëvre;6;13.137931034482769
55559;Villeroy-sur-Méholle;5;12.0
55559;Villeroy-sur-Méholle;6;24.0
55560;Villers-aux-Vents;1;11.21739130434782
55560;Villers-aux-Vents;2;11.21739130434782
55560;Villers-aux-Vents;4;16.82608695652171
55560;Villers-aux-Vents;5;5.60869565217391
55561;Villers-devant-Dun;2;5.66666666666667
55561;Villers-devant-Dun;3;5.66666666666667
55562;Villers-le-Sec;1;9.76923076923076
55562;Villers-le-Sec;4;14.653846153846139
55562;Villers-le-Sec;6;14.653846153846139
55563;Villers-lès-Mangiennes;4;9.25
55563;Villers-lès-Mangiennes;5;9.25
55563;Villers-lès-Mangiennes;6;13.875
55565;Villers-sous-Pareid;5;5.42857142857143
55565;Villers-sous-Pareid;6;21.71428571428572
55566;Villers-sur-Meuse;1;4.85887559950828
55566;Villers-sur-Meuse;2;4.8427837312725
55566;Villers-sur-Meuse;3;4.87502093868923
55566;Villers-sur-Meuse;4;38.83898129534242
55566;Villers-sur-Meuse;5;53.54493317695392
55566;Villers-sur-Meuse;6;29.169452407175797
55567;Ville-sur-Cousances;4;20.0
55567;Ville-sur-Cousances;5;25.0
55567;Ville-sur-Cousances;6;15.0
55568;Ville-sur-Saulx;2;5.20232532506441
55568;Ville-sur-Saulx;4;25.71901746120283
55568;Ville-sur-Saulx;5;46.40155601763807
55568;Ville-sur-Saulx;6;30.962466473085662
55569;Villotte-devant-Louppy;1;9.87878787878788
55569;Villotte-devant-Louppy;2;14.81818181818182
55569;Villotte-devant-Louppy;4;9.87878787878788
55569;Villotte-devant-Louppy;5;14.81818181818182
55569;Villotte-devant-Louppy;6;9.87878787878788
55570;Villotte-sur-Aire;1;25.83333333333337
55570;Villotte-sur-Aire;2;15.500000000000009
55570;Villotte-sur-Aire;3;5.16666666666667
55570;Villotte-sur-Aire;4;20.66666666666664
55570;Villotte-sur-Aire;5;36.16666666666667
55570;Villotte-sur-Aire;6;5.16666666666667
55571;Vilosnes-Haraumont;1;15.73058679678229
55571;Vilosnes-Haraumont;4;10.4256967676018
55571;Vilosnes-Haraumont;5;25.82006402790705
55571;Vilosnes-Haraumont;6;14.48627514581829
55572;Vittarville;1;10.0
55572;Vittarville;2;10.0
55572;Vittarville;4;5.0
55572;Vittarville;5;5.0
55572;Vittarville;6;25.0
55573;Void-Vacon;1;30.377564903647002
55573;Void-Vacon;2;82.04997092087093
55573;Void-Vacon;3;39.85575922246474
55573;Void-Vacon;4;168.01961518075376
55573;Void-Vacon;5;218.98099542159966
55573;Void-Vacon;6;224.1989449569574
55574;Vouthon-Bas;1;4.55555555555556
55574;Vouthon-Bas;4;4.55555555555556
55574;Vouthon-Bas;5;4.55555555555556
55575;Vouthon-Haut;6;11.06666666666666
55577;Waly;4;5.6
55577;Waly;5;5.6
55578;Warcq;1;4.0
55578;Warcq;4;24.0
55578;Warcq;5;24.0
55578;Warcq;6;24.0
55579;Watronville;1;10.0
55579;Watronville;2;5.0
55579;Watronville;4;30.0
55579;Watronville;5;5.0
55579;Watronville;6;15.0
55580;Wavrille;1;11.11111111111112
55580;Wavrille;4;5.55555555555556
55580;Wavrille;6;16.66666666666668
55581;Willeroncourt;2;5.0
55581;Willeroncourt;3;5.0
55581;Willeroncourt;4;20.0
55581;Willeroncourt;5;15.0
55581;Willeroncourt;6;15.0
55582;Wiseppe;1;5.5
55582;Wiseppe;6;11.0
55583;Woël;1;5.47368421052632
55583;Woël;2;5.47368421052632
55583;Woël;3;5.47368421052632
55583;Woël;4;32.84210526315788
55583;Woël;5;10.94736842105264
55583;Woël;6;10.94736842105264
55584;Woimbey;5;17.31818181818177
55584;Woimbey;6;28.86363636363631
55586;Xivray-et-Marvoisin;1;4.70833333333333
55586;Xivray-et-Marvoisin;2;9.41666666666666
55586;Xivray-et-Marvoisin;3;4.70833333333333
55586;Xivray-et-Marvoisin;4;18.83333333333332
55586;Xivray-et-Marvoisin;5;9.41666666666666
55586;Xivray-et-Marvoisin;6;4.70833333333333
57001;Aboncourt;1;4.75155883671826
57001;Aboncourt;2;5.06188919470113
57001;Aboncourt;4;19.00623534687304
57001;Aboncourt;5;64.72422124120504
57001;Aboncourt;6;58.958032734586425
57002;Aboncourt-sur-Seille;1;4.33333333333333
57002;Aboncourt-sur-Seille;3;4.33333333333333
57002;Aboncourt-sur-Seille;4;4.33333333333333
57002;Aboncourt-sur-Seille;5;4.33333333333333
57002;Aboncourt-sur-Seille;6;4.33333333333333
57003;Abreschviller;2;19.85655107581688
57003;Abreschviller;3;59.61525412513724
57003;Abreschviller;4;144.4615704308836
57003;Abreschviller;5;180.18574097997947
57003;Abreschviller;6;139.30947153746757
57004;Achain;1;5.64285714285714
57004;Achain;4;22.57142857142856
57004;Achain;6;11.28571428571428
57006;Achen;2;5.12337801413574
57006;Achen;3;61.505272910334725
57006;Achen;4;148.56751470944454
57006;Achen;5;87.58640072314851
57006;Achen;6;77.1794555661986
57007;Adaincourt;4;30.56666666666664
57007;Adaincourt;5;4.36666666666667
57007;Adaincourt;6;21.83333333333334
57008;Adelange;2;5.12195121951219
57008;Adelange;3;20.487804878048777
57008;Adelange;4;10.24390243902438
57008;Adelange;5;35.85365853658538
57008;Adelange;6;25.60975609756099
57009;Ajoncourt;1;10.3
57009;Ajoncourt;4;20.6
57009;Ajoncourt;5;10.3
57009;Ajoncourt;6;20.6
57010;Alaincourt-la-Côte;1;4.96875
57010;Alaincourt-la-Côte;2;9.9375
57010;Alaincourt-la-Côte;3;4.96875
57010;Alaincourt-la-Côte;4;19.875
57010;Alaincourt-la-Côte;5;19.875
57010;Alaincourt-la-Côte;6;19.875
57011;Albestroff;2;4.63618881745025
57011;Albestroff;3;29.11671383530675
57011;Albestroff;4;51.21752832965185
57011;Albestroff;5;89.33430752220242
57011;Albestroff;6;57.08509991121745
57012;Algrange;1;10.2398400058359
57012;Algrange;2;94.65545476952595
57012;Algrange;3;221.81180765974025
57012;Algrange;4;633.5036589415135
57012;Algrange;5;942.6961492565254
57012;Algrange;6;665.6382539817815
57013;Alsting;2;70.60281360099074
57013;Alsting;3;176.3742446115111
57013;Alsting;4;333.5474857226986
57013;Alsting;5;362.59519525774846
57013;Alsting;6;297.8430853127488
57014;Altrippe;1;9.96296213642507
57014;Altrippe;2;4.97647918244844
57014;Altrippe;3;9.98298475669832
57014;Altrippe;4;54.85135270301827
57014;Altrippe;5;44.86334847215129
57014;Altrippe;6;29.91389835432877
57015;Altviller;2;14.76605657076128
57015;Altviller;3;36.14325811739844
57015;Altviller;4;53.93692128000595
57015;Altviller;5;34.53768373084267
57015;Altviller;6;36.14994333694812
57016;Alzing;2;4.69093935213556
57016;Alzing;3;9.28283389384513
57016;Alzing;4;23.41462193913587
57016;Alzing;5;42.03061040475641
57016;Alzing;6;55.54975160684535
57017;Amanvillers;1;14.41672138568758
57017;Amanvillers;2;71.99687860386683
57017;Amanvillers;3;177.6095846669311
57017;Amanvillers;4;335.9417824253483
57017;Amanvillers;5;244.80981680169043
57017;Amanvillers;6;124.81187478679958
57018;Amelécourt;1;4.84
57018;Amelécourt;4;24.2
57018;Amelécourt;5;24.2
57018;Amelécourt;6;9.68
57019;Amnéville;2;236.09911730003864
57019;Amnéville;3;436.8657740456342
57019;Amnéville;4;1366.5883581983228
57019;Amnéville;5;1469.1412138234
57019;Amnéville;6;1250.0395997994303
57020;Ancerville;2;5.26755240599894
57020;Ancerville;3;5.1092789747534
57020;Ancerville;4;61.023334556218614
57020;Ancerville;5;61.20078221293591
57020;Ancerville;6;30.525938565385303
57021;Ancy-Dornot;2;60.85927796472911
57021;Ancy-Dornot;3;160.14843591162696
57021;Ancy-Dornot;4;201.48417667300356
57021;Ancy-Dornot;5;182.470444427391
57021;Ancy-Dornot;6;97.9150634714078
57022;Angevillers;1;4.95702929369458
57022;Angevillers;2;12.907341482641641
57022;Angevillers;3;73.02680783478607
57022;Angevillers;4;196.40503705530944
57022;Angevillers;5;218.87829639737714
57022;Angevillers;6;135.8046340969419
57024;Antilly;2;5.02631578947368
57024;Antilly;3;25.13157894736844
57024;Antilly;4;35.18421052631584
57024;Antilly;5;25.13157894736848
57025;Anzeling;2;15.721106952723972
57025;Anzeling;3;26.359887499771162
57025;Anzeling;4;54.892024935220945
57025;Anzeling;5;73.54353432023993
57025;Anzeling;6;64.66025244238384
57026;Apach;2;29.40300939947802
57026;Apach;3;131.62468412473623
57026;Apach;4;93.40400762516484
57026;Apach;5;166.0074925964989
57026;Apach;6;123.14461909103707
57027;Arraincourt;1;4.84
57027;Arraincourt;2;9.68
57027;Arraincourt;4;4.84
57027;Arraincourt;5;14.52
57027;Arraincourt;6;4.84
57028;Argancy;1;14.87856409217622
57028;Argancy;2;39.78060331594678
57028;Argancy;3;123.51425229583859
57028;Argancy;4;221.32346212566316
57028;Argancy;5;109.24172918447023
57028;Argancy;6;113.13700460120553
57029;Arriance;1;4.82222222222222
57029;Arriance;2;9.64444444444444
57029;Arriance;3;9.64444444444444
57029;Arriance;4;14.466666666666661
57029;Arriance;5;43.39999999999998
57029;Arriance;6;38.57777777777776
57030;Arry;1;4.37040256745963
57030;Arry;2;16.60056651199532
57030;Arry;3;26.86626443646501
57030;Arry;4;89.82314638453457
57030;Arry;5;73.35149617066409
57030;Arry;6;53.16308208301477
57031;Ars-Laquenexy;2;24.18298173776282
57031;Ars-Laquenexy;3;186.1881722808011
57031;Ars-Laquenexy;4;134.14509583005463
57031;Ars-Laquenexy;5;80.79315013438512
57031;Ars-Laquenexy;6;21.0029727106269
57032;Ars-sur-Moselle;2;159.1861595087795
57032;Ars-sur-Moselle;3;202.93506402330746
57032;Ars-sur-Moselle;4;502.63096196993735
57032;Ars-sur-Moselle;5;699.3778035144669
57032;Ars-sur-Moselle;6;405.9019957531127
57033;Arzviller;2;20.88906196587483
57033;Arzviller;3;20.1621662353851
57033;Arzviller;4;45.60918332699916
57033;Arzviller;5;90.21877988970158
57033;Arzviller;6;105.33311116443842
57034;Aspach;1;5.83333333333333
57034;Aspach;3;5.83333333333333
57034;Aspach;5;5.83333333333333
57034;Aspach;6;5.83333333333333
57035;Assenoncourt;1;14.25
57035;Assenoncourt;4;9.5
57035;Assenoncourt;6;9.5
57036;Attilloncourt;1;4.34782608695652
57036;Attilloncourt;2;4.34782608695652
57036;Attilloncourt;3;4.34782608695652
57036;Attilloncourt;4;17.39130434782608
57036;Attilloncourt;5;21.739130434782638
57036;Attilloncourt;6;4.34782608695652
57037;Aube;2;4.62985862701379
57037;Aube;3;4.4327319489698
57037;Aube;4;69.1066140595489
57037;Aube;5;28.21762676789045
57037;Aube;6;27.599557805459334
57038;Audun-le-Tiche;2;109.19604055400896
57038;Audun-le-Tiche;3;290.66970779035967
57038;Audun-le-Tiche;4;668.9688612479254
57038;Audun-le-Tiche;5;1035.2600702337372
57038;Audun-le-Tiche;6;1173.6908141914598
57039;Augny;1;29.08799772546589
57039;Augny;2;55.12522630703431
57039;Augny;3;195.47914360724053
57039;Augny;4;280.99105345364353
57039;Augny;5;312.7030165955193
57039;Augny;6;112.71566382575926
57040;Aulnois-sur-Seille;2;14.04055118648583
57040;Aulnois-sur-Seille;4;70.94985745856752
57040;Aulnois-sur-Seille;5;13.94335967595984
57040;Aulnois-sur-Seille;6;28.82428903830431
57041;Aumetz;2;34.816179398146005
57041;Aumetz;3;69.52726040430296
57041;Aumetz;4;263.58072746828014
57041;Aumetz;5;413.4154836559162
57041;Aumetz;6;303.0477214936352
57042;Avricourt;1;15.16859875154697
57042;Avricourt;2;25.41177904062318
57042;Avricourt;3;20.01729955868701
57042;Avricourt;4;20.329000416436052
57042;Avricourt;5;55.32113288734499
57042;Avricourt;6;75.88450981519102
57043;Ay-sur-Moselle;2;43.069660002305135
57043;Ay-sur-Moselle;3;118.20174141424549
57043;Ay-sur-Moselle;4;190.60586218687243
57043;Ay-sur-Moselle;5;147.8447207714419
57043;Ay-sur-Moselle;6;156.43425031051217
57044;Azoudange;1;5.64991196588987
57044;Azoudange;2;5.64991196588987
57044;Azoudange;4;5.64991196588987
57044;Azoudange;5;22.599647863559472
57044;Azoudange;6;16.94973589766961
57045;Bacourt;2;10.1818181818182
57045;Bacourt;3;5.09090909090909
57045;Bacourt;4;15.27272727272727
57045;Bacourt;5;5.09090909090909
57045;Bacourt;6;20.36363636363638
57046;Baerenthal;2;9.770413100699159
57046;Baerenthal;3;24.28017050309398
57046;Baerenthal;4;67.71954250377286
57046;Baerenthal;5;72.55862181799017
57046;Baerenthal;6;101.87209074031996
57047;Bambiderstroff;2;14.91296706988296
57047;Bambiderstroff;3;29.909872144062838
57047;Bambiderstroff;4;120.53630857239096
57047;Bambiderstroff;5;119.8753335533384
57047;Bambiderstroff;6;164.63340614531592
57048;Bannay;2;5.07142857142857
57048;Bannay;3;5.07142857142857
57048;Bannay;4;5.07142857142857
57048;Bannay;5;15.21428571428567
57048;Bannay;6;5.07142857142857
57049;Le Ban-Saint-Martin;2;150.93365285954357
57049;Le Ban-Saint-Martin;3;493.3830982088337
57049;Le Ban-Saint-Martin;4;665.6446737623896
57049;Le Ban-Saint-Martin;5;674.962317182185
57049;Le Ban-Saint-Martin;6;286.6203089886084
57050;Barchain;3;5.73684210526316
57050;Barchain;4;11.47368421052632
57050;Barchain;5;5.73684210526316
57050;Barchain;6;22.947368421052623
57051;Baronville;1;5.03558591006162
57051;Baronville;2;5.02883951176539
57051;Baronville;3;15.07979021389934
57051;Baronville;4;60.34614644879851
57051;Baronville;5;45.2596188629434
57051;Baronville;6;60.36642180962776
57052;Barst;1;5.13336303882156
57052;Barst;2;24.34745453347439
57052;Barst;3;34.73867300111074
57052;Barst;4;89.57576606902288
57052;Barst;5;64.80621287349167
57052;Barst;6;49.25456822725002
57053;Bassing;4;20.76190476190478
57053;Bassing;5;36.333333333333385
57053;Bassing;6;10.38095238095238
57054;Baudrecourt;2;10.0
57054;Baudrecourt;3;5.0
57054;Baudrecourt;4;30.0
57054;Baudrecourt;5;15.0
57054;Baudrecourt;6;10.0
57055;Bazoncourt;1;9.52534159740522
57055;Bazoncourt;2;4.68708254446926
57055;Bazoncourt;3;42.41172426079995
57055;Bazoncourt;4;79.91048400662041
57055;Bazoncourt;5;51.59645068727012
57055;Bazoncourt;6;42.26052840550483
57056;Bébing;3;9.64102564102564
57056;Bébing;4;19.28205128205128
57056;Bébing;5;24.102564102564102
57056;Bébing;6;14.46153846153846
57057;Béchy;1;4.94313353924548
57057;Béchy;2;4.94313353924548
57057;Béchy;3;49.28940950320648
57057;Béchy;4;83.68886349130936
57057;Béchy;5;73.8025756223702
57057;Béchy;6;59.08467810478802
57058;Behren-lès-Forbach;2;68.16999302187259
57058;Behren-lès-Forbach;3;83.10181242069075
57058;Behren-lès-Forbach;4;269.54110999116455
57058;Behren-lès-Forbach;5;442.413470056525
57058;Behren-lès-Forbach;6;771.3984234121556
57059;Bellange;1;11.00000000000001
57059;Bellange;5;3.66666666666667
57059;Bellange;6;3.66666666666667
57060;Bénestroff;2;29.90415062503392
57060;Bénestroff;3;9.98218354775434
57060;Bénestroff;4;58.96592525175545
57060;Bénestroff;5;64.39999865238163
57060;Bénestroff;6;59.276566891640925
57061;Béning-lès-Saint-Avold;2;28.518976065252268
57061;Béning-lès-Saint-Avold;3;38.61120803957223
57061;Béning-lès-Saint-Avold;4;141.0374834650938
57061;Béning-lès-Saint-Avold;5;126.18867950637808
57061;Béning-lès-Saint-Avold;6;139.80209069704705
57062;Berg-sur-Moselle;3;44.86284658425574
57062;Berg-sur-Moselle;4;64.5086225634035
57062;Berg-sur-Moselle;5;29.77018501404852
57062;Berg-sur-Moselle;6;34.51116394846732
57063;Bérig-Vintrange;1;14.65909090909092
57063;Bérig-Vintrange;3;9.77272727272728
57063;Bérig-Vintrange;4;4.88636363636364
57063;Bérig-Vintrange;5;4.88636363636364
57063;Bérig-Vintrange;6;29.31818181818184
57064;Berling;1;8.13720239576872
57064;Berling;2;8.55763902648369
57064;Berling;3;17.23691159827941
57064;Berling;4;21.080616426949483
57064;Berling;5;8.34346625691628
57064;Berling;6;63.75783534794058
57065;Bermering;1;5.175
57065;Bermering;5;20.7
57065;Bermering;6;41.4
57066;Berthelming;2;5.1724751077348
57066;Berthelming;3;10.238456084943369
57066;Berthelming;4;78.41075936309794
57066;Berthelming;5;51.61830967092739
57066;Berthelming;6;41.15956991557204
57067;Bertrange;2;53.90852837385147
57067;Bertrange;3;180.14375885187908
57067;Bertrange;4;477.48089303768825
57067;Bertrange;5;413.7533559984948
57067;Bertrange;6;179.21610158517865
57069;Berviller-en-Moselle;2;10.19275566595962
57069;Berviller-en-Moselle;3;20.33009066212161
57069;Berviller-en-Moselle;4;40.37672969943633
57069;Berviller-en-Moselle;5;45.47057815226405
57069;Berviller-en-Moselle;6;75.32134810208113
57070;Bettange;2;9.64705882352942
57070;Bettange;3;33.76470588235294
57070;Bettange;4;43.41176470588239
57070;Bettange;5;14.47058823529413
57070;Bettange;6;33.76470588235294
57071;Bettborn;2;14.40236664789047
57071;Bettborn;3;34.13246118301983
57071;Bettborn;4;48.29771886153172
57071;Bettborn;5;62.97910485460428
57071;Bettborn;6;49.31903149981545
57072;Bettelainville;1;4.99425378447282
57072;Bettelainville;2;4.94256736370756
57072;Bettelainville;3;24.66222022169692
57072;Bettelainville;4;84.13611729537988
57072;Bettelainville;5;59.46854778038762
57072;Bettelainville;6;83.88084483903698
57073;Betting;1;5.10245907607563
57073;Betting;2;15.60299816664294
57073;Betting;3;31.089664304561058
57073;Betting;4;103.23384385497184
57073;Betting;5;114.15166355655782
57073;Betting;6;93.44223639313488
57074;Bettviller;1;9.77119453691032
57074;Bettviller;3;43.67938713421335
57074;Bettviller;4;58.410651187777844
57074;Bettviller;5;78.18531533537295
57074;Bettviller;6;136.66564924185576
57075;Beux;1;9.78785530581854
57075;Beux;3;4.82935131913983
57075;Beux;4;62.47247978296345
57075;Beux;5;24.14843852289375
57075;Beux;6;33.743831858233136
57076;Beyren-lès-Sierck;2;9.49199284708886
57076;Beyren-lès-Sierck;3;32.68245915663581
57076;Beyren-lès-Sierck;4;64.9226183703171
57076;Beyren-lès-Sierck;5;33.472175705808255
57076;Beyren-lès-Sierck;6;71.97488875403457
57077;Bezange-la-Petite;3;10.55555555555556
57077;Bezange-la-Petite;4;21.11111111111112
57077;Bezange-la-Petite;6;26.3888888888889
57079;Bibiche;1;5.00223445565161
57079;Bibiche;2;21.09610513432919
57079;Bibiche;3;10.00446891130322
57079;Bibiche;4;65.93163898647899
57079;Bibiche;5;64.78554399662376
57079;Bibiche;6;61.13303655827178
57080;Bickenholtz;4;5.25
57080;Bickenholtz;5;15.75
57080;Bickenholtz;6;10.5
57081;Bidestroff;1;5.47826086956522
57081;Bidestroff;3;5.47826086956522
57081;Bidestroff;4;21.91304347826084
57081;Bidestroff;5;16.434782608695663
57081;Bidestroff;6;10.95652173913044
57082;Biding;3;16.04713996406769
57082;Biding;4;58.408766138744056
57082;Biding;5;21.2716676054152
57082;Biding;6;31.95360980142436
57083;Bining;2;45.601476513134116
57083;Bining;3;45.85886277304547
57083;Bining;4;171.63726702591345
57083;Bining;5;128.76700445381078
57083;Bining;6;165.89411607382596
57084;Bioncourt;1;10.6675033555648
57084;Bioncourt;3;57.00538867271925
57084;Bioncourt;4;35.65404481377382
57084;Bioncourt;5;26.327959960550082
57084;Bioncourt;6;30.165877500030838
57085;Bionville-sur-Nied;2;14.76177349525971
57085;Bionville-sur-Nied;3;19.572839173408937
57085;Bionville-sur-Nied;4;49.374764303006685
57085;Bionville-sur-Nied;5;44.51095746444491
57085;Bionville-sur-Nied;6;53.7345705578917
57086;Belles-Forêts;1;16.255813953488392
57086;Belles-Forêts;4;16.25581395348837
57086;Belles-Forêts;5;54.18604651162798
57086;Belles-Forêts;6;43.34883720930236
57087;Bisten-en-Lorraine;2;9.700657210345899
57087;Bisten-en-Lorraine;3;4.91469096532874
57087;Bisten-en-Lorraine;4;24.36016969336398
57087;Bisten-en-Lorraine;5;43.71807675813721
57087;Bisten-en-Lorraine;6;34.01779305979661
57088;Bistroff;1;5.48157278906199
57088;Bistroff;2;4.83270430437419
57088;Bistroff;3;9.407567516818471
57088;Bistroff;4;14.203076864255792
57088;Bistroff;5;38.44215942239313
57088;Bistroff;6;83.82423108330276
57089;Bitche;2;129.97339265738424
57089;Bitche;3;185.22690327068165
57089;Bitche;4;269.79043836032207
57089;Bitche;5;1164.3833177278984
57089;Bitche;6;507.91199812714035
57090;Blanche-Église;1;4.65217391304348
57090;Blanche-Église;4;4.65217391304348
57090;Blanche-Église;5;13.95652173913044
57090;Blanche-Église;6;18.60869565217392
57091;Bliesbruck;2;10.63238874317906
57091;Bliesbruck;3;15.2884602358313
57091;Bliesbruck;4;116.42468564600938
57091;Bliesbruck;5;126.47099431341218
57091;Bliesbruck;6;90.05670569712902
57092;Blies-Ébersing;2;30.13793098301356
57092;Blies-Ébersing;3;25.22858113642225
57092;Blies-Ébersing;4;74.62129293380106
57092;Blies-Ébersing;5;69.24309540155436
57092;Blies-Ébersing;6;98.3322035095434
57093;Blies-Guersviller;2;5.08619019206995
57093;Blies-Guersviller;3;40.85458295022926
57093;Blies-Guersviller;4;86.59066494054322
57093;Blies-Guersviller;5;60.91375357060925
57093;Blies-Guersviller;6;50.863860470555196
57095;Boucheporn;1;14.94390156582114
57095;Boucheporn;2;9.96106181593043
57095;Boucheporn;3;25.25316319297442
57095;Boucheporn;4;81.98410556697338
57095;Boucheporn;5;55.8435054488107
57095;Boucheporn;6;90.96995383609674
57096;Boulange;1;9.8606987317995
57096;Boulange;2;70.12816247280715
57096;Boulange;3;109.7648454074298
57096;Boulange;4;289.46184208057787
57096;Boulange;5;342.84330742013884
57096;Boulange;6;330.57696413683004
57097;Boulay-Moselle;1;15.4629062539424
57097;Boulay-Moselle;2;196.6534182270998
57097;Boulay-Moselle;3;242.33988133337778
57097;Boulay-Moselle;4;647.9946033509915
57097;Boulay-Moselle;5;629.1717690059306
57097;Boulay-Moselle;6;526.8958424514178
57098;Bourgaltroff;1;5.13333333333333
57098;Bourgaltroff;2;10.26666666666666
57098;Bourgaltroff;3;5.13333333333333
57098;Bourgaltroff;4;10.26666666666666
57098;Bourgaltroff;5;30.79999999999996
57098;Bourgaltroff;6;35.93333333333332
57099;Bourdonnay;1;15.6176706222906
57099;Bourdonnay;3;5.14945500102628
57099;Bourdonnay;4;5.24642706070914
57099;Bourdonnay;5;46.6347679324601
57099;Bourdonnay;6;26.01321241556727
57100;Bourscheid;1;5.2962962962963
57100;Bourscheid;2;5.2962962962963
57100;Bourscheid;3;20.2962962962963
57100;Bourscheid;4;26.481481481481502
57100;Bourscheid;5;31.481481481481502
57100;Bourscheid;6;20.592592592592602
57101;Bousbach;2;21.15629701154222
57101;Bousbach;3;149.08855879316448
57101;Bousbach;4;176.1917659096418
57101;Bousbach;5;159.351910446607
57101;Bousbach;6;126.6307552569076
57102;Bousse;1;4.93588103240053
57102;Bousse;2;55.17237174175389
57102;Bousse;3;330.60386323762793
57102;Bousse;4;531.0484025712873
57102;Bousse;5;395.9965086437302
57102;Bousse;6;236.58032699635848
57103;Bousseviller;2;5.61904761904762
57103;Bousseviller;3;5.61904761904762
57103;Bousseviller;4;16.85714285714282
57103;Bousseviller;5;5.61904761904762
57103;Bousseviller;6;16.85714285714286
57104;Boust;2;14.63666366987853
57104;Boust;3;93.7282311755539
57104;Boust;4;187.61059312782237
57104;Boust;5;207.26174845362286
57104;Boust;6;94.05548534172044
57105;Boustroff;2;5.59259259259259
57105;Boustroff;3;5.59259259259259
57105;Boustroff;4;11.18518518518518
57105;Boustroff;5;16.77777777777779
57105;Boustroff;6;16.77777777777779
57106;Bouzonville;1;4.9736880167713
57106;Bouzonville;2;65.0186299551639
57106;Bouzonville;3;169.8576833799928
57106;Bouzonville;4;180.00019958167397
57106;Bouzonville;5;265.0647920924742
57106;Bouzonville;6;499.7836285930441
57107;Bréhain;4;17.166666666666657
57107;Bréhain;6;11.4444444444444
57108;Breidenbach;1;5.10068544578103
57108;Breidenbach;4;10.23452365086381
57108;Breidenbach;5;40.93725432353257
57108;Breidenbach;6;92.17408808318194
57109;Breistroff-la-Grande;1;5.37126870906995
57109;Breistroff-la-Grande;2;21.38458378590855
57109;Breistroff-la-Grande;3;73.74342524184611
57109;Breistroff-la-Grande;4;131.07356795229626
57109;Breistroff-la-Grande;5;136.97182093240664
57109;Breistroff-la-Grande;6;84.60079589259371
57110;Brettnach;2;19.134740079343388
57110;Brettnach;3;14.34589586548325
57110;Brettnach;4;52.71873828729431
57110;Brettnach;5;47.8779771754159
57110;Brettnach;6;43.08915553404045
57111;Bronvaux;2;14.46460832429367
57111;Bronvaux;3;28.4270649166138
57111;Bronvaux;4;93.83985192234428
57111;Bronvaux;5;70.53163945953119
57111;Bronvaux;6;28.658243030858067
57112;Brouck;1;5.46666666666667
57112;Brouck;4;10.93333333333334
57112;Brouck;5;10.93333333333334
57112;Brouck;6;10.93333333333334
57113;Brouderdorff;1;4.86331551126136
57113;Brouderdorff;2;9.672062261916619
57113;Brouderdorff;3;24.60641150054424
57113;Brouderdorff;4;117.18404748501001
57113;Brouderdorff;5;141.16474433067668
57113;Brouderdorff;6;189.51534947016935
57114;Brouviller;1;11.39286812985926
57114;Brouviller;2;5.20619198624906
57114;Brouviller;3;60.893394926440216
57114;Brouviller;4;53.34205466887889
57114;Brouviller;5;34.85880400057442
57114;Brouviller;6;30.831291503893958
57115;Brulange;2;5.38888888888889
57115;Brulange;3;5.38888888888889
57115;Brulange;4;21.55555555555558
57115;Brulange;5;5.38888888888889
57115;Brulange;6;10.77777777777778
57116;Buchy;4;45.91304347826086
57116;Buchy;5;12.52173913043478
57117;Buding;2;9.83054488463848
57117;Buding;3;79.30369923185125
57117;Buding;4;52.68380661059334
57117;Buding;5;72.95970060372045
57117;Buding;6;53.27406752121261
57118;Budling;1;4.62857142857143
57118;Budling;2;4.62857142857143
57118;Budling;3;9.25714285714286
57118;Budling;4;9.25714285714286
57118;Budling;5;18.51428571428572
57118;Budling;6;18.51428571428572
57119;Buhl-Lorraine;2;30.32633420889372
57119;Buhl-Lorraine;3;59.88652868307166
57119;Buhl-Lorraine;4;136.24754456243
57119;Buhl-Lorraine;5;179.01055535127233
57119;Buhl-Lorraine;6;154.98779940633008
57120;Burlioncourt;4;8.14285714285714
57120;Burlioncourt;5;20.35714285714285
57120;Burlioncourt;6;32.57142857142855
57121;Burtoncourt;2;9.78260869565218
57121;Burtoncourt;3;9.78260869565218
57121;Burtoncourt;4;34.23913043478266
57121;Burtoncourt;5;29.34782608695658
57121;Burtoncourt;6;19.56521739130436
57122;Cappel;3;15.040165378363959
57122;Cappel;4;80.33348881375318
57122;Cappel;5;75.12487554535838
57122;Cappel;6;70.07159395490277
57123;Carling;2;61.40292425037599
57123;Carling;3;91.93773332615575
57123;Carling;4;301.07941056007314
57123;Carling;5;460.41887298446164
57123;Carling;6;451.9240746824427
57124;Cattenom;1;19.76006616798416
57124;Cattenom;2;54.58615028592976
57124;Cattenom;3;232.92464425316138
57124;Cattenom;4;379.43240089669666
57124;Cattenom;5;355.76323502153303
57124;Cattenom;6;209.52552017337527
57125;Chailly-lès-Ennery;2;5.71654983405377
57125;Chailly-lès-Ennery;3;49.49124195243274
57125;Chailly-lès-Ennery;4;98.22582605224241
57125;Chailly-lès-Ennery;5;46.7909755473971
57125;Chailly-lès-Ennery;6;5.71654983405377
57126;Chambrey;2;9.40560760129476
57126;Chambrey;3;28.642201821179082
57126;Chambrey;4;33.31655893735686
57126;Chambrey;5;33.84458395932834
57126;Chambrey;6;29.82302719057198
57127;Chanville;1;15.3103448275862
57127;Chanville;3;15.31034482758621
57127;Chanville;4;20.413793103448242
57127;Chanville;5;10.20689655172414
57127;Chanville;6;10.20689655172414
57128;Charleville-sous-Bois;2;16.416862761945332
57128;Charleville-sous-Bois;3;27.36143793657553
57128;Charleville-sous-Bois;4;32.83372552389062
57128;Charleville-sous-Bois;5;21.88915034926042
57128;Charleville-sous-Bois;6;33.07362624633946
57129;Charly-Oradour;1;5.05021267935048
57129;Charly-Oradour;2;39.526648119416286
57129;Charly-Oradour;3;103.25143974262822
57129;Charly-Oradour;4;98.87209040922218
57129;Charly-Oradour;5;102.75688089722958
57129;Charly-Oradour;6;47.555196619700126
57130;Château-Bréhain;3;4.0
57130;Château-Bréhain;4;8.0
57130;Château-Bréhain;6;8.0
57131;Château-Rouge;2;10.385411449092
57131;Château-Rouge;3;20.55975104011202
57131;Château-Rouge;4;47.04990886334829
57131;Château-Rouge;5;46.629824998139185
57131;Château-Rouge;6;42.06941092452742
57132;Château-Salins;1;9.86434800393749
57132;Château-Salins;2;54.25236843550125
57132;Château-Salins;3;74.24401201591199
57132;Château-Salins;4;207.2171319055628
57132;Château-Salins;5;232.05246287664542
57132;Château-Salins;6;202.336004813067
57133;Château-Voué;4;19.04761904761904
57133;Château-Voué;5;23.80952380952376
57133;Château-Voué;6;23.8095238095238
57134;Châtel-Saint-Germain;2;92.02994537388308
57134;Châtel-Saint-Germain;3;152.05816064672294
57134;Châtel-Saint-Germain;4;340.67206732827276
57134;Châtel-Saint-Germain;5;237.56454927728316
57134;Châtel-Saint-Germain;6;101.15797544609683
57136;Chémery-les-Deux;1;10.45435509937227
57136;Chémery-les-Deux;2;20.952570328092477
57136;Chémery-les-Deux;3;52.29361394145841
57136;Chémery-les-Deux;4;67.93124216724468
57136;Chémery-les-Deux;5;109.83629082373182
57136;Chémery-les-Deux;6;62.68263467736548
57137;Cheminot;1;10.475556384414151
57137;Cheminot;2;42.27404348740943
57137;Cheminot;3;72.65564437559738
57137;Cheminot;4;91.23602927839215
57137;Cheminot;5;97.03906533801599
57137;Cheminot;6;77.80043111635558
57138;Chenois;3;11.71428571428572
57138;Chenois;4;11.71428571428572
57138;Chenois;6;17.57142857142856
57139;Chérisey;1;4.84632418998524
57139;Chérisey;2;9.91602602189718
57139;Chérisey;3;20.76470908789858
57139;Chérisey;4;65.72153399261765
57139;Chérisey;5;20.5228955349087
57139;Chérisey;6;10.26144776745436
57140;Chesny;2;20.96408842928906
57140;Chesny;3;63.84726729564058
57140;Chesny;4;123.27935157969426
57140;Chesny;5;59.68355160840484
57140;Chesny;6;35.46161224671246
57141;Chicourt;2;5.93333333333333
57141;Chicourt;3;5.93333333333333
57141;Chicourt;5;5.93333333333333
57141;Chicourt;6;11.86666666666666
57142;Chieulles;2;17.57321264692938
57142;Chieulles;3;49.00069259507837
57142;Chieulles;4;73.82457897747221
57142;Chieulles;5;50.96148923299667
57142;Chieulles;6;10.8312297389335
57143;Clouange;1;10.2467148313723
57143;Clouange;2;30.294417109162538
57143;Clouange;3;140.11352813221353
57143;Clouange;4;351.90157023471295
57143;Clouange;5;499.70256478391707
57143;Clouange;6;327.4409010274194
57144;Cocheren;2;59.96813538609262
57144;Cocheren;3;69.91485331677141
57144;Cocheren;4;282.77594294730034
57144;Cocheren;5;384.1902670482857
57144;Cocheren;6;442.0865152526639
57145;Coincy;2;4.69039518732054
57145;Coincy;3;28.996841043762913
57145;Coincy;4;45.17243192113562
57145;Coincy;5;25.73876653169607
57145;Coincy;6;30.59246884199048
57146;Coin-lès-Cuvry;2;39.50203592438809
57146;Coin-lès-Cuvry;3;88.83753165655733
57146;Coin-lès-Cuvry;4;166.95755448306483
57146;Coin-lès-Cuvry;5;54.14318360914072
57146;Coin-lès-Cuvry;6;69.11761264827555
57147;Coin-sur-Seille;2;9.20018913748738
57147;Coin-sur-Seille;3;41.5661305571658
57147;Coin-sur-Seille;4;50.88887401526193
57147;Coin-sur-Seille;5;32.4196746703143
57147;Coin-sur-Seille;6;13.89596597315523
57148;Colligny-Maizery;1;9.59938104618546
57148;Colligny-Maizery;2;18.647148467165312
57148;Colligny-Maizery;3;58.27377836868308
57148;Colligny-Maizery;4;116.34773413034799
57148;Colligny-Maizery;5;58.6258204488637
57148;Colligny-Maizery;6;24.62010242124801
57149;Colmen;3;15.846153846153879
57149;Colmen;4;21.12820512820516
57149;Colmen;5;15.84615384615384
57149;Colmen;6;15.84615384615384
57150;Condé-Northen;2;4.81645167166735
57150;Condé-Northen;3;46.9330294633288
57150;Condé-Northen;4;130.7851685730588
57150;Condé-Northen;5;97.97648660786305
57150;Condé-Northen;6;50.91815407376027
57151;Conthil;1;5.0
57151;Conthil;4;15.0
57151;Conthil;5;25.0
57151;Conthil;6;25.0
57152;Contz-les-Bains;1;4.9408329893415
57152;Contz-les-Bains;2;4.89814607001609
57152;Contz-les-Bains;3;39.24942963769874
57152;Contz-les-Bains;4;44.12637074737782
57152;Contz-les-Bains;5;63.486063674411284
57152;Contz-les-Bains;6;78.24393635498232
57153;Corny-sur-Moselle;2;104.14308847425974
57153;Corny-sur-Moselle;3;158.17717102293216
57153;Corny-sur-Moselle;4;297.63231329352965
57153;Corny-sur-Moselle;5;268.4379859689401
57153;Corny-sur-Moselle;6;138.48009411794288
57154;Coume;1;9.96562437629394
57154;Coume;2;25.07306036305756
57154;Coume;3;19.94530712126937
57154;Coume;4;80.98814499326622
57154;Coume;5;95.60887519901536
57154;Coume;6;85.08105948819697
57155;Courcelles-Chaussy;1;5.21521399219506
57155;Courcelles-Chaussy;2;50.38867705612388
57155;Courcelles-Chaussy;3;256.7593922043633
57155;Courcelles-Chaussy;4;418.9810043673913
57155;Courcelles-Chaussy;5;371.6593886764924
57155;Courcelles-Chaussy;6;180.56934969615284
57156;Courcelles-sur-Nied;2;31.43857401558807
57156;Courcelles-sur-Nied;3;122.31334412078519
57156;Courcelles-sur-Nied;4;189.17517279323374
57156;Courcelles-sur-Nied;5;140.23545150065382
57156;Courcelles-sur-Nied;6;20.819488137768072
57158;Craincourt;2;15.9545454545455
57158;Craincourt;3;5.31818181818182
57158;Craincourt;4;31.90909090909084
57158;Craincourt;5;26.59090909090914
57158;Craincourt;6;31.90909090909084
57159;Créhange;2;40.27037464049866
57159;Créhange;3;125.06236609208248
57159;Créhange;4;323.400345657602
57159;Créhange;5;472.67637212039836
57159;Créhange;6;554.6532297204647
57160;Creutzwald;1;8.0303053007653
57160;Creutzwald;2;234.9263651913435
57160;Creutzwald;3;454.8792423852113
57160;Creutzwald;4;948.9620142727366
57160;Creutzwald;5;1121.9748431094633
57160;Creutzwald;6;1611.156617319544
57161;Cutting;3;15.450000000000001
57161;Cutting;5;10.3
57161;Cutting;6;20.6
57162;Cuvry;2;41.36268861637467
57162;Cuvry;3;103.34277759071917
57162;Cuvry;4;176.58157696475976
57162;Cuvry;5;99.56690227777165
57162;Cuvry;6;65.19381859495616
57163;Dabo;1;9.6910439851008
57163;Dabo;2;83.50161283113421
57163;Dabo;3;112.47967563475686
57163;Dabo;4;152.51390278374564
57163;Dabo;5;240.42820463233977
57163;Dabo;6;367.87727433954177
57165;Dalem;2;5.16299251617209
57165;Dalem;3;35.91044192965006
57165;Dalem;4;52.03832030163064
57165;Dalem;5;92.9814455609059
57165;Dalem;6;113.61768656473127
57166;Dalhain;1;5.05
57166;Dalhain;2;5.05
57166;Dalhain;3;10.1
57166;Dalhain;4;5.05
57166;Dalhain;5;5.05
57166;Dalhain;6;15.149999999999999
57167;Dalstein;2;5.44261301566613
57167;Dalstein;3;16.3227197616573
57167;Dalstein;4;97.97045516667725
57167;Dalstein;5;32.65226684249351
57167;Dalstein;6;43.53578591036025
57168;Danne-et-Quatre-Vents;2;10.28693347762928
57168;Danne-et-Quatre-Vents;3;30.62109643717312
57168;Danne-et-Quatre-Vents;4;96.6715421785261
57168;Danne-et-Quatre-Vents;5;71.1438980048402
57168;Danne-et-Quatre-Vents;6;86.47923176915006
57169;Dannelbourg;2;9.89218428995241
57169;Dannelbourg;3;19.783996580056108
57169;Dannelbourg;4;64.25630694192773
57169;Dannelbourg;5;74.27885104834567
57169;Dannelbourg;6;59.18301061067919
57171;Delme;2;25.0960671279153
57171;Delme;3;90.88792987595656
57171;Delme;4;151.3678870200078
57171;Delme;5;121.2305800600405
57171;Delme;6;125.6242184925991
57172;Denting;1;9.3181730809034
57172;Denting;3;9.3181730809034
57172;Denting;4;40.7620907607623
57172;Denting;5;38.51336140944982
57172;Denting;6;24.71471663156028
57173;Desseling;1;5.05
57173;Desseling;2;5.05
57173;Desseling;3;20.2
57173;Desseling;4;10.1
57173;Desseling;5;15.149999999999999
57173;Desseling;6;10.1
57174;Destry;3;10.5
57174;Destry;4;21.0
57174;Destry;6;15.75
57175;Diane-Capelle;1;4.72835329198566
57175;Diane-Capelle;2;4.51077017106943
57175;Diane-Capelle;3;19.380065661154898
57175;Diane-Capelle;4;43.95614962888528
57175;Diane-Capelle;5;34.97760347663039
57175;Diane-Capelle;6;4.72835329198566
57176;Diebling;1;4.73320398381615
57176;Diebling;2;40.07240937139905
57176;Diebling;3;69.20423687262004
57176;Diebling;4;244.4789144828901
57176;Diebling;5;148.30370872868443
57176;Diebling;6;184.40668466761338
57177;Dieuze;1;10.0161117207769
57177;Dieuze;2;80.7684546013692
57177;Dieuze;3;126.03808169102935
57177;Dieuze;4;217.30385939019584
57177;Dieuze;5;311.4139832479442
57177;Dieuze;6;312.39612830709456
57178;Diffembach-lès-Hellimer;3;9.89748710250684
57178;Diffembach-lès-Hellimer;4;84.08989298717098
57178;Diffembach-lès-Hellimer;5;29.659340938879197
57178;Diffembach-lès-Hellimer;6;34.580344107221876
57179;Distroff;1;30.034444356972298
57179;Distroff;2;30.10363866765617
57179;Distroff;3;125.15184874909902
57179;Distroff;4;266.17181787829617
57179;Distroff;5;251.29955170779402
57179;Distroff;6;166.02814265978006
57180;Dolving;4;39.573147071843515
57180;Dolving;5;79.21192544181643
57180;Dolving;6;24.84334021022735
57181;Domnom-lès-Dieuze;2;4.33333333333333
57181;Domnom-lès-Dieuze;3;4.33333333333333
57181;Domnom-lès-Dieuze;4;8.66666666666666
57181;Domnom-lès-Dieuze;5;8.66666666666666
57182;Donjeux;2;5.22222222222222
57182;Donjeux;3;5.22222222222222
57182;Donjeux;4;15.66666666666662
57182;Donjeux;5;10.44444444444444
57182;Donjeux;6;5.22222222222222
57183;Donnelay;1;21.371428571428538
57183;Donnelay;2;5.34285714285714
57183;Donnelay;3;5.34285714285714
57183;Donnelay;4;32.057142857142836
57183;Donnelay;5;10.68571428571428
57186;Ébersviller;1;4.98810337245429
57186;Ébersviller;2;19.74257964678974
57186;Ébersviller;3;29.929116419040522
57186;Ébersviller;4;124.63842626331109
57186;Ébersviller;5;99.7991083655705
57186;Ébersviller;6;114.69603171283545
57187;Éblange;1;5.00350963973606
57187;Éblange;2;14.76705071784071
57187;Éblange;3;9.885652698502291
57187;Éblange;4;69.01861839437167
57187;Éblange;5;29.65621305607906
57187;Éblange;6;59.19474847360358
57188;Éguelshardt;1;4.64784276037279
57188;Éguelshardt;3;9.242821789251849
57188;Éguelshardt;4;51.02102333177707
57188;Éguelshardt;5;51.30156122556926
57188;Éguelshardt;6;55.61744311700821
57189;Eincheville;1;10.41860465116278
57189;Eincheville;3;5.20930232558139
57189;Eincheville;4;36.465116279069775
57189;Eincheville;5;5.20930232558139
57189;Eincheville;6;41.674418604651144
57190;Elvange;1;4.85315939210065
57190;Elvange;2;14.70486623059666
57190;Elvange;3;14.85025428489137
57190;Elvange;4;35.01148268497822
57190;Elvange;5;50.14828431269085
57190;Elvange;6;44.73985116705414
57191;Elzange;2;9.565541429884998
57191;Elzange;3;29.48216056155514
57191;Elzange;4;94.25838787274826
57191;Elzange;5;109.86821954840153
57191;Elzange;6;69.01737806368585
57192;Enchenberg;2;29.76052622198164
57192;Enchenberg;3;59.37022494367145
57192;Enchenberg;4;153.5819621296903
57192;Enchenberg;5;158.5121195119631
57192;Enchenberg;6;183.1302533146367
57193;Ennery;2;45.67619147620577
57193;Ennery;3;178.6174910952249
57193;Ennery;4;305.3248504209778
57193;Ennery;5;309.82973332020504
57193;Ennery;6;204.10533558257694
57194;Entrange;2;20.54153920693194
57194;Entrange;3;114.74919201806114
57194;Entrange;4;177.07702458415704
57194;Entrange;5;164.89491336152446
57194;Entrange;6;59.943331894593
57195;Epping;1;24.7336370465835
57195;Epping;2;4.97597324956056
57195;Epping;3;34.528130923197836
57195;Epping;4;65.05811403928425
57195;Epping;5;85.64130135621538
57195;Epping;6;66.05764503540345
57196;Erching;1;10.52158623891792
57196;Erching;2;4.94699077229877
57196;Erching;3;19.51159688934089
57196;Erching;4;41.51726916854561
57196;Erching;5;56.690761906255176
57196;Erching;6;55.49289408169102
57197;Ernestviller;1;10.1043475275649
57197;Ernestviller;3;45.67652913123738
57197;Ernestviller;4;60.93745580006
57197;Ernestviller;5;65.6899868488455
57197;Ernestviller;6;49.938141965531536
57198;Erstroff;1;5.0
57198;Erstroff;2;5.0
57198;Erstroff;3;10.0
57198;Erstroff;4;5.0
57198;Erstroff;5;20.0
57198;Erstroff;6;30.0
57199;Escherange;2;15.044277448016931
57199;Escherange;3;54.748741414499804
57199;Escherange;4;139.86455665333153
57199;Escherange;5;107.77834818460286
57199;Escherange;6;73.99855710004249
57200;Les Étangs;1;9.51442212682713
57200;Les Étangs;2;14.45472891520502
57200;Les Étangs;3;30.54730541551697
57200;Les Étangs;4;58.31714747724398
57200;Les Étangs;5;13.84877189143915
57200;Les Étangs;6;19.96702180554683
57201;Etting;1;8.6403348047823
57201;Etting;2;9.44382098529254
57201;Etting;3;30.770613549302738
57201;Etting;4;100.08545419932184
57201;Etting;5;69.0034431501823
57201;Etting;6;92.23764986647681
57202;Etzling;2;19.195217979588122
57202;Etzling;3;62.49553296983012
57202;Etzling;4;140.03611704199238
57202;Etzling;5;127.69454012032438
57202;Etzling;6;147.82798130159324
57203;Évrange;2;9.95856264614174
57203;Évrange;3;30.31931808972375
57203;Évrange;4;54.56726685820703
57203;Évrange;5;40.20144287999279
57204;Failly;2;9.79184473095748
57204;Failly;3;34.96371603319388
57204;Failly;4;68.65082849791844
57204;Failly;5;44.11725602797974
57204;Failly;6;24.48237544470388
57205;Falck;2;19.94482311339778
57205;Falck;3;76.28714631563497
57205;Falck;4;260.42500567292655
57205;Falck;5;275.2297845565128
57205;Falck;6;382.5203352250333
57206;Fameck;2;222.0626476121625
57206;Fameck;3;392.14232817591244
57206;Fameck;4;1122.3868330589974
57206;Fameck;5;1807.7154027270885
57206;Fameck;6;1758.4543655212392
57207;Farébersviller;2;111.5654226668408
57207;Farébersviller;3;25.24198710449003
57207;Farébersviller;4;303.8534058731572
57207;Farébersviller;5;410.0014431345493
57207;Farébersviller;6;587.6765034886321
57208;Farschviller;2;19.85677306263959
57208;Farschviller;3;24.67494147909778
57208;Farschviller;4;208.04258191976268
57208;Farschviller;5;162.92420407121162
57208;Farschviller;6;158.2958674423042
57209;Faulquemont;1;5.05055300301332
57209;Faulquemont;2;95.27356965197778
57209;Faulquemont;3;95.70453930905664
57209;Faulquemont;4;387.4215528884378
57209;Faulquemont;5;543.2640185429808
57209;Faulquemont;6;608.3266574021002
57210;Fénétrange;2;25.26523795532609
57210;Fénétrange;3;23.60677539521134
57210;Fénétrange;4;62.97506543716993
57210;Fénétrange;5;61.8246964956331
57210;Fénétrange;6;79.99437233233067
57211;Fèves;2;35.072854804748324
57211;Fèves;3;110.53811635990962
57211;Fèves;4;156.137863985563
57211;Fèves;5;146.0115079980806
57211;Fèves;6;115.68821326046688
57212;Féy;2;20.409398661632878
57212;Féy;3;96.98977265017031
57212;Féy;4;96.91308637070854
57212;Féy;5;91.6487509128096
57212;Féy;6;30.70461108115692
57213;Filstroff;1;5.21742639319382
57213;Filstroff;2;5.21742639319382
57213;Filstroff;3;25.021307944450378
57213;Filstroff;4;83.94820243735313
57213;Filstroff;5;91.96307048513333
57213;Filstroff;6;139.90048760492607
57214;Fixem;1;9.75496225352412
57214;Fixem;2;4.55186821086652
57214;Fixem;3;43.078873056796695
57214;Fixem;4;29.7335862477174
57214;Fixem;5;70.099139265708
57214;Fixem;6;44.64339162221956
57215;Flastroff;2;10.26197257781126
57215;Flastroff;3;5.02983895444877
57215;Flastroff;4;45.28215906522518
57215;Flastroff;5;35.97646121614231
57215;Flastroff;6;55.39628928406526
57216;Fleisheim;1;8.75
57216;Fleisheim;2;8.75
57216;Fleisheim;3;4.375
57216;Fleisheim;4;13.125
57216;Fleisheim;5;13.125
57216;Fleisheim;6;26.25
57217;Flétrange;1;8.8917229996648
57217;Flétrange;2;9.41114387017976
57217;Flétrange;3;29.14152171430986
57217;Flétrange;4;92.41716111579913
57217;Flétrange;5;111.2604517042586
57217;Flétrange;6;118.40859913400206
57218;Fleury;2;59.91255203731675
57218;Fleury;3;140.95826231163784
57218;Fleury;4;216.64095387797713
57218;Fleury;5;100.26827770430268
57218;Fleury;6;40.968706545553786
57219;Flévy;2;14.352219812529249
57219;Flévy;3;77.00174170810497
57219;Flévy;4;66.4913972080364
57219;Flévy;5;85.37074690627753
57219;Flévy;6;75.93451044870011
57220;Flocourt;1;19.68
57220;Flocourt;2;4.92
57220;Flocourt;3;14.76
57220;Flocourt;5;4.92
57220;Flocourt;6;9.84
57221;Florange;1;3.40679429874377
57221;Florange;2;218.53328426368688
57221;Florange;3;534.5086959238663
57221;Florange;4;1173.0892667013202
57221;Florange;5;1715.2893268244952
57221;Florange;6;1182.204624303152
57222;Folkling;1;10.67266909926158
57222;Folkling;2;37.07469185289334
57222;Folkling;3;69.43921812661557
57222;Folkling;4;127.9019409925025
57222;Folkling;5;202.39538266098901
57222;Folkling;6;138.6197725093708
57224;Folschviller;2;69.90988244795173
57224;Folschviller;3;66.04156764315518
57224;Folschviller;4;281.9570309559872
57224;Folschviller;5;288.1593078046549
57224;Folschviller;6;440.04068999491085
57225;Fonteny;1;4.86206896551724
57225;Fonteny;3;4.86206896551724
57225;Fonteny;4;34.03448275862072
57225;Fonteny;5;14.58620689655172
57225;Fonteny;6;19.44827586206896
57226;Fontoy;1;4.93444239016338
57226;Fontoy;2;93.84825763293561
57226;Fontoy;3;211.91205933088213
57226;Fontoy;4;476.9804438922349
57226;Fontoy;5;434.1832185627165
57226;Fontoy;6;310.6977599479692
57227;Forbach;1;3.34182962941883
57227;Forbach;2;344.7494401372731
57227;Forbach;3;661.2171247132387
57227;Forbach;4;1369.8983924126694
57227;Forbach;5;2064.350770331018
57227;Forbach;6;2015.8192731330287
57228;Fossieux;1;4.5
57228;Fossieux;4;40.5
57228;Fossieux;5;27.0
57228;Fossieux;6;18.0
57229;Foulcrey;1;13.727272727272739
57229;Foulcrey;2;4.57575757575758
57229;Foulcrey;4;9.15151515151516
57229;Foulcrey;5;13.727272727272739
57229;Foulcrey;6;13.727272727272739
57230;Fouligny;2;4.59523809523809
57230;Fouligny;3;22.976190476190446
57230;Fouligny;4;22.976190476190446
57230;Fouligny;5;27.57142857142857
57230;Fouligny;6;9.19047619047618
57231;Foville;2;4.40195534570441
57231;Foville;4;8.80391069140882
57231;Foville;5;4.40195534570441
57231;Foville;6;13.20586603711323
57232;Francaltroff;1;5.19735554190083
57232;Francaltroff;2;29.804142432871302
57232;Francaltroff;3;34.74248830891725
57232;Francaltroff;4;100.64413799916326
57232;Francaltroff;5;82.16939920191561
57232;Francaltroff;6;83.9119981968757
57233;Fraquelfing;3;5.05882352941176
57233;Fraquelfing;5;5.05882352941176
57233;Fraquelfing;6;20.235294117647022
57234;Frauenberg;2;49.64900915697608
57234;Frauenberg;3;24.797319622226738
57234;Frauenberg;4;75.12241965251906
57234;Frauenberg;5;109.31648211252099
57234;Frauenberg;6;84.96500384937923
57235;Freistroff;1;5.10770501839042
57235;Freistroff;2;39.602106573646644
57235;Freistroff;3;15.33675598708994
57235;Freistroff;4;96.62674352084758
57235;Freistroff;5;128.18323021184835
57235;Freistroff;6;210.6307527740994
57236;Frémery;5;12.0
57236;Frémery;6;12.0
57237;Frémestroff;1;5.06714788924992
57237;Frémestroff;2;19.716563100847083
57237;Frémestroff;3;20.18919721203804
57237;Frémestroff;4;25.25760888907456
57237;Frémestroff;5;29.78013376532939
57237;Frémestroff;6;44.42704120294705
57238;Fresnes-en-Saulnois;1;15.07692307692313
57238;Fresnes-en-Saulnois;3;10.05128205128206
57238;Fresnes-en-Saulnois;4;15.07692307692313
57238;Fresnes-en-Saulnois;5;30.15384615384616
57238;Fresnes-en-Saulnois;6;15.07692307692309
57239;Freybouse;1;10.15079418606746
57239;Freybouse;3;20.647918068186698
57239;Freybouse;4;83.17228032882268
57239;Freybouse;5;30.92864498014697
57239;Freybouse;6;67.26619464916281
57240;Freyming-Merlebach;1;3.31111001962381
57240;Freyming-Merlebach;2;180.33673849688165
57240;Freyming-Merlebach;3;234.06045401635217
57240;Freyming-Merlebach;4;864.2803376377153
57240;Freyming-Merlebach;5;1268.680588154679
57240;Freyming-Merlebach;6;1513.8872213977272
57241;Fribourg;1;9.37142857142858
57241;Fribourg;3;9.37142857142858
57241;Fribourg;5;18.74285714285716
57241;Fribourg;6;9.37142857142858
57242;Gandrange;2;63.6258560050221
57242;Gandrange;3;98.12098732372836
57242;Gandrange;4;394.15433528056747
57242;Gandrange;5;449.28204407468155
57242;Gandrange;6;264.6412784080789
57244;Garrebourg;3;10.176677819610951
57244;Garrebourg;4;30.3377973945543
57244;Garrebourg;5;40.200579803171024
57244;Garrebourg;6;100.50218873105716
57245;Gavisse;2;14.07127617072047
57245;Gavisse;3;46.81605010542495
57245;Gavisse;4;89.07387575374108
57245;Gavisse;5;70.24653069691044
57245;Gavisse;6;47.013490817931945
57246;Gelucourt;1;24.55555555555552
57246;Gelucourt;2;4.91111111111111
57246;Gelucourt;3;4.91111111111111
57246;Gelucourt;4;19.64444444444441
57246;Gelucourt;5;4.91111111111111
57246;Gelucourt;6;34.377777777777766
57247;Gerbécourt;4;11.100000000000001
57247;Gerbécourt;5;7.4
57247;Gerbécourt;6;3.7
57248;Givrycourt;2;4.68421052631579
57248;Givrycourt;5;4.68421052631579
57248;Givrycourt;6;18.73684210526316
57249;Glatigny;2;13.40785784307516
57249;Glatigny;3;4.85311639461328
57249;Glatigny;4;36.60370657993826
57249;Glatigny;5;54.76872983609081
57249;Glatigny;6;8.90859941688413
57250;Goetzenbruck;2;24.5827427918083
57250;Goetzenbruck;3;43.72570928679314
57250;Goetzenbruck;4;162.79364609704453
57250;Goetzenbruck;5;182.25902245243012
57250;Goetzenbruck;6;281.17677365760346
57251;Goin;2;16.17055228284557
57251;Goin;3;16.110473174145667
57251;Goin;4;47.84873185860273
57251;Goin;5;37.63205898469671
57251;Goin;6;37.5726854171672
57252;Gomelange;2;9.17728490092664
57252;Gomelange;3;18.2838636385482
57252;Gomelange;4;61.142775540068115
57252;Gomelange;5;51.25624454826335
57252;Gomelange;6;65.844158567275
57253;Gondrexange;1;15.532927781798332
57253;Gondrexange;2;10.29248646639735
57253;Gondrexange;3;15.4857195058031
57253;Gondrexange;4;46.36274983706885
57253;Gondrexange;5;102.92700617510498
57253;Gondrexange;6;72.28600148051531
57254;Gorze;1;15.1782728504413
57254;Gorze;2;35.22632550109521
57254;Gorze;3;88.95036961545227
57254;Gorze;4;92.94440927737163
57254;Gorze;5;129.13749055278635
57254;Gorze;6;69.24115156594254
57255;Gosselming;2;9.62241469889389
57255;Gosselming;3;23.83113143381381
57255;Gosselming;4;61.989305479515586
57255;Gosselming;5;67.7201729534208
57255;Gosselming;6;81.89444766253499
57256;Gravelotte;1;4.97229737276043
57256;Gravelotte;2;20.29414347539831
57256;Gravelotte;3;49.858685288421654
57256;Gravelotte;4;151.55156566634895
57256;Gravelotte;5;128.02886824878885
57256;Gravelotte;6;86.8673233858919
57257;Grémecey;2;10.2
57257;Grémecey;3;5.1
57257;Grémecey;4;10.2
57257;Grémecey;5;10.2
57257;Grémecey;6;15.299999999999999
57258;Gréning;3;8.84615384615384
57258;Gréning;4;4.42307692307692
57258;Gréning;5;8.84615384615384
57258;Gréning;6;26.53846153846152
57259;Grindorff-Bizing;1;5.16793720686255
57259;Grindorff-Bizing;3;15.50752345604893
57259;Grindorff-Bizing;4;56.58894236357187
57259;Grindorff-Bizing;5;31.30692382850498
57259;Grindorff-Bizing;6;31.428731357209543
57260;Grosbliederstroff;2;80.43349540946369
57260;Grosbliederstroff;3;240.77147232102905
57260;Grosbliederstroff;4;366.2732083782878
57260;Grosbliederstroff;5;436.3985528715991
57260;Grosbliederstroff;6;334.20806834771383
57261;Gros-Réderching;1;30.299534317637104
57261;Gros-Réderching;2;56.06378320976509
57261;Gros-Réderching;3;50.859611343986714
57261;Gros-Réderching;4;171.73014481978146
57261;Gros-Réderching;5;199.0260115324984
57261;Gros-Réderching;6;133.1399993513658
57262;Grostenquin;1;24.97189187701312
57262;Grostenquin;3;21.7541266392205
57262;Grostenquin;4;71.39290632920603
57262;Grostenquin;5;100.45887712269395
57262;Grostenquin;6;116.45538751686934
57263;Grundviller;2;19.94106407396469
57263;Grundviller;3;42.03411612987416
57263;Grundviller;4;60.14620270291379
57263;Grundviller;5;112.6819377158683
57263;Grundviller;6;77.79167119100354
57264;Guebenhouse;2;5.10526671580726
57264;Guebenhouse;3;25.48346058926781
57264;Guebenhouse;4;20.20407361098698
57264;Guebenhouse;5;35.606750726793166
57264;Guebenhouse;6;65.11605810461037
57265;Guébestroff;5;26.22222222222222
57265;Guébestroff;6;6.55555555555556
57266;Guéblange-lès-Dieuze;2;4.83333333333333
57266;Guéblange-lès-Dieuze;3;4.83333333333333
57266;Guéblange-lès-Dieuze;4;14.499999999999991
57266;Guéblange-lès-Dieuze;5;14.499999999999991
57266;Guéblange-lès-Dieuze;6;38.66666666666664
57267;Le Val-de-Guéblange;3;61.49742704859199
57267;Le Val-de-Guéblange;4;97.52807618890341
57267;Le Val-de-Guéblange;5;51.73935788835985
57267;Le Val-de-Guéblange;6;108.28539355527461
57268;Guébling;3;4.96
57268;Guébling;5;14.879999999999999
57268;Guébling;6;19.84
57269;Guénange;2;105.49445769915326
57269;Guénange;3;263.74969517875735
57269;Guénange;4;900.1214563835382
57269;Guénange;5;1139.8151391328956
57269;Guénange;6;812.3281244078719
57270;Val-de-Bride;1;5.29528132869794
57270;Val-de-Bride;2;21.69952268661268
57270;Val-de-Bride;3;16.146463909389922
57270;Val-de-Bride;4;59.92124685491641
57270;Val-de-Bride;5;70.16689793132288
57270;Val-de-Bride;6;37.58835451541689
57271;Guenviller;1;4.99050530906094
57271;Guenviller;2;19.97237449093599
57271;Guenviller;3;19.98270639953542
57271;Guenviller;4;84.82857844889864
57271;Guenviller;5;64.918024728838
57271;Guenviller;6;64.93881653466381
57272;Guermange;3;5.35294117647059
57272;Guermange;4;5.35294117647059
57272;Guermange;5;10.70588235294118
57272;Guermange;6;5.35294117647059
57273;Guerstling;1;5.05773989479111
57273;Guerstling;2;4.86857040528326
57273;Guerstling;3;5.05773989479111
57273;Guerstling;4;35.22943531422284
57273;Guerstling;5;19.313148755203
57273;Guerstling;6;82.4937830921138
57274;Guerting;2;14.95857383137685
57274;Guerting;3;24.51034940658608
57274;Guerting;4;172.99947786397587
57274;Guerting;5;68.90897770561735
57274;Guerting;6;108.70706972086373
57275;Guessling-Hémering;2;44.82465521935158
57275;Guessling-Hémering;3;10.14908442988709
57275;Guessling-Hémering;4;104.65222501983557
57275;Guessling-Hémering;5;111.39754475777349
57275;Guessling-Hémering;6;141.05933138369016
57276;Guinglange;1;4.80042533005013
57276;Guinglange;3;14.392527792486419
57276;Guinglange;4;62.29189840535347
57276;Guinglange;5;52.64740229589372
57276;Guinglange;6;28.63687708137072
57277;Guinkirchen;2;5.37037037037037
57277;Guinkirchen;4;5.37037037037037
57277;Guinkirchen;5;32.22222222222224
57277;Guinkirchen;6;26.851851851851812
57278;Guinzeling;4;9.14285714285714
57278;Guinzeling;5;9.14285714285714
57278;Guinzeling;6;27.428571428571423
57280;Guntzviller;2;20.46252858888942
57280;Guntzviller;3;15.08143904510025
57280;Guntzviller;4;54.74381621518502
57280;Guntzviller;5;50.86045311537172
57280;Guntzviller;6;35.78695320316382
57281;Haboudange;3;4.46734269411381
57281;Haboudange;4;36.794242863030746
57281;Haboudange;5;17.86937077645524
57281;Haboudange;6;26.804056164682862
57282;Hagen;2;5.37604714993862
57282;Hagen;3;52.7771750191349
57282;Hagen;4;94.8578638637964
57282;Hagen;5;36.81301213168578
57282;Hagen;6;37.19544489482709
57283;Hagondange;1;5.01480959963762
57283;Hagondange;2;229.78345439755066
57283;Hagondange;3;460.08747949545085
57283;Hagondange;4;1205.7114954079864
57283;Hagondange;5;1135.3463997341419
57283;Hagondange;6;955.7022160802823
57284;Hallering;3;10.28571428571428
57284;Hallering;4;30.85714285714284
57284;Hallering;5;5.14285714285714
57284;Hallering;6;25.7142857142857
57286;Halstroff;2;4.74249037167853
57286;Halstroff;3;14.1554056091529
57286;Halstroff;4;23.41594074145828
57286;Halstroff;5;13.93095999810118
57286;Halstroff;6;37.65390492549184
57287;Basse-Ham;2;50.28707823009272
57287;Basse-Ham;3;180.4747992144116
57287;Basse-Ham;4;287.1989291570335
57287;Basse-Ham;5;300.9422260917034
57287;Basse-Ham;6;240.3566859096428
57288;Ham-sous-Varsberg;2;100.23729695669701
57288;Ham-sous-Varsberg;3;90.19856716726494
57288;Ham-sous-Varsberg;4;295.4742861991414
57288;Ham-sous-Varsberg;5;315.72077925438293
57288;Ham-sous-Varsberg;6;320.4857095186507
57289;Hambach;2;72.52772839665072
57289;Hambach;3;134.63954788824475
57289;Hambach;4;310.75298590933056
57289;Hambach;5;386.905723456475
57289;Hambach;6;342.7129822444744
57290;Hampont;3;5.18181818181818
57290;Hampont;4;41.45454545454548
57290;Hampont;5;5.18181818181818
57290;Hampont;6;20.727272727272762
57291;Hangviller;2;5.03285947679092
57291;Hangviller;4;20.41328828904397
57291;Hangviller;5;35.87744974677243
57291;Hangviller;6;46.32744473422011
57292;Hannocourt;1;5.66666666666667
57292;Hannocourt;4;5.66666666666667
57292;Hannocourt;6;5.66666666666667
57293;Han-sur-Nied;3;4.94117647058824
57293;Han-sur-Nied;4;44.47058823529414
57293;Han-sur-Nied;5;54.35294117647062
57293;Han-sur-Nied;6;39.52941176470594
57294;Hanviller;3;21.33333333333336
57294;Hanviller;4;5.33333333333333
57294;Hanviller;5;42.66666666666673
57294;Hanviller;6;32.00000000000002
57295;Haraucourt-sur-Seille;1;5.09523809523809
57295;Haraucourt-sur-Seille;4;10.19047619047618
57295;Haraucourt-sur-Seille;5;10.19047619047618
57295;Haraucourt-sur-Seille;6;10.19047619047618
57296;Hargarten-aux-Mines;2;35.38774730608706
57296;Hargarten-aux-Mines;3;20.05195836331464
57296;Hargarten-aux-Mines;4;135.3694024485966
57296;Hargarten-aux-Mines;5;104.24965826877869
57296;Hargarten-aux-Mines;6;154.35740328905007
57297;Harprich;2;16.81818181818181
57297;Harprich;3;5.60606060606061
57297;Harprich;4;11.2121212121212
57297;Harprich;5;11.21212121212122
57297;Harprich;6;33.63636363636364
57298;Harreberg;2;19.60952916754763
57298;Harreberg;3;19.3294314947497
57298;Harreberg;4;39.17202109423103
57298;Harreberg;5;29.000546337618772
57298;Harreberg;6;53.13519521988407
57299;Hartzviller;1;5.13712559265425
57299;Hartzviller;2;20.62392908389683
57299;Hartzviller;3;46.314704981392396
57299;Hartzviller;4;143.78270445858593
57299;Hartzviller;5;82.27663458311336
57299;Hartzviller;6;139.7499293790299
57300;Haselbourg;2;19.8567563664625
57300;Haselbourg;3;10.48041588329842
57300;Haselbourg;4;61.05079918734047
57300;Haselbourg;5;24.40557780334565
57300;Haselbourg;6;62.37031638044364
57301;Haspelschiedt;1;9.18375806887677
57301;Haspelschiedt;2;9.18375806887677
57301;Haspelschiedt;3;13.95584065147445
57301;Haspelschiedt;4;23.72510517877423
57301;Haspelschiedt;5;66.44569237430716
57301;Haspelschiedt;6;28.20615950731359
57302;Hattigny;2;3.89589427296931
57302;Hattigny;3;8.56930311020862
57302;Hattigny;5;45.15503123689204
57302;Hattigny;6;24.42945605649848
57303;Hauconcourt;2;14.861008911121981
57303;Hauconcourt;3;40.29173039645487
57303;Hauconcourt;4;99.43829253764454
57303;Hauconcourt;5;74.8408708126386
57303;Hauconcourt;6;54.101755316525455
57304;Haut-Clocher;2;5.33885522787302
57304;Haut-Clocher;3;4.68378016622886
57304;Haut-Clocher;4;46.2557080875482
57304;Haut-Clocher;5;55.93722735601107
57304;Haut-Clocher;6;56.060123649130354
57305;Havange;2;19.256374036279
57305;Havange;3;29.180883920835292
57305;Havange;4;103.49942564291337
57305;Havange;5;34.45046016223936
57305;Havange;6;53.40237150747788
57306;Hayange;1;3.41971140224427
57306;Hayange;2;312.36125129443695
57306;Hayange;3;602.2839704667716
57306;Hayange;4;1624.791044785985
57306;Hayange;5;2164.37673064369
57306;Hayange;6;1816.0255539377833
57307;Hayes;2;10.625
57307;Hayes;3;5.3125
57307;Hayes;4;47.8125
57307;Hayes;5;37.1875
57307;Hayes;6;37.1875
57308;Hazembourg;3;5.55555555555556
57308;Hazembourg;4;22.22222222222226
57308;Hazembourg;5;5.55555555555556
57308;Hazembourg;6;11.11111111111112
57309;Heining-lès-Bouzonville;2;19.16043549830522
57309;Heining-lès-Bouzonville;3;14.04392107969582
57309;Heining-lès-Bouzonville;4;70.10907448242712
57309;Heining-lès-Bouzonville;5;55.8141040643321
57309;Heining-lès-Bouzonville;6;56.8224988622624
57310;Hellering-lès-Fénétrange;1;4.75
57310;Hellering-lès-Fénétrange;2;9.5
57310;Hellering-lès-Fénétrange;3;9.5
57310;Hellering-lès-Fénétrange;4;23.75
57310;Hellering-lès-Fénétrange;5;28.5
57310;Hellering-lès-Fénétrange;6;38.0
57311;Hellimer;1;14.2742139404581
57311;Hellimer;2;13.17919609777443
57311;Hellimer;3;16.22850293634002
57311;Hellimer;4;74.34029938209008
57311;Hellimer;5;73.46715708783867
57311;Hellimer;6;19.76229714906664
57312;Helstroff;1;9.9961440304523
57312;Helstroff;2;10.13753839432908
57312;Helstroff;3;34.92775278182684
57312;Helstroff;4;82.98329692824515
57312;Helstroff;5;59.00288053553642
57312;Helstroff;6;59.717743962141576
57313;Hémilly;1;4.73333333333333
57313;Hémilly;3;9.46666666666666
57313;Hémilly;4;23.66666666666665
57313;Hémilly;5;18.93333333333332
57313;Hémilly;6;9.46666666666666
57314;Héming;2;15.195084367440629
57314;Héming;3;10.49650744861238
57314;Héming;4;66.2477905235479
57314;Héming;5;79.1100765652817
57314;Héming;6;54.20737092420947
57315;Henridorff;1;4.88772063531527
57315;Henridorff;2;14.867937168880609
57315;Henridorff;3;44.21072949018206
57315;Henridorff;4;87.28937636186856
57315;Henridorff;5;106.82344541253163
57315;Henridorff;6;113.41837592622586
57316;Henriville;2;14.64516919262137
57316;Henriville;3;39.16052790379649
57316;Henriville;4;73.57704455447296
57316;Henriville;5;48.969591632287916
57316;Henriville;6;73.37887121167957
57317;Hérange;2;5.0
57317;Hérange;3;5.0
57317;Hérange;4;20.0
57317;Hérange;5;10.0
57317;Hérange;6;10.0
57318;Hermelange;2;4.86363636363636
57318;Hermelange;3;14.59090909090908
57318;Hermelange;4;38.90909090909088
57318;Hermelange;5;34.04545454545454
57318;Hermelange;6;24.3181818181818
57319;Herny;1;5.2992848081757
57319;Herny;2;20.00108649219998
57319;Herny;3;20.9865427342593
57319;Herny;4;100.67745076559547
57319;Herny;5;35.6421015643247
57319;Herny;6;101.59170158897403
57320;Hertzing;3;10.05555555555556
57320;Hertzing;4;20.11111111111116
57320;Hertzing;5;40.222222222222356
57320;Hertzing;6;15.083333333333341
57321;Hesse;1;9.778900347702209
57321;Hesse;2;4.91853675751091
57321;Hesse;3;38.87846568190923
57321;Hesse;4;58.25089428068626
57321;Hesse;5;67.74243766660757
57321;Hesse;6;63.05594990119779
57322;Hestroff;2;5.17771300645354
57322;Hestroff;3;20.574775942386708
57322;Hestroff;4;46.327264134555435
57322;Hestroff;5;108.24278802153128
57322;Hestroff;6;87.66772628857342
57323;Hettange-Grande;1;9.832877303762839
57323;Hettange-Grande;2;201.76718356705288
57323;Hettange-Grande;3;943.5578789335428
57323;Hettange-Grande;4;1095.612156327068
57323;Hettange-Grande;5;1257.5273121478663
57323;Hettange-Grande;6;549.2731375779333
57324;Hilbesheim;2;3.75470065588976
57324;Hilbesheim;3;46.65998446499843
57324;Hilbesheim;4;65.36271857689218
57324;Hilbesheim;5;84.86795429240736
57324;Hilbesheim;6;106.81122648107579
57325;Hilsprich;2;5.21074762266159
57325;Hilsprich;3;14.7684214829459
57325;Hilsprich;4;89.6667287667955
57325;Hilsprich;5;111.03547681296587
57325;Hilsprich;6;134.03006124075347
57326;Hinckange;2;9.60229263674548
57326;Hinckange;3;24.72427660374839
57326;Hinckange;4;42.7991362769913
57326;Hinckange;5;37.44794236709992
57326;Hinckange;6;48.33826763066402
57328;Holacourt;2;5.0
57328;Holacourt;4;15.0
57328;Holacourt;5;10.0
57329;Holling;1;5.15137551773047
57329;Holling;2;10.30310511585433
57329;Holling;3;15.49692339844269
57329;Holling;4;36.05971714383139
57329;Holling;5;82.50839902087797
57329;Holling;6;66.98989979266928
57330;Holving;2;24.794024398208343
57330;Holving;3;44.79856391524012
57330;Holving;4;154.10043233542783
57330;Holving;5;119.2156901990196
57330;Holving;6;168.85685063673927
57331;Hombourg-Budange;2;15.74024269950484
57331;Hombourg-Budange;3;44.30833173701514
57331;Hombourg-Budange;4;30.732974950667078
57331;Hombourg-Budange;5;55.7719166214119
57331;Hombourg-Budange;6;91.84387632769413
57332;Hombourg-Haut;1;5.0422762062031
57332;Hombourg-Haut;2;89.94810801620163
57332;Hombourg-Haut;3;114.55937803553667
57332;Hombourg-Haut;4;379.0982227299286
57332;Hombourg-Haut;5;644.4445085655416
57332;Hombourg-Haut;6;626.5203736986972
57333;Hommarting;2;25.17239295157066
57333;Hommarting;3;39.36988251898547
57333;Hommarting;4;94.29893366619274
57333;Hommarting;5;99.996775311337
57333;Hommarting;6;115.55552153593794
57334;Hommert;2;5.52691594978313
57334;Hommert;3;15.67536177262678
57334;Hommert;4;32.08457949052887
57334;Hommert;5;46.84866413023665
57334;Hommert;6;62.72541596190271
57335;Honskirch;2;4.86363636363636
57335;Honskirch;4;19.45454545454544
57335;Honskirch;5;14.59090909090908
57335;Honskirch;6;53.5
57336;L'Hôpital;2;68.96835863704207
57336;L'Hôpital;3;85.06528255896343
57336;L'Hôpital;4;359.6742985076171
57336;L'Hôpital;5;562.3320786245215
57336;L'Hôpital;6;818.0429054541087
57337;Hoste;2;15.168614308116489
57337;Hoste;3;24.836451245111952
57337;Hoste;4;85.45277571064436
57337;Hoste;5;85.121626236364
57337;Hoste;6;101.43735522259331
57338;Hottviller;1;5.07362466958052
57338;Hottviller;2;15.28142231250065
57338;Hottviller;3;10.11708765414218
57338;Hottviller;4;71.0614915391214
57338;Hottviller;5;20.30966944070513
57338;Hottviller;6;71.12168029662655
57339;Hultehouse;1;10.161579517310209
57339;Hultehouse;2;4.93245325498476
57339;Hultehouse;3;34.74937672912953
57339;Hultehouse;4;39.83177839856946
57339;Hultehouse;5;65.08302778204782
57339;Hultehouse;6;19.95094227777362
57340;Hundling;1;14.04648132772494
57340;Hundling;2;29.51476418260519
57340;Hundling;3;72.01664564350419
57340;Hundling;4;195.68629772129057
57340;Hundling;5;148.63712653518476
57340;Hundling;6;174.77925829622706
57341;Hunting;1;4.98848440852969
57341;Hunting;2;4.98848440852969
57341;Hunting;3;70.60371366971596
57341;Hunting;4;85.39905580772026
57341;Hunting;5;74.51273753873666
57341;Hunting;6;74.70878004962248
57342;Ibigny;1;6.57142857142857
57342;Ibigny;4;6.57142857142857
57342;Ibigny;5;13.14285714285714
57342;Ibigny;6;6.57142857142857
57343;Illange;2;20.15761967879805
57343;Illange;3;123.22400518100962
57343;Illange;4;257.7111046146071
57343;Illange;5;170.99713351167145
57343;Illange;6;121.32281791086338
57344;Imling;2;36.928289899101514
57344;Imling;3;21.06731599144459
57344;Imling;4;85.58647264746705
57344;Imling;5;104.71481680145979
57344;Imling;6;63.740545187294515
57345;Inglange;1;5.29066200943895
57345;Inglange;3;32.05075952064384
57345;Inglange;4;86.71346728890563
57345;Inglange;5;53.86257975425619
57345;Inglange;6;40.97250568791874
57346;Insming;1;4.78707260468229
57346;Insming;2;19.30089625218002
57346;Insming;3;19.1266861702696
57346;Insming;4;77.05028555669487
57346;Insming;5;33.574811136427655
57346;Insming;6;91.45649177841143
57347;Insviller;1;4.91428571428571
57347;Insviller;3;4.91428571428571
57347;Insviller;4;4.91428571428571
57347;Insviller;5;9.82857142857142
57347;Insviller;6;49.1428571428571
57348;Ippling;1;5.41807498036809
57348;Ippling;2;5.15125468545856
57348;Ippling;3;70.1393880870981
57348;Ippling;4;92.56023630757602
57348;Ippling;5;111.16212540396498
57348;Ippling;6;74.0931494591844
57349;Jallaucourt;4;28.07692307692305
57349;Jallaucourt;5;16.84615384615381
57349;Jallaucourt;6;22.461538461538417
57350;Jouy-aux-Arches;2;43.6159070946944
57350;Jouy-aux-Arches;3;195.69278224679954
57350;Jouy-aux-Arches;4;194.24059222675953
57350;Jouy-aux-Arches;5;142.00760962261964
57350;Jouy-aux-Arches;6;48.017880435199594
57351;Jury;2;20.12964570396479
57351;Jury;3;80.0616657701568
57351;Jury;4;214.95918215699265
57351;Jury;5;185.33325113281222
57351;Jury;6;75.06835812489962
57352;Jussy;1;10.10892420425158
57352;Jussy;2;40.13684445442869
57352;Jussy;3;70.2927451346037
57352;Jussy;4;60.14055906365352
57352;Jussy;5;35.16745883782559
57352;Jussy;6;4.96902457729214
57353;Juvelize;1;4.23529411764706
57353;Juvelize;5;4.23529411764706
57353;Juvelize;6;4.23529411764706
57354;Juville;3;12.899999999999999
57354;Juville;4;21.5
57354;Juville;5;4.3
57354;Juville;6;17.2
57355;Kalhausen;1;5.05573532932289
57355;Kalhausen;2;10.37675871072676
57355;Kalhausen;3;33.67535663061059
57355;Kalhausen;4;119.04457658784337
57355;Kalhausen;5;100.36738291505357
57355;Kalhausen;6;153.30210463243384
57356;Kanfen;1;15.255247771802392
57356;Kanfen;2;9.744092481487371
57356;Kanfen;3;157.77347425909468
57356;Kanfen;4;128.84839622460106
57356;Kanfen;5;177.54782608825658
57356;Kanfen;6;93.11302622776947
57357;Kappelkinger;1;10.40321504841307
57357;Kappelkinger;4;52.286164792880776
57357;Kappelkinger;5;67.9902014968156
57357;Kappelkinger;6;83.52132678197141
57358;Kédange-sur-Canner;2;28.64906155333661
57358;Kédange-sur-Canner;3;43.25871459351645
57358;Kédange-sur-Canner;4;121.81355601672851
57358;Kédange-sur-Canner;5;150.27185388137974
57358;Kédange-sur-Canner;6;149.17973284168437
57359;Kemplich;2;9.10526315789474
57359;Kemplich;3;13.65789473684211
57359;Kemplich;4;18.210526315789473
57359;Kemplich;5;18.210526315789473
57359;Kemplich;6;18.21052631578948
57360;Kerbach;2;19.40754889102607
57360;Kerbach;3;58.32098622996793
57360;Kerbach;4;174.93002220597924
57360;Kerbach;5;131.2112483505612
57360;Kerbach;6;141.00839733887526
57361;Kerling-lès-Sierck;2;20.30302006663443
57361;Kerling-lès-Sierck;3;45.21659968102502
57361;Kerling-lès-Sierck;4;75.58109918075401
57361;Kerling-lès-Sierck;5;80.85472246825132
57361;Kerling-lès-Sierck;6;50.623688720021924
57362;Kerprich-aux-Bois;4;14.91884685215247
57362;Kerprich-aux-Bois;5;19.89179580286996
57362;Kerprich-aux-Bois;6;54.70243845789239
57364;Kirsch-lès-Sierck;2;10.13990108037032
57364;Kirsch-lès-Sierck;3;25.00080064848939
57364;Kirsch-lès-Sierck;4;60.35078076670082
57364;Kirsch-lès-Sierck;5;15.07041510155043
57364;Kirsch-lès-Sierck;6;40.45496932872126
57365;Kirschnaumen;1;13.525199472738091
57365;Kirschnaumen;2;4.83678662086807
57365;Kirschnaumen;3;28.56635241405649
57365;Kirschnaumen;4;46.73079964988298
57365;Kirschnaumen;5;41.89747320382979
57365;Kirschnaumen;6;46.20851015202108
57366;Kirviller;2;4.89285714285714
57366;Kirviller;3;9.78571428571428
57366;Kirviller;4;24.464285714285698
57366;Kirviller;5;9.78571428571428
57366;Kirviller;6;34.24999999999998
57367;Klang;3;19.53993693442206
57367;Klang;4;14.7181471029646
57367;Klang;5;29.233255462016743
57367;Klang;6;33.81551930339687
57368;Knutange;2;120.8011719941058
57368;Knutange;3;90.30887154912908
57368;Knutange;4;281.0094365807967
57368;Knutange;5;397.3239950560933
57368;Knutange;6;412.93189202660596
57370;Kœnigsmacker;1;5.73713803496795
57370;Kœnigsmacker;2;79.95091479253763
57370;Kœnigsmacker;3;199.29468293839815
57370;Kœnigsmacker;4;306.035567778051
57370;Kœnigsmacker;5;248.10096807130898
57370;Kœnigsmacker;6;220.6551275940608
57371;Haute-Kontz;2;32.96207849695294
57371;Haute-Kontz;3;29.50606288116007
57371;Haute-Kontz;4;120.97028742377407
57371;Haute-Kontz;5;52.17530098094934
57371;Haute-Kontz;6;61.18762501643902
57372;Kuntzig;2;24.35939725801153
57372;Kuntzig;3;116.90397439598848
57372;Kuntzig;4;175.18361270665017
57372;Kuntzig;5;207.21881656249607
57372;Kuntzig;6;145.20584724530815
57373;Lachambre;1;5.34670394191983
57373;Lachambre;2;24.709774049336907
57373;Lachambre;3;60.08834113797329
57373;Lachambre;4;140.59507815577197
57373;Lachambre;5;118.55703180226479
57373;Lachambre;6;65.45446823714917
57374;Lafrimbolle;2;4.99162776087844
57374;Lafrimbolle;3;10.426152347557458
57374;Lafrimbolle;4;34.63993474066404
57374;Lafrimbolle;5;19.22215463222817
57374;Lafrimbolle;6;13.75447694040066
57375;Lagarde;1;19.56765647713188
57375;Lagarde;3;4.89191411928298
57375;Lagarde;4;14.67574235784894
57375;Lagarde;5;14.67574235784894
57375;Lagarde;6;14.67574235784894
57376;Lambach;2;24.13409965382797
57376;Lambach;3;9.44011426183974
57376;Lambach;4;34.16002459022711
57376;Lambach;5;48.12869921468782
57376;Lambach;6;49.491974268030106
57377;Landange;1;9.57103491895218
57377;Landange;2;4.39564468040114
57377;Landange;3;5.2099700999628
57377;Landange;4;9.18116213987723
57377;Landange;5;44.21080868829993
57377;Landange;6;30.24412908894658
57379;Landroff;2;10.25111508868036
57379;Landroff;4;26.27758501175626
57379;Landroff;5;36.23898755680614
57379;Landroff;6;41.508385422057586
57380;Laneuveville-lès-Lorquin;1;5.57894736842105
57380;Laneuveville-lès-Lorquin;3;11.1578947368421
57380;Laneuveville-lès-Lorquin;4;22.3157894736842
57380;Laneuveville-lès-Lorquin;5;22.3157894736842
57380;Laneuveville-lès-Lorquin;6;11.1578947368421
57381;Laneuveville-en-Saulnois;1;4.75108047853717
57381;Laneuveville-en-Saulnois;2;9.3170486333604
57381;Laneuveville-en-Saulnois;3;4.75108047853717
57381;Laneuveville-en-Saulnois;4;37.76237700708136
57381;Laneuveville-en-Saulnois;5;57.26905090356897
57381;Laneuveville-en-Saulnois;6;32.64509273912394
57382;Langatte;1;14.87558430602378
57382;Langatte;2;4.95554504318627
57382;Langatte;3;49.5882622914782
57382;Langatte;4;89.28033364959161
57382;Langatte;5;89.24454590170177
57382;Langatte;6;84.32776987205114
57383;Languimberg;1;4.72727272727273
57383;Languimberg;2;9.45454545454546
57383;Languimberg;3;4.72727272727273
57383;Languimberg;4;9.45454545454546
57383;Languimberg;5;9.45454545454546
57383;Languimberg;6;9.45454545454546
57384;Laning;1;19.438258039052
57384;Laning;2;9.73133089773912
57384;Laning;3;24.39863488963739
57384;Laning;4;97.43117759236819
57384;Laning;5;58.31465974051299
57384;Laning;6;63.37291237375641
57385;Laquenexy;2;15.54075183341733
57385;Laquenexy;3;122.2923866959601
57385;Laquenexy;4;203.93178653780848
57385;Laquenexy;5;121.66073534262983
57385;Laquenexy;6;96.65678379442821
57386;Laudrefang;1;5.41394061268719
57386;Laudrefang;2;10.58356643825654
57386;Laudrefang;3;20.60776159547779
57386;Laudrefang;4;65.2975095236406
57386;Laudrefang;5;59.05173149381145
57386;Laudrefang;6;16.52872698299016
57387;Laumesfeld;1;12.8938168283896
57387;Laumesfeld;2;5.00265921207313
57387;Laumesfeld;3;23.15533979441156
57387;Laumesfeld;4;15.164444279534491
57387;Laumesfeld;5;60.291196658226355
57387;Laumesfeld;6;24.986904049790642
57388;Launstroff;1;5.10204081632653
57388;Launstroff;2;5.10204081632653
57388;Launstroff;3;5.10204081632653
57388;Launstroff;4;40.81632653061229
57388;Launstroff;5;35.714285714285786
57388;Launstroff;6;15.30612244897959
57389;Lelling;1;4.63598943636945
57389;Lelling;2;14.28127377294187
57389;Lelling;3;19.69423651328483
57389;Lelling;4;82.65851875456796
57389;Lelling;5;47.71040104423137
57389;Lelling;6;56.07801265161714
57390;Lemberg;1;4.89098784511091
57390;Lemberg;2;14.731659424435861
57390;Lemberg;3;48.99799059251116
57390;Lemberg;4;146.97456246873205
57390;Lemberg;5;171.44912499020006
57390;Lemberg;6;161.82339929585987
57391;Lemoncourt;1;5.54545454545454
57391;Lemoncourt;4;5.54545454545454
57391;Lemoncourt;5;22.18181818181814
57391;Lemoncourt;6;5.54545454545454
57392;Lemud;1;4.61431278835692
57392;Lemud;2;42.4213377925265
57392;Lemud;3;21.7458344150632
57392;Lemud;4;83.25735513861817
57392;Lemud;5;107.12282356246712
57392;Lemud;6;53.2646201457538
57393;Lengelsheim;2;5.36111111111111
57393;Lengelsheim;4;5.36111111111111
57393;Lengelsheim;5;37.52777777777773
57393;Lengelsheim;6;26.80555555555553
57394;Léning;3;6.08921516583216
57394;Léning;4;68.63153375240628
57394;Léning;5;40.52894453968425
57394;Léning;6;48.40219861883657
57395;Lesse;3;14.92682926829268
57395;Lesse;4;19.90243902439024
57395;Lesse;5;39.8048780487805
57395;Lesse;6;24.878048780487802
57396;Lessy;2;20.458063364574222
57396;Lessy;3;82.92499568411667
57396;Lessy;4;82.98983381978849
57396;Lessy;5;36.472126281139495
57396;Lessy;6;25.87658158418355
57397;Ley;1;9.45454545454546
57397;Ley;2;4.72727272727273
57397;Ley;4;18.909090909090928
57397;Ley;5;14.18181818181819
57397;Ley;6;9.45454545454546
57398;Leyviller;1;5.06226108896168
57398;Leyviller;2;15.1482215518329
57398;Leyviller;3;40.15011749648901
57398;Leyviller;4;50.23607565130884
57398;Leyviller;5;65.2662160747515
57398;Leyviller;6;55.41493074100778
57399;Lezey;2;5.35294117647059
57399;Lezey;3;10.70588235294118
57399;Lezey;4;10.70588235294118
57399;Lezey;5;21.41176470588236
57399;Lezey;6;5.35294117647059
57401;Lidrezing;4;6.0
57401;Lidrezing;5;18.0
57401;Lidrezing;6;12.0
57402;Liederschiedt;4;5.36363636363636
57402;Liederschiedt;5;26.81818181818182
57402;Liederschiedt;6;21.45454545454544
57403;Liéhon;4;30.95238095238098
57403;Liéhon;5;12.38095238095238
57403;Liéhon;6;12.38095238095238
57404;Lindre-Basse;3;13.74161213296561
57404;Lindre-Basse;4;29.149118426515958
57404;Lindre-Basse;5;19.636367008132922
57404;Lindre-Basse;6;29.42484018664224
57405;Lindre-Haute;4;6.5
57405;Lindre-Haute;5;6.5
57406;Liocourt;3;9.0321235028482
57406;Liocourt;4;18.0642470056964
57406;Liocourt;5;18.0642470056964
57406;Liocourt;6;23.069461270329022
57407;Lixheim;2;10.03190157868
57407;Lixheim;3;22.71616404130357
57407;Lixheim;4;52.46209648769209
57407;Lixheim;5;94.45278186660123
57407;Lixheim;6;103.46965041383746
57408;Lixing-lès-Rouhling;2;14.726554624746662
57408;Lixing-lès-Rouhling;3;39.70546643791423
57408;Lixing-lès-Rouhling;4;107.27594787026071
57408;Lixing-lès-Rouhling;5;122.39075793607186
57408;Lixing-lès-Rouhling;6;78.36520238814725
57409;Lixing-lès-Saint-Avold;2;34.67214023279095
57409;Lixing-lès-Saint-Avold;3;39.6611734599445
57409;Lixing-lès-Saint-Avold;4;70.27043754307509
57409;Lixing-lès-Saint-Avold;5;59.79441070178639
57409;Lixing-lès-Saint-Avold;6;66.0128072170973
57410;Lhor;1;11.44
57410;Lhor;4;11.44
57410;Lhor;5;11.44
57410;Lhor;6;28.599999999999998
57411;Lommerange;2;10.7709613883105
57411;Lommerange;3;5.03011363605466
57411;Lommerange;4;21.36748185305036
57411;Lommerange;5;53.156832694387276
57411;Lommerange;6;53.89246220065682
57412;Longeville-lès-Metz;2;84.52322231983209
57412;Longeville-lès-Metz;3;458.68294407857815
57412;Longeville-lès-Metz;4;569.6914103627904
57412;Longeville-lès-Metz;5;447.0531701587555
57412;Longeville-lès-Metz;6;216.46458918837268
57413;Longeville-lès-Saint-Avold;1;4.81173101177339
57413;Longeville-lès-Saint-Avold;2;85.74191395447018
57413;Longeville-lès-Saint-Avold;3;192.20233103376154
57413;Longeville-lès-Saint-Avold;4;391.3012933721214
57413;Longeville-lès-Saint-Avold;5;483.62201649583346
57413;Longeville-lès-Saint-Avold;6;356.92376371909813
57414;Lorquin;1;9.68569356585058
57414;Lorquin;2;13.99618684526392
57414;Lorquin;3;43.25673829866304
57414;Lorquin;4;111.2687082699669
57414;Lorquin;5;139.43433594624028
57414;Lorquin;6;119.42178061301948
57415;Lorry-lès-Metz;1;5.01672466561473
57415;Lorry-lès-Metz;2;69.5187960805653
57415;Lorry-lès-Metz;3;166.1144046214645
57415;Lorry-lès-Metz;4;282.00949144191964
57415;Lorry-lès-Metz;5;146.38053220501197
57415;Lorry-lès-Metz;6;54.58553251174759
57416;Lorry-Mardigny;1;5.19601644335708
57416;Lorry-Mardigny;2;25.23029457151048
57416;Lorry-Mardigny;3;50.9853560320458
57416;Lorry-Mardigny;4;122.43885638171504
57416;Lorry-Mardigny;5;60.84799349506278
57416;Lorry-Mardigny;6;25.33474132112294
57417;Lostroff;1;4.66666666666667
57417;Lostroff;2;4.66666666666667
57417;Lostroff;4;9.33333333333334
57417;Lostroff;5;4.66666666666667
57417;Lostroff;6;14.000000000000009
57418;Loudrefing;3;11.79711969983375
57418;Loudrefing;4;16.12314467768547
57418;Loudrefing;5;12.5728752089029
57418;Loudrefing;6;60.161599931502806
57419;Loupershouse;2;24.749131922977703
57419;Loupershouse;3;57.5957026174241
57419;Loupershouse;4;128.10562598458677
57419;Loupershouse;5;82.53932081803339
57419;Loupershouse;6;94.10277409109344
57421;Loutzviller;3;21.51724137931036
57421;Loutzviller;4;16.13793103448277
57421;Loutzviller;5;16.13793103448277
57421;Loutzviller;6;32.27586206896556
57422;Louvigny;1;5.34035877703467
57422;Louvigny;2;68.39444096414834
57422;Louvigny;3;64.19748245162377
57422;Louvigny;4;129.6239996116572
57422;Louvigny;5;88.67707833742568
57422;Louvigny;6;108.69531008315936
57423;Lubécourt;4;10.76923076923078
57423;Lubécourt;5;5.38461538461539
57423;Lubécourt;6;10.76923076923078
57424;Lucy;2;5.37209302325581
57424;Lucy;3;16.11627906976743
57424;Lucy;4;16.11627906976743
57424;Lucy;5;21.488372093023223
57424;Lucy;6;21.48837209302324
57425;Luppy;1;4.90221996680359
57425;Luppy;2;33.06472640284161
57425;Luppy;3;33.397273202054976
57425;Luppy;4;90.4414772302963
57425;Luppy;5;71.60298429275527
57425;Luppy;6;66.7974194853135
57426;Luttange;1;4.70597864356935
57426;Luttange;2;14.11916830272685
57426;Luttange;3;65.7363164003844
57426;Luttange;4;155.16843739170784
57426;Luttange;5;145.83196064745363
57426;Luttange;6;80.09695704391584
57427;Lutzelbourg;2;15.10328021573657
57427;Lutzelbourg;3;33.69614929202518
57427;Lutzelbourg;4;29.87994113759483
57427;Lutzelbourg;5;69.31995192985742
57427;Lutzelbourg;6;82.23794148155405
57428;Macheren;2;88.87941393421983
57428;Macheren;3;148.0139965861996
57428;Macheren;4;335.1358589746404
57428;Macheren;5;276.113054760464
57428;Macheren;6;257.02928589262524
57430;Mainvillers;1;4.92246801033203
57430;Mainvillers;2;14.067849400642679
57430;Mainvillers;3;14.37472436510706
57430;Mainvillers;4;80.39776374436913
57430;Mainvillers;5;28.90089582567021
57430;Mainvillers;6;14.37472436510706
57431;Maizeroy;1;4.97174620489058
57431;Maizeroy;2;5.08748637587977
57431;Maizeroy;3;30.47410169198953
57431;Maizeroy;4;95.33288631425
57431;Maizeroy;5;35.26451825076741
57431;Maizeroy;6;50.15027376978932
57433;Maizières-lès-Metz;1;3.22041019053286
57433;Maizières-lès-Metz;2;215.05930626248556
57433;Maizières-lès-Metz;3;555.390441684171
57433;Maizières-lès-Metz;4;1259.2290233206804
57433;Maizières-lès-Metz;5;1601.1681784022767
57433;Maizières-lès-Metz;6;1246.4433916486946
57434;Maizières-lès-Vic;1;10.1891503923907
57434;Maizières-lès-Vic;2;20.33447336814293
57434;Maizières-lès-Vic;3;5.11593207511542
57434;Maizières-lès-Vic;4;45.91302324704422
57434;Maizières-lès-Vic;5;92.13882054769844
57434;Maizières-lès-Vic;6;46.00179809045426
57436;Malaucourt-sur-Seille;2;5.33333333333333
57436;Malaucourt-sur-Seille;5;21.33333333333336
57436;Malaucourt-sur-Seille;6;15.999999999999991
57437;Malling;1;4.92537341842845
57437;Malling;2;29.26664242486405
57437;Malling;3;57.8123399615488
57437;Malling;4;96.51332427637323
57437;Malling;5;73.02484978820043
57437;Malling;6;24.34021072502868
57438;Malroy;1;5.09537596678074
57438;Malroy;2;9.84328210566322
57438;Malroy;3;39.28667373549162
57438;Malroy;4;59.23417479493747
57438;Malroy;5;24.953408462377862
57438;Malroy;6;24.95039503902332
57439;Manderen-Ritzing;1;35.1076128446713
57439;Manderen-Ritzing;2;25.0739226134844
57439;Manderen-Ritzing;3;35.10765439895511
57439;Manderen-Ritzing;4;80.27957593187841
57439;Manderen-Ritzing;5;55.195391844835385
57439;Manderen-Ritzing;6;70.21526732819208
57440;Manhoué;3;10.4444444444444
57440;Manhoué;4;20.88888888888888
57440;Manhoué;5;26.11111111111114
57440;Manhoué;6;26.111111111111022
57441;Manom;1;4.73063594242456
57441;Manom;2;34.04471694827008
57441;Manom;3;286.15942451509676
57441;Manom;4;461.12283571173646
57441;Manom;5;394.94775071846254
57441;Manom;6;220.02873760399729
57442;Many;3;9.61823654475878
57442;Many;4;33.641115019710696
57442;Many;5;52.801794607160275
57442;Many;6;43.266994298069065
57443;Marange-Silvange;1;5.07572258007684
57443;Marange-Silvange;2;111.56260419261413
57443;Marange-Silvange;3;304.62277432520233
57443;Marange-Silvange;4;892.3615864891672
57443;Marange-Silvange;5;867.9585008066102
57443;Marange-Silvange;6;603.4418200578059
57444;Marange-Zondrange;2;9.70238521119249
57444;Marange-Zondrange;3;43.66392273505525
57444;Marange-Zondrange;4;38.88500169539801
57444;Marange-Zondrange;5;38.83472157557582
57444;Marange-Zondrange;6;24.24026879889687
57445;Marieulles;1;19.29441134594877
57445;Marieulles;2;48.36144664602643
57445;Marieulles;3;42.84033763484737
57445;Marieulles;4;95.98249869064584
57445;Marieulles;5;86.41354399181598
57445;Marieulles;6;23.886518311362742
57446;Marimont-lès-Bénestroff;3;3.76923076923077
57446;Marimont-lès-Bénestroff;5;3.76923076923077
57446;Marimont-lès-Bénestroff;6;7.53846153846154
57447;Marly;1;8.02556910433959
57447;Marly;2;309.55204481971
57447;Marly;3;971.2808176417392
57447;Marly;4;1133.2543224203646
57447;Marly;5;903.7590347142558
57447;Marly;6;542.8788085219405
57448;Marsal;1;5.2121376938492
57448;Marsal;3;10.43671485402838
57448;Marsal;4;71.55187072150615
57448;Marsal;5;19.8783005144818
57448;Marsal;6;15.15128795109008
57449;Marsilly;2;50.22878647436766
57449;Marsilly;3;75.29964075506477
57449;Marsilly;4;121.10871712325886
57449;Marsilly;5;76.69713167487933
57449;Marsilly;6;14.95444647823486
57451;Marthille;2;5.21875
57451;Marthille;4;26.09375
57451;Marthille;5;15.65625
57451;Marthille;6;20.875
57452;La Maxe;1;5.1653691934279
57452;La Maxe;2;21.318271824928757
57452;La Maxe;3;63.63332895474146
57452;La Maxe;4;148.36523551029302
57452;La Maxe;5;105.40020003503469
57452;La Maxe;6;58.46810520089267
57453;Maxstadt;2;4.8828201741893
57453;Maxstadt;3;9.7656403483786
57453;Maxstadt;4;56.20071761303636
57453;Maxstadt;5;29.73650860786145
57453;Maxstadt;6;42.61097963211844
57454;Mécleuves;1;14.67982240610308
57454;Mécleuves;2;20.86142507068612
57454;Mécleuves;3;127.79448537446109
57454;Mécleuves;4;139.67460250850237
57454;Mécleuves;5;139.88151286782679
57454;Mécleuves;6;78.62964847611302
57455;Mégange;2;5.22222222222222
57455;Mégange;3;5.22222222222222
57455;Mégange;4;20.88888888888888
57455;Mégange;5;10.4444444444444
57455;Mégange;6;10.4444444444444
57456;Meisenthal;1;5.29113911486824
57456;Meisenthal;2;10.11066968532764
57456;Meisenthal;3;35.31971885539319
57456;Meisenthal;4;126.18974081736941
57456;Meisenthal;5;49.81081495578488
57456;Meisenthal;6;65.35263929789843
57457;Menskirch;4;33.31034482758618
57457;Menskirch;5;19.03448275862067
57457;Menskirch;6;19.03448275862068
57459;Merschweiller;2;4.96371495816034
57459;Merschweiller;3;24.67813108195811
57459;Merschweiller;4;34.898716709205694
57459;Merschweiller;5;31.095713528904
57459;Merschweiller;6;30.95551143889586
57460;Merten;2;45.33911022455868
57460;Merten;3;74.78259598537775
57460;Merten;4;140.7294369407433
57460;Merten;5;195.13568962563937
57460;Merten;6;155.21412675233907
57461;Métairies-Saint-Quirin;2;14.988684727326689
57461;Métairies-Saint-Quirin;4;30.24275029928249
57461;Métairies-Saint-Quirin;5;34.71055070361962
57461;Métairies-Saint-Quirin;6;50.03115419036426
57462;Metting;2;10.98458899735591
57462;Metting;3;16.22938582409084
57462;Metting;4;48.86178868517023
57462;Metting;5;54.7903125364542
57462;Metting;6;80.49849248032668
57463;Metz;1;30.336084911772282
57463;Metz;2;2150.1483112404403
57463;Metz;3;11542.402854836886
57463;Metz;4;13340.013792185535
57463;Metz;5;14219.973396127529
57463;Metz;6;8710.565684373014
57464;Metzeresche;1;10.1611698794998
57464;Metzeresche;2;20.03481004069106
57464;Metzeresche;3;125.9977330162908
57464;Metzeresche;4;145.19614129996006
57464;Metzeresche;5;105.31408672559616
57464;Metzeresche;6;104.74611736178906
57465;Metzervisse;2;50.0018658078097
57465;Metzervisse;3;115.30598694724594
57465;Metzervisse;4;337.13042221855085
57465;Metzervisse;5;342.1131075122562
57465;Metzervisse;6;206.7325921780202
57466;Metzing;1;4.92767116466949
57466;Metzing;2;29.70895432332549
57466;Metzing;3;9.96241059204301
57466;Metzing;4;114.05185074992289
57466;Metzing;5;94.23513796282953
57466;Metzing;6;84.48815200937953
57467;Mey;2;5.20218514455261
57467;Mey;3;41.93560298947649
57467;Mey;4;41.87232731956257
57467;Mey;5;20.96818690882812
57467;Mey;6;15.67021828191478
57468;Mittelbronn;2;21.43462595160598
57468;Mittelbronn;3;26.060940567406462
57468;Mittelbronn;4;94.6164049964176
57468;Mittelbronn;5;89.5784182321546
57468;Mittelbronn;6;115.94317136570379
57469;Mittersheim;1;4.64851976048751
57469;Mittersheim;2;9.76284564611291
57469;Mittersheim;3;52.99694186591419
57469;Mittersheim;4;18.90630775140839
57469;Mittersheim;5;87.26652814763663
57469;Mittersheim;6;73.50025093308943
57470;Molring;1;2.33333333333333
57471;Momerstroff;2;9.7579740608659
57471;Momerstroff;3;24.33568600880897
57471;Momerstroff;4;34.03448200198303
57471;Momerstroff;5;14.59749125925364
57471;Momerstroff;6;34.08714403865398
57472;Moncheux;3;4.59375
57472;Moncheux;4;13.78125
57472;Moncheux;5;13.78125
57472;Moncheux;6;27.5625
57473;Moncourt;3;9.14285714285714
57473;Moncourt;4;4.57142857142857
57473;Moncourt;6;9.14285714285714
57474;Mondelange;2;125.12863501724011
57474;Mondelange;3;258.60477737682584
57474;Mondelange;4;739.4405966304997
57474;Mondelange;5;797.3648450158402
57474;Mondelange;6;560.3218543974452
57475;Mondorff;2;13.90193996309176
57475;Mondorff;3;57.02062760500897
57475;Mondorff;4;97.55342829900988
57475;Mondorff;5;87.48180729772868
57475;Mondorff;6;37.33956364113065
57476;Monneren;1;10.35426321456336
57476;Monneren;2;25.88567718380606
57476;Monneren;3;5.17009620082874
57476;Monneren;4;46.6365501746817
57476;Monneren;5;62.1678779024151
57476;Monneren;6;36.26108492555138
57477;Montbronn;2;28.96077280941419
57477;Montbronn;3;44.246753097613976
57477;Montbronn;4;126.3118823066664
57477;Montbronn;5;197.21087276193538
57477;Montbronn;6;265.6337423283943
57478;Montdidier;4;15.17647058823528
57478;Montdidier;5;5.05882352941176
57478;Montdidier;6;5.05882352941176
57479;Montenach;1;10.08557886230361
57479;Montenach;2;5.40071902479277
57479;Montenach;3;54.35020894296607
57479;Montenach;4;52.510382627692415
57479;Montenach;5;48.90973526694352
57479;Montenach;6;72.48854327447864
57480;Montigny-lès-Metz;1;12.59825891556043
57480;Montigny-lès-Metz;2;322.8024455075946
57480;Montigny-lès-Metz;3;1791.682060776322
57480;Montigny-lès-Metz;4;2468.154112158134
57480;Montigny-lès-Metz;5;2739.947957393194
57480;Montigny-lès-Metz;6;1772.6756843729152
57481;Montois-la-Montagne;2;54.78313338941892
57481;Montois-la-Montagne;3;136.49769967658082
57481;Montois-la-Montagne;4;330.2372680157966
57481;Montois-la-Montagne;5;277.33182859636617
57481;Montois-la-Montagne;6;334.51903225928334
57482;Ogy-Montoy-Flanville;2;48.43350755273444
57482;Ogy-Montoy-Flanville;3;163.9540272080166
57482;Ogy-Montoy-Flanville;4;260.9484213879969
57482;Ogy-Montoy-Flanville;5;224.84862620622212
57482;Ogy-Montoy-Flanville;6;144.47904149835654
57483;Morhange;1;15.00641453166498
57483;Morhange;2;92.0231404494173
57483;Morhange;3;68.92458855953673
57483;Morhange;4;143.44783097974152
57483;Morhange;5;357.9040849099828
57483;Morhange;6;378.2419519123462
57484;Morsbach;2;84.37307239390698
57484;Morsbach;3;65.5147872576863
57484;Morsbach;4;235.5748877840965
57484;Morsbach;5;424.25112344293643
57484;Morsbach;6;271.2365913215702
57485;Morville-lès-Vic;1;6.21052631578947
57485;Morville-lès-Vic;3;12.4210526315789
57485;Morville-lès-Vic;4;12.42105263157894
57486;Morville-sur-Nied;1;10.08695652173914
57486;Morville-sur-Nied;2;5.04347826086957
57486;Morville-sur-Nied;3;20.17391304347824
57486;Morville-sur-Nied;4;10.08695652173914
57486;Morville-sur-Nied;6;5.04347826086957
57487;Moulins-lès-Metz;2;121.9194211301827
57487;Moulins-lès-Metz;3;389.34591788831153
57487;Moulins-lès-Metz;4;584.2817924416197
57487;Moulins-lès-Metz;5;586.2427576281879
57487;Moulins-lès-Metz;6;307.97926486024284
57488;Moussey;1;10.2480017572673
57488;Moussey;2;20.46500697112592
57488;Moussey;3;15.34109928391354
57488;Moussey;4;46.0242275312852
57488;Moussey;5;46.0346160999229
57488;Moussey;6;81.79877808760892
57489;Mouterhouse;2;15.31555883496518
57489;Mouterhouse;4;20.90082623371034
57489;Mouterhouse;5;41.44159000836386
57489;Mouterhouse;6;82.87678128116323
57490;Moyenvic;1;9.24352629105913
57490;Moyenvic;2;10.64058494510782
57490;Moyenvic;3;4.49132502452686
57490;Moyenvic;4;31.0785657971592
57490;Moyenvic;5;46.76341411407762
57490;Moyenvic;6;41.10202925403976
57491;Moyeuvre-Grande;2;74.33851541770852
57491;Moyeuvre-Grande;3;149.11772476319334
57491;Moyeuvre-Grande;4;676.898134847396
57491;Moyeuvre-Grande;5;980.2242834266916
57491;Moyeuvre-Grande;6;958.1954228701067
57492;Moyeuvre-Petite;3;10.26382222133134
57492;Moyeuvre-Petite;4;45.333486608361156
57492;Moyeuvre-Petite;5;71.08647714171147
57492;Moyeuvre-Petite;6;50.55442649530424
57493;Mulcey;3;16.15384615384617
57493;Mulcey;4;21.538461538461583
57493;Mulcey;5;26.92307692307699
57493;Mulcey;6;26.92307692307695
57494;Munster;1;9.3097126680871
57494;Munster;3;4.600155661367
57494;Munster;4;28.15308384290845
57494;Munster;5;25.88710990750938
57494;Munster;6;32.328342299835825
57495;Narbéfontaine;1;5.0
57495;Narbéfontaine;3;10.0
57495;Narbéfontaine;4;25.0
57495;Narbéfontaine;5;10.0
57495;Narbéfontaine;6;15.0
57496;Nébing;2;14.405017109907782
57496;Nébing;4;33.80438121245123
57496;Nébing;5;28.82672380808302
57496;Nébing;6;30.11587424753223
57497;Nelling;2;21.55874549256872
57497;Nelling;3;10.505392569919849
57497;Nelling;4;15.82483185832557
57497;Nelling;5;26.53438135225957
57497;Nelling;6;37.10870411165711
57498;Neufchef;2;69.82010203873055
57498;Neufchef;3;119.49764680218362
57498;Neufchef;4;368.9669669732525
57498;Neufchef;5;363.9103264345728
57498;Neufchef;6;234.14293602487933
57499;Neufgrange;1;8.25310333854568
57499;Neufgrange;2;18.100079298409128
57499;Neufgrange;3;118.47634676688264
57499;Neufgrange;4;136.08284824876552
57499;Neufgrange;5;187.27652117982592
57499;Neufgrange;6;119.61276014696912
57500;Neufmoulins;5;4.44444444444444
57500;Neufmoulins;6;4.44444444444444
57501;Neufvillage;1;4.4
57501;Neufvillage;4;4.4
57501;Neufvillage;5;8.8
57501;Neufvillage;6;8.8
57502;Neunkirchen-lès-Bouzonville;1;5.2743790872319
57502;Neunkirchen-lès-Bouzonville;2;10.714569972425
57502;Neunkirchen-lès-Bouzonville;3;5.35728498621249
57502;Neunkirchen-lès-Bouzonville;4;37.086142152858315
57502;Neunkirchen-lès-Bouzonville;5;37.003877743327116
57502;Neunkirchen-lès-Bouzonville;6;37.45970611251943
57504;Niderhoff;3;5.11376533911328
57504;Niderhoff;4;40.83712238278286
57504;Niderhoff;5;30.91397152735327
57504;Niderhoff;6;35.64698533564176
57505;Niderviller;1;10.93736608716422
57505;Niderviller;2;15.87824856750359
57505;Niderviller;3;24.89399520381542
57505;Niderviller;4;158.73044269028824
57505;Niderviller;5;157.11343580235493
57505;Niderviller;6;145.0553179736254
57506;Niederstinzel;4;28.1201261338433
57506;Niederstinzel;5;4.78151555499971
57506;Niederstinzel;6;28.261571618258372
57507;Niedervisse;1;9.84901046558644
57507;Niedervisse;2;19.70753077625195
57507;Niedervisse;4;49.31134936743719
57507;Niedervisse;5;9.84902858602176
57507;Niedervisse;6;29.50928208257904
57508;Nilvange;2;104.06937767859438
57508;Nilvange;3;89.33833255246732
57508;Nilvange;4;337.6237990272813
57508;Nilvange;5;725.4630953799017
57508;Nilvange;6;565.5040376109152
57509;Nitting;2;5.02108728534304
57509;Nitting;3;25.24728615820583
57509;Nitting;4;85.76076183994982
57509;Nitting;5;60.65543585929932
57509;Nitting;6;40.40518848038542
57510;Noisseville;1;5.6074468984115
57510;Noisseville;2;33.684891977623586
57510;Noisseville;3;97.06276901184097
57510;Noisseville;4;167.6277605051934
57510;Noisseville;5;165.21807908695794
57510;Noisseville;6;51.21869682433509
57511;Norroy-le-Veneur;1;9.9956472163745
57511;Norroy-le-Veneur;2;29.61266732272783
57511;Norroy-le-Veneur;3;72.87308486211028
57511;Norroy-le-Veneur;4;161.7643067476074
57511;Norroy-le-Veneur;5;78.91981365699115
57511;Norroy-le-Veneur;6;78.77811920000462
57512;Nouilly;2;19.860066668991
57512;Nouilly;3;89.08542542458396
57512;Nouilly;4;114.06245749507622
57512;Nouilly;5;89.28155260551047
57512;Nouilly;6;44.6605374526813
57513;Nousseviller-lès-Bitche;2;10.0
57513;Nousseviller-lès-Bitche;3;5.0
57513;Nousseviller-lès-Bitche;4;20.0
57513;Nousseviller-lès-Bitche;5;20.0
57513;Nousseviller-lès-Bitche;6;25.0
57514;Nousseviller-Saint-Nabor;1;5.09263918602406
57514;Nousseviller-Saint-Nabor;2;50.71608570594076
57514;Nousseviller-Saint-Nabor;3;81.6125549301287
57514;Nousseviller-Saint-Nabor;4;173.4568148162109
57514;Nousseviller-Saint-Nabor;5;147.51979999211713
57514;Nousseviller-Saint-Nabor;6;91.84139711421447
57515;Novéant-sur-Moselle;2;30.43162460886829
57515;Novéant-sur-Moselle;3;156.52698661568337
57515;Novéant-sur-Moselle;4;219.1245583600431
57515;Novéant-sur-Moselle;5;278.76554008113226
57515;Novéant-sur-Moselle;6;162.05934359739052
57516;Oberdorff;2;28.67337719607897
57516;Oberdorff;4;38.96206959790443
57516;Oberdorff;5;35.164312146294094
57516;Oberdorff;6;54.86679246550647
57517;Obergailbach;1;10.6706543490982
57517;Obergailbach;2;5.33532717454909
57517;Obergailbach;3;5.89446376785896
57517;Obergailbach;4;69.37256999496024
57517;Obergailbach;5;34.00166459072766
57517;Obergailbach;6;32.47833929401053
57518;Oberstinzel;1;10.44533315732612
57518;Oberstinzel;2;10.28205133110125
57518;Oberstinzel;3;21.57031170643912
57518;Oberstinzel;4;32.53744809970373
57518;Oberstinzel;5;48.722157022310455
57518;Oberstinzel;6;49.05942994926435
57519;Obervisse;1;9.6969696969697
57519;Obervisse;4;19.3939393939394
57519;Obervisse;5;19.3939393939394
57519;Obervisse;6;24.242424242424253
57520;Obreck;1;5.0
57520;Obreck;3;15.0
57521;Œting;2;70.62211850122165
57521;Œting;3;297.85347214901293
57521;Œting;4;369.4929261329643
57521;Œting;5;304.0378161003373
57521;Œting;6;262.32421595579166
57524;Ommeray;3;8.82758620689656
57524;Ommeray;4;4.41379310344828
57524;Ommeray;5;8.82758620689656
57524;Ommeray;6;17.65517241379312
57525;Oriocourt;3;5.09090909090909
57525;Oriocourt;4;10.18181818181818
57525;Oriocourt;6;10.1818181818182
57526;Ormersviller;1;4.55341967145723
57526;Ormersviller;2;9.53520458218724
57526;Ormersviller;3;10.94498744221009
57526;Ormersviller;4;65.06899136098907
57526;Ormersviller;5;62.742273667295166
57526;Ormersviller;6;62.11347470175759
57527;Orny;1;4.64534598668639
57527;Orny;2;22.180231657556
57527;Orny;3;35.8303942113438
57527;Orny;4;72.03735242057918
57527;Orny;5;39.44120850314284
57527;Orny;6;17.53886061153497
57528;Oron;1;5.57894736842105
57528;Oron;2;5.57894736842105
57528;Oron;4;22.31578947368425
57528;Oron;5;16.7368421052632
57528;Oron;6;5.57894736842105
57529;Ottange;2;30.59030067597913
57529;Ottange;3;92.98909670770543
57529;Ottange;4;259.2343542017067
57529;Ottange;5;483.15389713454283
57529;Ottange;6;541.2193993649438
57530;Ottonville;2;9.91299333474662
57530;Ottonville;3;29.73866534577092
57530;Ottonville;4;53.93985698719685
57530;Ottonville;5;58.68169759785224
57530;Ottonville;6;60.86752774055266
57531;Oudrenne;1;5.86708497923663
57531;Oudrenne;2;34.94865292190338
57531;Oudrenne;3;39.19517452784928
57531;Oudrenne;4;95.24539435801029
57531;Oudrenne;5;75.32592009165441
57531;Oudrenne;6;77.85408686130447
57532;Pagny-lès-Goin;2;8.43217457438461
57532;Pagny-lès-Goin;3;13.24847586679584
57532;Pagny-lès-Goin;4;22.90827051126574
57532;Pagny-lès-Goin;5;22.639139269899403
57532;Pagny-lès-Goin;6;31.08418851882985
57533;Pange;1;14.99955898604386
57533;Pange;2;39.80409463617473
57533;Pange;3;104.23506022219227
57533;Pange;4;89.17828886906001
57533;Pange;5;64.40321933115608
57533;Pange;6;34.46440242296608
57534;Peltre;2;54.192397283523306
57534;Peltre;3;149.58460489210597
57534;Peltre;4;259.05541305639167
57534;Peltre;5;164.1552798672712
57534;Peltre;6;60.17988490891342
57535;Petit-Réderching;1;14.7392031629021
57535;Petit-Réderching;2;34.18859074988352
57535;Petit-Réderching;3;52.67746355881478
57535;Petit-Réderching;4;208.63414095625174
57535;Petit-Réderching;5;147.3993201696423
57535;Petit-Réderching;6;186.4783540718828
57536;Petit-Tenquin;1;9.9090909090909
57536;Petit-Tenquin;4;24.77272727272725
57536;Petit-Tenquin;5;34.6818181818182
57536;Petit-Tenquin;6;14.863636363636349
57537;Petite-Rosselle;2;85.88459401673596
57537;Petite-Rosselle;3;221.78396695424124
57537;Petite-Rosselle;4;494.3392576238991
57537;Petite-Rosselle;5;680.3020456254217
57537;Petite-Rosselle;6;877.2574995784576
57538;Pettoncourt;2;15.58397247870873
57538;Pettoncourt;3;25.04585730684617
57538;Pettoncourt;4;25.19267459152329
57538;Pettoncourt;5;35.20810442445938
57538;Pettoncourt;6;30.48276570182314
57539;Pévange;2;4.88888888888889
57539;Pévange;4;4.88888888888889
57539;Pévange;6;4.88888888888889
57540;Phalsbourg;2;134.86740154585422
57540;Phalsbourg;3;253.53899262475136
57540;Phalsbourg;4;477.8810729980496
57540;Phalsbourg;5;609.2375877544082
57540;Phalsbourg;6;460.6101345992605
57541;Philippsbourg;2;21.00317724260588
57541;Philippsbourg;3;24.94944284049004
57541;Philippsbourg;4;45.046192110281766
57541;Philippsbourg;5;34.97749048850086
57541;Philippsbourg;6;150.88505547758885
57542;Piblange;1;9.8546415095121
57542;Piblange;2;4.9593848100126
57542;Piblange;3;59.3227536330917
57542;Piblange;4;153.82770754247773
57542;Piblange;5;128.45020485083998
57542;Piblange;6;113.2405426996284
57543;Pierrevillers;2;57.273373146884
57543;Pierrevillers;3;99.01151563779085
57543;Pierrevillers;4;210.87891803134158
57543;Pierrevillers;5;151.9521109220105
57543;Pierrevillers;6;167.66150544442422
57544;Plaine-de-Walsch;2;29.991075644569708
57544;Plaine-de-Walsch;3;20.025116401699762
57544;Plaine-de-Walsch;4;97.30596480646939
57544;Plaine-de-Walsch;5;114.43894813304915
57544;Plaine-de-Walsch;6;54.60747563499869
57545;Plappeville;2;80.66204730672494
57545;Plappeville;3;347.5591059074266
57545;Plappeville;4;342.61078774000964
57545;Plappeville;5;105.44456960364941
57545;Plappeville;6;30.14704192750118
57546;Plesnois;2;44.686188508501566
57546;Plesnois;3;85.28732920969306
57546;Plesnois;4;177.00770668513314
57546;Plesnois;5;30.26598101385812
57546;Plesnois;6;40.35658000355659
57547;Pommérieux;2;21.0191670396597
57547;Pommérieux;3;56.099950403759465
57547;Pommérieux;4;113.2072020421719
57547;Pommérieux;5;98.21794848464718
57547;Pommérieux;6;34.89767913507
57548;Pontoy;2;20.82960311146192
57548;Pontoy;3;51.88663170753949
57548;Pontoy;4;67.30661056989712
57548;Pontoy;5;98.75768860116695
57548;Pontoy;6;52.02426469881975
57549;Pontpierre;1;9.29406334903298
57549;Pontpierre;2;18.604691956128278
57549;Pontpierre;3;23.206242917947968
57549;Pontpierre;4;115.73488257646616
57549;Pontpierre;5;60.3493952441491
57549;Pontpierre;6;102.22660603137342
57550;Porcelette;2;35.02092821936325
57550;Porcelette;3;133.74191384689075
57550;Porcelette;4;336.3452501939952
57550;Porcelette;5;304.91341946098396
57550;Porcelette;6;247.4291973586911
57551;Postroff;1;10.6842105263158
57551;Postroff;2;10.68421052631578
57551;Postroff;3;10.68421052631578
57551;Postroff;4;16.026315789473692
57551;Postroff;5;32.05263157894737
57551;Postroff;6;21.36842105263156
57552;Pouilly;2;17.98028171089896
57552;Pouilly;3;87.69941974899793
57552;Pouilly;4;163.55235073145235
57552;Pouilly;5;92.97772735282751
57552;Pouilly;6;22.650950539339597
57553;Pournoy-la-Chétive;2;15.74052646486917
57553;Pournoy-la-Chétive;3;74.92892940913833
57553;Pournoy-la-Chétive;4;90.4760978177356
57553;Pournoy-la-Chétive;5;87.87061837626926
57553;Pournoy-la-Chétive;6;37.12779359958598
57554;Pournoy-la-Grasse;2;20.01912238941485
57554;Pournoy-la-Grasse;3;80.40839569657041
57554;Pournoy-la-Grasse;4;108.59580520714258
57554;Pournoy-la-Grasse;5;99.17990398030287
57554;Pournoy-la-Grasse;6;37.02524569082639
57555;Prévocourt;2;4.56
57555;Prévocourt;3;9.12
57555;Prévocourt;4;9.12
57555;Prévocourt;5;13.68
57555;Prévocourt;6;13.68
57556;Puttelange-aux-Lacs;2;74.2011390656302
57556;Puttelange-aux-Lacs;3;99.74715434073262
57556;Puttelange-aux-Lacs;4;288.4119192233369
57556;Puttelange-aux-Lacs;5;304.5729643738329
57556;Puttelange-aux-Lacs;6;341.93146546530505
57557;Puttelange-lès-Thionville;1;15.40305889728932
57557;Puttelange-lès-Thionville;2;35.82184747181342
57557;Puttelange-lès-Thionville;3;45.928104174728844
57557;Puttelange-lès-Thionville;4;157.4902648457352
57557;Puttelange-lès-Thionville;5;132.33687508562895
57557;Puttelange-lès-Thionville;6;172.886332895843
57558;Puttigny;5;15.19999999999997
57558;Puttigny;6;20.26666666666664
57559;Puzieux;2;10.625
57559;Puzieux;3;15.9375
57559;Puzieux;4;26.5625
57559;Puzieux;5;15.9375
57559;Puzieux;6;26.5625
57560;Racrange;1;5.26922757389581
57560;Racrange;2;5.26922757389581
57560;Racrange;3;10.39212781672844
57560;Racrange;4;52.1120460313941
57560;Racrange;5;72.54562344234104
57560;Racrange;6;92.53216153037928
57561;Rahling;1;15.1851448975236
57561;Rahling;2;4.81408072688788
57561;Rahling;3;34.43910189900978
57561;Rahling;4;59.56369275414768
57561;Rahling;5;88.4503973858495
57561;Rahling;6;127.92156273925238
57562;Ranguevaux;2;24.80206197271691
57562;Ranguevaux;3;44.70717440986652
57562;Ranguevaux;4;131.9373067409197
57562;Ranguevaux;5;107.76765259746308
57562;Ranguevaux;6;39.60161342279921
57563;Raville;1;15.37335391682129
57563;Raville;2;4.33008500053969
57563;Raville;3;4.88969800147806
57563;Raville;4;45.8937117948273
57563;Raville;5;18.999179004973872
57563;Raville;6;4.88969800147806
57564;Réchicourt-le-Château;1;4.77988789355801
57564;Réchicourt-le-Château;2;23.16879446716688
57564;Réchicourt-le-Château;3;8.96608439697648
57564;Réchicourt-le-Château;4;23.693511396433472
57564;Réchicourt-le-Château;5;47.07124901428347
57564;Réchicourt-le-Château;6;80.51237266865976
57565;Rédange;2;4.96840132311962
57565;Rédange;3;68.34125203367826
57565;Rédange;4;82.60297635137317
57565;Rédange;5;169.630932253024
57565;Rédange;6;121.65868578441629
57566;Réding;2;88.78717008141078
57566;Réding;3;97.42438580129671
57566;Réding;4;311.968133486725
57566;Réding;5;338.77592675788816
57566;Réding;6;192.49542437315858
57567;Rémelfang;1;4.83333333333333
57567;Rémelfang;2;9.66666666666666
57567;Rémelfang;3;4.83333333333333
57567;Rémelfang;4;9.66666666666666
57567;Rémelfang;5;9.66666666666666
57567;Rémelfang;6;24.16666666666665
57568;Rémelfing;2;35.288714629104604
57568;Rémelfing;3;65.71586769772205
57568;Rémelfing;4;114.12644693908628
57568;Rémelfing;5;197.1391102464573
57568;Rémelfing;6;149.7594236380424
57569;Rémeling;2;5.12609532573671
57569;Rémeling;3;5.14695270139702
57569;Rémeling;4;20.56697464635292
57569;Rémeling;5;82.16348445167856
57569;Rémeling;6;35.9454089236407
57570;Rémering;2;4.89730969888147
57570;Rémering;3;29.35239218175251
57570;Rémering;4;53.82321241424843
57570;Rémering;5;19.593176395715
57570;Rémering;6;63.60603797670901
57571;Rémering-lès-Puttelange;1;12.2899383781406
57571;Rémering-lès-Puttelange;2;32.67045553049541
57571;Rémering-lès-Puttelange;3;98.80884692148594
57571;Rémering-lès-Puttelange;4;108.4503485588013
57571;Rémering-lès-Puttelange;5;148.8249453110935
57571;Rémering-lès-Puttelange;6;106.50597342806182
57572;Rémilly;1;34.86607662491123
57572;Rémilly;2;44.84862027417185
57572;Rémilly;3;166.89574774724653
57572;Rémilly;4;285.57643807434755
57572;Rémilly;5;244.59688225351528
57572;Rémilly;6;185.3455420587733
57573;Réning;1;11.47826086956522
57573;Réning;2;11.4782608695652
57573;Réning;3;5.73913043478261
57573;Réning;4;5.73913043478261
57573;Réning;6;11.4782608695652
57574;Basse-Rentgen;2;15.67357979947679
57574;Basse-Rentgen;3;73.24807449007415
57574;Basse-Rentgen;4;120.40160533660723
57574;Basse-Rentgen;5;36.648131742249774
57574;Basse-Rentgen;6;26.16686891745201
57575;Retonfey;2;40.05006818301467
57575;Retonfey;3;110.58260492512895
57575;Retonfey;4;196.86684345732056
57575;Retonfey;5;155.7911661549279
57575;Retonfey;6;60.00444813339493
57576;Rettel;1;14.71301477991414
57576;Rettel;2;14.71046703854461
57576;Rettel;3;34.33163954112524
57576;Rettel;4;112.71753744938009
57576;Rettel;5;132.26158723350963
57576;Rettel;6;83.36610884883085
57577;Reyersviller;2;18.934320275035983
57577;Reyersviller;3;4.96081592683733
57577;Reyersviller;4;63.15014045285964
57577;Reyersviller;5;43.38298336590633
57577;Reyersviller;6;48.41085456839703
57578;Rezonville-Vionville;1;10.297474603035539
57578;Rezonville-Vionville;2;25.51405390416795
57578;Rezonville-Vionville;3;39.00227320821954
57578;Rezonville-Vionville;4;55.53185606903859
57578;Rezonville-Vionville;5;60.54065209038002
57578;Rezonville-Vionville;6;45.62626439170564
57579;Rhodes;2;4.5
57579;Rhodes;3;18.0
57579;Rhodes;5;9.0
57579;Rhodes;6;4.5
57580;Riche;2;10.57142857142858
57580;Riche;4;10.57142857142858
57580;Riche;5;15.8571428571429
57580;Riche;6;42.28571428571439
57581;Richeling;1;9.91067835100822
57581;Richeling;2;27.403628866881668
57581;Richeling;3;9.44441310640456
57581;Richeling;4;60.225942116995796
57581;Richeling;5;36.00033651192095
57581;Richeling;6;15.00674891291156
57582;Richemont;2;86.70665609951114
57582;Richemont;3;111.26860709980082
57582;Richemont;4;361.78034634397784
57582;Richemont;5;253.23314619875174
57582;Richemont;6;142.6060072570068
57583;Richeval;3;10.16666666666666
57583;Richeval;4;15.25000000000003
57583;Richeval;5;10.16666666666666
57583;Richeval;6;25.41666666666665
57584;Rimling;2;10.553991105996001
57584;Rimling;3;61.67048291761821
57584;Rimling;4;49.93765730713782
57584;Rimling;5;76.43123728200904
57584;Rimling;6;96.5191144501497
57586;Rochonvillers;1;4.33333333333333
57586;Rochonvillers;2;4.33333333333333
57586;Rochonvillers;3;8.66666666666666
57586;Rochonvillers;4;12.999999999999991
57586;Rochonvillers;5;21.66666666666666
57586;Rochonvillers;6;21.66666666666665
57587;Rodalbe;1;4.96298207815196
57587;Rodalbe;3;14.24526992233801
57587;Rodalbe;4;34.09491627464431
57587;Rodalbe;5;14.78491298681709
57587;Rodalbe;6;24.4931519766645
57588;Rodemack;1;4.95777305578379
57588;Rodemack;2;14.61276106473452
57588;Rodemack;3;187.2573930195043
57588;Rodemack;4;227.5995183169066
57588;Rodemack;5;169.74171261988008
57588;Rodemack;6;34.46023879468761
57589;Rohrbach-lès-Bitche;2;49.9862421271618
57589;Rohrbach-lès-Bitche;3;120.18786207100831
57589;Rohrbach-lès-Bitche;4;240.35445767255914
57589;Rohrbach-lès-Bitche;5;364.5935305695272
57589;Rohrbach-lès-Bitche;6;246.0267433017098
57590;Rolbing;1;14.943162865193472
57590;Rolbing;4;44.829498844124544
57590;Rolbing;5;34.881088504098614
57590;Rolbing;6;34.87215320226856
57591;Rombas;2;201.701198645079
57591;Rombas;3;362.5194298128549
57591;Rombas;4;1003.1985892168111
57591;Rombas;5;1262.823613943039
57591;Rombas;6;1116.4056811127145
57592;Romelfing;1;10.3933573545302
57592;Romelfing;2;5.20515346072026
57592;Romelfing;3;15.61551575543146
57592;Romelfing;4;31.29910700666021
57592;Romelfing;5;41.70941392810072
57592;Romelfing;6;36.50420491320847
57593;Roncourt;1;4.92010932984982
57593;Roncourt;2;24.62697227038802
57593;Roncourt;3;34.47285283952964
57593;Roncourt;4;118.18643306612132
57593;Roncourt;5;147.7221901247282
57593;Roncourt;6;128.00967106754993
57594;Roppeviller;1;5.10526315789474
57594;Roppeviller;4;10.2105263157895
57594;Roppeviller;5;10.21052631578948
57594;Roppeviller;6;20.42105263157898
57595;Rorbach-lès-Dieuze;1;8.16666666666666
57595;Rorbach-lès-Dieuze;5;4.08333333333333
57596;Rosbruck;2;14.685091108448951
57596;Rosbruck;3;3.95725127079376
57596;Rosbruck;4;86.39165925555801
57596;Rosbruck;5;69.90625342918496
57596;Rosbruck;6;33.36129348817142
57597;Rosselange;2;25.57621723072625
57597;Rosselange;3;19.91752309929226
57597;Rosselange;4;275.20518101964814
57597;Rosselange;5;275.31127368363286
57597;Rosselange;6;384.4395610780361
57598;Rouhling;2;39.308973018690374
57598;Rouhling;3;43.780494929941085
57598;Rouhling;4;267.6044222955627
57598;Rouhling;5;217.9277733415233
57598;Rouhling;6;186.2269312481393
57599;Roupeldange;2;5.50558907133228
57599;Roupeldange;3;6.1893649745388
57599;Roupeldange;4;55.966288970064404
57599;Roupeldange;5;15.3002969766072
57599;Roupeldange;6;28.97103794758614
57600;Roussy-le-Village;1;11.0811616387959
57600;Roussy-le-Village;2;11.08025368122366
57600;Roussy-le-Village;3;159.6238132997636
57600;Roussy-le-Village;4;260.06260225707945
57600;Roussy-le-Village;5;177.5109084606418
57600;Roussy-le-Village;6;138.0903073315738
57601;Rozérieulles;2;59.57944538462893
57601;Rozérieulles;3;139.58227424525745
57601;Rozérieulles;4;198.941477140655
57601;Rozérieulles;5;140.19414973538625
57601;Rozérieulles;6;84.78100331802442
57602;Rurange-lès-Thionville;1;15.4614281010516
57602;Rurange-lès-Thionville;2;89.7898366334667
57602;Rurange-lès-Thionville;3;223.9454588732825
57602;Rurange-lès-Thionville;4;385.0777942997843
57602;Rurange-lès-Thionville;5;349.79660097741356
57602;Rurange-lès-Thionville;6;180.8408436093386
57603;Russange;2;10.06849279353608
57603;Russange;3;55.52454185415234
57603;Russange;4;166.50495940377692
57603;Russange;5;185.468362451665
57603;Russange;6;177.13374817571054
57604;Rustroff;2;15.56203369895574
57604;Rustroff;3;41.70910769680661
57604;Rustroff;4;68.7465188992752
57604;Rustroff;5;53.61315743657154
57604;Rustroff;6;78.58203475247439
57605;Sailly-Achâtel;2;5.37012083711848
57605;Sailly-Achâtel;3;26.87554467932139
57605;Sailly-Achâtel;4;58.94818595369958
57605;Sailly-Achâtel;5;16.048776764981
57605;Sailly-Achâtel;6;26.73984594277944
57606;Saint-Avold;2;299.9360563835674
57606;Saint-Avold;3;866.3766754999697
57606;Saint-Avold;4;1488.1501483282725
57606;Saint-Avold;5;1489.813111993889
57606;Saint-Avold;6;1372.8685214648394
57607;Sainte-Barbe;2;20.63367029761825
57607;Sainte-Barbe;3;100.20774217624471
57607;Sainte-Barbe;4;141.43441742076482
57607;Sainte-Barbe;5;63.76380727584912
57607;Sainte-Barbe;6;32.98611859079539
57609;Saint-Epvre;3;5.77794959535526
57609;Saint-Epvre;4;23.111798381421018
57609;Saint-Epvre;5;5.77794959535526
57609;Saint-Epvre;6;28.889747976776277
57610;Saint-François-Lacroix;2;10.575041502454141
57610;Saint-François-Lacroix;3;15.88015958164125
57610;Saint-François-Lacroix;4;26.490394240787378
57610;Saint-François-Lacroix;5;63.73043252668344
57610;Saint-François-Lacroix;6;53.15470715992526
57611;Saint-Georges;1;10.21052631578948
57611;Saint-Georges;2;10.21052631578948
57611;Saint-Georges;3;10.21052631578948
57611;Saint-Georges;4;10.21052631578948
57611;Saint-Georges;5;35.73684210526322
57611;Saint-Georges;6;20.42105263157896
57612;Saint-Hubert;2;4.98554196829028
57612;Saint-Hubert;3;33.91375386415423
57612;Saint-Hubert;4;14.85117439268095
57612;Saint-Hubert;5;28.81624519123826
57612;Saint-Hubert;6;23.70340013794002
57613;Saint-Jean-de-Bassel;1;5.03686057576293
57613;Saint-Jean-de-Bassel;2;10.07372115152586
57613;Saint-Jean-de-Bassel;3;15.110581727288789
57613;Saint-Jean-de-Bassel;4;25.18430287881469
57613;Saint-Jean-de-Bassel;5;25.52307226030455
57613;Saint-Jean-de-Bassel;6;20.14744230305176
57614;Saint-Jean-Kourtzerode;2;25.000864629956368
57614;Saint-Jean-Kourtzerode;3;9.5028865474794
57614;Saint-Jean-Kourtzerode;4;50.77991994307807
57614;Saint-Jean-Kourtzerode;5;226.56183754848138
57614;Saint-Jean-Kourtzerode;6;146.253032112711
57615;Saint-Jean-Rohrbach;1;15.03005274786429
57615;Saint-Jean-Rohrbach;2;20.050339250399357
57615;Saint-Jean-Rohrbach;3;10.009766245329178
57615;Saint-Jean-Rohrbach;4;109.7407711444677
57615;Saint-Jean-Rohrbach;5;99.85272073676396
57615;Saint-Jean-Rohrbach;6;149.74846338610354
57616;Saint-Julien-lès-Metz;1;4.84240762730927
57616;Saint-Julien-lès-Metz;2;142.11744999996444
57616;Saint-Julien-lès-Metz;3;441.3074675101593
57616;Saint-Julien-lès-Metz;4;367.18978177175745
57616;Saint-Julien-lès-Metz;5;388.5563079759059
57616;Saint-Julien-lès-Metz;6;222.08627822088658
57617;Saint-Jure;1;9.2917280714965
57617;Saint-Jure;3;9.30748862582391
57617;Saint-Jure;4;44.1250772960238
57617;Saint-Jure;5;19.43593032408012
57617;Saint-Jure;6;44.71761443639444
57618;Saint-Louis;2;15.35403301826608
57618;Saint-Louis;3;20.82262806713717
57618;Saint-Louis;4;55.96286836904761
57618;Saint-Louis;5;86.44764057816899
57618;Saint-Louis;6;102.36865006286787
57619;Saint-Louis-lès-Bitche;3;19.9417434605507
57619;Saint-Louis-lès-Bitche;4;39.763545621754794
57619;Saint-Louis-lès-Bitche;5;55.35291861949631
57619;Saint-Louis-lès-Bitche;6;70.62041651465584
57620;Sainte-Marie-aux-Chênes;2;104.6237549163261
57620;Sainte-Marie-aux-Chênes;3;204.6548189377469
57620;Sainte-Marie-aux-Chênes;4;496.90960060421907
57620;Sainte-Marie-aux-Chênes;5;655.2348471266592
57620;Sainte-Marie-aux-Chênes;6;628.9952342322282
57621;Saint-Médard;1;4.65217391304348
57621;Saint-Médard;3;4.65217391304348
57621;Saint-Médard;4;9.30434782608696
57621;Saint-Médard;5;9.30434782608696
57621;Saint-Médard;6;18.60869565217392
57622;Saint-Privat-la-Montagne;2;61.12398381967867
57622;Saint-Privat-la-Montagne;3;85.65058925629938
57622;Saint-Privat-la-Montagne;4;303.6641597170166
57622;Saint-Privat-la-Montagne;5;213.50498942437258
57622;Saint-Privat-la-Montagne;6;146.76358034344796
57623;Saint-Quirin;2;20.57989176061637
57623;Saint-Quirin;3;5.09389874522937
57623;Saint-Quirin;4;35.86564450817508
57623;Saint-Quirin;5;108.41412064332084
57623;Saint-Quirin;6;91.72636624364216
57624;Sainte-Ruffine;2;29.15754159808814
57624;Sainte-Ruffine;3;65.86400400010514
57624;Sainte-Ruffine;4;88.11982124507114
57624;Sainte-Ruffine;5;51.654341623116274
57624;Sainte-Ruffine;6;23.889995698053113
57625;Salonnes;2;13.183611218300731
57625;Salonnes;3;4.39453707276691
57625;Salonnes;4;4.39453707276691
57625;Salonnes;5;21.97268536383455
57625;Salonnes;6;13.183611218300731
57626;Sanry-lès-Vigy;1;4.97295891168631
57626;Sanry-lès-Vigy;2;25.311245168794727
57626;Sanry-lès-Vigy;3;25.76688617621721
57626;Sanry-lès-Vigy;4;58.2841683823685
57626;Sanry-lès-Vigy;5;52.64675199169545
57626;Sanry-lès-Vigy;6;46.979710590484146
57627;Sanry-sur-Nied;2;14.48079828716126
57627;Sanry-sur-Nied;3;24.28775190193846
57627;Sanry-sur-Nied;4;74.45184895447822
57627;Sanry-sur-Nied;5;49.066634170774094
57627;Sanry-sur-Nied;6;28.31574003745612
57628;Sarralbe;1;9.80468273931793
57628;Sarralbe;2;83.80875510969904
57628;Sarralbe;3;182.58804613048295
57628;Sarralbe;4;359.5131010802935
57628;Sarralbe;5;394.67909777288133
57628;Sarralbe;6;659.7674625041374
57629;Sarraltroff;1;5.10581353213618
57629;Sarraltroff;2;10.18578067408982
57629;Sarraltroff;3;20.294153015916898
57629;Sarraltroff;4;71.27553619351868
57629;Sarraltroff;5;102.1435635800472
57629;Sarraltroff;6;117.48830247322569
57630;Sarrebourg;2;213.96428194579252
57630;Sarrebourg;3;554.1814700420666
57630;Sarrebourg;4;1165.0904305989943
57630;Sarrebourg;5;1240.0785106907713
57630;Sarrebourg;6;1234.4767854230524
57631;Sarreguemines;1;12.14571672064348
57631;Sarreguemines;2;458.958397186812
57631;Sarreguemines;3;1086.306070615247
57631;Sarreguemines;4;1868.182262938668
57631;Sarreguemines;5;2367.2184153088037
57631;Sarreguemines;6;2014.2340419182967
57633;Sarreinsming;1;7.30756519680481
57633;Sarreinsming;2;20.33556531508458
57633;Sarreinsming;3;94.02408724905801
57633;Sarreinsming;4;209.31348527659222
57633;Sarreinsming;5;121.87339029626925
57633;Sarreinsming;6;103.65189699027653
57634;Saulny;2;30.887244889624363
57634;Saulny;3;185.37569824558204
57634;Saulny;4;263.36970894428157
57634;Saulny;5;169.54452874804727
57634;Saulny;6;87.50495651746589
57635;Schalbach;1;5.05295443332145
57635;Schalbach;2;5.04292265350132
57635;Schalbach;3;15.17896677162123
57635;Schalbach;4;35.36070916115309
57635;Schalbach;5;45.48678132785851
57635;Schalbach;6;80.8476101855209
57636;Schmittviller;2;4.62327854891591
57636;Schmittviller;3;14.0924267324123
57636;Schmittviller;4;37.580197347906406
57636;Schmittviller;5;47.12790018569726
57636;Schmittviller;6;42.2808150460273
57637;Schneckenbusch;2;10.24339182360159
57637;Schneckenbusch;3;15.132749697897971
57637;Schneckenbusch;4;41.11100425122695
57637;Schneckenbusch;5;15.131868906395159
57637;Schneckenbusch;6;35.5521592319144
57638;Schœneck;2;20.65756616451022
57638;Schœneck;3;64.46727740420712
57638;Schœneck;4;384.21036712129643
57638;Schœneck;5;360.98374684294606
57638;Schœneck;6;328.30118100846346
57639;Schorbach;2;9.50345818580596
57639;Schorbach;3;14.138190785163498
57639;Schorbach;4;14.98397042386392
57639;Schorbach;5;58.24144546231796
57639;Schorbach;6;92.97581335965752
57640;Schwerdorff;1;9.03921107252842
57640;Schwerdorff;3;9.58771347510008
57640;Schwerdorff;4;84.53760046102376
57640;Schwerdorff;5;74.81980599675006
57640;Schwerdorff;6;51.54407947600227
57641;Schweyen;1;4.61742951694357
57641;Schweyen;2;9.3098517916406
57641;Schweyen;3;14.00257856008761
57641;Schweyen;4;73.9922675306992
57641;Schweyen;5;32.13753783512196
57641;Schweyen;6;50.794745135800426
57642;Scy-Chazelles;2;116.00469148797985
57642;Scy-Chazelles;3;317.52779348212704
57642;Scy-Chazelles;4;333.0824249055142
57642;Scy-Chazelles;5;302.55697263159607
57642;Scy-Chazelles;6;166.09897931860803
57643;Secourt;1;4.44444444444444
57643;Secourt;2;13.333333333333321
57643;Secourt;3;8.88888888888888
57643;Secourt;4;48.88888888888884
57643;Secourt;5;22.22222222222224
57643;Secourt;6;22.2222222222222
57644;Seingbouse;1;10.16327986843
57644;Seingbouse;2;77.94406426194018
57644;Seingbouse;3;70.66465199967922
57644;Seingbouse;4;218.01388070482653
57644;Seingbouse;5;172.42468431339245
57644;Seingbouse;6;178.1501935385507
57645;Semécourt;2;4.99597202288326
57645;Semécourt;3;60.28947145772162
57645;Semécourt;4;160.46210811039145
57645;Semécourt;5;151.52151781514053
57645;Semécourt;6;51.50676722425298
57647;Serémange-Erzange;2;45.10356620745077
57647;Serémange-Erzange;3;100.15493579190854
57647;Serémange-Erzange;4;410.76722188900806
57647;Serémange-Erzange;5;561.2619767159238
57647;Serémange-Erzange;6;425.97831626044353
57648;Servigny-lès-Raville;1;4.45761909006703
57648;Servigny-lès-Raville;2;9.692756975991891
57648;Servigny-lès-Raville;3;14.950813844630929
57648;Servigny-lès-Raville;4;59.479612445704035
57648;Servigny-lès-Raville;5;92.0380707605685
57648;Servigny-lès-Raville;6;68.90185021092299
57649;Servigny-lès-Sainte-Barbe;2;16.17728425685441
57649;Servigny-lès-Sainte-Barbe;3;40.43097223206385
57649;Servigny-lès-Sainte-Barbe;4;75.73657144675317
57649;Servigny-lès-Sainte-Barbe;5;66.14768733888062
57649;Servigny-lès-Sainte-Barbe;6;20.18970078667995
57650;Sierck-les-Bains;1;5.32672801545157
57650;Sierck-les-Bains;2;59.79067115476662
57650;Sierck-les-Bains;3;128.81886713497238
57650;Sierck-les-Bains;4;217.84560044533498
57650;Sierck-les-Bains;5;308.04000953202984
57650;Sierck-les-Bains;6;171.42373274679412
57651;Siersthal;2;4.89245750811605
57651;Siersthal;3;4.85294476584483
57651;Siersthal;4;106.88372196756774
57651;Siersthal;5;77.53049239285828
57651;Siersthal;6;101.63820044493085
57652;Sillegny;1;5.14671749997037
57652;Sillegny;2;24.554510064982882
57652;Sillegny;3;62.56513631445443
57652;Sillegny;4;92.19235085438338
57652;Sillegny;5;84.61184342399912
57652;Sillegny;6;44.30841317491632
57653;Silly-en-Saulnois;1;0.0
57653;Silly-en-Saulnois;2;0.0
57653;Silly-en-Saulnois;3;0.0
57653;Silly-en-Saulnois;4;0.0
57653;Silly-en-Saulnois;5;0.0
57653;Silly-en-Saulnois;6;0.0
57654;Silly-sur-Nied;1;5.31906200896852
57654;Silly-sur-Nied;2;10.3707742129871
57654;Silly-sur-Nied;3;75.64207050907086
57654;Silly-sur-Nied;4;96.86591860232996
57654;Silly-sur-Nied;5;80.4136706290579
57654;Silly-sur-Nied;6;66.55425880730233
57655;Solgne;1;20.22878702718367
57655;Solgne;2;30.12479249748432
57655;Solgne;3;65.54692609974242
57655;Solgne;4;166.16926003815678
57655;Solgne;5;155.69248208992258
57655;Solgne;6;85.51415282846189
57656;Sorbey;1;9.83804841102388
57656;Sorbey;2;4.87269418427657
57656;Sorbey;3;19.957609406858857
57656;Sorbey;4;49.09934824134812
57656;Sorbey;5;59.26523925841841
57656;Sorbey;6;34.71512253346702
57657;Sotzeling;5;7.66666666666667
57658;Soucht;2;5.24140842986746
57658;Soucht;3;44.88060180823465
57658;Soucht;4;114.5822068658666
57658;Soucht;5;134.42655932427303
57658;Soucht;6;150.24897343802243
57659;Spicheren;1;5.16013101826646
57659;Spicheren;2;91.34500597790556
57659;Spicheren;3;286.8097015613089
57659;Spicheren;4;386.89874343763836
57659;Spicheren;5;410.49965667834084
57659;Spicheren;6;360.9347441705383
57660;Stiring-Wendel;2;152.61320862677655
57660;Stiring-Wendel;3;193.06094477790936
57660;Stiring-Wendel;4;589.7644959956407
57660;Stiring-Wendel;5;1118.042568200092
57660;Stiring-Wendel;6;1559.3649092955907
57661;Sturzelbronn;2;11.33333333333334
57661;Sturzelbronn;4;5.66666666666667
57661;Sturzelbronn;5;34.000000000000014
57661;Sturzelbronn;6;34.000000000000014
57662;Suisse;2;6.0625
57662;Suisse;4;30.3125
57662;Suisse;5;12.125
57662;Suisse;6;12.125
57663;Talange;2;116.59308820377301
57663;Talange;3;304.05008513384655
57663;Talange;4;795.5640829169107
57663;Talange;5;1231.2512529051962
57663;Talange;6;987.650992881998
57664;Tarquimpol;1;4.35714285714286
57664;Tarquimpol;5;8.71428571428572
57664;Tarquimpol;6;8.71428571428572
57665;Tenteling;1;9.96121325703532
57665;Tenteling;2;30.2694271744088
57665;Tenteling;3;60.92383274681159
57665;Tenteling;4;161.43936223097762
57665;Tenteling;5;116.09381361969636
57665;Tenteling;6;85.64168534684096
57666;Terville;2;140.27516143276972
57666;Terville;3;406.54557970556453
57666;Terville;4;981.6043352248436
57666;Terville;5;979.658662951638
57666;Terville;6;737.4574275277728
57667;Téterchen;1;5.04109582872612
57667;Téterchen;2;5.12984406810338
57667;Téterchen;3;29.55639005583825
57667;Téterchen;4;98.67611689706384
57667;Téterchen;5;108.75385996585709
57667;Téterchen;6;104.83623204368214
57668;Teting-sur-Nied;2;25.5157894080056
57668;Teting-sur-Nied;3;61.36224940652554
57668;Teting-sur-Nied;4;137.78023468166504
57668;Teting-sur-Nied;5;188.87614401820872
57668;Teting-sur-Nied;6;179.1694148226479
57669;Théding;2;44.336080255436265
57669;Théding;3;38.38177880443782
57669;Théding;4;269.3215674561971
57669;Théding;5;266.4923806897879
57669;Théding;6;289.2734778486603
57670;Thicourt;3;10.15384615384616
57670;Thicourt;4;10.15384615384616
57670;Thicourt;5;20.30769230769232
57670;Thicourt;6;20.30769230769236
57671;Thimonville;2;9.8
57671;Thimonville;3;4.9
57671;Thimonville;4;29.400000000000002
57671;Thimonville;5;24.5
57671;Thimonville;6;14.700000000000001
57672;Thionville;1;18.657201610002602
57672;Thionville;2;826.9800529350764
57672;Thionville;3;3946.9662620140366
57672;Thionville;4;4966.3672246932365
57672;Thionville;5;6126.589901971797
57672;Thionville;6;3038.5060447251653
57673;Thonville;2;5.0
57673;Thonville;3;10.0
57673;Thonville;4;10.0
57674;Tincry;1;9.88571428571428
57674;Tincry;3;9.88571428571428
57674;Tincry;4;14.828571428571422
57674;Tincry;5;44.4857142857143
57674;Tincry;6;14.828571428571422
57675;Torcheville;1;10.2608695652174
57675;Torcheville;4;20.5217391304348
57675;Torcheville;5;15.3913043478261
57675;Torcheville;6;10.2608695652174
57676;Tragny;3;6.35714285714286
57676;Tragny;4;12.71428571428572
57676;Tragny;5;19.07142857142858
57677;Trémery;1;5.21887629483936
57677;Trémery;2;25.08924443731662
57677;Trémery;3;100.4758210768581
57677;Trémery;4;149.22342634870765
57677;Trémery;5;143.52287514147153
57677;Trémery;6;108.12038953800624
57678;Tressange;1;4.83176631026626
57678;Tressange;2;38.95657939310761
57678;Tressange;3;150.65953482462047
57678;Tressange;4;262.3784082050772
57678;Tressange;5;364.67378077014376
57678;Tressange;6;272.4722601565903
57679;Tritteling-Redlach;2;15.15518750704287
57679;Tritteling-Redlach;3;9.7380306431094
57679;Tritteling-Redlach;4;116.65594625934038
57679;Tritteling-Redlach;5;44.840900836698026
57679;Tritteling-Redlach;6;66.397745070023
57680;Troisfontaines;1;4.86610770267169
57680;Troisfontaines;2;25.01818009600581
57680;Troisfontaines;3;49.68397389381148
57680;Troisfontaines;4;92.21012455195796
57680;Troisfontaines;5;197.14133083705346
57680;Troisfontaines;6;167.90725829438503
57681;Tromborn;2;5.15636320385241
57681;Tromborn;3;5.15636320385241
57681;Tromborn;4;52.30725501764073
57681;Tromborn;5;32.19779204696467
57681;Tromborn;6;50.760401253131235
57682;Turquestein-Blancrupt;1;0.0
57682;Turquestein-Blancrupt;2;0.0
57682;Turquestein-Blancrupt;3;0.0
57682;Turquestein-Blancrupt;4;0.0
57682;Turquestein-Blancrupt;5;0.0
57682;Turquestein-Blancrupt;6;0.0
57683;Uckange;1;9.9598989954951
57683;Uckange;2;129.91973577624103
57683;Uckange;3;189.52198241011934
57683;Uckange;4;618.8432117013236
57683;Uckange;5;803.1764465134233
57683;Uckange;6;864.2946220359888
57684;Vahl-Ebersing;1;10.365223190628
57684;Vahl-Ebersing;2;9.79074085091691
57684;Vahl-Ebersing;3;35.11492047796534
57684;Vahl-Ebersing;4;110.50384142873075
57684;Vahl-Ebersing;5;50.67805546556466
57684;Vahl-Ebersing;6;29.725318847525507
57685;Vahl-lès-Bénestroff;1;9.27272727272728
57685;Vahl-lès-Bénestroff;3;4.63636363636364
57685;Vahl-lès-Bénestroff;4;13.9090909090909
57685;Vahl-lès-Bénestroff;5;9.27272727272728
57685;Vahl-lès-Bénestroff;6;23.1818181818182
57686;Vahl-lès-Faulquemont;2;10.5843940959985
57686;Vahl-lès-Faulquemont;4;48.0038981640192
57686;Vahl-lès-Faulquemont;5;31.754405664696378
57686;Vahl-lès-Faulquemont;6;21.2262985262639
57687;Vallerange;1;5.02380952380952
57687;Vallerange;2;5.02380952380952
57687;Vallerange;3;15.07142857142856
57687;Vallerange;4;10.04761904761904
57687;Vallerange;5;25.11904761904764
57687;Vallerange;6;30.14285714285716
57689;Valmestroff;2;8.53378924516179
57689;Valmestroff;3;19.02615970709564
57689;Valmestroff;4;47.56717180371267
57689;Valmestroff;5;14.257602772409111
57689;Valmestroff;6;38.33013132251947
57690;Valmont;2;49.497579291259
57690;Valmont;3;145.8470343327787
57690;Valmont;4;299.1445254152822
57690;Valmont;5;273.2143745083812
57690;Valmont;6;356.9230746424341
57691;Valmunster;1;4.15
57691;Valmunster;3;4.15
57691;Valmunster;4;8.3
57691;Valmunster;6;4.15
57692;Vannecourt;4;17.75
57692;Vannecourt;6;13.3125
57693;Vantoux;2;25.32992065583661
57693;Vantoux;3;82.51669765774564
57693;Vantoux;4;109.12635223140956
57693;Vantoux;5;65.185220750558
57693;Vantoux;6;26.68923497093637
57694;Vany;1;10.3197782953901
57694;Vany;2;10.34195705459793
57694;Vany;3;62.02963540102184
57694;Vany;4;72.30491271847815
57694;Vany;5;41.3567986392986
57694;Vany;6;5.18769031678116
57695;Varize-Vaudoncourt;2;15.62474887373442
57695;Varize-Vaudoncourt;3;59.51302599365647
57695;Varize-Vaudoncourt;4;70.45882107191157
57695;Varize-Vaudoncourt;5;50.20619303740611
57695;Varize-Vaudoncourt;6;60.28239830791762
57696;Varsberg;2;35.89443697910017
57696;Varsberg;3;40.7854928797409
57696;Varsberg;4;89.90686469775562
57696;Varsberg;5;117.20898368417285
57696;Varsberg;6;142.92240971926904
57697;Vasperviller;2;4.78554340664879
57697;Vasperviller;3;19.14034024063357
57697;Vasperviller;4;52.66299427142789
57697;Vasperviller;5;43.086404486656676
57697;Vasperviller;6;14.36580206888716
57698;Vatimont;1;9.48061045666264
57698;Vatimont;3;4.55319501644975
57698;Vatimont;4;36.62724539697377
57698;Vatimont;5;32.009189051631736
57698;Vatimont;6;68.81475781715262
57700;Vaudreching;3;15.200888231163582
57700;Vaudreching;4;14.693097188603172
57700;Vaudreching;5;39.49789828518523
57700;Vaudreching;6;85.42649758225386
57701;Vaux;1;9.80923647849248
57701;Vaux;2;34.24892805971529
57701;Vaux;3;116.77940977784274
57701;Vaux;4;83.832812238996
57701;Vaux;5;49.67259726342243
57701;Vaux;6;53.69746808276053
57702;Vaxy;2;4.70571865009031
57702;Vaxy;3;9.41143730018062
57702;Vaxy;4;14.117155950270929
57702;Vaxy;5;9.41143730018062
57702;Vaxy;6;9.41143730018062
57703;Veckersviller;1;14.45109751883925
57703;Veckersviller;2;9.6340650125595
57703;Veckersviller;4;14.025287333814681
57703;Veckersviller;5;9.54703890563057
57703;Veckersviller;6;66.40520535688054
57704;Veckring;2;24.68532716009633
57704;Veckring;3;18.84346675116387
57704;Veckring;4;83.41104445773819
57704;Veckring;5;51.98724444358806
57704;Veckring;6;80.6387196104725
57705;Velving;2;4.77272727272727
57705;Velving;4;28.63636363636362
57705;Velving;5;33.40909090909091
57705;Velving;6;38.18181818181815
57706;Vergaville;1;15.1084176565147
57706;Vergaville;2;18.84842022733077
57706;Vergaville;3;9.412594047756961
57706;Vergaville;4;28.55093843203069
57706;Vergaville;5;47.98300869524322
57706;Vergaville;6;94.80649582483595
57707;Vernéville;1;5.04469364819399
57707;Vernéville;2;25.32177683901252
57707;Vernéville;3;40.45575599900699
57707;Vernéville;4;131.56252347317886
57707;Vernéville;5;101.18858387753654
57707;Vernéville;6;60.72525698550629
57708;Verny;2;46.28035720894775
57708;Verny;3;199.52472302346843
57708;Verny;4;309.5057007260588
57708;Verny;5;253.00401335717467
57708;Verny;6;134.29139030921291
57709;Vescheim;2;5.12175534429868
57709;Vescheim;3;14.24737794689074
57709;Vescheim;4;42.62195630036228
57709;Vescheim;5;28.784415857471892
57709;Vescheim;6;42.90772381662903
57711;Vibersviller;1;9.68152284316811
57711;Vibersviller;2;24.111945404713172
57711;Vibersviller;3;4.60936764310194
57711;Vibersviller;4;29.6570446845579
57711;Vibersviller;5;34.26141503661778
57711;Vibersviller;6;73.74919550640722
57712;Vic-sur-Seille;1;4.93884761425654
57712;Vic-sur-Seille;2;25.46247207975959
57712;Vic-sur-Seille;3;39.78995959227353
57712;Vic-sur-Seille;4;130.2111068253094
57712;Vic-sur-Seille;5;180.31482827996993
57712;Vic-sur-Seille;6;99.82142516161174
57713;Vieux-Lixheim;2;20.16326530612244
57713;Vieux-Lixheim;3;5.04081632653061
57713;Vieux-Lixheim;4;55.44897959183661
57713;Vieux-Lixheim;5;20.16326530612242
57713;Vieux-Lixheim;6;45.36734693877543
57714;Haute-Vigneulles;1;20.79952929273363
57714;Haute-Vigneulles;3;15.59985754986289
57714;Haute-Vigneulles;4;62.39974606165954
57714;Haute-Vigneulles;5;36.39980799576035
57714;Haute-Vigneulles;6;57.20007432305281
57715;Vigny;1;5.41697258366383
57715;Vigny;2;16.08651944524361
57715;Vigny;3;21.0165147866586
57715;Vigny;4;52.86941288686312
57715;Vigny;5;52.22546447971354
57715;Vigny;6;36.701960249299006
57716;Vigy;1;20.85032965704387
57716;Vigy;2;60.966663959541236
57716;Vigy;3;142.91650838346555
57716;Vigy;4;254.87660410189
57716;Vigy;5;202.2096742220071
57716;Vigy;6;108.7533608183673
57717;Viller;1;4.53846153846154
57717;Viller;3;4.53846153846154
57717;Viller;4;9.07692307692308
57717;Viller;5;22.6923076923077
57717;Viller;6;40.84615384615386
57718;Villers-Stoncourt;1;10.4285714285714
57718;Villers-Stoncourt;2;10.42857142857142
57718;Villers-Stoncourt;3;20.85714285714282
57718;Villers-Stoncourt;4;10.42857142857142
57718;Villers-Stoncourt;5;46.92857142857135
57718;Villers-Stoncourt;6;26.071428571428513
57719;Villers-sur-Nied;1;6.30769230769231
57719;Villers-sur-Nied;2;6.30769230769231
57719;Villers-sur-Nied;5;18.92307692307693
57719;Villers-sur-Nied;6;18.92307692307693
57720;Villing;2;35.6736046398847
57720;Villing;3;51.0697308716785
57720;Villing;4;96.9328125772247
57720;Villing;5;76.379560979428
57720;Villing;6;61.05893421254652
57721;Vilsberg;2;15.10197743014705
57721;Vilsberg;3;15.096856621351549
57721;Vilsberg;4;30.19883405149861
57721;Vilsberg;5;50.23217085324236
57721;Vilsberg;6;20.53576270381583
57723;Virming;1;4.78132228784308
57723;Virming;3;15.989238976836159
57723;Virming;4;20.08831948311709
57723;Virming;5;39.6563054089914
57723;Virming;6;50.44315051553392
57724;Vitry-sur-Orne;2;70.60342561209798
57724;Vitry-sur-Orne;3;148.32810402631094
57724;Vitry-sur-Orne;4;434.8778141696052
57724;Vitry-sur-Orne;5;373.13826575359906
57724;Vitry-sur-Orne;6;297.3056103407164
57725;Vittersbourg;1;4.35557452080413
57725;Vittersbourg;2;4.62797312850773
57725;Vittersbourg;3;20.62957240327381
57725;Vittersbourg;4;18.23949390632732
57725;Vittersbourg;5;20.89977352465704
57725;Vittersbourg;6;33.63985729799356
57726;Vittoncourt;1;10.3307499308291
57726;Vittoncourt;2;10.31338853927293
57726;Vittoncourt;3;25.75748761438848
57726;Vittoncourt;4;46.24572348559474
57726;Vittoncourt;5;66.9591912077674
57726;Vittoncourt;6;41.219123142342895
57727;Viviers;2;5.43478260869565
57727;Viviers;3;21.7391304347826
57727;Viviers;4;5.43478260869565
57727;Viviers;5;5.43478260869565
57727;Viviers;6;21.7391304347826
57728;Voimhaut;1;9.38181818181818
57728;Voimhaut;2;4.69090909090909
57728;Voimhaut;3;14.072727272727269
57728;Voimhaut;4;46.90909090909094
57728;Voimhaut;5;32.83636363636366
57728;Voimhaut;6;32.83636363636363
57730;Volmerange-lès-Boulay;2;16.60092819166687
57730;Volmerange-lès-Boulay;3;56.83394707157325
57730;Volmerange-lès-Boulay;4;75.24606092682724
57730;Volmerange-lès-Boulay;5;80.21756755907585
57730;Volmerange-lès-Boulay;6;45.689348080547376
57731;Volmerange-les-Mines;2;39.54307893293522
57731;Volmerange-les-Mines;3;173.3991428718988
57731;Volmerange-les-Mines;4;390.407922652723
57731;Volmerange-les-Mines;5;291.31848449100943
57731;Volmerange-les-Mines;6;183.10911360103987
57732;Volmunster;1;4.87016474608705
57732;Volmunster;2;9.80504221374142
57732;Volmunster;3;14.73970612892727
57732;Volmunster;4;68.73311484971539
57732;Volmunster;5;68.82922152253944
57732;Volmunster;6;117.66327997457046
57733;Volstroff;1;5.16024496452955
57733;Volstroff;2;35.18901736216653
57733;Volstroff;3;101.15731783366286
57733;Volstroff;4;394.2625738837641
57733;Volstroff;5;322.95379315357445
57733;Volstroff;6;166.19825672601326
57734;Voyer;1;4.882430078737
57734;Voyer;2;5.50429527898545
57734;Voyer;3;10.06647645510832
57734;Voyer;4;67.82356334988539
57734;Voyer;5;59.58283656090692
57734;Voyer;6;27.24079479251824
57736;Vry;1;4.59730322951583
57736;Vry;2;36.453564640133806
57736;Vry;3;73.92964553242756
57736;Vry;4;88.04907046101525
57736;Vry;5;65.84885242385025
57736;Vry;6;46.57020031561446
57737;Vulmont;2;4.57142857142857
57737;Vulmont;4;9.14285714285714
57737;Vulmont;5;9.14285714285714
57738;Waldhouse;2;22.931053182196372
57738;Waldhouse;3;14.82141795916495
57738;Waldhouse;4;15.97325750673504
57738;Waldhouse;5;42.93477854166527
57738;Waldhouse;6;79.71943399558388
57739;Waldweistroff;2;15.09447965306755
57739;Waldweistroff;3;4.93398461409317
57739;Waldweistroff;4;69.75959739202911
57739;Waldweistroff;5;40.40078142814508
57739;Waldweistroff;6;80.1162628382635
57740;Waldwisse;2;5.00866158526561
57740;Waldwisse;3;40.32345559443963
57740;Waldwisse;4;110.21735488169816
57740;Waldwisse;5;100.55122771962796
57740;Waldwisse;6;110.30198208531993
57741;Walschbronn;1;4.7477032965919
57741;Walschbronn;2;14.06391474701668
57741;Walschbronn;3;9.89238506223327
57741;Walschbronn;4;23.948331285923118
57741;Walschbronn;5;72.46621736096822
57741;Walschbronn;6;54.006841503294424
57742;Walscheid;1;5.1642981488975
57742;Walscheid;2;30.985788893385
57742;Walscheid;3;48.27817236826784
57742;Walscheid;4;110.49456340047387
57742;Walscheid;5;129.8391840952525
57742;Walscheid;6;221.08459883613904
57743;Waltembourg;2;10.08510638297872
57743;Waltembourg;3;10.08510638297872
57743;Waltembourg;4;55.4680851063829
57743;Waltembourg;5;15.12765957446808
57743;Waltembourg;6;35.29787234042552
57745;Wiesviller;2;24.58949049110973
57745;Wiesviller;3;35.60578013164909
57745;Wiesviller;4;108.40585013424524
57745;Wiesviller;5;130.2197974750874
57745;Wiesviller;6;113.51501480473344
57746;Willerwald;1;10.226248896677
57746;Willerwald;2;35.83306348831909
57746;Willerwald;3;81.72866036799239
57746;Willerwald;4;184.0734975194557
57746;Willerwald;5;153.4626895255122
57746;Willerwald;6;209.62576581799658
57747;Wintersbourg;1;4.87842789815483
57747;Wintersbourg;3;26.441953834407222
57747;Wintersbourg;4;47.64877099877222
57747;Wintersbourg;5;26.45604067594433
57747;Wintersbourg;6;21.39561002010693
57748;Wittring;2;14.4691388122761
57748;Wittring;3;24.77997097149499
57748;Wittring;4;48.53393028491978
57748;Wittring;5;93.01988274270023
57748;Wittring;6;117.07313174803326
57749;Vœlfling-lès-Bouzonville;1;5.09677419354839
57749;Vœlfling-lès-Bouzonville;3;5.09677419354839
57749;Vœlfling-lès-Bouzonville;4;15.290322580645169
57749;Vœlfling-lès-Bouzonville;5;5.09677419354839
57749;Vœlfling-lès-Bouzonville;6;15.290322580645169
57750;Wœlfling-lès-Sarreguemines;1;4.85316052559539
57750;Wœlfling-lès-Sarreguemines;2;5.03573850979073
57750;Wœlfling-lès-Sarreguemines;3;33.84227175123521
57750;Wœlfling-lès-Sarreguemines;4;87.96420910271621
57750;Wœlfling-lès-Sarreguemines;5;53.40462466833306
57750;Wœlfling-lès-Sarreguemines;6;92.08729769575278
57751;Woippy;1;5.69089646170161
57751;Woippy;2;271.4583367728874
57751;Woippy;3;580.2710797409529
57751;Woippy;4;1107.0184905975834
57751;Woippy;5;1463.5748249109874
57751;Woippy;6;1596.5501920932747
57752;Woustviller;2;68.79578764228333
57752;Woustviller;3;129.14826004639724
57752;Woustviller;4;322.28016706411455
57752;Woustviller;5;291.4916606004002
57752;Woustviller;6;287.808902132511
57753;Wuisse;1;9.07692307692308
57753;Wuisse;4;4.53846153846154
57753;Wuisse;5;4.53846153846154
57753;Wuisse;6;4.53846153846154
57754;Xanrey;1;11.4736842105263
57754;Xanrey;2;5.73684210526316
57754;Xanrey;3;5.73684210526316
57754;Xanrey;4;17.21052631578948
57754;Xanrey;6;17.21052631578948
57755;Xocourt;3;14.14285714285713
57755;Xocourt;4;14.14285714285713
57755;Xocourt;5;4.71428571428571
57756;Xouaxange;2;15.676840115564339
57756;Xouaxange;3;5.16876205181641
57756;Xouaxange;4;51.7092385368588
57756;Xouaxange;5;46.55137250739655
57756;Xouaxange;6;21.02178390703362
57757;Yutz;2;269.2523841956743
57757;Yutz;3;1437.969157485056
57757;Yutz;4;2117.724897077489
57757;Yutz;5;2317.006226360182
57757;Yutz;6;1472.095386387297
57759;Zarbeling;3;5.58333333333333
57759;Zarbeling;4;11.16666666666666
57759;Zarbeling;5;5.58333333333333
57759;Zarbeling;6;5.58333333333333
57760;Zetting;2;9.781792348004029
57760;Zetting;3;19.53001416253051
57760;Zetting;4;103.06734913107545
57760;Zetting;5;88.37437987241529
57760;Zetting;6;64.00592227548925
57761;Zilling;3;24.73474275379553
57761;Zilling;4;29.839357528997322
57761;Zilling;5;55.804981555871265
57761;Zilling;6;41.524800711459136
57762;Zimming;2;20.04668792888123
57762;Zimming;3;20.04675315623733
57762;Zimming;4;85.23920021682034
57762;Zimming;5;75.20691780521216
57762;Zimming;6;70.1907930973294
57763;Zommange;3;11.49999999999999
57763;Zommange;5;3.83333333333333
57763;Zommange;6;7.66666666666666
57764;Zoufftgen;2;20.02089490480908
57764;Zoufftgen;3;151.53573245693306
57764;Zoufftgen;4;224.8408675188837
57764;Zoufftgen;5;160.69887396355884
57764;Zoufftgen;6;84.72639659668464
57765;Diesen;2;29.580813616747513
57765;Diesen;3;34.936739041368895
57765;Diesen;4;118.74139210637662
57765;Diesen;5;71.089360061407
57765;Diesen;6;120.55274873823502
57767;Stuckange;2;18.06218244315479
57767;Stuckange;3;128.91984582081326
57767;Stuckange;4;272.87490758773504
57767;Stuckange;5;175.69117711894197
57767;Stuckange;6;63.24114565595606
67001;Achenheim;2;105.10563072907595
67001;Achenheim;3;323.7460353040192
67001;Achenheim;4;291.70293665715496
67001;Achenheim;5;297.1909313868157
67001;Achenheim;6;143.29982436439056
67002;Adamswiller;1;10.3305435702458
67002;Adamswiller;2;5.14382757163901
67002;Adamswiller;3;5.18680539784997
67002;Adamswiller;4;46.66016382918439
67002;Adamswiller;5;31.14272471489487
67002;Adamswiller;6;67.4078342818461
67003;Albé;1;14.38050532281475
67003;Albé;2;9.8522421093001
67003;Albé;3;20.29142727856629
67003;Albé;4;74.90115062640862
67003;Albé;5;45.2099560267349
67003;Albé;6;79.29241040568407
67004;Sommerau;1;9.70904026726888
67004;Sommerau;2;53.429985909871164
67004;Sommerau;3;53.054176774411225
67004;Sommerau;4;199.17823790166486
67004;Sommerau;5;252.93912153999014
67004;Sommerau;6;197.07625735277574
67005;Alteckendorf;1;10.4627088237894
67005;Alteckendorf;2;18.94384173263149
67005;Alteckendorf;3;99.46402448637087
67005;Alteckendorf;4;103.997726519476
67005;Alteckendorf;5;80.73402250836419
67005;Alteckendorf;6;93.83554110197733
67006;Altenheim;1;5.18181818181818
67006;Altenheim;4;36.27272727272726
67006;Altenheim;5;36.27272727272726
67006;Altenheim;6;31.090909090909122
67008;Altorf;2;30.1897961831853
67008;Altorf;3;120.76594100213276
67008;Altorf;4;206.2794371572057
67008;Altorf;5;206.30994519227278
67008;Altorf;6;211.36921342533878
67009;Altwiller;2;14.39215639028917
67009;Altwiller;3;25.244477525661488
67009;Altwiller;4;40.37490218498772
67009;Altwiller;5;28.350278601235278
67009;Altwiller;6;50.465981053978695
67010;Andlau;1;15.49297341244145
67010;Andlau;2;61.533920787077335
67010;Andlau;3;102.04924175805013
67010;Andlau;4;240.74599062467908
67010;Andlau;5;235.15040587843538
67010;Andlau;6;168.7171531243942
67011;Artolsheim;1;5.0521125956923
67011;Artolsheim;2;25.2705427606843
67011;Artolsheim;3;65.60860886942362
67011;Artolsheim;4;101.01283379567887
67011;Artolsheim;5;95.89180839863134
67011;Artolsheim;6;207.31482336428115
67012;Aschbach;1;10.9237702108893
67012;Aschbach;2;10.52321216192789
67012;Aschbach;4;82.50082761508503
67012;Aschbach;5;79.26696983997253
67012;Aschbach;6;122.5815389885062
67013;Asswiller;1;4.73370375890835
67013;Asswiller;3;21.35417145778057
67013;Asswiller;4;34.89115362820656
67013;Asswiller;5;4.9235834511652
67013;Asswiller;6;36.06089781795763
67016;Avolsheim;1;9.97214225526284
67016;Avolsheim;2;30.68645824587898
67016;Avolsheim;3;39.24588007617188
67016;Avolsheim;4;133.19893353299597
67016;Avolsheim;5;93.79441138461529
67016;Avolsheim;6;49.42440085720945
67017;Baerendorf;1;12.5845001324923
67017;Baerendorf;2;8.78656465663776
67017;Baerendorf;3;8.78656465663776
67017;Baerendorf;4;53.51892945410977
67017;Baerendorf;5;43.83118406378896
67017;Baerendorf;6;35.68775548263035
67018;Balbronn;1;24.93103088051558
67018;Balbronn;2;4.95933423999145
67018;Balbronn;3;25.06541410273163
67018;Balbronn;4;69.97076568881383
67018;Balbronn;5;95.83090897513418
67018;Balbronn;6;100.65504397771389
67019;Baldenheim;1;5.31678079584841
67019;Baldenheim;2;26.58390397924203
67019;Baldenheim;3;86.49598937148536
67019;Baldenheim;4;194.36676032678375
67019;Baldenheim;5;108.40113320417156
67019;Baldenheim;6;203.1890782684741
67020;Barembach;2;19.22136301656179
67020;Barembach;3;20.02291787728343
67020;Barembach;4;80.6629144394222
67020;Barembach;5;84.18831882177568
67020;Barembach;6;139.34168389797054
67021;Barr;2;228.20976460644167
67021;Barr;3;580.3791087515804
67021;Barr;4;822.585644525177
67021;Barr;5;735.2273500327001
67021;Barr;6;764.2882934259936
67022;Bassemberg;2;22.88611612235205
67022;Bassemberg;3;4.51605339104808
67022;Bassemberg;4;13.45140191882542
67022;Bassemberg;5;26.94332758969194
67022;Bassemberg;6;26.63747842258035
67023;Batzendorf;1;5.03538828778958
67023;Batzendorf;2;35.851128002261746
67023;Batzendorf;3;64.46113701785028
67023;Batzendorf;4;109.43897965004292
67023;Batzendorf;5;151.70573600048957
67023;Batzendorf;6;102.2951866144253
67025;Beinheim;1;9.95289417055559
67025;Beinheim;2;45.313276202811025
67025;Beinheim;3;103.62059527799943
67025;Beinheim;4;214.4476557661914
67025;Beinheim;5;249.56683127555627
67025;Beinheim;6;386.40023165161665
67026;Bellefosse;1;4.43229368805904
67026;Bellefosse;2;22.1614684402952
67026;Bellefosse;3;13.296881064177118
67026;Bellefosse;4;13.296881064177118
67026;Bellefosse;5;26.593762128354236
67026;Bellefosse;6;8.86458737611808
67027;Belmont;3;14.027027027027039
67027;Belmont;4;23.3783783783784
67027;Belmont;5;23.37837837837836
67027;Belmont;6;9.35135135135136
67028;Benfeld;1;5.03488181141503
67028;Benfeld;2;132.6745590623889
67028;Benfeld;3;334.05277111177367
67028;Benfeld;4;721.5918145003785
67028;Benfeld;5;663.0530027778717
67028;Benfeld;6;805.2116134605345
67029;Berg;2;10.48853046441527
67029;Berg;3;43.8489463980101
67029;Berg;4;30.09628850407276
67029;Berg;5;43.83145218360919
67029;Berg;6;53.46485745986641
67030;Bergbieten;1;5.06635446747054
67030;Bergbieten;2;46.19046535175018
67030;Bergbieten;3;41.12399839728244
67030;Bergbieten;4;110.16789854523776
67030;Bergbieten;5;77.58568947583032
67030;Bergbieten;6;88.74341094248473
67031;Bernardswiller;1;4.65837408491326
67031;Bernardswiller;2;75.59531524691353
67031;Bernardswiller;3;213.3306514314435
67031;Bernardswiller;4;210.11935826174886
67031;Bernardswiller;5;129.8842975992037
67031;Bernardswiller;6;114.19146974806274
67032;Bernardvillé;1;14.841951811622522
67032;Bernardvillé;2;4.94731727054084
67032;Bernardvillé;3;14.841951811622522
67032;Bernardvillé;4;34.68459780876222
67032;Bernardvillé;5;19.78926908216334
67032;Bernardvillé;6;24.7365863527042
67033;Bernolsheim;2;26.5143192999239
67033;Bernolsheim;3;57.97218392262259
67033;Bernolsheim;4;131.39579667670293
67033;Bernolsheim;5;62.28756690592785
67033;Bernolsheim;6;73.5050473497125
67034;Berstett;1;25.5892319881829
67034;Berstett;2;51.097009053201255
67034;Berstett;3;318.6549315284832
67034;Berstett;4;353.68078165442245
67034;Berstett;5;227.59154478486167
67034;Berstett;6;197.53057007439062
67035;Berstheim;1;4.79195313233789
67035;Berstheim;2;37.75417398925511
67035;Berstheim;3;4.70888914539786
67035;Berstheim;4;98.93162833292956
67035;Berstheim;5;42.342617749038865
67035;Berstheim;6;65.76480879211643
67036;Bettwiller;2;5.28258074875301
67036;Bettwiller;3;9.02612871439809
67036;Bettwiller;4;28.83577985197821
67036;Bettwiller;5;37.80998700450273
67036;Bettwiller;6;41.720018838436104
67037;Biblisheim;2;31.08282368464894
67037;Biblisheim;3;45.8923820952981
67037;Biblisheim;4;25.31810671404058
67037;Biblisheim;5;51.59531803134072
67037;Biblisheim;6;46.33520332082338
67038;Bietlenheim;1;5.24838514563348
67038;Bietlenheim;3;5.39036849721631
67038;Bietlenheim;4;42.57038147974639
67038;Bietlenheim;5;48.67066399784506
67038;Bietlenheim;6;33.2328332536178
67039;Bilwisheim;1;15.4196207895098
67039;Bilwisheim;2;15.50372915667609
67039;Bilwisheim;3;41.34776832692382
67039;Bilwisheim;4;93.19871828106659
67039;Bilwisheim;5;67.35059405746595
67039;Bilwisheim;6;30.92602250652849
67040;Bindernheim;1;15.1926249098657
67040;Bindernheim;2;15.19343154288884
67040;Bindernheim;3;45.32356216191176
67040;Bindernheim;4;115.67832448338329
67040;Bindernheim;5;105.71537574280208
67040;Bindernheim;6;166.43221969004026
67043;Bischheim;1;3.53592292861801
67043;Bischheim;2;419.48397812676893
67043;Bischheim;3;1272.1650285057121
67043;Bischheim;4;2184.246385363689
67043;Bischheim;5;2196.092521591715
67043;Bischheim;6;1557.6189241929617
67044;Bischholtz;2;5.32907750985349
67044;Bischholtz;3;10.26553618883022
67044;Bischholtz;4;41.64731757287659
67044;Bischholtz;5;20.130942689264742
67044;Bischholtz;6;81.17656328988366
67045;Bischoffsheim;1;20.3342852647402
67045;Bischoffsheim;2;79.71273756899818
67045;Bischoffsheim;3;271.67297192663926
67045;Bischoffsheim;4;472.96233805843684
67045;Bischoffsheim;5;329.8415926528735
67045;Bischoffsheim;6;369.72080072862616
67046;Bischwiller;1;8.33401857916858
67046;Bischwiller;2;219.91969087900787
67046;Bischwiller;3;389.3723363316751
67046;Bischwiller;4;1095.480407270965
67046;Bischwiller;5;1237.2828516872041
67046;Bischwiller;6;1823.1592538367172
67047;Bissert;3;11.14285714285714
67047;Bissert;4;16.71428571428571
67047;Bissert;5;16.71428571428571
67047;Bissert;6;27.85714285714277
67048;Bitschhoffen;1;4.97436095114376
67048;Bitschhoffen;2;10.34782478164636
67048;Bitschhoffen;3;25.68571217270182
67048;Bitschhoffen;4;62.940882129770756
67048;Bitschhoffen;5;66.51839538900803
67048;Bitschhoffen;6;66.54336202714816
67049;Blaesheim;1;20.6239941208291
67049;Blaesheim;2;36.760537533032526
67049;Blaesheim;3;99.17724139536895
67049;Blaesheim;4;158.73787724070613
67049;Blaesheim;5;144.4450717544165
67049;Blaesheim;6;132.74058769364467
67050;Blancherupt;4;8.85714285714286
67050;Blancherupt;5;4.42857142857143
67051;Blienschwiller;1;25.28460872531716
67051;Blienschwiller;2;10.422754419997538
67051;Blienschwiller;3;15.10438028487309
67051;Blienschwiller;4;45.3625100043118
67051;Blienschwiller;5;29.505561087036902
67051;Blienschwiller;6;41.409074315887025
67052;Bœrsch;1;15.03575430685965
67052;Bœrsch;2;110.59440823202232
67052;Bœrsch;3;272.40501812829524
67052;Bœrsch;4;368.16558758788284
67052;Bœrsch;5;179.61992482872674
67052;Bœrsch;6;250.10677539264526
67053;Bœsenbiesen;2;14.20024481820009
67053;Bœsenbiesen;3;15.19964789494494
67053;Bœsenbiesen;4;79.97789328573137
67053;Bœsenbiesen;5;24.06030245977293
67053;Bœsenbiesen;6;38.48133596352648
67054;Bolsenheim;2;10.06525560884138
67054;Bolsenheim;3;45.313213282465554
67054;Bolsenheim;4;90.63945662982186
67054;Bolsenheim;5;60.437177935346874
67054;Bolsenheim;6;80.557924507404
67055;Boofzheim;2;29.578687413079123
67055;Boofzheim;3;54.32365404642897
67055;Boofzheim;4;182.44853818415442
67055;Boofzheim;5;192.29947355830484
67055;Boofzheim;6;163.08406600167814
67056;Bootzheim;2;40.607953187646046
67056;Bootzheim;3;30.4393200605192
67056;Bootzheim;4;91.27424617321455
67056;Bootzheim;5;91.45073720041484
67056;Bootzheim;6;116.44074278456033
67057;Bosselshausen;1;4.75
67057;Bosselshausen;2;9.5
67057;Bosselshausen;3;14.25
67057;Bosselshausen;4;9.5
67057;Bosselshausen;5;38.0
67057;Bosselshausen;6;19.0
67058;Bossendorf;1;15.211679931272
67058;Bossendorf;2;10.28536805676298
67058;Bossendorf;3;40.79349579699793
67058;Bossendorf;4;55.83264656038813
67058;Bossendorf;5;46.07372114642514
67058;Bossendorf;6;51.08628505184014
67059;Bourg-Bruche;2;18.9854430443484
67059;Bourg-Bruche;3;28.54877292644498
67059;Bourg-Bruche;4;18.920492312044
67059;Bourg-Bruche;5;43.35395633617373
67059;Bourg-Bruche;6;76.74605061310211
67060;Bourgheim;1;11.1085909901548
67060;Bourgheim;2;19.06356218983873
67060;Bourgheim;3;71.5876037756207
67060;Bourgheim;4;109.97636689152644
67060;Bourgheim;5;70.99943258050907
67060;Bourgheim;6;101.33321101715796
67061;Bouxwiller;1;4.96640729913352
67061;Bouxwiller;2;63.870348057923024
67061;Bouxwiller;3;160.4669958730751
67061;Bouxwiller;4;382.199050191838
67061;Bouxwiller;5;421.152238032898
67061;Bouxwiller;6;466.70157726371406
67062;Breitenau;1;20.61482123503254
67062;Breitenau;3;30.9085010452606
67062;Breitenau;4;56.70905294019487
67062;Breitenau;5;20.60109246190602
67062;Breitenau;6;20.61023414169167
67063;Breitenbach;1;9.96505242332419
67063;Breitenbach;2;24.49400519734377
67063;Breitenbach;3;49.037277667973854
67063;Breitenbach;4;53.37491807237185
67063;Breitenbach;5;101.97628536453956
67063;Breitenbach;6;75.85433622067094
67065;Breuschwickersheim;1;15.13363328018927
67065;Breuschwickersheim;2;50.43642322375451
67065;Breuschwickersheim;3;136.23835414754825
67065;Breuschwickersheim;4;166.4338977188659
67065;Breuschwickersheim;5;105.9442152924415
67065;Breuschwickersheim;6;115.96162897672971
67066;La Broque;1;4.8341438810016
67066;La Broque;2;44.72976598755549
67066;La Broque;3;54.678311453138434
67066;La Broque;4;237.1143980270829
67066;La Broque;5;305.4262313967083
67066;La Broque;6;421.8363872935282
67067;Brumath;1;11.0851435562448
67067;Brumath;2;246.77617630384663
67067;Brumath;3;782.6202159767329
67067;Brumath;4;1366.6250941311544
67067;Brumath;5;1277.8221813657103
67067;Brumath;6;1026.0527713972008
67068;Buswiller;2;4.79891730220542
67068;Buswiller;3;19.61370776306213
67068;Buswiller;4;37.41647632480569
67068;Buswiller;5;28.106663623361904
67068;Buswiller;6;33.22686505819886
67069;Buhl;1;9.90432427257372
67069;Buhl;2;29.649273995111344
67069;Buhl;4;49.36429179153018
67069;Buhl;5;54.50522971575515
67069;Buhl;6;89.20342370643057
67070;Burbach;2;9.67891560531878
67070;Burbach;3;10.10873656897385
67070;Burbach;4;29.896388743266478
67070;Burbach;5;44.994911990842596
67070;Burbach;6;55.68795835338156
67071;Bust;2;14.892913831342529
67071;Bust;3;4.82695995211354
67071;Bust;4;19.44898430516492
67071;Bust;5;60.01115619975318
67071;Bust;6;78.6472588227325
67072;Butten;1;9.85282642049278
67072;Butten;2;9.848752109276699
67072;Butten;3;35.13196045518605
67072;Butten;4;50.0635923350394
67072;Butten;5;100.12911739381033
67072;Butten;6;128.86780629885658
67073;Châtenois;1;35.3521268027103
67073;Châtenois;2;118.67003173705591
67073;Châtenois;3;395.3771358977337
67073;Châtenois;4;641.5414566779559
67073;Châtenois;5;388.0250757982159
67073;Châtenois;6;359.5264137870381
67074;Cleebourg;1;10.0599342924267
67074;Cleebourg;2;5.13917847998822
67074;Cleebourg;3;45.496377376949724
67074;Cleebourg;4;75.56346262717182
67074;Cleebourg;5;55.0113399540992
67074;Cleebourg;6;95.35905176902294
67075;Climbach;3;24.14661356444885
67075;Climbach;4;33.856237965370354
67075;Climbach;5;77.54007645239808
67075;Climbach;6;64.02739483006457
67076;Colroy-la-Roche;1;5.03732353521807
67076;Colroy-la-Roche;2;14.74825266933367
67076;Colroy-la-Roche;3;14.99574803584625
67076;Colroy-la-Roche;4;45.10354043028715
67076;Colroy-la-Roche;5;54.20911588543423
67076;Colroy-la-Roche;6;63.57969536147378
67077;Cosswiller;2;25.75089343166404
67077;Cosswiller;3;40.61523968242524
67077;Cosswiller;4;91.603678677973
67077;Cosswiller;5;71.243024878804
67077;Cosswiller;6;51.25285831785747
67078;Crastatt;1;5.19160524186364
67078;Crastatt;2;10.320769226602799
67078;Crastatt;3;26.14763041699835
67078;Crastatt;4;36.5331305908672
67078;Crastatt;5;36.15997591138422
67078;Crastatt;6;31.593580067643067
67079;Crœttwiller;1;4.81081081081081
67079;Crœttwiller;2;4.81081081081081
67079;Crœttwiller;4;19.24324324324324
67079;Crœttwiller;5;19.24324324324324
67079;Crœttwiller;6;28.864864864864856
67080;Dachstein;2;40.27584436821416
67080;Dachstein;3;220.16778526278392
67080;Dachstein;4;271.0814619447457
67080;Dachstein;5;180.87596164166914
67080;Dachstein;6;120.09041982263179
67081;Dahlenheim;1;10.4055391901368
67081;Dahlenheim;2;31.22403922841808
67081;Dahlenheim;3;101.63428136709935
67081;Dahlenheim;4;104.68615922614039
67081;Dahlenheim;5;76.41073461459247
67081;Dahlenheim;6;65.73450300717911
67082;Dalhunden;2;40.05643151785985
67082;Dalhunden;3;65.90916375698146
67082;Dalhunden;4;156.82294437997678
67082;Dalhunden;5;117.30179386090322
67082;Dalhunden;6;253.67589131074197
67083;Dambach;2;14.69875082128124
67083;Dambach;3;39.00522805412509
67083;Dambach;4;68.5615716775914
67083;Dambach;5;53.75404463127258
67083;Dambach;6;111.96609338675819
67084;Dambach-la-Ville;1;65.5139463278908
67084;Dambach-la-Ville;2;60.45395317833518
67084;Dambach-la-Ville;3;172.32100422800931
67084;Dambach-la-Ville;4;324.45367820998007
67084;Dambach-la-Ville;5;165.87550122142363
67084;Dambach-la-Ville;6;237.44354483084194
67085;Dangolsheim;2;16.44162492525808
67085;Dangolsheim;3;75.87282991210836
67085;Dangolsheim;4;101.84335249837277
67085;Dangolsheim;5;73.79731750537857
67085;Dangolsheim;6;55.69985868559586
67086;Daubensand;2;28.22193448467436
67086;Daubensand;3;22.23873098378028
67086;Daubensand;4;107.63357809598332
67086;Daubensand;5;17.68782374750049
67086;Daubensand;6;24.58751831539017
67087;Dauendorf;1;9.7567639933218
67087;Dauendorf;2;60.52540005071978
67087;Dauendorf;3;65.90102994086124
67087;Dauendorf;4;100.37155740805096
67087;Dauendorf;5;170.57188376749988
67087;Dauendorf;6;182.08278100588973
67088;Dehlingen;1;9.40758054921719
67088;Dehlingen;2;9.10821504228742
67088;Dehlingen;3;10.72837523869411
67088;Dehlingen;4;40.20761553517437
67088;Dehlingen;5;32.495948729296785
67088;Dehlingen;6;56.84081555820506
67089;Dettwiller;1;5.10318702534835
67089;Dettwiller;2;65.43424737481578
67089;Dettwiller;3;100.33319464247008
67089;Dettwiller;4;254.36123628821178
67089;Dettwiller;5;313.5429950050076
67089;Dettwiller;6;323.66503442278605
67090;Diebolsheim;1;4.87916725382992
67090;Diebolsheim;2;24.67484174393932
67090;Diebolsheim;3;38.52332263927897
67090;Diebolsheim;4;93.28761953452454
67090;Diebolsheim;5;102.7703287017404
67090;Diebolsheim;6;150.51970977591597
67091;Diedendorf;2;10.73440699294136
67091;Diedendorf;3;21.44982059388359
67091;Diedendorf;4;43.090590622177956
67091;Diedendorf;5;16.1685953594494
67091;Diedendorf;6;59.18321337695332
67092;Dieffenbach-au-Val;1;5.03901471602203
67092;Dieffenbach-au-Val;2;5.09997239331499
67092;Dieffenbach-au-Val;3;70.4946767042478
67092;Dieffenbach-au-Val;4;105.76709466107253
67092;Dieffenbach-au-Val;5;60.414478995664446
67092;Dieffenbach-au-Val;6;40.37453260489476
67093;Dieffenbach-lès-Wœrth;2;10.22692079890438
67093;Dieffenbach-lès-Wœrth;3;15.245594950993869
67093;Dieffenbach-lès-Wœrth;4;30.533297939594572
67093;Dieffenbach-lès-Wœrth;5;35.76268601183694
67093;Dieffenbach-lès-Wœrth;6;51.00810651095291
67094;Dieffenthal;1;4.96425663526726
67094;Dieffenthal;4;29.635788121990828
67094;Dieffenthal;5;49.66954889352143
67094;Dieffenthal;6;24.83754433162124
67095;Diemeringen;2;45.09307956468386
67095;Diemeringen;3;69.38575502399588
67095;Diemeringen;4;180.0403045961291
67095;Diemeringen;5;108.43799686565018
67095;Diemeringen;6;244.4798261689641
67096;Dimbsthal;2;4.99611465817755
67096;Dimbsthal;4;81.30978951825989
67096;Dimbsthal;5;56.088761913518425
67096;Dimbsthal;6;61.084228440946276
67097;Dingsheim;2;85.08826798583051
67097;Dingsheim;3;194.93381059796923
67097;Dingsheim;4;175.77674920208904
67097;Dingsheim;5;80.2317198608817
67097;Dingsheim;6;55.10837011853009
67098;Dinsheim-sur-Bruche;1;9.926671155856319
67098;Dinsheim-sur-Bruche;2;54.20644751778567
67098;Dinsheim-sur-Bruche;3;165.40350400348913
67098;Dinsheim-sur-Bruche;4;197.01197411170114
67098;Dinsheim-sur-Bruche;5;159.970844904935
67098;Dinsheim-sur-Bruche;6;124.90860182044415
67099;Domfessel;1;14.661456911788651
67099;Domfessel;3;9.988816659680861
67099;Domfessel;4;20.58237689783353
67099;Domfessel;5;30.32436233147306
67099;Domfessel;6;60.48236945299314
67100;Donnenheim;1;10.0533971781698
67100;Donnenheim;2;40.37688656281383
67100;Donnenheim;3;20.12313981344288
67100;Donnenheim;4;40.31166230892756
67100;Donnenheim;5;40.40941956126332
67100;Donnenheim;6;5.04299140760249
67101;Dorlisheim;1;39.4952994411135
67101;Dorlisheim;2;85.10299040016248
67101;Dorlisheim;3;196.62616076661146
67101;Dorlisheim;4;375.8432341761524
67101;Dorlisheim;5;267.5032213128135
67101;Dorlisheim;6;244.16137109231377
67102;Dossenheim-Kochersberg;1;5.08439718768508
67102;Dossenheim-Kochersberg;2;9.59245419291805
67102;Dossenheim-Kochersberg;3;47.672153799550316
67102;Dossenheim-Kochersberg;4;42.73915046557863
67102;Dossenheim-Kochersberg;5;43.44593161435
67102;Dossenheim-Kochersberg;6;43.44166692940838
67103;Dossenheim-sur-Zinsel;2;9.82912085831866
67103;Dossenheim-sur-Zinsel;3;79.41956071541479
67103;Dossenheim-sur-Zinsel;4;129.07624092379183
67103;Dossenheim-sur-Zinsel;5;132.69914132687117
67103;Dossenheim-sur-Zinsel;6;105.49164040375165
67104;Drachenbronn-Birlenbach;1;9.73680525685387
67104;Drachenbronn-Birlenbach;2;19.20287750708258
67104;Drachenbronn-Birlenbach;3;23.82001268220136
67104;Drachenbronn-Birlenbach;4;78.3976649432425
67104;Drachenbronn-Birlenbach;5;68.37444009365406
67104;Drachenbronn-Birlenbach;6;54.33221998098417
67105;Drulingen;1;15.241415706798172
67105;Drulingen;2;43.50693454308888
67105;Drulingen;3;38.834868507418
67105;Drulingen;4;123.83336000595565
67105;Drulingen;5;95.59068051741198
67105;Drulingen;6;183.33353938277784
67106;Drusenheim;2;130.62909131304772
67106;Drusenheim;3;317.58679081086103
67106;Drusenheim;4;616.7976449608333
67106;Drusenheim;5;671.4778208708522
67106;Drusenheim;6;654.8360369910018
67107;Duntzenheim;1;10.0202602353357
67107;Duntzenheim;2;20.0272930797619
67107;Duntzenheim;3;45.05484138143852
67107;Duntzenheim;4;100.22228255305144
67107;Duntzenheim;5;75.12217928396348
67107;Duntzenheim;6;70.09559098000472
67108;Duppigheim;1;5.8540585683905
67108;Duppigheim;2;40.91714452159206
67108;Duppigheim;3;99.16510587794387
67108;Duppigheim;4;280.33366118315536
67108;Duppigheim;5;210.33071011883678
67108;Duppigheim;6;233.42427545436286
67109;Durningen;1;9.56750945996608
67109;Durningen;2;33.73101075349416
67109;Durningen;3;73.22885994396158
67109;Durningen;4;92.4477243013084
67109;Durningen;5;97.4747615968466
67109;Durningen;6;38.84061051002364
67110;Durrenbach;1;5.21325316105308
67110;Durrenbach;2;25.76683650435324
67110;Durrenbach;3;51.08560387983722
67110;Durrenbach;4;97.77652504538759
67110;Durrenbach;5;158.69619425730843
67110;Durrenbach;6;175.16445044335975
67111;Durstel;2;14.72621610786784
67111;Durstel;3;5.04656887906115
67111;Durstel;4;48.91467910951534
67111;Durstel;5;48.91686375176862
67111;Durstel;6;74.77543020533417
67112;Duttlenheim;1;14.42408574018115
67112;Duttlenheim;2;81.72003995615307
67112;Duttlenheim;3;226.3795015254972
67112;Duttlenheim;4;463.472643441347
67112;Duttlenheim;5;313.5136710799557
67112;Duttlenheim;6;256.0614224481124
67113;Eberbach-Seltz;2;15.133729812458782
67113;Eberbach-Seltz;3;40.42080385894906
67113;Eberbach-Seltz;4;45.41221723547923
67113;Eberbach-Seltz;5;55.505010424451086
67113;Eberbach-Seltz;6;65.57034795974587
67115;Ebersheim;1;34.3529420406192
67115;Ebersheim;2;64.083707545856
67115;Ebersheim;3;153.26540936183662
67115;Ebersheim;4;283.14407177146575
67115;Ebersheim;5;262.69305174961033
67115;Ebersheim;6;334.7602083446816
67116;Ebersmunster;2;19.34978135001527
67116;Ebersmunster;3;9.73216234106889
67116;Ebersmunster;4;87.20917853462008
67116;Ebersmunster;5;68.12665694249642
67116;Ebersmunster;6;56.73022263686723
67117;Eckartswiller;3;19.0100208047501
67117;Eckartswiller;4;62.13170503442214
67117;Eckartswiller;5;67.417471224276
67117;Eckartswiller;6;54.07809614263892
67118;Eckbolsheim;1;5.17777314298564
67118;Eckbolsheim;2;222.14887085430956
67118;Eckbolsheim;3;564.4914297016168
67118;Eckbolsheim;4;963.2617662909539
67118;Eckbolsheim;5;952.8983627729015
67118;Eckbolsheim;6;528.2322275877947
67119;Eckwersheim;2;73.3205269584621
67119;Eckwersheim;3;180.5744988945441
67119;Eckwersheim;4;170.92215305348174
67119;Eckwersheim;5;141.4175148046329
67119;Eckwersheim;6;93.11261629255993
67120;Eichhoffen;1;9.68454220832868
67120;Eichhoffen;2;26.54329889498134
67120;Eichhoffen;3;32.92770742920163
67120;Eichhoffen;4;75.43867076190543
67120;Eichhoffen;5;61.503073206968246
67120;Eichhoffen;6;71.44213973397922
67121;Elsenheim;1;5.01249050492385
67121;Elsenheim;3;25.35970354591017
67121;Elsenheim;4;90.31759849240505
67121;Elsenheim;5;110.43858395261267
67121;Elsenheim;6;135.13713672847254
67122;Wangenbourg-Engenthal;1;5.04191483594034
67122;Wangenbourg-Engenthal;2;65.32767704460404
67122;Wangenbourg-Engenthal;3;85.43932717739541
67122;Wangenbourg-Engenthal;4;160.51022346316935
67122;Wangenbourg-Engenthal;5;130.76241938753824
67122;Wangenbourg-Engenthal;6;140.90417554321536
67123;Engwiller;1;9.88062405941146
67123;Engwiller;2;28.863290888672132
67123;Engwiller;3;20.24678094777201
67123;Engwiller;4;48.478096201579824
67123;Engwiller;5;93.45278465969166
67123;Engwiller;6;100.05448192494248
67124;Entzheim;2;117.34928350368648
67124;Entzheim;3;213.9968243444365
67124;Entzheim;4;324.66923574245584
67124;Entzheim;5;311.04504108330696
67124;Entzheim;6;188.80580609762802
67125;Epfig;1;59.28914257764074
67125;Epfig;2;56.26028252841314
67125;Epfig;3;144.32723218560926
67125;Epfig;4;304.0746096167372
67125;Epfig;5;259.15375876083834
67125;Epfig;6;305.00489184507035
67126;Erckartswiller;1;4.58788420307372
67126;Erckartswiller;2;19.15429560411404
67126;Erckartswiller;3;28.2055387298397
67126;Erckartswiller;4;18.49459779581284
67126;Erckartswiller;5;19.02250744322732
67126;Erckartswiller;6;33.45322975504083
67127;Ergersheim;2;19.32594949803124
67127;Ergersheim;3;188.67990671750556
67127;Ergersheim;4;216.82034058146746
67127;Ergersheim;5;157.4073248557437
67127;Ergersheim;6;140.862741930024
67128;Ernolsheim-Bruche;1;4.87427615755952
67128;Ernolsheim-Bruche;2;95.32061547113119
67128;Ernolsheim-Bruche;3;205.98065165836772
67128;Ernolsheim-Bruche;4;288.60713665257856
67128;Ernolsheim-Bruche;5;137.13740605932432
67128;Ernolsheim-Bruche;6;94.39922474204663
67129;Ernolsheim-lès-Saverne;1;15.1773736554209
67129;Ernolsheim-lès-Saverne;2;15.17798805666353
67129;Ernolsheim-lès-Saverne;3;25.13798216613158
67129;Ernolsheim-lès-Saverne;4;70.75480763463334
67129;Ernolsheim-lès-Saverne;5;75.61004560353794
67129;Ernolsheim-lès-Saverne;6;65.64882775569315
67130;Erstein;1;12.04344426692391
67130;Erstein;2;168.79569859617985
67130;Erstein;3;757.8966195345027
67130;Erstein;4;1134.9290363617056
67130;Erstein;5;1343.796777838094
67130;Erstein;6;1387.849949444538
67131;Eschau;2;164.8089073590388
67131;Eschau;3;577.5218834898875
67131;Eschau;4;830.9137050492624
67131;Eschau;5;662.7461670347974
67131;Eschau;6;487.39687029913836
67132;Eschbach;2;9.84484789311615
67132;Eschbach;3;81.07225250223084
67132;Eschbach;4;137.60031691800444
67132;Eschbach;5;124.8013602847566
67132;Eschbach;6;124.43289973392399
67133;Eschbourg;2;20.083625693992648
67133;Eschbourg;3;10.03105736639782
67133;Eschbourg;4;55.020099008010675
67133;Eschbourg;5;55.170956097339236
67133;Eschbourg;6;105.15341159876452
67134;Eschwiller;2;10.0
67134;Eschwiller;3;5.0
67134;Eschwiller;4;20.0
67134;Eschwiller;5;15.0
67134;Eschwiller;6;30.0
67135;Ettendorf;2;20.58918457485781
67135;Ettendorf;3;34.55447147971055
67135;Ettendorf;4;137.4968145941869
67135;Ettendorf;5;57.770159975243956
67135;Ettendorf;6;89.8003054841841
67136;Eywiller;2;9.35455728566262
67136;Eywiller;3;9.51046308381065
67136;Eywiller;4;18.870585100404618
67136;Eywiller;5;22.90522797638537
67136;Eywiller;6;27.27320518785975
67137;Fegersheim;1;5.04463138199643
67137;Fegersheim;2;176.23170754636755
67137;Fegersheim;3;562.7891096070107
67137;Fegersheim;4;806.5631875771121
67137;Fegersheim;5;711.8065431140525
67137;Fegersheim;6;493.5488378340667
67138;Fessenheim-le-Bas;1;28.7032771210488
67138;Fessenheim-le-Bas;2;15.17668213614276
67138;Fessenheim-le-Bas;3;80.02282651681108
67138;Fessenheim-le-Bas;4;84.69685225796802
67138;Fessenheim-le-Bas;5;79.31264204790986
67138;Fessenheim-le-Bas;6;55.19630533568812
67139;Flexbourg;2;19.60845140459379
67139;Flexbourg;3;48.89328486386446
67139;Flexbourg;4;67.70923845308347
67139;Flexbourg;5;48.89984453687397
67139;Flexbourg;6;24.80985341919645
67140;Forstfeld;2;21.268442866699118
67140;Forstfeld;3;33.00297362756686
67140;Forstfeld;4;99.2183462095604
67140;Forstfeld;5;125.29114930137462
67140;Forstfeld;6;109.64169581213056
67141;Forstheim;1;5.19756662302996
67141;Forstheim;2;10.2171363308147
67141;Forstheim;3;15.53314006199429
67141;Forstheim;4;87.35226642753263
67141;Forstheim;5;61.83887207197681
67141;Forstheim;6;77.13786803249812
67142;Fort-Louis;2;4.77681928646524
67142;Fort-Louis;3;20.81247227633185
67142;Fort-Louis;4;39.90133633706784
67142;Fort-Louis;5;29.724916642773792
67142;Fort-Louis;6;60.29849617485016
67143;Fouchy;2;14.867941761238441
67143;Fouchy;3;64.5979398738674
67143;Fouchy;4;88.52770425966774
67143;Fouchy;5;73.46578654290855
67143;Fouchy;6;68.54757392076287
67144;Fouday;3;10.32336172767602
67144;Fouday;4;48.512568923364405
67144;Fouday;5;66.25839713552352
67144;Fouday;6;43.18028532522545
67145;Friedolsheim;2;4.98647365196903
67145;Friedolsheim;3;4.98647365196903
67145;Friedolsheim;4;35.52030140083579
67145;Friedolsheim;5;40.812114085379534
67145;Friedolsheim;6;25.65253836636733
67146;Friesenheim;1;9.95079901144222
67146;Friesenheim;2;9.95079901144222
67146;Friesenheim;3;15.19461306748606
67146;Friesenheim;4;55.37371050830567
67146;Friesenheim;5;95.55624755703617
67146;Friesenheim;6;90.31012406391376
67147;Frœschwiller;1;5.1451456776271
67147;Frœschwiller;2;4.76759623227282
67147;Frœschwiller;4;41.87909395967866
67147;Frœschwiller;5;57.06725909980537
67147;Frœschwiller;6;114.55951715986625
67148;Frohmuhl;4;33.72727272727274
67148;Frohmuhl;5;33.727272727272776
67148;Frohmuhl;6;28.90909090909092
67149;Furchhausen;2;10.53101446943508
67149;Furchhausen;3;40.46360483651496
67149;Furchhausen;4;105.3847495812606
67149;Furchhausen;5;32.28306629076016
67149;Furchhausen;6;14.32918776976438
67150;Furdenheim;1;5.76968680095324
67150;Furdenheim;2;57.31707718447853
67150;Furdenheim;3;124.51692729651424
67150;Furdenheim;4;260.9663247982879
67150;Furdenheim;5;181.24926899211292
67150;Furdenheim;6;112.49845647272879
67151;Gambsheim;1;9.58230132541208
67151;Gambsheim;2;143.70871903484726
67151;Gambsheim;3;459.8258310660933
67151;Gambsheim;4;771.9172591458524
67151;Gambsheim;5;574.4681258435259
67151;Gambsheim;6;548.8689512216804
67152;Geispolsheim;1;19.99412736712305
67152;Geispolsheim;2;123.2685155924289
67152;Geispolsheim;3;705.145013061454
67152;Geispolsheim;4;877.8016411391948
67152;Geispolsheim;5;865.902073950567
67152;Geispolsheim;6;545.2433137625488
67153;Geiswiller-Zœbersdorf;1;14.6147099245334
67153;Geiswiller-Zœbersdorf;3;29.85129411262649
67153;Geiswiller-Zœbersdorf;4;49.342934655004896
67153;Geiswiller-Zœbersdorf;5;88.08440476706645
67153;Geiswiller-Zœbersdorf;6;53.18609734151164
67154;Gerstheim;1;9.983985816754998
67154;Gerstheim;2;65.37231365991092
67154;Gerstheim;3;255.93283107505457
67154;Gerstheim;4;456.2789560130695
67154;Gerstheim;5;441.16633273501077
67154;Gerstheim;6;371.02510537165057
67155;Gertwiller;1;9.9705543690503
67155;Gertwiller;2;40.11302589692776
67155;Gertwiller;3;70.55219155455669
67155;Gertwiller;4;170.94995495401474
67155;Gertwiller;5;155.9777661483253
67155;Gertwiller;6;166.21359338309836
67156;Geudertheim;1;9.8237864765615
67156;Geudertheim;2;102.3524760633433
67156;Geudertheim;3;220.3471121372146
67156;Geudertheim;4;426.9975528013305
67156;Geudertheim;5;354.01759992440134
67156;Geudertheim;6;273.9727769311035
67159;Gœrlingen;3;4.73809523809524
67159;Gœrlingen;4;23.6904761904762
67159;Gœrlingen;5;33.16666666666672
67159;Gœrlingen;6;47.38095238095238
67160;Gœrsdorf;2;20.301893960251363
67160;Gœrsdorf;3;25.34057667571324
67160;Gœrsdorf;4;120.95099147950242
67160;Gœrsdorf;5;65.40730179580852
67160;Gœrsdorf;6;226.8187265229842
67161;Gottenhouse;1;4.59265271821956
67161;Gottenhouse;2;10.4638121146349
67161;Gottenhouse;3;26.29550829650217
67161;Gottenhouse;4;66.83231142158166
67161;Gottenhouse;5;25.793666331079383
67161;Gottenhouse;6;20.42578226384702
67162;Gottesheim;1;9.83133055953278
67162;Gottesheim;2;23.487411982246762
67162;Gottesheim;3;13.580037893293891
67162;Gottesheim;4;38.78875239457234
67162;Gottesheim;5;51.36301115622662
67162;Gottesheim;6;40.664504206709324
67163;Gougenheim;2;25.759758708258552
67163;Gougenheim;3;55.83518982293586
67163;Gougenheim;4;116.98412251634457
67163;Gougenheim;5;80.74298754949214
67163;Gougenheim;6;35.504709435233366
67164;Goxwiller;1;4.99604094351961
67164;Goxwiller;2;24.98994638070472
67164;Goxwiller;3;34.36184015424011
67164;Goxwiller;4;144.69888676201987
67164;Goxwiller;5;84.71113682888029
67164;Goxwiller;6;109.83903304044865
67165;Grandfontaine;2;18.614534085651847
67165;Grandfontaine;3;4.63207294857621
67165;Grandfontaine;4;41.69057182946704
67165;Grandfontaine;5;32.21807699342552
67165;Grandfontaine;6;64.7280623852677
67166;Grassendorf;2;9.8076923076923
67166;Grassendorf;3;29.4230769230769
67166;Grassendorf;4;39.23076923076915
67166;Grassendorf;5;19.6153846153846
67166;Grassendorf;6;29.4230769230769
67167;Grendelbruch;2;24.936122927259643
67167;Grendelbruch;3;104.46572159940189
67167;Grendelbruch;4;144.40762301307774
67167;Grendelbruch;5;149.5070306318218
67167;Grendelbruch;6;149.384977117631
67168;Gresswiller;2;40.011221597956265
67168;Gresswiller;3;140.23972493364988
67168;Gresswiller;4;200.5953690483805
67168;Gresswiller;5;280.15705470420846
67168;Gresswiller;6;165.0428645619232
67169;Gries;2;95.70061268825037
67169;Gries;3;186.36627670564803
67169;Gries;4;306.8239902225192
67169;Gries;5;311.73875944234794
67169;Gries;6;413.9934478532075
67172;Griesheim-près-Molsheim;1;19.58332032011211
67172;Griesheim-près-Molsheim;2;73.48186257422681
67172;Griesheim-près-Molsheim;3;298.8834844430852
67172;Griesheim-près-Molsheim;4;338.04207670813
67172;Griesheim-près-Molsheim;5;249.93320544762256
67172;Griesheim-près-Molsheim;6;186.19491153802758
67173;Griesheim-sur-Souffel;1;14.94492792863064
67173;Griesheim-sur-Souffel;2;15.11706961539316
67173;Griesheim-sur-Souffel;3;181.2292987342852
67173;Griesheim-sur-Souffel;4;116.1863308957338
67173;Griesheim-sur-Souffel;5;90.86921198115081
67173;Griesheim-sur-Souffel;6;70.60299416065752
67174;Gumbrechtshoffen;2;26.06439787771681
67174;Gumbrechtshoffen;3;52.65439973357629
67174;Gumbrechtshoffen;4;98.93744620295882
67174;Gumbrechtshoffen;5;131.59149465967775
67174;Gumbrechtshoffen;6;161.05866373940668
67176;Gundershoffen;1;25.41910466054806
67176;Gundershoffen;2;50.83988955614856
67176;Gundershoffen;3;96.60670370205251
67176;Gundershoffen;4;477.97054392374656
67176;Gundershoffen;5;477.9856394229838
67176;Gundershoffen;6;615.2793792208978
67177;Gunstett;2;19.43834695573678
67177;Gunstett;3;29.618927444263278
67177;Gunstett;4;69.41791226662878
67177;Gunstett;5;111.11034257765164
67177;Gunstett;6;79.10887939570227
67178;Gungwiller;3;11.01477304738756
67178;Gungwiller;4;32.94243285021276
67178;Gungwiller;5;32.88149695187114
67178;Gungwiller;6;71.19892479319626
67179;Haegen;2;14.29456251483369
67179;Haegen;3;47.66030512821755
67179;Haegen;4;80.81821430819272
67179;Haegen;5;76.14595541321734
67179;Haegen;6;71.26573595285768
67180;Haguenau;1;35.73462126969155
67180;Haguenau;2;840.2829426315916
67180;Haguenau;3;2426.431397108896
67180;Haguenau;4;4331.0650283012355
67180;Haguenau;5;5133.797644779596
67180;Haguenau;6;3900.393720376699
67181;Handschuheim;2;14.354577410550299
67181;Handschuheim;3;19.19145329497061
67181;Handschuheim;4;33.4231439159295
67181;Handschuheim;5;28.617673748037987
67181;Handschuheim;6;38.289864188156066
67182;Hangenbieten;1;5.09966907473299
67182;Hangenbieten;2;73.63688610051828
67182;Hangenbieten;3;180.7074812988888
67182;Hangenbieten;4;357.90198787630146
67182;Hangenbieten;5;157.49084929076201
67182;Hangenbieten;6;151.3976466194994
67183;Harskirchen;1;5.04985569899436
67183;Harskirchen;2;34.60283375192562
67183;Harskirchen;3;39.65132097275577
67183;Harskirchen;4;123.35127972167813
67183;Harskirchen;5;103.80026728624931
67183;Harskirchen;6;124.60920818446982
67184;Hatten;1;14.75592791797156
67184;Hatten;2;40.25285244884746
67184;Hatten;3;49.93296043992368
67184;Hatten;4;210.1640931920246
67184;Hatten;5;265.00614254304827
67184;Hatten;6;386.1520619243715
67185;Hattmatt;1;20.9161610449673
67185;Hattmatt;2;30.32480772541015
67185;Hattmatt;3;15.175565298667479
67185;Hattmatt;4;61.91804783727875
67185;Hattmatt;5;87.81051093885742
67185;Hattmatt;6;125.04902867927981
67186;Hegeney;3;9.91385381050771
67186;Hegeney;4;69.82033285251103
67186;Hegeney;5;69.18401932917101
67186;Hegeney;6;35.024650599406435
67187;Heidolsheim;2;5.45962767984839
67187;Heidolsheim;3;32.86382197660149
67187;Heidolsheim;4;65.7676681098107
67187;Heidolsheim;5;49.22949213259899
67187;Heidolsheim;6;76.68679501954976
67188;Heiligenberg;2;19.71403286603432
67188;Heiligenberg;3;44.29822365062539
67188;Heiligenberg;4;93.55741800720979
67188;Heiligenberg;5;49.14221927321622
67188;Heiligenberg;6;68.83036433074916
67189;Heiligenstein;1;14.934407039784748
67189;Heiligenstein;2;55.76091224359262
67189;Heiligenstein;3;111.37600289120462
67189;Heiligenstein;4;71.45703513570146
67189;Heiligenstein;5;66.03207761638959
67189;Heiligenstein;6;178.06876580114988
67190;Hengwiller;2;5.13157894736842
67190;Hengwiller;3;35.92105263157894
67190;Hengwiller;4;20.52631578947368
67190;Hengwiller;5;20.52631578947368
67190;Hengwiller;6;15.39473684210526
67191;Herbitzheim;2;59.77029598319626
67191;Herbitzheim;3;84.45689236043361
67191;Herbitzheim;4;124.03679543075519
67191;Herbitzheim;5;243.53776362893745
67191;Herbitzheim;6;273.72735666902463
67192;Herbsheim;1;9.88482157786316
67192;Herbsheim;2;19.67796675480129
67192;Herbsheim;3;84.20540100618231
67192;Herbsheim;4;99.07869212286602
67192;Herbsheim;5;138.4856431186992
67192;Herbsheim;6;84.34549620300795
67194;Herrlisheim;1;5.10179795217046
67194;Herrlisheim;2;101.40630688731726
67194;Herrlisheim;3;306.8148629425881
67194;Herrlisheim;4;729.1108669068607
67194;Herrlisheim;5;535.3903849211996
67194;Herrlisheim;6;571.310621365042
67195;Hessenheim;2;13.8960316627797
67195;Hessenheim;3;14.47138866796615
67195;Hessenheim;4;69.46879499947427
67195;Hessenheim;5;93.49512411026426
67195;Hessenheim;6;83.95711155817784
67196;Hilsenheim;1;10.03356203515412
67196;Hilsenheim;2;60.46282146135454
67196;Hilsenheim;3;121.03534107053717
67196;Hilsenheim;4;312.6739663809045
67196;Hilsenheim;5;353.333336923333
67196;Hilsenheim;6;380.5351051804027
67197;Hindisheim;2;87.20663516551497
67197;Hindisheim;3;140.70076138831976
67197;Hindisheim;4;199.8102212895553
67197;Hindisheim;5;146.71613740093713
67197;Hindisheim;6;143.24243016547152
67198;Hinsbourg;4;9.41666666666666
67198;Hinsbourg;5;14.124999999999991
67198;Hinsbourg;6;23.54166666666665
67199;Hinsingen;1;17.35714285714289
67199;Hinsingen;2;5.78571428571429
67199;Hinsingen;6;5.78571428571429
67200;Hipsheim;1;4.81944702407618
67200;Hipsheim;2;29.46062873415342
67200;Hipsheim;3;79.29916230607958
67200;Hipsheim;4;244.54622647336876
67200;Hipsheim;5;128.2614867870084
67200;Hipsheim;6;59.37399380710502
67201;Hirschland;1;4.56964939280339
67201;Hirschland;2;4.56964939280339
67201;Hirschland;3;5.23388566768065
67201;Hirschland;4;20.49349429068335
67201;Hirschland;5;40.059585312763204
67201;Hirschland;6;55.74121615232661
67202;Hochfelden;1;25.30809812802989
67202;Hochfelden;2;85.42205932150635
67202;Hochfelden;3;305.45239965602514
67202;Hochfelden;4;521.2747905634261
67202;Hochfelden;5;439.83355462405797
67202;Hochfelden;6;468.0703176948151
67203;Hochstett;1;4.87007478132337
67203;Hochstett;2;9.66509725322826
67203;Hochstett;3;38.58766805668489
67203;Hochstett;4;62.866495735488705
67203;Hochstett;5;47.88209433363516
67203;Hochstett;6;29.15479477256398
67204;Hœnheim;2;188.31346635112487
67204;Hœnheim;3;865.3246249401028
67204;Hœnheim;4;1206.5484546622536
67204;Hœnheim;5;1457.1351686342055
67204;Hœnheim;6;874.2635419207605
67205;Hœrdt;1;14.87546175599174
67205;Hœrdt;2;169.52813383956382
67205;Hœrdt;3;432.3407090515032
67205;Hœrdt;4;701.7527553821365
67205;Hœrdt;5;463.4025987609083
67205;Hœrdt;6;483.3802322783802
67206;Hoffen;1;5.08791116529019
67206;Hoffen;2;25.14033421982708
67206;Hoffen;3;40.784011505881395
67206;Hoffen;4;111.8836392730331
67206;Hoffen;5;147.79718009264184
67206;Hoffen;6;214.62368923853285
67208;Hohengœft;2;9.50550849514072
67208;Hohengœft;3;39.979536334106676
67208;Hohengœft;4;93.64411459279468
67208;Hohengœft;5;68.70021340585545
67208;Hohengœft;6;68.29657473239331
67209;Hohfrankenheim;3;10.4345143627142
67209;Hohfrankenheim;4;62.886465451240724
67209;Hohfrankenheim;5;36.71726765495571
67209;Hohfrankenheim;6;36.80175763735999
67210;Le Hohwald;1;14.2281660119734
67210;Le Hohwald;2;36.50163968933816
67210;Le Hohwald;3;78.76477487258984
67210;Le Hohwald;4;54.15434243729686
67210;Le Hohwald;5;46.396138644343395
67210;Le Hohwald;6;49.27518751182896
67212;Holtzheim;2;128.20221154563492
67212;Holtzheim;3;352.91890397076816
67212;Holtzheim;4;681.6172656701038
67212;Holtzheim;5;401.24360014541213
67212;Holtzheim;6;343.0650610944818
67213;Hunspach;1;5.15116906254076
67213;Hunspach;2;4.41090764495956
67213;Hunspach;3;36.986895952008084
67213;Hunspach;4;50.219618886886806
67213;Hunspach;5;79.07585274438807
67213;Hunspach;6;97.71873726587296
67214;Hurtigheim;1;5.53263590956997
67214;Hurtigheim;2;44.27727836649855
67214;Hurtigheim;3;138.83386208289772
67214;Hurtigheim;4;93.51098082509765
67214;Hurtigheim;5;170.39167174160752
67214;Hurtigheim;6;109.05943182321444
67215;Huttendorf;1;4.72911282770269
67215;Huttendorf;2;4.35116339125911
67215;Huttendorf;3;45.19273355824072
67215;Huttendorf;4;57.691103268360635
67215;Huttendorf;5;36.12032646661754
67215;Huttendorf;6;57.90634904111513
67216;Huttenheim;2;50.86798827763647
67216;Huttenheim;3;216.60849068261393
67216;Huttenheim;4;334.9908709873392
67216;Huttenheim;5;263.53756968042114
67216;Huttenheim;6;376.60680820277776
67217;Ichtratzheim;1;4.38144839035115
67217;Ichtratzheim;3;60.18180093936376
67217;Ichtratzheim;4;42.1379924544133
67217;Ichtratzheim;5;24.12846670223651
67217;Ichtratzheim;6;29.682230323061873
67218;Illkirch-Graffenstaden;1;9.57500449228576
67218;Illkirch-Graffenstaden;2;533.0869605671729
67218;Illkirch-Graffenstaden;3;2629.9643794268713
67218;Illkirch-Graffenstaden;4;3243.886351742992
67218;Illkirch-Graffenstaden;5;3527.2069975079908
67218;Illkirch-Graffenstaden;6;2154.390413867399
67220;Ingenheim;1;4.69840158419132
67220;Ingenheim;2;13.979841589157822
67220;Ingenheim;3;23.20571576334039
67220;Ingenheim;4;60.28781998255862
67220;Ingenheim;5;31.644956368035203
67220;Ingenheim;6;32.375307371388644
67221;Ingolsheim;1;10.42961916803293
67221;Ingolsheim;2;5.11146111620479
67221;Ingolsheim;3;15.497453181597159
67221;Ingolsheim;4;46.6183286529714
67221;Ingolsheim;5;25.72102057374297
67221;Ingolsheim;6;77.81991893933126
67222;Ingwiller;2;124.49916323736774
67222;Ingwiller;3;154.4974124274664
67222;Ingwiller;4;393.8015749846057
67222;Ingwiller;5;393.8392805678453
67222;Ingwiller;6;538.1871692809339
67223;Innenheim;1;14.85073280694198
67223;Innenheim;2;53.08186667919317
67223;Innenheim;3;93.5295443358139
67223;Innenheim;4;171.10070121064845
67223;Innenheim;5;141.14920519927932
67223;Innenheim;6;155.22931351096952
67225;Issenhausen;3;29.2105263157895
67225;Issenhausen;4;5.8421052631579
67225;Issenhausen;5;11.6842105263158
67225;Issenhausen;6;17.5263157894737
67226;Ittenheim;1;4.92428224636536
67226;Ittenheim;2;29.32729138122737
67226;Ittenheim;3;176.75347403721193
67226;Ittenheim;4;269.1385921822922
67226;Ittenheim;5;208.87357988502887
67226;Ittenheim;6;122.46776333343598
67227;Itterswiller;1;4.81178768288321
67227;Itterswiller;2;15.90213421664685
67227;Itterswiller;3;10.09679529136774
67227;Itterswiller;4;30.58574204621184
67227;Itterswiller;5;10.34504007228302
67227;Itterswiller;6;48.98424736506533
67228;Neugartheim-Ittlenheim;1;5.07268939494924
67228;Neugartheim-Ittlenheim;2;25.40051648474018
67228;Neugartheim-Ittlenheim;3;112.04241593544619
67228;Neugartheim-Ittlenheim;4;80.79922611305999
67228;Neugartheim-Ittlenheim;5;66.16711410086805
67228;Neugartheim-Ittlenheim;6;35.43707272412927
67229;Jetterswiller;1;14.26829268292683
67229;Jetterswiller;3;14.26829268292683
67229;Jetterswiller;4;28.53658536585366
67229;Jetterswiller;5;19.02439024390244
67229;Jetterswiller;6;9.51219512195122
67230;Kaltenhouse;2;35.69174355197164
67230;Kaltenhouse;3;137.97213950176354
67230;Kaltenhouse;4;337.91014190698144
67230;Kaltenhouse;5;296.55139465267507
67230;Kaltenhouse;6;352.96795800100676
67231;Kauffenheim;3;9.77272727272728
67231;Kauffenheim;4;24.4318181818182
67231;Kauffenheim;5;39.09090909090912
67231;Kauffenheim;6;29.31818181818184
67232;Keffenach;3;10.2
67232;Keffenach;4;20.4
67232;Keffenach;5;20.4
67232;Keffenach;6;51.0
67233;Kertzfeld;1;4.67186577226448
67233;Kertzfeld;2;43.37423068305228
67233;Kertzfeld;3;54.85778717360704
67233;Kertzfeld;4;155.15228733320566
67233;Kertzfeld;5;126.78891594678147
67233;Kertzfeld;6;179.98350547344458
67234;Keskastel;2;69.82008955565206
67234;Keskastel;3;49.65418500954266
67234;Keskastel;4;158.45861766672073
67234;Keskastel;5;179.2604890448948
67234;Keskastel;6;159.09926448824206
67235;Kesseldorf;2;19.82046511551264
67235;Kesseldorf;3;19.635639994469962
67235;Kesseldorf;4;54.32166725084264
67235;Kesseldorf;5;84.24299742981263
67235;Kesseldorf;6;54.63045887074358
67236;Kienheim;2;41.61783334391035
67236;Kienheim;3;82.45150476032813
67236;Kienheim;4;48.53033008600358
67236;Kienheim;5;58.226345621441666
67236;Kienheim;6;35.65193958643336
67237;Kilstett;1;4.47698362524648
67237;Kilstett;2;116.08595432496912
67237;Kilstett;3;264.5374589965392
67237;Kilstett;4;464.7187028803834
67237;Kilstett;5;270.9037832109023
67237;Kilstett;6;231.0230767761695
67238;Kindwiller;1;5.00001332813618
67238;Kindwiller;2;20.00001204858758
67238;Kindwiller;3;14.99998496582424
67238;Kindwiller;4;85.00002025871858
67238;Kindwiller;5;65.00003571953658
67238;Kindwiller;6;110.00007314473454
67239;Kintzheim;1;19.72949285891688
67239;Kintzheim;2;69.14521101602882
67239;Kintzheim;3;252.50276936021757
67239;Kintzheim;4;217.7953679345472
67239;Kintzheim;5;167.9836706607024
67239;Kintzheim;6;142.9182135117141
67240;Kirchheim;1;4.87470630492014
67240;Kirchheim;2;24.947136843004188
67240;Kirchheim;3;66.18474514644129
67240;Kirchheim;4;81.71973945023421
67240;Kirchheim;5;89.98442628312266
67240;Kirchheim;6;66.94097582393078
67241;Kirrberg;2;5.21428571428571
67241;Kirrberg;4;15.64285714285713
67241;Kirrberg;5;10.42857142857142
67241;Kirrberg;6;15.64285714285713
67242;Kirrwiller;2;20.46274609473076
67242;Kirrwiller;3;46.7120831596655
67242;Kirrwiller;4;60.564754774373625
67242;Kirrwiller;5;44.92072095150397
67242;Kirrwiller;6;54.444277586845345
67244;Kleingœft;1;5.23333333333333
67244;Kleingœft;4;15.699999999999989
67244;Kleingœft;5;15.700000000000031
67244;Kleingœft;6;47.09999999999998
67245;Knœrsheim;1;5.05263157894737
67245;Knœrsheim;3;5.05263157894737
67245;Knœrsheim;4;45.47368421052635
67245;Knœrsheim;5;10.10526315789474
67245;Knœrsheim;6;25.26315789473685
67246;Kogenheim;2;36.56342502205426
67246;Kogenheim;3;60.06673494837387
67246;Kogenheim;4;187.80023195665672
67246;Kogenheim;5;167.37057883310678
67246;Kogenheim;6;164.17687516089217
67247;Kolbsheim;1;4.93464925588352
67247;Kolbsheim;2;44.702848038823575
67247;Kolbsheim;3;114.45165120927365
67247;Kolbsheim;4;179.3099599896927
67247;Kolbsheim;5;69.70778200407544
67247;Kolbsheim;6;64.90742268590436
67248;Krautergersheim;1;10.07763379906862
67248;Krautergersheim;2;55.7875951780863
67248;Krautergersheim;3;127.26326402424402
67248;Krautergersheim;4;232.76324827840733
67248;Krautergersheim;5;208.94973204025084
67248;Krautergersheim;6;208.3662049869831
67249;Krautwiller;2;10.22222222222222
67249;Krautwiller;3;5.11111111111111
67249;Krautwiller;4;66.44444444444439
67249;Krautwiller;5;15.333333333333329
67249;Krautwiller;6;25.55555555555553
67250;Kriegsheim;1;23.94403058901204
67250;Kriegsheim;2;33.53717905349266
67250;Kriegsheim;3;65.14672616480206
67250;Kriegsheim;4;135.82633587176718
67250;Kriegsheim;5;84.824211017207
67250;Kriegsheim;6;74.3122215860037
67252;Kurtzenhouse;2;34.42982129178717
67252;Kurtzenhouse;3;94.75368353218775
67252;Kurtzenhouse;4;213.41437029462026
67252;Kurtzenhouse;5;108.95232757911941
67252;Kurtzenhouse;6;118.76889538254996
67253;Kuttolsheim;2;30.52034004136134
67253;Kuttolsheim;3;50.86723102470725
67253;Kuttolsheim;4;106.80728314633286
67253;Kuttolsheim;5;76.3043253698807
67253;Kuttolsheim;6;76.3043324976896
67254;Kutzenhausen;2;10.19076585008858
67254;Kutzenhausen;3;55.00763598490694
67254;Kutzenhausen;4;125.20857569610975
67254;Kutzenhausen;5;84.77035138669424
67254;Kutzenhausen;6;120.35422788469744
67255;Lalaye;2;28.67731001106599
67255;Lalaye;3;44.06361556086877
67255;Lalaye;4;82.81441125925856
67255;Lalaye;5;29.72583564664077
67255;Lalaye;6;53.17526122717429
67256;Lampertheim;2;105.30490654966829
67256;Lampertheim;3;465.9057844018082
67256;Lampertheim;4;431.8454326451213
67256;Lampertheim;5;346.0148744304694
67256;Lampertheim;6;199.82710890927194
67257;Lampertsloch;2;9.04007797895865
67257;Lampertsloch;3;15.18674129325828
67257;Lampertsloch;4;74.58059463015829
67257;Lampertsloch;5;94.26121298068585
67257;Lampertsloch;6;163.54195496348734
67258;Landersheim;1;4.63414634146341
67258;Landersheim;2;4.63414634146341
67258;Landersheim;3;9.26829268292682
67258;Landersheim;4;9.26829268292682
67258;Landersheim;5;32.43902439024383
67258;Landersheim;6;41.70731707317065
67259;Langensoultzbach;2;15.3128992223271
67259;Langensoultzbach;3;25.570399888834253
67259;Langensoultzbach;4;137.08677899202675
67259;Langensoultzbach;5;106.97350680377203
67259;Langensoultzbach;6;121.99665942113724
67260;Laubach;2;4.22691987787372
67260;Laubach;3;38.33414970533569
67260;Laubach;4;38.73987232804282
67260;Laubach;5;27.25853445977689
67260;Laubach;6;42.8604463143933
67261;Lauterbourg;2;50.38411019283552
67261;Lauterbourg;3;176.4475348545239
67261;Lauterbourg;4;216.6000689684065
67261;Lauterbourg;5;241.91110868495227
67261;Lauterbourg;6;342.56824619145146
67263;Lembach;1;11.1356684672583
67263;Lembach;2;45.17443044448664
67263;Lembach;3;84.0469568325321
67263;Lembach;4;130.348951088404
67263;Lembach;5;164.07522371672476
67263;Lembach;6;216.51178439474342
67264;Leutenheim;2;20.78644419193332
67264;Leutenheim;3;20.4136995231678
67264;Leutenheim;4;102.06344734464344
67264;Leutenheim;5;117.89922614856076
67264;Leutenheim;6;188.64208902634846
67265;Lichtenberg;2;19.356665393536197
67265;Lichtenberg;3;38.940563957376966
67265;Lichtenberg;4;54.02565849474449
67265;Lichtenberg;5;66.90309738748145
67265;Lichtenberg;6;81.85781842078387
67266;Limersheim;2;41.12760149874949
67266;Limersheim;3;77.54274035552253
67266;Limersheim;4;119.179060906414
67266;Limersheim;5;51.51030701906072
67266;Limersheim;6;82.91230102607805
67267;Lingolsheim;1;1.48281276684516
67267;Lingolsheim;2;473.764364360746
67267;Lingolsheim;3;1578.661955220372
67267;Lingolsheim;4;2347.480516804085
67267;Lingolsheim;5;2197.3066682536946
67267;Lingolsheim;6;1772.6817703791157
67268;Lipsheim;2;89.39793061153536
67268;Lipsheim;3;213.29689725760258
67268;Lipsheim;4;367.17805693103173
67268;Lipsheim;5;402.12289653398045
67268;Lipsheim;6;168.78159148276836
67269;Littenheim;1;5.20666043112008
67269;Littenheim;3;20.91731742075904
67269;Littenheim;4;72.75958076370867
67269;Littenheim;5;26.03408491308224
67269;Littenheim;6;41.79125391650287
67270;Lixhausen;2;10.561789599016329
67270;Lixhausen;3;53.223767705602256
67270;Lixhausen;4;74.14606702227475
67270;Lixhausen;5;26.4117635022057
67270;Lixhausen;6;37.18301948115722
67271;Lobsann;2;9.93710919879383
67271;Lobsann;3;34.96520925674244
67271;Lobsann;4;99.47186715536816
67271;Lobsann;5;64.60407584928102
67271;Lobsann;6;104.87996478785372
67272;Lochwiller;1;10.254281827008349
67272;Lochwiller;2;14.98896446153289
67272;Lochwiller;3;24.12690091537068
67272;Lochwiller;4;63.61760649508817
67272;Lochwiller;5;29.052821966810733
67272;Lochwiller;6;30.36670098415987
67273;Lohr;2;22.37932701009141
67273;Lohr;3;12.17532647311088
67273;Lohr;4;53.34728756353337
67273;Lohr;5;34.99363388964893
67273;Lohr;6;96.68578768651562
67274;Lorentzen;2;11.291392836258801
67274;Lorentzen;3;15.487502496422028
67274;Lorentzen;4;21.3853415823243
67274;Lorentzen;5;10.59789128244187
67274;Lorentzen;6;48.48926623430407
67275;Lupstein;2;20.08496758489271
67275;Lupstein;3;80.51680689966294
67275;Lupstein;4;125.68004777805142
67275;Lupstein;5;65.4625601398404
67275;Lupstein;6;120.74272671018723
67276;Lutzelhouse;2;85.39520789780903
67276;Lutzelhouse;3;189.54193214227783
67276;Lutzelhouse;4;296.4187789974017
67276;Lutzelhouse;5;244.44199543718815
67276;Lutzelhouse;6;160.86028598698184
67277;Mackenheim;2;26.17705625848833
67277;Mackenheim;3;46.993959722308766
67277;Mackenheim;4;125.52037207992365
67277;Mackenheim;5;94.32874441962068
67277;Mackenheim;6;120.08986130353846
67278;Mackwiller;1;5.06176825713394
67278;Mackwiller;2;14.48214872576696
67278;Mackwiller;3;19.69066258475034
67278;Mackwiller;4;62.840109733920684
67278;Mackwiller;5;33.609165288401314
67278;Mackwiller;6;96.893527026685
67279;Maennolsheim;1;10.62222222222222
67279;Maennolsheim;2;10.62222222222222
67279;Maennolsheim;3;15.93333333333333
67279;Maennolsheim;4;31.86666666666664
67279;Maennolsheim;5;5.31111111111111
67279;Maennolsheim;6;31.86666666666662
67280;Maisonsgoutte;2;20.63460745745332
67280;Maisonsgoutte;3;26.04095371145274
67280;Maisonsgoutte;4;123.30415812190361
67280;Maisonsgoutte;5;87.8227733009105
67280;Maisonsgoutte;6;116.07320383216543
67281;Marckolsheim;1;9.68409087977904
67281;Marckolsheim;2;107.67411903417279
67281;Marckolsheim;3;171.28899365375685
67281;Marckolsheim;4;493.7014229235589
67281;Marckolsheim;5;468.7304914319942
67281;Marckolsheim;6;577.1638430781868
67282;Marlenheim;1;14.593755205759798
67282;Marlenheim;2;130.23514540558753
67282;Marlenheim;3;379.1539359755426
67282;Marlenheim;4;493.9253787138903
67282;Marlenheim;5;612.1700892595322
67282;Marlenheim;6;343.7146007236657
67283;Marmoutier;2;24.82310884315661
67283;Marmoutier;3;125.17427197490447
67283;Marmoutier;4;339.0258343378587
67283;Marmoutier;5;276.35137332034594
67283;Marmoutier;6;368.0988247512541
67285;Matzenheim;1;5.11135803970892
67285;Matzenheim;2;59.41702594249505
67285;Matzenheim;3;90.09896962233778
67285;Matzenheim;4;203.0696555475078
67285;Matzenheim;5;189.5311803491923
67285;Matzenheim;6;162.45710708490643
67286;Meistratzheim;1;9.63079378965236
67286;Meistratzheim;2;39.66672451936616
67286;Meistratzheim;3;128.92207684939964
67286;Meistratzheim;4;173.82403267990156
67286;Meistratzheim;5;173.4452103904442
67286;Meistratzheim;6;173.51155835686413
67287;Melsheim;1;4.89603086876853
67287;Melsheim;2;31.05660837232171
67287;Melsheim;3;10.39877643506874
67287;Melsheim;4;66.39299369563125
67287;Melsheim;5;86.25228679632019
67287;Melsheim;6;55.527223495915386
67288;Memmelshoffen;2;15.64714649368792
67288;Memmelshoffen;3;15.1380758138793
67288;Memmelshoffen;4;40.50240892342846
67288;Memmelshoffen;5;26.5414107044626
67288;Memmelshoffen;6;41.67842840183669
67289;Menchhoffen;1;5.22611120507584
67289;Menchhoffen;2;23.20497920348786
67289;Menchhoffen;3;45.59852053746109
67289;Menchhoffen;4;91.77972718484301
67289;Menchhoffen;5;72.43762818722647
67289;Menchhoffen;6;70.13207083826238
67290;Merkwiller-Pechelbronn;1;5.05095017860751
67290;Merkwiller-Pechelbronn;2;14.98916365698366
67290;Merkwiller-Pechelbronn;3;39.163450367948
67290;Merkwiller-Pechelbronn;4;119.10546500990824
67290;Merkwiller-Pechelbronn;5;93.68941464626026
67290;Merkwiller-Pechelbronn;6;118.5649488096715
67291;Mertzwiller;1;10.190996934864529
67291;Mertzwiller;2;60.24963520003382
67291;Mertzwiller;3;129.344147073581
67291;Mertzwiller;4;295.7096750452571
67291;Mertzwiller;5;411.2905116925635
67291;Mertzwiller;6;441.2565642990491
67292;Mietesheim;1;51.61545899109248
67292;Mietesheim;2;20.46607893602236
67292;Mietesheim;3;30.667899316881652
67292;Mietesheim;4;66.88869208429799
67292;Mietesheim;5;112.59188708515174
67292;Mietesheim;6;81.86154968993678
67293;Minversheim;1;21.4186987717376
67293;Minversheim;2;43.57433240534457
67293;Minversheim;3;36.90083471059941
67293;Minversheim;4;139.44652571171565
67293;Minversheim;5;78.23689717243644
67293;Minversheim;6;46.56065491197087
67295;Mittelbergheim;1;25.11574510171649
67295;Mittelbergheim;2;30.034769501788467
67295;Mittelbergheim;3;70.56978968904939
67295;Mittelbergheim;4;74.52090970361431
67295;Mittelbergheim;5;60.7224023085552
67295;Mittelbergheim;6;45.46064741263183
67296;Mittelhausbergen;1;10.2955490162007
67296;Mittelhausbergen;2;80.93403014573255
67296;Mittelhausbergen;3;376.0636670125723
67296;Mittelhausbergen;4;242.97066370041978
67296;Mittelhausbergen;5;200.750000791664
67296;Mittelhausbergen;6;75.40181625636312
67298;Mittelschaeffolsheim;1;10.0384953722374
67298;Mittelschaeffolsheim;2;40.60330165284929
67298;Mittelschaeffolsheim;3;50.63411949725147
67298;Mittelschaeffolsheim;4;95.32952854445753
67298;Mittelschaeffolsheim;5;75.33720897101512
67298;Mittelschaeffolsheim;6;55.52486777845514
67299;Mollkirch;2;24.57232843874549
67299;Mollkirch;3;96.81863955596157
67299;Mollkirch;4;142.71779324189316
67299;Mollkirch;5;142.2893368117858
67299;Mollkirch;6;88.81086850826841
67300;Molsheim;1;15.041548342108129
67300;Molsheim;2;185.5747536665296
67300;Molsheim;3;770.4161954923751
67300;Molsheim;4;1023.0789017279034
67300;Molsheim;5;973.1129106344001
67300;Molsheim;6;951.4014773118029
67301;Mommenheim;1;5.04170568550151
67301;Mommenheim;2;55.097833059990165
67301;Mommenheim;3;169.85499920236856
67301;Mommenheim;4;376.1197050332338
67301;Mommenheim;5;310.9788595842193
67301;Mommenheim;6;235.14968205255423
67302;Monswiller;2;73.89433294958152
67302;Monswiller;3;98.17461700227463
67302;Monswiller;4;144.42677602372783
67302;Monswiller;5;260.54377946293556
67302;Monswiller;6;259.10265584865556
67303;Morsbronn-les-Bains;2;30.456182373324822
67303;Morsbronn-les-Bains;3;40.68828370004227
67303;Morsbronn-les-Bains;4;55.33775094296314
67303;Morsbronn-les-Bains;5;70.60068660366784
67303;Morsbronn-les-Bains;6;106.5266347743173
67304;Morschwiller;1;4.88508190968427
67304;Morschwiller;2;24.14188989096579
67304;Morschwiller;3;48.49609756091045
67304;Morschwiller;4;106.58486845599565
67304;Morschwiller;5;43.64635618278053
67304;Morschwiller;6;48.49531917425213
67305;Mothern;2;37.77299673528269
67305;Mothern;3;72.48223089201745
67305;Mothern;4;289.6465984405783
67305;Mothern;5;246.22487666235793
67305;Mothern;6;364.61413441124023
67306;Muhlbach-sur-Bruche;2;36.07182913960515
67306;Muhlbach-sur-Bruche;3;35.9813787363203
67306;Muhlbach-sur-Bruche;4;114.00523154357282
67306;Muhlbach-sur-Bruche;5;41.19024892306571
67306;Muhlbach-sur-Bruche;6;109.8932052649754
67307;Mulhausen;2;4.90769858893848
67307;Mulhausen;3;28.99439125512858
67307;Mulhausen;4;24.31318878034863
67307;Mulhausen;5;57.83812126364509
67307;Mulhausen;6;67.21094438754072
67308;Munchhausen;1;10.2142381338075
67308;Munchhausen;2;10.06181682036544
67308;Munchhausen;3;47.71659892489488
67308;Munchhausen;4;83.63746076444463
67308;Munchhausen;5;94.49962129951021
67308;Munchhausen;6;110.27824244054773
67309;Mundolsheim;2;145.1814819251807
67309;Mundolsheim;3;508.36898531773545
67309;Mundolsheim;4;609.602965188521
67309;Mundolsheim;5;618.7043640438435
67309;Mundolsheim;6;371.6070325748846
67310;Mussig;1;30.0000688268681
67310;Mussig;2;26.14042927696176
67310;Mussig;3;55.50277899535252
67310;Mussig;4;112.13367945450602
67310;Mussig;5;168.42165053882186
67310;Mussig;6;138.1173486556529
67311;Muttersholtz;1;5.05273240957153
67311;Muttersholtz;2;50.45253305137571
67311;Muttersholtz;3;151.1331328499588
67311;Muttersholtz;4;327.617420751498
67311;Muttersholtz;5;216.6819294603759
67311;Muttersholtz;6;262.1190011773262
67312;Mutzenhouse;1;5.10619115320687
67312;Mutzenhouse;2;10.37058648137558
67312;Mutzenhouse;3;45.81163625507257
67312;Mutzenhouse;4;56.815039436295564
67312;Mutzenhouse;5;42.46113250491323
67312;Mutzenhouse;6;72.6911245878508
67313;Mutzig;1;15.00691256807829
67313;Mutzig;2;170.11736164635522
67313;Mutzig;3;360.34156749648423
67313;Mutzig;4;610.7597990333686
67313;Mutzig;5;846.0043796595393
67313;Mutzig;6;730.5179569597766
67314;Natzwiller;3;14.837035469605329
67314;Natzwiller;4;45.04170059442659
67314;Natzwiller;5;96.05449102134764
67314;Natzwiller;6;125.7331502692627
67315;Neewiller-près-Lauterbourg;2;14.51025385565265
67315;Neewiller-près-Lauterbourg;3;37.5472663823749
67315;Neewiller-près-Lauterbourg;4;106.52826385805224
67315;Neewiller-près-Lauterbourg;5;81.39984159789134
67315;Neewiller-près-Lauterbourg;6;114.92670627421316
67317;Neubois;2;10.0966987549117
67317;Neubois;3;106.62955474707807
67317;Neubois;4;66.4843250099903
67317;Neubois;5;61.15154320045919
67317;Neubois;6;66.49463986476253
67319;Neuhaeusel;3;15.32774768246458
67319;Neuhaeusel;4;56.11630249312358
67319;Neuhaeusel;5;45.23731663756074
67319;Neuhaeusel;6;75.30833387313089
67320;Neuve-Église;2;10.01010791986688
67320;Neuve-Église;3;15.27879934256396
67320;Neuve-Église;4;130.66553360773645
67320;Neuve-Église;5;35.16130888265425
67320;Neuve-Église;6;99.85256068550109
67321;Neuviller-la-Roche;2;28.31795834944431
67321;Neuviller-la-Roche;3;28.60843276237082
67321;Neuviller-la-Roche;4;28.61469684364965
67321;Neuviller-la-Roche;5;42.76839060285196
67321;Neuviller-la-Roche;6;52.3361523498544
67322;Neuwiller-lès-Saverne;2;50.56993919280978
67322;Neuwiller-lès-Saverne;3;66.01602706447159
67322;Neuwiller-lès-Saverne;4;167.15451831101672
67322;Neuwiller-lès-Saverne;5;101.30475032176253
67322;Neuwiller-lès-Saverne;6;146.89434582906702
67324;Niederbronn-les-Bains;1;5.06415292412081
67324;Niederbronn-les-Bains;2;94.14171359478193
67324;Niederbronn-les-Bains;3;233.3417675909446
67324;Niederbronn-les-Bains;4;397.8139823950835
67324;Niederbronn-les-Bains;5;522.7997550850708
67324;Niederbronn-les-Bains;6;517.6432895558734
67325;Niederhaslach;2;25.19809885398966
67325;Niederhaslach;3;106.51241077192407
67325;Niederhaslach;4;197.2416360293187
67325;Niederhaslach;5;166.98096834372103
67325;Niederhaslach;6;161.32411356716815
67326;Niederhausbergen;1;5.16336834558379
67326;Niederhausbergen;2;41.08920357528472
67326;Niederhausbergen;3;246.5127311172272
67326;Niederhausbergen;4;277.05687329012784
67326;Niederhausbergen;5;133.16144548473034
67326;Niederhausbergen;6;66.79782020204671
67327;Niederlauterbach;1;9.94996482970126
67327;Niederlauterbach;2;25.497814579024002
67327;Niederlauterbach;3;85.64056536588215
67327;Niederlauterbach;4;102.6236043744561
67327;Niederlauterbach;5;102.05681394760148
67327;Niederlauterbach;6;164.28728536824372
67328;Niedermodern;1;4.97096130227245
67328;Niedermodern;2;24.9363859756663
67328;Niedermodern;3;29.853096767729628
67328;Niedermodern;4;99.70464336056345
67328;Niedermodern;5;154.7664555644626
67328;Niedermodern;6;104.75722138392366
67329;Niedernai;2;66.87287383546814
67329;Niedernai;3;92.49963483136867
67329;Niedernai;4;168.66432439231144
67329;Niedernai;5;142.40669013097516
67329;Niedernai;6;133.10013127281212
67330;Niederrœdern;2;41.43032618267714
67330;Niederrœdern;3;51.789672107351365
67330;Niederrœdern;4;97.63577296222485
67330;Niederrœdern;5;87.35603210099964
67330;Niederrœdern;6;230.66143593452728
67331;Niederschaeffolsheim;2;72.1007027121757
67331;Niederschaeffolsheim;3;116.01636320716781
67331;Niederschaeffolsheim;4;136.50992188139722
67331;Niederschaeffolsheim;5;172.7114379903549
67331;Niederschaeffolsheim;6;135.61859603459595
67333;Niedersoultzbach;1;14.193553501941329
67333;Niedersoultzbach;2;5.01272046068176
67333;Niedersoultzbach;3;4.67604755938212
67333;Niedersoultzbach;4;49.1598151836903
67333;Niedersoultzbach;5;38.91463165034075
67333;Niedersoultzbach;6;24.72692940210916
67334;Niedersteinbach;4;5.22727272727273
67334;Niedersteinbach;5;10.45454545454546
67334;Niedersteinbach;6;36.59090909090912
67335;Nordheim;1;20.05178010864125
67335;Nordheim;2;24.9152308134053
67335;Nordheim;3;70.06585505167416
67335;Nordheim;4;125.03473733205767
67335;Nordheim;5;150.13398740912103
67335;Nordheim;6;69.78959833103188
67336;Nordhouse;2;60.417822652161405
67336;Nordhouse;3;139.17877830253025
67336;Nordhouse;4;274.7900758448412
67336;Nordhouse;5;224.8741256199921
67336;Nordhouse;6;201.26982440305525
67337;Nothalten;1;21.688121905736
67337;Nothalten;2;40.46200529745881
67337;Nothalten;3;29.68848850404704
67337;Nothalten;4;34.20708300954411
67337;Nothalten;5;54.44925740068269
67337;Nothalten;6;20.91694747379938
67338;Obenheim;1;15.5487488281241
67338;Obenheim;2;73.34923317105971
67338;Obenheim;3;95.50170976401827
67338;Obenheim;4;167.23854504794664
67338;Obenheim;5;144.1614547081866
67338;Obenheim;6;170.29465524648492
67339;Betschdorf;1;4.88155678225425
67339;Betschdorf;2;86.33200091306611
67339;Betschdorf;3;170.52902598608284
67339;Betschdorf;4;380.68848969681574
67339;Betschdorf;5;466.47025058403676
67339;Betschdorf;6;733.7822832958981
67340;Oberbronn;1;10.37692506226194
67340;Oberbronn;2;31.54703692315765
67340;Oberbronn;3;49.93763729300609
67340;Oberbronn;4;155.74898765317877
67340;Oberbronn;5;177.5726247642773
67340;Oberbronn;6;219.49658945520522
67341;Oberdorf-Spachbach;1;4.8955543048157
67341;Oberdorf-Spachbach;2;10.2822275638809
67341;Oberdorf-Spachbach;3;30.690117125019242
67341;Oberdorf-Spachbach;4;35.909513690271424
67341;Oberdorf-Spachbach;5;40.34126979683195
67341;Oberdorf-Spachbach;6;75.60828306504567
67342;Oberhaslach;2;78.55306864506709
67342;Oberhaslach;3;152.802724541844
67342;Oberhaslach;4;238.0288588120632
67342;Oberhaslach;5;197.5209420421507
67342;Oberhaslach;6;216.37207667563422
67343;Oberhausbergen;2;156.68434418117826
67343;Oberhausbergen;3;681.4697082983743
67343;Oberhausbergen;4;792.8504869442352
67343;Oberhausbergen;5;578.8403153004305
67343;Oberhausbergen;6;294.51852698872835
67344;Oberhoffen-lès-Wissembourg;2;9.009327540897
67344;Oberhoffen-lès-Wissembourg;3;14.7409392749685
67344;Oberhoffen-lès-Wissembourg;4;37.59793649703414
67344;Oberhoffen-lès-Wissembourg;5;41.826516236870276
67344;Oberhoffen-lès-Wissembourg;6;28.55066946283127
67345;Oberhoffen-sur-Moder;1;4.92544958158316
67345;Oberhoffen-sur-Moder;2;127.60014038921128
67345;Oberhoffen-sur-Moder;3;241.08885534592991
67345;Oberhoffen-sur-Moder;4;501.25468334320544
67345;Oberhoffen-sur-Moder;5;418.6903239083594
67345;Oberhoffen-sur-Moder;6;549.4150890834943
67346;Oberlauterbach;3;19.85135027079315
67346;Oberlauterbach;4;81.84960513069692
67346;Oberlauterbach;5;51.45965580661774
67346;Oberlauterbach;6;122.78118282808484
67347;Obermodern-Zutzendorf;2;24.50747387686281
67347;Obermodern-Zutzendorf;3;102.92618556386518
67347;Obermodern-Zutzendorf;4;313.69047444910353
67347;Obermodern-Zutzendorf;5;249.97639062983933
67347;Obermodern-Zutzendorf;6;215.67641010323808
67348;Obernai;1;25.679789213599317
67348;Obernai;2;322.42609479254725
67348;Obernai;3;1093.9741952246993
67348;Obernai;4;1452.6428924127538
67348;Obernai;5;1326.6208873475389
67348;Obernai;6;1319.695467253724
67349;Oberrœdern;1;4.96383762769034
67349;Oberrœdern;2;5.27468182956674
67349;Oberrœdern;3;10.13279996294128
67349;Oberrœdern;4;51.38522170750687
67349;Oberrœdern;5;61.93661847661393
67349;Oberrœdern;6;102.99874966782029
67350;Oberschaeffolsheim;1;5.4565755837582
67350;Oberschaeffolsheim;2;55.93730716063226
67350;Oberschaeffolsheim;3;359.44300944618556
67350;Oberschaeffolsheim;4;285.880242181179
67350;Oberschaeffolsheim;5;258.2848358576593
67350;Oberschaeffolsheim;6;221.46335194689144
67351;Seebach;1;15.538717060802071
67351;Seebach;2;47.8296789170022
67351;Seebach;3;78.04157836377581
67351;Seebach;4;231.19976794747043
67351;Seebach;5;242.77244585317285
67351;Seebach;6;285.45517881989355
67352;Obersoultzbach;2;4.87086351216092
67352;Obersoultzbach;3;20.01379610570661
67352;Obersoultzbach;4;49.13603930981833
67352;Obersoultzbach;5;49.3463598336391
67352;Obersoultzbach;6;49.87679888798663
67353;Obersteinbach;1;5.16417531897202
67353;Obersteinbach;2;9.92216746732006
67353;Obersteinbach;4;30.30065292730042
67353;Obersteinbach;5;5.16417531897202
67353;Obersteinbach;6;30.15789879341586
67354;Odratzheim;2;41.0924883867256
67354;Odratzheim;3;72.16464567311802
67354;Odratzheim;4;76.57372317030092
67354;Odratzheim;5;51.01623063339607
67354;Odratzheim;6;35.68410642786919
67355;Oermingen;1;4.7093252647986
67355;Oermingen;2;19.33267327728461
67355;Oermingen;3;47.86026329188426
67355;Oermingen;4;97.20358809334257
67355;Oermingen;5;131.3454286192598
67355;Oermingen;6;160.97080485489164
67356;Offendorf;1;4.9857357852378
67356;Offendorf;2;54.76890934887633
67356;Offendorf;3;219.3107518707139
67356;Offendorf;4;443.64573762517045
67356;Offendorf;5;249.79856311557538
67356;Offendorf;6;344.9983831887083
67358;Offwiller;2;39.136458979966164
67358;Offwiller;3;38.70668848923263
67358;Offwiller;4;112.4440918549968
67358;Offwiller;5;72.95662865651971
67358;Offwiller;6;122.20805234043908
67359;Ohlungen;1;9.70873185569
67359;Ohlungen;2;20.09179468878324
67359;Ohlungen;3;87.07854969170742
67359;Ohlungen;4;160.9879948034269
67359;Ohlungen;5;137.71606995816637
67359;Ohlungen;6;159.89577786594333
67360;Ohnenheim;1;16.29810924335863
67360;Ohnenheim;2;38.043362195600835
67360;Ohnenheim;3;38.01456673589155
67360;Ohnenheim;4;173.76748508804005
67360;Ohnenheim;5;119.45483770740753
67360;Ohnenheim;6;152.13034615513348
67361;Olwisheim;1;4.7466866753241
67361;Olwisheim;2;5.24438999742347
67361;Olwisheim;3;44.762575685279046
67361;Olwisheim;4;71.96876548535587
67361;Olwisheim;5;36.22606495108728
67361;Olwisheim;6;70.02445856687272
67362;Orschwiller;1;9.73960847698446
67362;Orschwiller;2;24.96090526531665
67362;Orschwiller;3;39.240208538653235
67362;Orschwiller;4;93.4125936163933
67362;Orschwiller;5;69.65381231844037
67362;Orschwiller;6;59.2581970327796
67363;Osthoffen;1;4.49921979399104
67363;Osthoffen;2;13.96293279265418
67363;Osthoffen;3;61.62363684822476
67363;Osthoffen;4;93.59186810269487
67363;Osthoffen;5;89.11732769741216
67363;Osthoffen;6;51.63388490247363
67364;Osthouse;2;9.844022764207821
67364;Osthouse;3;40.32778083039926
67364;Osthouse;4;153.6147495485038
67364;Osthouse;5;103.49410741559832
67364;Osthouse;6;131.98623848965832
67365;Ostwald;1;6.38833944470458
67365;Ostwald;2;365.4109946863095
67365;Ostwald;3;1063.090924179438
67365;Ostwald;4;1513.49864890575
67365;Ostwald;5;1595.149380189642
67365;Ostwald;6;1014.9641934074482
67366;Ottersthal;2;20.07401002485933
67366;Ottersthal;3;69.99175204541102
67366;Ottersthal;4;89.81898356487095
67366;Ottersthal;5;75.65726593145185
67366;Ottersthal;6;91.01993129053359
67367;Otterswiller;2;28.58624743226681
67367;Otterswiller;3;81.89885282082703
67367;Otterswiller;4;129.34721483261376
67367;Otterswiller;5;147.22987027736698
67367;Otterswiller;6;99.38166770782274
67368;Ottrott;1;19.14164894721385
67368;Ottrott;2;85.51651921076956
67368;Ottrott;3;149.47052906744574
67368;Ottrott;4;186.49596153205863
67368;Ottrott;5;166.46746005224276
67368;Ottrott;6;130.2937646781698
67369;Ottwiller;1;5.42626483300223
67369;Ottwiller;2;15.729838921212561
67369;Ottwiller;3;5.2427625474754
67369;Ottwiller;4;21.5215844281743
67369;Ottwiller;5;10.4855250949508
67369;Ottwiller;6;42.77180661541391
67370;Petersbach;2;20.133438909126617
67370;Petersbach;3;20.3764471352694
67370;Petersbach;4;71.05710340112007
67370;Petersbach;5;96.12257904618171
67370;Petersbach;6;100.9802732542529
67371;La Petite-Pierre;2;32.9310851541557
67371;La Petite-Pierre;3;19.813650349819298
67371;La Petite-Pierre;4;65.50728287987208
67371;La Petite-Pierre;5;59.09315932013408
67371;La Petite-Pierre;6;58.617223609018836
67372;Val-de-Moder;2;84.66995783496324
67372;Val-de-Moder;3;215.08679672621741
67372;Val-de-Moder;4;519.6775220902446
67372;Val-de-Moder;5;649.0864005418945
67372;Val-de-Moder;6;695.4383221137448
67373;Pfalzweyer;1;11.0891734644482
67373;Pfalzweyer;2;20.57799649512596
67373;Pfalzweyer;3;15.72206722648437
67373;Pfalzweyer;4;36.07661775390406
67373;Pfalzweyer;5;26.36475921662085
67373;Pfalzweyer;6;48.11703251755226
67375;Pfulgriesheim;1;19.93740849377808
67375;Pfulgriesheim;2;54.43441710674995
67375;Pfulgriesheim;3;167.72206521662062
67375;Pfulgriesheim;4;128.55978290443235
67375;Pfulgriesheim;5;138.46198428586868
67375;Pfulgriesheim;6;73.800809889066
67377;Plaine;1;4.98666703610138
67377;Plaine;2;24.70030184245652
67377;Plaine;3;25.05633374793302
67377;Plaine;4;124.62071016991453
67377;Plaine;5;99.44569043007036
67377;Plaine;6;154.90245984287262
67378;Plobsheim;2;130.10126137874718
67378;Plobsheim;3;485.34266843957073
67378;Plobsheim;4;703.8598016584879
67378;Plobsheim;5;488.5692417619074
67378;Plobsheim;6;365.7570519589307
67379;Preuschdorf;2;34.78508561739752
67379;Preuschdorf;3;24.525360755504103
67379;Preuschdorf;4;83.74908236882314
67379;Preuschdorf;5;123.26958567985541
67379;Preuschdorf;6;161.83579665504178
67380;Printzheim;3;10.35897435897436
67380;Printzheim;4;10.35897435897436
67380;Printzheim;5;41.43589743589748
67380;Printzheim;6;46.615384615384784
67381;Puberg;2;5.23790034632414
67381;Puberg;3;21.261175880187707
67381;Puberg;4;32.6617563801804
67381;Puberg;5;48.85113012702411
67381;Puberg;6;65.33253708223376
67382;Quatzenheim;2;64.92952090775172
67382;Quatzenheim;3;77.6433445856163
67382;Quatzenheim;4;96.44278065930541
67382;Quatzenheim;5;105.0729317142036
67382;Quatzenheim;6;82.53459235762922
67383;Rangen;1;4.875
67383;Rangen;2;14.625
67383;Rangen;3;19.5
67383;Rangen;4;14.625
67383;Rangen;5;9.75
67383;Rangen;6;14.625
67384;Ranrupt;1;4.74573845547215
67384;Ranrupt;2;9.4914769109443
67384;Ranrupt;3;10.77088208919945
67384;Ranrupt;4;25.49197084953616
67384;Ranrupt;5;19.04951493039922
67384;Ranrupt;6;40.9724047238379
67385;Ratzwiller;2;4.95643765030337
67385;Ratzwiller;3;14.1889124949987
67385;Ratzwiller;4;28.605778074650797
67385;Ratzwiller;5;19.443023052525582
67385;Ratzwiller;6;23.6528173642765
67386;Rauwiller;2;4.84066915861978
67386;Rauwiller;3;19.31763117586311
67386;Rauwiller;4;33.70575590380114
67386;Rauwiller;5;38.1889878255542
67386;Rauwiller;6;19.22838254838359
67387;Reichsfeld;1;15.57377677255201
67387;Reichsfeld;2;14.49293600532098
67387;Reichsfeld;3;21.26780427175154
67387;Reichsfeld;4;27.350059692310808
67387;Reichsfeld;5;45.966066053900406
67387;Reichsfeld;6;39.69587542463694
67388;Reichshoffen;1;5.07905675616821
67388;Reichshoffen;2;124.9731385173771
67388;Reichshoffen;3;226.5519828776113
67388;Reichshoffen;4;478.785488385381
67388;Reichshoffen;5;505.27342894419104
67388;Reichshoffen;6;770.9281212092574
67389;Reichstett;2;83.94386475822763
67389;Reichstett;3;340.30441191425
67389;Reichstett;4;517.4538295698443
67389;Reichstett;5;454.76743921934053
67389;Reichstett;6;350.2112651655462
67391;Reinhardsmunster;1;6.08949363438764
67391;Reinhardsmunster;2;5.32178122276319
67391;Reinhardsmunster;3;14.94765798162551
67391;Reinhardsmunster;4;72.54533292617936
67391;Reinhardsmunster;5;41.90489896387117
67391;Reinhardsmunster;6;78.99923696743686
67392;Reipertswiller;1;10.18521328678688
67392;Reipertswiller;2;15.24892486878289
67392;Reipertswiller;3;25.35621864593834
67392;Reipertswiller;4;60.995327193916964
67392;Reipertswiller;5;86.40963401347246
67392;Reipertswiller;6;101.67772356687318
67394;Retschwiller;1;9.55001906059459
67394;Retschwiller;2;14.52995767681566
67394;Retschwiller;3;4.81517307003773
67394;Retschwiller;4;43.26029608520713
67394;Retschwiller;5;28.89921534179645
67394;Retschwiller;6;9.55001906059459
67395;Reutenbourg;1;5.05312591824638
67395;Reutenbourg;2;29.7473290580758
67395;Reutenbourg;3;50.955654899781564
67395;Reutenbourg;4;44.702722979663626
67395;Reutenbourg;5;49.76680167374782
67395;Reutenbourg;6;56.36147573765045
67396;Rexingen;2;4.90243902439024
67396;Rexingen;4;34.31707317073166
67396;Rexingen;5;24.5121951219512
67396;Rexingen;6;24.5121951219512
67397;Rhinau;1;9.69028975726454
67397;Rhinau;2;63.11470128025534
67397;Rhinau;3;128.22650668624786
67397;Rhinau;4;252.5439628247709
67397;Rhinau;5;298.80379661193695
67397;Rhinau;6;446.91227979074785
67398;Richtolsheim;1;5.09390038288197
67398;Richtolsheim;3;10.34225691925476
67398;Richtolsheim;4;36.2014117571291
67398;Richtolsheim;5;46.70161988363583
67398;Richtolsheim;6;72.40745444264601
67400;Riedseltz;1;10.19410406015339
67400;Riedseltz;2;20.38421952821554
67400;Riedseltz;3;56.05362122660589
67400;Riedseltz;4;163.03190642206027
67400;Riedseltz;5;112.09128964452574
67400;Riedseltz;6;219.06957951962937
67401;Rimsdorf;2;23.05193264710433
67401;Rimsdorf;3;16.0801260717573
67401;Rimsdorf;4;26.49959680016402
67401;Rimsdorf;5;40.330602684247836
67401;Rimsdorf;6;47.76249116467208
67403;Ringendorf;2;15.30272522112096
67403;Ringendorf;3;36.14664503124406
67403;Ringendorf;4;77.36482728812337
67403;Ringendorf;5;61.89787094705689
67403;Ringendorf;6;77.20166797231569
67404;Rittershoffen;1;14.8568475566498
67404;Rittershoffen;2;25.0405088018238
67404;Rittershoffen;3;24.70671450779599
67404;Rittershoffen;4;84.3426415178463
67404;Rittershoffen;5;84.30029933064058
67404;Rittershoffen;6;238.8820401201257
67405;Rœschwoog;1;19.2502089399187
67405;Rœschwoog;2;55.836539737095364
67405;Rœschwoog;3;161.4752345659065
67405;Rœschwoog;4;248.54798118939857
67405;Rœschwoog;5;293.41034300571124
67405;Rœschwoog;6;440.94732331096776
67406;Rohr;1;16.6309560807986
67406;Rohr;2;10.8465122816136
67406;Rohr;3;5.33515357413418
67406;Rohr;4;76.382102986343
67406;Rohr;5;32.720106648563224
67406;Rohr;6;32.90217939334474
67407;Rohrwiller;2;44.60484613565823
67407;Rohrwiller;3;104.2260612855257
67407;Rohrwiller;4;178.7784845848485
67407;Rohrwiller;5;233.15471576588394
67407;Rohrwiller;6;208.46929640352116
67408;Romanswiller;1;5.01676841681832
67408;Romanswiller;2;40.37322370285099
67408;Romanswiller;3;61.73384767844876
67408;Romanswiller;4;159.661453161996
67408;Romanswiller;5;112.60540244939305
67408;Romanswiller;6;122.89156287658967
67409;Roppenheim;1;24.86245139566153
67409;Roppenheim;2;25.27410307328809
67409;Roppenheim;3;59.79204476796796
67409;Roppenheim;4;70.6531005528839
67409;Roppenheim;5;136.2823171755689
67409;Roppenheim;6;247.22997966853015
67410;Rosenwiller;1;4.88260243747623
67410;Rosenwiller;2;39.98955066525989
67410;Rosenwiller;3;43.815571115157155
67410;Rosenwiller;4;72.78057057357499
67410;Rosenwiller;5;14.946440103051302
67410;Rosenwiller;6;83.39687396364407
67411;Rosheim;1;9.47682532431774
67411;Rosheim;2;168.68272728967528
67411;Rosheim;3;605.9277658703002
67411;Rosheim;4;774.8090428472057
67411;Rosheim;5;513.4977798934776
67411;Rosheim;6;464.3053537595896
67412;Rossfeld;1;4.99739902749653
67412;Rossfeld;2;29.80398602695757
67412;Rossfeld;3;59.8878777776621
67412;Rossfeld;4;134.3159945570723
67412;Rossfeld;5;114.68223819499318
67412;Rossfeld;6;128.70605037408092
67413;Rosteig;2;5.21243359074171
67413;Rosteig;3;10.42486718148342
67413;Rosteig;4;37.48327432196802
67413;Rosteig;5;70.42943038187947
67413;Rosteig;6;86.39886287660742
67414;Rothau;2;39.05305759241567
67414;Rothau;3;19.55131059837299
67414;Rothau;4;97.66008218519501
67414;Rothau;5;179.95444327790676
67414;Rothau;6;232.76665913696746
67415;Rothbach;2;24.42322383769145
67415;Rothbach;3;14.594650306726148
67415;Rothbach;4;73.47952152580302
67415;Rothbach;5;34.222698304311265
67415;Rothbach;6;63.591657402722234
67416;Rott;2;4.84083844940151
67416;Rott;3;14.69958008848247
67416;Rott;4;19.62815581540143
67416;Rott;5;64.4415451171482
67416;Rott;6;103.43771255749168
67417;Rottelsheim;1;10.320086127035921
67417;Rottelsheim;2;25.404610236799762
67417;Rottelsheim;3;19.84896209249182
67417;Rottelsheim;4;61.392311143816514
67417;Rottelsheim;5;43.427297170036994
67417;Rottelsheim;6;38.4737932866362
67418;Rountzenheim-Auenheim;1;4.90638428250449
67418;Rountzenheim-Auenheim;2;54.299115733839045
67418;Rountzenheim-Auenheim;3;93.61155602784329
67418;Rountzenheim-Auenheim;4;236.4928538040132
67418;Rountzenheim-Auenheim;5;266.03543288436
67418;Rountzenheim-Auenheim;6;374.71725608097194
67420;Russ;2;24.3867963293571
67420;Russ;3;34.315211579954465
67420;Russ;4;147.11850942393576
67420;Russ;5;157.02920238623656
67420;Russ;6;175.86776074470959
67421;Saales;1;4.83319907867696
67421;Saales;2;29.081446101435198
67421;Saales;3;4.84492898711719
67421;Saales;4;63.031252815050195
67421;Saales;5;72.74631199940538
67421;Saales;6;111.44603474359083
67422;Saasenheim;1;4.05826997989303
67422;Saasenheim;2;16.14508968979065
67422;Saasenheim;3;41.92853563664306
67422;Saasenheim;4;88.48937776839519
67422;Saasenheim;5;44.19256349484313
67422;Saasenheim;6;63.722839697922396
67423;Saessolsheim;1;9.89265668570888
67423;Saessolsheim;2;14.77976891900494
67423;Saessolsheim;3;36.47001198851911
67423;Saessolsheim;4;110.6128390422977
67423;Saessolsheim;5;59.50293987367102
67423;Saessolsheim;6;74.41186577168315
67424;Saint-Blaise-la-Roche;4;47.159743675917
67424;Saint-Blaise-la-Roche;5;12.0713111172711
67424;Saint-Blaise-la-Roche;6;33.39564967256353
67425;Saint-Jean-Saverne;2;14.93901048874206
67425;Saint-Jean-Saverne;3;33.26305290377659
67425;Saint-Jean-Saverne;4;63.250255722197174
67425;Saint-Jean-Saverne;5;67.55375655802364
67425;Saint-Jean-Saverne;6;25.19663784713392
67426;Saint-Martin;3;14.37483026286678
67426;Saint-Martin;4;43.81261939190324
67426;Saint-Martin;5;34.27768206472498
67426;Saint-Martin;6;82.84284365774454
67427;Saint-Maurice;2;4.71737700570487
67427;Saint-Maurice;3;20.50965777375831
67427;Saint-Maurice;4;25.22703477946316
67427;Saint-Maurice;5;65.88313701354825
67427;Saint-Maurice;6;42.56995449084349
67428;Saint-Nabor;2;14.59341474293435
67428;Saint-Nabor;3;33.856906571953274
67428;Saint-Nabor;4;87.51869167781321
67428;Saint-Nabor;5;29.00638045518118
67428;Saint-Nabor;6;34.12865402250464
67429;Saint-Pierre;2;10.13817211693446
67429;Saint-Pierre;3;35.58272120341141
67429;Saint-Pierre;4;45.86837842239146
67429;Saint-Pierre;5;81.45676950517768
67429;Saint-Pierre;6;76.40798174873817
67430;Saint-Pierre-Bois;2;28.25754509855575
67430;Saint-Pierre-Bois;3;34.39870914485128
67430;Saint-Pierre-Bois;4;93.3023792610411
67430;Saint-Pierre-Bois;5;90.53860506454707
67430;Saint-Pierre-Bois;6;68.04047568945545
67432;Salmbach;1;5.29683593887135
67432;Salmbach;2;4.61562504821435
67432;Salmbach;3;48.459870924798345
67432;Salmbach;4;61.787425960483276
67432;Salmbach;5;29.69571887312165
67432;Salmbach;6;119.44362299055342
67433;Sand;1;15.8128851168612
67433;Sand;2;42.54346681514843
67433;Sand;3;85.11622267470736
67433;Sand;4;175.66300580113364
67433;Sand;5;148.51603990782638
67433;Sand;6;249.38607204760356
67434;Sarre-Union;1;5.61840719717335
67434;Sarre-Union;2;77.84100530423264
67434;Sarre-Union;3;30.0623134763587
67434;Sarre-Union;4;127.03814256195011
67434;Sarre-Union;5;301.5592532586948
67434;Sarre-Union;6;389.87179186821425
67435;Sarrewerden;1;10.12525115632797
67435;Sarrewerden;2;24.92670408652501
67435;Sarrewerden;3;50.21124100980457
67435;Sarrewerden;4;65.37126699699277
67435;Sarrewerden;5;105.28147924381253
67435;Sarrewerden;6;131.63608108034782
67436;Saulxures;2;4.68130264949348
67436;Saulxures;3;10.36013547197236
67436;Saulxures;4;59.90318192120672
67436;Saulxures;5;39.05651896056575
67436;Saulxures;6;64.60731821849659
67437;Saverne;1;3.61034933019088
67437;Saverne;2;252.0957868298846
67437;Saverne;3;978.2374365821081
67437;Saverne;4;1237.3241371180702
67437;Saverne;5;1239.0177432598582
67437;Saverne;6;1127.8741881868393
67438;Schaeffersheim;1;5.21666764022854
67438;Schaeffersheim;2;19.98481048267093
67438;Schaeffersheim;3;78.25045747606163
67438;Schaeffersheim;4;118.67695056191276
67438;Schaeffersheim;5;78.41740557154795
67438;Schaeffersheim;6;66.09188658819438
67440;Schaffhouse-près-Seltz;2;29.37238071261338
67440;Schaffhouse-près-Seltz;3;20.44815609828541
67440;Schaffhouse-près-Seltz;4;91.4834558897994
67440;Schaffhouse-près-Seltz;5;50.37155759538982
67440;Schaffhouse-près-Seltz;6;67.12079905713674
67441;Schalkendorf;2;10.36312692996542
67441;Schalkendorf;3;15.28098872322866
67441;Schalkendorf;4;74.55598436679803
67441;Schalkendorf;5;35.06960595431105
67441;Schalkendorf;6;25.23770510439905
67442;Scharrachbergheim-Irmstett;2;37.53177190276199
67442;Scharrachbergheim-Irmstett;3;89.02560686688982
67442;Scharrachbergheim-Irmstett;4;238.08837860330704
67442;Scharrachbergheim-Irmstett;5;130.7866719368282
67442;Scharrachbergheim-Irmstett;6;140.31972707007074
67443;Scheibenhard;1;4.97569226988531
67443;Scheibenhard;2;4.97569226988531
67443;Scheibenhard;3;54.6413911684796
67443;Scheibenhard;4;119.14198269872699
67443;Scheibenhard;5;99.60949795131123
67443;Scheibenhard;6;193.46975644993893
67444;Scherlenheim;4;20.173913043478223
67444;Scherlenheim;5;20.17391304347822
67444;Scherlenheim;6;10.08695652173912
67445;Scherwiller;1;24.7200807034589
67445;Scherwiller;2;72.2215035684432
67445;Scherwiller;3;317.98568228356606
67445;Scherwiller;4;439.213400939968
67445;Scherwiller;5;332.35714931720526
67445;Scherwiller;6;364.682780453092
67446;Schillersdorf;1;5.24309508291006
67446;Schillersdorf;2;10.50888837462109
67446;Schillersdorf;3;15.6390786139923
67446;Schillersdorf;4;52.454236083677856
67446;Schillersdorf;5;52.40864398293341
67446;Schillersdorf;6;57.56153243110543
67447;Schiltigheim;2;745.9186890778028
67447;Schiltigheim;3;3216.0392153720572
67447;Schiltigheim;4;4095.95116075793
67447;Schiltigheim;5;3827.092206247693
67447;Schiltigheim;6;2479.635248280856
67448;Schirmeck;2;35.49301131478682
67448;Schirmeck;3;60.858409776128276
67448;Schirmeck;4;217.95905600226922
67448;Schirmeck;5;244.4522075533518
67448;Schirmeck;6;264.54040285216945
67449;Schirrhein;2;64.54961356723531
67449;Schirrhein;3;105.82028815631197
67449;Schirrhein;4;300.5310288265053
67449;Schirrhein;5;305.9648045733093
67449;Schirrhein;6;435.23263157521154
67450;Schirrhoffen;2;37.61668304192397
67450;Schirrhoffen;3;49.802468196142776
67450;Schirrhoffen;4;125.57952487539592
67450;Schirrhoffen;5;112.599316154022
67450;Schirrhoffen;6;89.94058947796876
67451;Schleithal;1;8.90005494038566
67451;Schleithal;2;24.01971454089566
67451;Schleithal;3;53.94045709479976
67451;Schleithal;4;186.9718780556384
67451;Schleithal;5;156.52609544495795
67451;Schleithal;6;267.00690149894575
67452;Schnersheim;1;16.1474815848557
67452;Schnersheim;2;69.77728266325971
67452;Schnersheim;3;187.0965579958957
67452;Schnersheim;4;278.51948403054354
67452;Schnersheim;5;273.47119561248553
67452;Schnersheim;6;123.02560864876554
67453;Schœnau;2;5.0728838409983
67453;Schœnau;3;16.07027203241802
67453;Schœnau;4;105.17363189654776
67453;Schœnau;5;53.43861122315076
67453;Schœnau;6;115.69580168679111
67454;Schœnbourg;2;4.44330114020465
67454;Schœnbourg;3;4.58758064956594
67454;Schœnbourg;4;28.44346080606093
67454;Schœnbourg;5;61.320244224427
67454;Schœnbourg;6;75.83748251592615
67455;Schœnenbourg;2;9.30459597611248
67455;Schœnenbourg;3;38.4612156271355
67455;Schœnenbourg;4;110.6072585684952
67455;Schœnenbourg;5;110.50348386865831
67455;Schœnenbourg;6;90.90365183573488
67456;Schopperten;1;5.44211392178963
67456;Schopperten;2;5.44211392178963
67456;Schopperten;3;4.73408403394167
67456;Schopperten;4;60.76580174201835
67456;Schopperten;5;59.12460817041723
67456;Schopperten;6;54.84028257311799
67458;Schweighouse-sur-Moder;2;77.8807164830736
67458;Schweighouse-sur-Moder;3;352.4660045369794
67458;Schweighouse-sur-Moder;4;661.5894499933522
67458;Schweighouse-sur-Moder;5;580.3053454824036
67458;Schweighouse-sur-Moder;6;555.3550210881258
67459;Schwenheim;2;30.28054855163548
67459;Schwenheim;3;40.79459207580396
67459;Schwenheim;4;122.38514236335743
67459;Schwenheim;5;91.5985194164545
67459;Schwenheim;6;106.86855107237157
67460;Schwindratzheim;2;37.94392022655056
67460;Schwindratzheim;3;101.31764678076048
67460;Schwindratzheim;4;242.09885048398567
67460;Schwindratzheim;5;250.14282609501123
67460;Schwindratzheim;6;224.8502369575653
67461;Schwobsheim;2;15.12269878040064
67461;Schwobsheim;3;15.440040160586978
67461;Schwobsheim;4;46.94609114130457
67461;Schwobsheim;5;46.10635564146982
67461;Schwobsheim;6;47.27875822043333
67462;Sélestat;1;42.361577149980775
67462;Sélestat;2;415.58616229046527
67462;Sélestat;3;1391.4760323317353
67462;Sélestat;4;2107.0205942655166
67462;Sélestat;5;2227.50084897925
67462;Sélestat;6;2345.58810690623
67463;Seltz;2;54.34908197019336
67463;Seltz;3;132.780746647883
67463;Seltz;4;375.88617501717437
67463;Seltz;5;417.7786421234125
67463;Seltz;6;610.2886477751545
67464;Sermersheim;1;5.13474952730176
67464;Sermersheim;2;25.71354595950082
67464;Sermersheim;3;41.11817629163101
67464;Sermersheim;4;154.2612231017314
67464;Sermersheim;5;113.06482469673274
67464;Sermersheim;6;149.08690512537217
67465;Sessenheim;1;4.91663193563891
67465;Sessenheim;2;110.1583411863106
67465;Sessenheim;3;170.69026744157495
67465;Sessenheim;4;346.39901651159687
67465;Sessenheim;5;306.3034971865517
67465;Sessenheim;6;256.48341931697064
67466;Siegen;1;4.83696203506775
67466;Siegen;2;19.67090023515288
67466;Siegen;3;9.75736195696039
67466;Siegen;4;38.46003900144147
67466;Siegen;5;87.32347952331807
67466;Siegen;6;111.11902132114287
67467;Siewiller;1;4.79097575097142
67467;Siewiller;2;19.20866330426912
67467;Siewiller;3;9.59822106915986
67467;Siewiller;4;14.40547674369213
67467;Siewiller;5;57.552766454245884
67467;Siewiller;6;47.962666356329834
67468;Siltzheim;2;9.98867488722567
67468;Siltzheim;3;36.23564048118162
67468;Siltzheim;4;96.94930449011011
67468;Siltzheim;5;55.06393641412847
67468;Siltzheim;6;65.633637834949
67470;Solbach;4;23.1818181818182
67470;Solbach;5;23.1818181818182
67470;Solbach;6;4.63636363636364
67471;Souffelweyersheim;1;4.97230145030006
67471;Souffelweyersheim;2;277.7726551780343
67471;Souffelweyersheim;3;873.265190817724
67471;Souffelweyersheim;4;1042.5943250072862
67471;Souffelweyersheim;5;892.9604141377147
67471;Souffelweyersheim;6;600.4083717320457
67472;Soufflenheim;1;5.05219485934602
67472;Soufflenheim;2;145.5503558384146
67472;Soufflenheim;3;234.7090798054245
67472;Soufflenheim;4;420.34246834553676
67472;Soufflenheim;5;540.9514699804062
67472;Soufflenheim;6;847.3363348062225
67473;Soultz-les-Bains;1;20.0151425466244
67473;Soultz-les-Bains;2;29.673559967575606
67473;Soultz-les-Bains;3;88.88976179268013
67473;Soultz-les-Bains;4;147.18254660771774
67473;Soultz-les-Bains;5;84.27329951748484
67473;Soultz-les-Bains;6;134.39041386035737
67474;Soultz-sous-Forêts;2;55.12516489315567
67474;Soultz-sous-Forêts;3;185.3476361271808
67474;Soultz-sous-Forêts;4;360.3587622596819
67474;Soultz-sous-Forêts;5;356.3172434361789
67474;Soultz-sous-Forêts;6;435.9755981836422
67475;Sparsbach;1;4.91942038879496
67475;Sparsbach;3;15.450587417130171
67475;Sparsbach;4;46.610074097754904
67475;Sparsbach;5;14.7682975297545
67475;Sparsbach;6;19.68771791854952
67476;Stattmatten;2;10.01363950088888
67476;Stattmatten;3;25.03199661235017
67476;Stattmatten;4;85.11609731439628
67476;Stattmatten;5;75.10051733492179
67476;Stattmatten;6;95.12811968016152
67477;Steige;1;19.6700621904087
67477;Steige;2;9.80303765297622
67477;Steige;3;24.42858366008607
67477;Steige;4;78.20535998256807
67477;Steige;5;68.11876719516715
67477;Steige;6;63.76809419706885
67478;Steinbourg;2;19.89964101104508
67478;Steinbourg;3;55.19478292337722
67478;Steinbourg;4;211.06906443622591
67478;Steinbourg;5;290.833693164763
67478;Steinbourg;6;266.28270671596897
67479;Steinseltz;1;10.05569643341863
67479;Steinseltz;2;35.93931999370504
67479;Steinseltz;3;29.649642345195232
67479;Steinseltz;4;60.24025645913543
67479;Steinseltz;5;85.32490404974556
67479;Steinseltz;6;85.76987480254238
67480;Still;2;24.454801090701242
67480;Still;3;117.54165206510046
67480;Still;4;264.5913393584341
67480;Still;5;264.1596539434456
67480;Still;6;270.74379491240654
67481;Stotzheim;1;19.99993829141082
67481;Stotzheim;2;15.009881596805482
67481;Stotzheim;3;71.45705252146392
67481;Stotzheim;4;99.10440467631209
67481;Stotzheim;5;138.97769272484396
67481;Stotzheim;6;179.32541910000296
67482;Strasbourg;1;66.7707704457319
67482;Strasbourg;2;5764.181203220575
67482;Strasbourg;3;33409.084923389375
67482;Strasbourg;4;31089.079171904552
67482;Strasbourg;5;28915.617433975054
67482;Strasbourg;6;18274.136476142292
67483;Struth;2;4.85479519479787
67483;Struth;3;14.838375067094729
67483;Struth;4;24.56321638272018
67483;Struth;5;24.01126554713657
67483;Struth;6;19.696929947175377
67484;Stundwiller;1;9.50080515532336
67484;Stundwiller;2;14.289157939523111
67484;Stundwiller;3;14.210662532364381
67484;Stundwiller;4;90.51686690762826
67484;Stundwiller;5;75.99089272372302
67484;Stundwiller;6;100.0255875120322
67485;Stutzheim-Offenheim;1;5.16192564737134
67485;Stutzheim-Offenheim;2;49.6807282800196
67485;Stutzheim-Offenheim;3;262.310108747791
67485;Stutzheim-Offenheim;4;252.42283727855914
67485;Stutzheim-Offenheim;5;129.68442626589277
67485;Stutzheim-Offenheim;6;95.36662170420729
67486;Sundhouse;1;4.79508965090967
67486;Sundhouse;2;90.24480985075024
67486;Sundhouse;3;25.08464244763087
67486;Sundhouse;4;217.924884203276
67486;Sundhouse;5;286.4694971237923
67486;Sundhouse;6;271.6652872950639
67487;Surbourg;1;9.95228345581016
67487;Surbourg;2;44.67034524821366
67487;Surbourg;3;99.2419189188573
67487;Surbourg;4;188.4556445125595
67487;Surbourg;5;223.18619882112844
67487;Surbourg;6;193.5714080692215
67488;Thal-Drulingen;4;10.1081081081081
67488;Thal-Drulingen;5;30.3243243243243
67488;Thal-Drulingen;6;55.59459459459465
67489;Thal-Marmoutier;2;24.95392257642244
67489;Thal-Marmoutier;3;49.960070854034214
67489;Thal-Marmoutier;4;74.86377480888017
67489;Thal-Marmoutier;5;84.74398560064688
67489;Thal-Marmoutier;6;74.91150091469406
67490;Thanvillé;1;4.8783758255341
67490;Thanvillé;2;4.8783758255341
67490;Thanvillé;3;84.6842624872213
67490;Thanvillé;4;104.01369001233826
67490;Thanvillé;5;44.27662376967792
67490;Thanvillé;6;34.88272773258801
67491;Tieffenbach;2;14.83073166061739
67491;Tieffenbach;3;9.7735163215191
67491;Tieffenbach;4;34.79451308426539
67491;Tieffenbach;5;24.676161355991063
67491;Tieffenbach;6;24.882071278814863
67492;Traenheim;1;20.45714759640063
67492;Traenheim;2;30.91953646549605
67492;Traenheim;3;71.47372041248799
67492;Traenheim;4;87.07057281530021
67492;Traenheim;5;51.64793996571414
67492;Traenheim;6;45.88353819699272
67493;Triembach-au-Val;2;4.84952729483986
67493;Triembach-au-Val;3;35.0574577000438
67493;Triembach-au-Val;4;59.8163511064653
67493;Triembach-au-Val;5;30.46830798722567
67493;Triembach-au-Val;6;49.125522072152094
67494;Trimbach;1;4.86851117865246
67494;Trimbach;2;15.036331141392921
67494;Trimbach;3;14.77664971565962
67494;Trimbach;4;84.40838952841023
67494;Trimbach;5;58.94875744837945
67494;Trimbach;6;132.76718865833485
67495;Truchtersheim;1;20.2687313417943
67495;Truchtersheim;2;161.13405389011726
67495;Truchtersheim;3;571.7045528590492
67495;Truchtersheim;4;659.2421756263666
67495;Truchtersheim;5;425.0055646367629
67495;Truchtersheim;6;211.23642631687375
67497;Uhlwiller;1;9.93221415591566
67497;Uhlwiller;2;28.56390181089555
67497;Uhlwiller;3;48.747687847768674
67497;Uhlwiller;4;96.58550584613899
67497;Uhlwiller;5;68.4597069267881
67497;Uhlwiller;6;107.04244795677353
67498;Uhrwiller;2;20.11530917560922
67498;Uhrwiller;3;25.153952068649
67498;Uhrwiller;4;90.34304769805611
67498;Uhrwiller;5;90.34319978001356
67498;Uhrwiller;6;115.37959470279645
67499;Urbeis;2;10.54445482866976
67499;Urbeis;3;5.27222741433488
67499;Urbeis;4;51.7418477807401
67499;Urbeis;5;41.09425913600802
67499;Urbeis;6;15.61797564505656
67500;Urmatt;2;54.37707436830111
67500;Urmatt;3;92.69004468603256
67500;Urmatt;4;179.5532263697337
67500;Urmatt;5;156.20436597432524
67500;Urmatt;6;157.9203042723629
67501;Uttenheim;1;9.77778499645669
67501;Uttenheim;2;9.77736267979908
67501;Uttenheim;3;44.00013806264945
67501;Uttenheim;4;112.44410512777358
67501;Uttenheim;5;53.7776063153426
67501;Uttenheim;6;88.00164870516912
67502;Uttenhoffen;2;9.42222222222222
67502;Uttenhoffen;3;14.133333333333331
67502;Uttenhoffen;4;28.266666666666662
67502;Uttenhoffen;5;28.26666666666663
67502;Uttenhoffen;6;37.68888888888888
67503;Uttwiller;2;9.9375
67503;Uttwiller;3;9.9375
67503;Uttwiller;4;19.875
67503;Uttwiller;5;9.9375
67503;Uttwiller;6;9.9375
67504;Valff;1;14.63973442334026
67504;Valff;2;30.444230772516462
67504;Valff;3;70.2714790362851
67504;Valff;4;131.25448254855468
67504;Valff;5;146.6601616665207
67504;Valff;6;228.001285249169
67505;La Vancelle;1;4.97221771336754
67505;La Vancelle;2;19.97964141516068
67505;La Vancelle;3;44.99944906795744
67505;La Vancelle;4;59.98394740398959
67505;La Vancelle;5;35.03219253951029
67505;La Vancelle;6;35.05470458555977
67506;Vendenheim;2;134.75975866254498
67506;Vendenheim;3;664.8710740965976
67506;Vendenheim;4;741.3229942396017
67506;Vendenheim;5;682.2911519648966
67506;Vendenheim;6;392.13945483119613
67507;Villé;2;79.16323503822672
67507;Villé;3;64.4765620532792
67507;Villé;4;208.66196442631275
67507;Villé;5;159.14937417547898
67507;Villé;6;184.5969736176658
67508;Vœllerdingen;2;5.13899613666817
67508;Vœllerdingen;3;5.17037338226917
67508;Vœllerdingen;4;41.45826944780004
67508;Vœllerdingen;5;67.0591148993272
67508;Vœllerdingen;6;108.48715543619385
67509;Volksberg;2;4.80474824114124
67509;Volksberg;3;4.80474824114124
67509;Volksberg;4;38.41802829930076
67509;Volksberg;5;14.496625375292101
67509;Volksberg;6;52.93522568810761
67510;Wahlenheim;1;10.7771602625669
67510;Wahlenheim;2;10.51216018693529
67510;Wahlenheim;3;35.03313524772193
67510;Wahlenheim;4;95.97313595315016
67510;Wahlenheim;5;68.66044194123276
67510;Wahlenheim;6;73.0943949762562
67511;Walbourg;1;9.986861396205331
67511;Walbourg;2;30.75043442380787
67511;Walbourg;3;61.30961412781066
67511;Walbourg;4;95.5375093235063
67511;Walbourg;5;101.35461451220068
67511;Walbourg;6;109.74624955387273
67513;Waldersbach;1;5.59090909090909
67513;Waldersbach;2;5.59090909090909
67513;Waldersbach;3;5.59090909090909
67513;Waldersbach;4;5.59090909090909
67513;Waldersbach;5;16.77272727272727
67513;Waldersbach;6;16.772727272727288
67514;Waldhambach;1;10.3479630382288
67514;Waldhambach;2;24.331561770489678
67514;Waldhambach;3;20.47537918560874
67514;Waldhambach;4;68.13703493089449
67514;Waldhambach;5;46.95579866765258
67514;Waldhambach;6;77.99758374628084
67515;Waldolwisheim;2;19.87026644052878
67515;Waldolwisheim;3;14.96888951256485
67515;Waldolwisheim;4;55.30299500374222
67515;Waldolwisheim;5;60.20006878308544
67515;Waldolwisheim;6;70.10956534314839
67516;Waltenheim-sur-Zorn;1;5.16587347534209
67516;Waltenheim-sur-Zorn;2;10.03718473740903
67516;Waltenheim-sur-Zorn;3;55.653921162045464
67516;Waltenheim-sur-Zorn;4;96.10482097530496
67516;Waltenheim-sur-Zorn;5;80.79345634737528
67516;Waltenheim-sur-Zorn;6;56.14241084652869
67517;Wangen;1;14.90387212389872
67517;Wangen;2;15.41887044433807
67517;Wangen;3;44.72517353839287
67517;Wangen;4;108.49935355937293
67517;Wangen;5;77.8916920342144
67517;Wangen;6;54.03184773016568
67519;La Wantzenau;1;4.98830316340427
67519;La Wantzenau;2;230.19861833460368
67519;La Wantzenau;3;966.1267174163545
67519;La Wantzenau;4;751.3663217638164
67519;La Wantzenau;5;535.6778465762989
67519;La Wantzenau;6;305.34732286046955
67520;Wasselonne;1;9.79420872681828
67520;Wasselonne;2;105.78288334774011
67520;Wasselonne;3;302.3929193537903
67520;Wasselonne;4;771.1027695875199
67520;Wasselonne;5;772.4394614253176
67520;Wasselonne;6;703.1530270981574
67521;Weinbourg;2;19.4891099752941
67521;Weinbourg;3;19.48685307175861
67521;Weinbourg;4;78.21321844247849
67521;Weinbourg;5;33.84139974980312
67521;Weinbourg;6;43.79369694085257
67522;Weislingen;1;15.39329108539528
67522;Weislingen;3;15.40039632503661
67522;Weislingen;4;51.36780245776758
67522;Weislingen;5;56.449221544020276
67522;Weislingen;6;82.17574942004117
67523;Weitbruch;2;88.26996360651502
67523;Weitbruch;3;162.8671660136501
67523;Weitbruch;4;311.8165034483912
67523;Weitbruch;5;357.3689645997665
67523;Weitbruch;6;361.5841113758339
67524;Weiterswiller;2;19.52293975258128
67524;Weiterswiller;3;19.374044709453422
67524;Weiterswiller;4;43.18451619917681
67524;Weiterswiller;5;91.83066687838483
67524;Weiterswiller;6;58.13114047145922
67525;Westhoffen;1;10.62678978246322
67525;Westhoffen;2;5.07908705880704
67525;Westhoffen;3;145.9394997717604
67525;Westhoffen;4;302.77510278628614
67525;Westhoffen;5;217.67417153255766
67525;Westhoffen;6;172.41585050738735
67526;Westhouse;2;66.58973395837094
67526;Westhouse;3;97.33914032242176
67526;Westhouse;4;271.5198156916891
67526;Westhouse;5;179.30157895169137
67526;Westhouse;6;169.06276926116658
67527;Westhouse-Marmoutier;2;4.74376227246221
67527;Westhouse-Marmoutier;3;14.3652096876164
67527;Westhouse-Marmoutier;4;43.18588120853465
67527;Westhouse-Marmoutier;5;57.77738071047713
67527;Westhouse-Marmoutier;6;43.276156816551804
67528;Weyer;2;10.01725606868325
67528;Weyer;3;20.04077629108443
67528;Weyer;4;85.81778107659953
67528;Weyer;5;71.21807081928344
67528;Weyer;6;90.89473898516034
67529;Weyersheim;1;15.2927883153693
67529;Weyersheim;2;127.4708006999801
67529;Weyersheim;3;246.33290503676224
67529;Weyersheim;4;451.46614724900815
67529;Weyersheim;5;353.62992615880137
67529;Weyersheim;6;363.82154053127954
67530;Wickersheim-Wilshausen;1;9.9242752678837
67530;Wickersheim-Wilshausen;2;15.11824441786323
67530;Wickersheim-Wilshausen;3;34.90967060743633
67530;Wickersheim-Wilshausen;4;44.37493986915976
67530;Wickersheim-Wilshausen;5;34.73695926761624
67530;Wickersheim-Wilshausen;6;29.89240454651751
67531;Wildersbach;1;4.37812451275131
67531;Wildersbach;3;19.77050891532295
67531;Wildersbach;4;30.4809054941355
67531;Wildersbach;5;48.119045620568315
67531;Wildersbach;6;58.45055984554182
67532;Willgottheim;1;20.3235356651596
67532;Willgottheim;2;30.27124484912403
67532;Willgottheim;3;108.57782069533695
67532;Willgottheim;4;185.74550592755483
67532;Willgottheim;5;114.98075075490482
67532;Willgottheim;6;101.69675095036317
67534;Wilwisheim;2;15.514227734561821
67534;Wilwisheim;3;15.5719026721451
67534;Wilwisheim;4;108.6582276884823
67534;Wilwisheim;5;103.46844172476632
67534;Wilwisheim;6;119.12677669730034
67535;Wimmenau;2;38.63304752723473
67535;Wimmenau;3;63.653590235982804
67535;Wimmenau;4;150.84044614918363
67535;Wimmenau;5;128.86510662464065
67535;Wimmenau;6;161.37300062070935
67536;Windstein;2;15.89045585846066
67536;Windstein;3;10.49031338907168
67536;Windstein;5;5.24515669453584
67536;Windstein;6;36.71609686175086
67537;Wingen;1;9.7152338802013
67537;Wingen;3;9.67712339119177
67537;Wingen;4;48.95877168217524
67537;Wingen;5;82.50490344111981
67537;Wingen;6;82.65735236201706
67538;Wingen-sur-Moder;2;39.37135273145291
67538;Wingen-sur-Moder;3;88.88382788835787
67538;Wingen-sur-Moder;4;113.78887086509326
67538;Wingen-sur-Moder;5;178.04500543429629
67538;Wingen-sur-Moder;6;187.59223155119903
67539;Wingersheim les Quatre Bans;1;22.62902111140808
67539;Wingersheim les Quatre Bans;2;64.13245015825198
67539;Wingersheim les Quatre Bans;3;152.50854641991666
67539;Wingersheim les Quatre Bans;4;402.28021805790644
67539;Wingersheim les Quatre Bans;5;302.22369234109124
67539;Wingersheim les Quatre Bans;6;241.4712068731455
67540;Wintershouse;1;5.16330363418305
67540;Wintershouse;2;18.722125888349623
67540;Wintershouse;3;73.85931782757139
67540;Wintershouse;4;187.65630057706704
67540;Wintershouse;5;127.00532102884075
67540;Wintershouse;6;101.90869848056444
67541;Wintzenbach;1;4.85117229860642
67541;Wintzenbach;2;10.37535524961693
67541;Wintzenbach;3;20.98175817613147
67541;Wintzenbach;4;67.38516093316073
67541;Wintzenbach;5;46.5941657000049
67541;Wintzenbach;6;126.71466068123729
67542;Wintzenheim-Kochersberg;2;16.72731226636052
67542;Wintzenheim-Kochersberg;3;55.586093697692874
67542;Wintzenheim-Kochersberg;4;72.16108290013733
67542;Wintzenheim-Kochersberg;5;72.38801414713849
67542;Wintzenheim-Kochersberg;6;33.45672909319475
67543;Wisches;2;59.1260521887487
67543;Wisches;3;55.29538896207452
67543;Wisches;4;243.87664362236262
67543;Wisches;5;245.68373059108998
67543;Wisches;6;321.3860776298055
67544;Wissembourg;1;24.36157379521888
67544;Wissembourg;2;214.6093224929678
67544;Wissembourg;3;463.3926499088571
67544;Wissembourg;4;718.7795903433623
67544;Wissembourg;5;800.7877507279792
67544;Wissembourg;6;866.2974479555276
67545;Witternheim;1;25.37789190606671
67545;Witternheim;2;10.25907367184402
67545;Witternheim;3;10.07854023162714
67545;Witternheim;4;66.14077952343631
67545;Witternheim;5;65.96145340230517
67545;Witternheim;6;60.96701571585534
67546;Wittersheim;1;4.7629996241893
67546;Wittersheim;2;48.57382978795454
67546;Wittersheim;3;57.653706389503654
67546;Wittersheim;4;114.02169887480174
67546;Wittersheim;5;99.44262812496403
67546;Wittersheim;6;67.16928824433361
67547;Wittisheim;2;39.79545339410082
67547;Wittisheim;3;88.86434930686045
67547;Wittisheim;4;217.87769825527775
67547;Wittisheim;5;256.8217888161298
67547;Wittisheim;6;400.7653844301587
67548;Wiwersheim;1;5.27016380901099
67548;Wiwersheim;2;25.53353678372659
67548;Wiwersheim;3;99.28833363669352
67548;Wiwersheim;4;165.0421036844753
67548;Wiwersheim;5;100.5442046159573
67548;Wiwersheim;6;65.25840044378911
67550;Wœrth;2;4.85265149285418
67550;Wœrth;3;107.08379741016806
67550;Wœrth;4;189.2459980298988
67550;Wœrth;5;196.00137264979915
67550;Wœrth;6;230.52569406440085
67551;Wolfisheim;1;30.08558881416814
67551;Wolfisheim;2;69.85390814071897
67551;Wolfisheim;3;494.7630214258603
67551;Wolfisheim;4;527.2093511270728
67551;Wolfisheim;5;572.8544436224813
67551;Wolfisheim;6;189.82985541614414
67552;Wolfskirchen;2;4.8184773288353
67552;Wolfskirchen;3;21.288452080872688
67552;Wolfskirchen;4;21.11939378730667
67552;Wolfskirchen;5;38.043803427316504
67552;Wolfskirchen;6;85.76297774928494
67553;Wolschheim;1;9.70352802868351
67553;Wolschheim;2;9.82358303429168
67553;Wolschheim;3;23.97034846956967
67553;Wolschheim;4;38.59762621194851
67553;Wolschheim;5;47.93196543608245
67553;Wolschheim;6;37.76812145853264
67554;Wolxheim;1;30.383309053182792
67554;Wolxheim;2;20.3849288385973
67554;Wolxheim;3;81.65427739089243
67554;Wolxheim;4;179.50264199952863
67554;Wolxheim;5;86.95662551337564
67554;Wolxheim;6;56.10500405300864
67555;Zehnacker;1;10.3152360652965
67555;Zehnacker;2;5.15761803264827
67555;Zehnacker;3;10.21042370991948
67555;Zehnacker;4;31.15856619798113
67555;Zehnacker;5;25.68327780786425
67555;Zehnacker;6;36.15842773605732
67556;Zeinheim;3;18.55319148936172
67556;Zeinheim;4;60.297872340425606
67556;Zeinheim;5;18.55319148936172
67556;Zeinheim;6;32.468085106383015
67557;Zellwiller;1;20.46106216210894
67557;Zellwiller;2;20.46595794449607
67557;Zellwiller;3;61.37832331574883
67557;Zellwiller;4;86.90465333396848
67557;Zellwiller;5;102.2858068982468
67557;Zellwiller;6;76.69118758532453
67558;Zinswiller;2;14.34906094415889
67558;Zinswiller;3;18.66280791832021
67558;Zinswiller;4;62.21742811265957
67558;Zinswiller;5;145.97953984058844
67558;Zinswiller;6;136.34337955542455
67559;Zittersheim;2;9.1911783734705
67559;Zittersheim;3;13.10736968306238
67559;Zittersheim;4;51.50482129182796
67559;Zittersheim;5;30.091612954974742
67559;Zittersheim;6;26.0087975235884
68001;Algolsheim;1;5.16618072947288
68001;Algolsheim;2;10.0826113599501
68001;Algolsheim;3;70.84667308250316
68001;Algolsheim;4;165.66663792000253
68001;Algolsheim;5;136.63185018274743
68001;Algolsheim;6;151.10965673353914
68002;Altenach;1;9.86008003749944
68002;Altenach;2;9.54601973527758
68002;Altenach;3;28.44041245712931
68002;Altenach;4;37.10122165455088
68002;Altenach;5;42.42471683649181
68002;Altenach;6;55.91797908626106
68004;Altkirch;1;5.04112886762144
68004;Altkirch;2;113.87730326352496
68004;Altkirch;3;322.2547598280355
68004;Altkirch;4;611.5280443838732
68004;Altkirch;5;666.3249557859767
68004;Altkirch;6;687.4967993109966
68005;Ammerschwihr;1;60.68791524243991
68005;Ammerschwihr;2;46.385646456774985
68005;Ammerschwihr;3;107.04552159866032
68005;Ammerschwihr;4;172.69895267395177
68005;Ammerschwihr;5;171.83739430393186
68005;Ammerschwihr;6;148.99541929361334
68006;Bernwiller;1;5.00499078985858
68006;Bernwiller;2;35.36914859503276
68006;Bernwiller;3;111.44055055106442
68006;Bernwiller;4;223.076388512517
68006;Bernwiller;5;157.28581724159713
68006;Bernwiller;6;137.40216001240535
68007;Andolsheim;1;4.9924778578896
68007;Andolsheim;2;65.09884541251024
68007;Andolsheim;3;229.35259705969577
68007;Andolsheim;4;269.04627819015104
68007;Andolsheim;5;310.3347834748758
68007;Andolsheim;6;155.35589884377262
68008;Appenwihr;1;4.83013231473639
68008;Appenwihr;2;19.41441696551659
68008;Appenwihr;3;28.8579955888507
68008;Appenwihr;4;77.84604136538893
68008;Appenwihr;5;63.35385670965975
68008;Appenwihr;6;43.87724490707631
68009;Artzenheim;1;10.0104545717676
68009;Artzenheim;2;44.57440698711386
68009;Artzenheim;3;49.83185625430846
68009;Artzenheim;4;94.92173729819302
68009;Artzenheim;5;64.81359240210587
68009;Artzenheim;6;129.49372666295105
68010;Aspach;2;30.0382682947454
68010;Aspach;3;75.17403210536287
68010;Aspach;4;214.90614364437417
68010;Aspach;5;130.01303722486932
68010;Aspach;6;139.38352016011433
68011;Aspach-le-Bas;1;4.95123928154068
68011;Aspach-le-Bas;2;15.37087510617216
68011;Aspach-le-Bas;3;128.31430993070867
68011;Aspach-le-Bas;4;218.50947406960927
68011;Aspach-le-Bas;5;153.25243254656974
68011;Aspach-le-Bas;6;132.484897791634
68012;Aspach-Michelbach;1;10.4253670354875
68012;Aspach-Michelbach;2;45.73239735780543
68012;Aspach-Michelbach;3;170.96512995144698
68012;Aspach-Michelbach;4;326.1711382540461
68012;Aspach-Michelbach;5;169.04080191778206
68012;Aspach-Michelbach;6;107.52739737842903
68013;Attenschwiller;2;40.46040753649037
68013;Attenschwiller;3;86.14620408110515
68013;Attenschwiller;4;167.03550993845616
68013;Attenschwiller;5;96.24969316548405
68013;Attenschwiller;6;121.63403395038189
68014;Aubure;2;8.68663748358966
68014;Aubure;3;9.42221428116513
68014;Aubure;4;43.142307416281284
68014;Aubure;5;70.97363337607123
68014;Aubure;6;36.91361377228953
68015;Baldersheim;1;10.2095090320341
68015;Baldersheim;2;50.4339609647928
68015;Baldersheim;3;245.8094348090039
68015;Baldersheim;4;372.76055973000825
68015;Baldersheim;5;257.35327446635256
68015;Baldersheim;6;277.6769165245749
68016;Balgau;1;5.31528439953489
68016;Balgau;3;36.18282827955083
68016;Balgau;4;149.35048482361358
68016;Balgau;5;133.7149031464249
68016;Balgau;6;184.33361894445449
68017;Ballersdorf;2;14.95221895483678
68017;Ballersdorf;3;54.60633906693522
68017;Ballersdorf;4;138.95893668212955
68017;Ballersdorf;5;114.85315393109519
68017;Ballersdorf;6;80.46515635222816
68018;Balschwiller;1;19.57836403621754
68018;Balschwiller;2;10.6229310381318
68018;Balschwiller;3;60.548494671461896
68018;Balschwiller;4;109.6157810379941
68018;Balschwiller;5;112.6575210881895
68018;Balschwiller;6;84.07600542403677
68019;Baltzenheim;2;30.27069517952898
68019;Baltzenheim;3;4.97297377554253
68019;Baltzenheim;4;53.96591189133785
68019;Baltzenheim;5;89.2211048932559
68019;Baltzenheim;6;49.53174932643963
68020;Bantzenheim;2;53.411022338672
68020;Bantzenheim;3;73.69402864996991
68020;Bantzenheim;4;189.8000779354281
68020;Bantzenheim;5;157.68440800987602
68020;Bantzenheim;6;196.2615523842274
68021;Bartenheim;1;25.2457907166854
68021;Bartenheim;2;100.97353287323294
68021;Bartenheim;3;267.6819288626147
68021;Bartenheim;4;656.5321029356822
68021;Bartenheim;5;616.0944628344556
68021;Bartenheim;6;479.67606157769495
68022;Battenheim;2;70.80188222200155
68022;Battenheim;3;96.0137119539459
68022;Battenheim;4;221.58339832443002
68022;Battenheim;5;218.6111273179643
68022;Battenheim;6;163.21203629637307
68023;Beblenheim;1;25.5201643950999
68023;Beblenheim;2;40.213773782289024
68023;Beblenheim;3;25.66843855437885
68023;Beblenheim;4;147.29261094683488
68023;Beblenheim;5;122.48233748434006
68023;Beblenheim;6;107.38779063290492
68024;Bellemagny;1;4.99511876602665
68024;Bellemagny;2;9.56228081125218
68024;Bellemagny;3;4.78114040562609
68024;Bellemagny;4;9.56228081125218
68024;Bellemagny;5;14.34342121687827
68024;Bellemagny;6;9.56228081125218
68025;Bendorf;2;5.39130434782609
68025;Bendorf;3;5.39130434782609
68025;Bendorf;4;26.95652173913047
68025;Bendorf;5;43.130434782608745
68025;Bendorf;6;48.52173913043485
68026;Bennwihr;1;44.5043969216466
68026;Bennwihr;2;51.28634638824665
68026;Bennwihr;3;113.18633893062342
68026;Bennwihr;4;198.25228743749886
68026;Bennwihr;5;136.69621180078767
68026;Bennwihr;6;79.95761700154554
68027;Berentzwiller;3;36.39556157480464
68027;Berentzwiller;4;70.01465167301961
68027;Berentzwiller;5;36.67778857400748
68027;Berentzwiller;6;16.52826511032151
68028;Bergheim;1;20.313576613917498
68028;Bergheim;2;55.62010582776492
68028;Bergheim;3;138.8661240478496
68028;Bergheim;4;293.9420002870856
68028;Bergheim;5;193.9115910399397
68028;Bergheim;6;232.05585812972467
68029;Bergholtz;1;20.70534104861144
68029;Bergholtz;2;62.13880210657782
68029;Bergholtz;3;41.43042487287853
68029;Bergholtz;4;201.9347837883871
68029;Bergholtz;5;88.0204778607852
68029;Bergholtz;6;77.67692368732924
68030;Bergholtzzell;2;15.094076995516371
68030;Bergholtzzell;3;32.511535300381894
68030;Bergholtzzell;4;62.475199479426095
68030;Bergholtzzell;5;25.797875534065
68030;Bergholtzzell;6;41.43146395458296
68032;Berrwiller;1;10.20140921365595
68032;Berrwiller;2;53.30005893476554
68032;Berrwiller;3;56.92845000615347
68032;Berrwiller;4;249.98485574159406
68032;Berrwiller;5;119.97759393448716
68032;Berrwiller;6;114.38015840690132
68033;Bettendorf;2;4.88474482840586
68033;Bettendorf;3;4.88474482840586
68033;Bettendorf;4;53.254351928386214
68033;Bettendorf;5;44.71847640818079
68033;Bettendorf;6;98.83482486385975
68034;Bettlach;1;9.1630393840893
68034;Bettlach;3;33.86309168591243
68034;Bettlach;4;39.136203262457265
68034;Bettlach;5;49.56777889580298
68034;Bettlach;6;44.986259203758294
68035;Biederthal;1;9.77251076252406
68035;Biederthal;3;24.631484288336658
68035;Biederthal;4;44.24032798949333
68035;Biederthal;5;35.196165598305384
68035;Biederthal;6;24.892909067574898
68036;Biesheim;1;9.92453872669185
68036;Biesheim;2;74.95614740655466
68036;Biesheim;3;139.51072688169734
68036;Biesheim;4;265.4155105161868
68036;Biesheim;5;294.5721053006794
68036;Biesheim;6;280.97396560922084
68037;Biltzheim;1;5.06135429832134
68037;Biltzheim;2;10.09627018451631
68037;Biltzheim;3;45.47724592301147
68037;Biltzheim;4;55.59113274737156
68037;Biltzheim;5;65.69180998573877
68037;Biltzheim;6;65.66977861406906
68038;Bischwihr;1;10.6068045246849
68038;Bischwihr;2;15.770436746440291
68038;Bischwihr;3;105.51648189494546
68038;Bischwihr;4;183.9271705746056
68038;Bischwihr;5;115.93082465600982
68038;Bischwihr;6;115.85136641766542
68039;Bisel;1;5.15971950692193
68039;Bisel;2;14.470826376543968
68039;Bisel;3;9.88256003642763
68039;Bisel;4;65.77853035029233
68039;Bisel;5;60.18587893683178
68039;Bisel;6;105.04357268928398
68040;Bitschwiller-lès-Thann;2;50.319177342747
68040;Bitschwiller-lès-Thann;3;60.32765905720948
68040;Bitschwiller-lès-Thann;4;190.8464224735436
68040;Bitschwiller-lès-Thann;5;161.14046553532336
68040;Bitschwiller-lès-Thann;6;296.4998014468567
68041;Blodelsheim;2;45.47997733546746
68041;Blodelsheim;3;110.5197947568226
68041;Blodelsheim;4;253.41389185850073
68041;Blodelsheim;5;329.9031474349914
68041;Blodelsheim;6;240.53675192310735
68042;Blotzheim;1;5.23968661745372
68042;Blotzheim;2;153.9189656904799
68042;Blotzheim;3;381.1945204678316
68042;Blotzheim;4;578.364509165012
68042;Blotzheim;5;647.4904250436975
68042;Blotzheim;6;640.5357534645432
68043;Bollwiller;1;14.57313163922229
68043;Bollwiller;2;93.08400837119375
68043;Bollwiller;3;244.0354337480423
68043;Bollwiller;4;519.4735409663627
68043;Bollwiller;5;432.5088386358026
68043;Bollwiller;6;388.3317313373676
68044;Le Bonhomme;1;5.46918531974318
68044;Le Bonhomme;2;58.19502705481473
68044;Le Bonhomme;3;34.38125863176737
68044;Le Bonhomme;4;67.67721507120208
68044;Le Bonhomme;5;111.17997912915652
68044;Le Bonhomme;6;95.33848561999935
68045;Bourbach-le-Bas;2;14.907571400675728
68045;Bourbach-le-Bas;3;34.77009530222136
68045;Bourbach-le-Bas;4;99.25287589117224
68045;Bourbach-le-Bas;5;64.51704573904028
68045;Bourbach-le-Bas;6;54.55588989227647
68046;Bourbach-le-Haut;1;4.72928483717769
68046;Bourbach-le-Haut;2;20.44419982893005
68046;Bourbach-le-Haut;3;30.84629139281844
68046;Bourbach-le-Haut;4;66.63594110719819
68046;Bourbach-le-Haut;5;34.40331312595575
68046;Bourbach-le-Haut;6;30.07197624355234
68049;Bouxwiller;1;15.1694791901982
68049;Bouxwiller;2;20.49102033676478
68049;Bouxwiller;3;14.779619952890052
68049;Bouxwiller;4;45.41662463123992
68049;Bouxwiller;5;55.3712375412043
68049;Bouxwiller;6;86.14413315377776
68050;Bréchaumont;1;10.4240711338261
68050;Bréchaumont;2;10.4071876907543
68050;Bréchaumont;3;31.37389787239425
68050;Bréchaumont;4;52.27269029152545
68050;Bréchaumont;5;31.289206226534958
68050;Bréchaumont;6;20.89906649530841
68051;Breitenbach-Haut-Rhin;1;24.97960074465978
68051;Breitenbach-Haut-Rhin;2;15.06782802616393
68051;Breitenbach-Haut-Rhin;3;44.28900354187758
68051;Breitenbach-Haut-Rhin;4;88.96789270774322
68051;Breitenbach-Haut-Rhin;5;131.60021435344913
68051;Breitenbach-Haut-Rhin;6;88.4536607003495
68052;Bretten;2;16.11428571428571
68052;Bretten;3;5.37142857142857
68052;Bretten;4;10.74285714285714
68052;Bretten;5;16.11428571428567
68052;Bretten;6;48.34285714285708
68054;Brinckheim;1;14.99042714035962
68054;Brinckheim;3;66.36125837233774
68054;Brinckheim;4;41.52105495523884
68054;Brinckheim;5;45.94415975820333
68054;Brinckheim;6;30.4614308791423
68055;Bruebach;2;70.91384422792487
68055;Bruebach;3;110.35319780102982
68055;Bruebach;4;181.87080588373433
68055;Bruebach;5;95.86234779447761
68055;Bruebach;6;54.91735768224991
68056;Brunstatt-Didenheim;1;4.97650622915614
68056;Brunstatt-Didenheim;2;294.2470509074346
68056;Brunstatt-Didenheim;3;877.750192702863
68056;Brunstatt-Didenheim;4;1101.3243093286387
68056;Brunstatt-Didenheim;5;852.6782521479826
68056;Brunstatt-Didenheim;6;508.7557582036961
68057;Buethwiller;2;15.673469387755109
68057;Buethwiller;3;15.67346938775507
68057;Buethwiller;4;15.673469387755109
68057;Buethwiller;5;26.12244897959181
68057;Buethwiller;6;62.69387755102042
68058;Buhl;1;5.13009025812263
68058;Buhl;2;56.29529030426278
68058;Buhl;3;152.5883465238291
68058;Buhl;4;332.7885157546721
68058;Buhl;5;432.05678482336765
68058;Buhl;6;459.6453282380686
68059;Burnhaupt-le-Bas;1;19.5473927264189
68059;Burnhaupt-le-Bas;2;39.33935206979576
68059;Burnhaupt-le-Bas;3;113.10771080754421
68059;Burnhaupt-le-Bas;4;364.10151784752605
68059;Burnhaupt-le-Bas;5;187.23431817954264
68059;Burnhaupt-le-Bas;6;196.58924448064548
68060;Burnhaupt-le-Haut;1;9.68345867070661
68060;Burnhaupt-le-Haut;2;54.59665949919162
68060;Burnhaupt-le-Haut;3;93.46743324480276
68060;Burnhaupt-le-Haut;4;310.192708043087
68060;Burnhaupt-le-Haut;5;260.02825147828594
68060;Burnhaupt-le-Haut;6;151.6759960653162
68061;Buschwiller;2;10.390431458737229
68061;Buschwiller;3;117.45089902058757
68061;Buschwiller;4;118.47294537444583
68061;Buschwiller;5;124.45959863984112
68061;Buschwiller;6;107.86627446983717
68062;Carspach;1;9.78390197247565
68062;Carspach;2;39.75326675085504
68062;Carspach;3;159.014449426828
68062;Carspach;4;267.70074222378827
68062;Carspach;5;253.33901034506215
68062;Carspach;6;227.4078136251507
68063;Cernay;1;11.56926795448421
68063;Cernay;2;202.80348183016696
68063;Cernay;3;660.3796276473538
68063;Cernay;4;1227.1823246684266
68063;Cernay;5;1361.6380412689086
68063;Cernay;6;1428.3903165322072
68064;Chalampé;2;15.02086299124954
68064;Chalampé;3;45.103498932419036
68064;Chalampé;4;130.53066063864736
68064;Chalampé;5;80.12260038944214
68064;Chalampé;6;140.36800475994573
68065;Chavannes-sur-l'Étang;2;10.1650929279946
68065;Chavannes-sur-l'Étang;3;40.79036850420412
68065;Chavannes-sur-l'Étang;4;124.21078590240859
68065;Chavannes-sur-l'Étang;5;65.58250478589162
68065;Chavannes-sur-l'Étang;6;64.84507360498658
68066;Colmar;1;74.41634364299296
68066;Colmar;2;1334.8467360242341
68066;Colmar;3;4823.59309175779
68066;Colmar;4;6638.447465454502
68066;Colmar;5;8116.645678451722
68066;Colmar;6;6987.239171343205
68067;Courtavon;1;4.99352781772274
68067;Courtavon;2;19.98666913878126
68067;Courtavon;4;34.45143561304302
68067;Courtavon;5;50.84925263906464
68067;Courtavon;6;71.04778896866515
68068;Dannemarie;2;54.5829524984301
68068;Dannemarie;3;69.70976270265388
68068;Dannemarie;4;204.39768757723365
68068;Dannemarie;5;300.086068241994
68068;Dannemarie;6;314.29714092493754
68069;Dessenheim;1;35.6353437326874
68069;Dessenheim;2;20.73350340522893
68069;Dessenheim;3;56.93926203105846
68069;Dessenheim;4;215.13562481191934
68069;Dessenheim;5;180.3505680324324
68069;Dessenheim;6;208.30268495147433
68071;Diefmatten;2;5.23266120565705
68071;Diefmatten;3;9.96746619300649
68071;Diefmatten;4;24.914171801777
68071;Diefmatten;5;66.16022003785038
68071;Diefmatten;6;61.28016798969566
68072;Dietwiller;1;5.0711075191662
68072;Dietwiller;2;29.557061834541237
68072;Dietwiller;3;223.28511120680704
68072;Dietwiller;4;203.51843270838046
68072;Dietwiller;5;133.72589758513408
68072;Dietwiller;6;69.75669473220474
68073;Dolleren;3;19.70487810678831
68073;Dolleren;4;59.16097521600585
68073;Dolleren;5;57.68735415229984
68073;Dolleren;6;105.49993050819035
68074;Durlinsdorf;1;15.41010372973148
68074;Durlinsdorf;2;10.89697512425407
68074;Durlinsdorf;3;15.44483040856956
68074;Durlinsdorf;4;62.934934435864875
68074;Durlinsdorf;5;41.066126279381336
68074;Durlinsdorf;6;86.51147278928735
68075;Durmenach;1;23.938203285082
68075;Durmenach;2;19.79551122060397
68075;Durmenach;3;4.81942588943242
68075;Durmenach;4;61.142979237112044
68075;Durmenach;5;102.15038839567423
68075;Durmenach;6;160.8838553105467
68076;Durrenentzen;1;10.2660799504403
68076;Durrenentzen;2;5.15448226460477
68076;Durrenentzen;3;30.79815027988138
68076;Durrenentzen;4;169.75528746037332
68076;Durrenentzen;5;138.69911200994065
68076;Durrenentzen;6;189.94392062731507
68077;Eglingen;2;16.58573201396483
68077;Eglingen;3;33.07159397969483
68077;Eglingen;4;44.88405934337623
68077;Eglingen;5;48.272193528042735
68077;Eglingen;6;33.963900308972896
68078;Eguisheim;1;71.284953546295
68078;Eguisheim;2;80.96563998467003
68078;Eguisheim;3;207.3219806260038
68078;Eguisheim;4;203.27835366896792
68078;Eguisheim;5;163.03012006673805
68078;Eguisheim;6;106.5519936979058
68079;Elbach;1;4.71280079429607
68079;Elbach;2;9.70548903406001
68079;Elbach;3;9.57148535298142
68079;Elbach;4;38.120219250344554
68079;Elbach;5;19.12705407820052
68079;Elbach;6;38.95584504229653
68080;Emlingen;2;9.9638884959034
68080;Emlingen;3;39.29128656873104
68080;Emlingen;4;54.851419647669445
68080;Emlingen;5;35.719725505662
68080;Emlingen;6;24.91800262742657
68081;Saint-Bernard;1;9.72679670852784
68081;Saint-Bernard;2;28.68666291702231
68081;Saint-Bernard;3;24.1390577043826
68081;Saint-Bernard;4;91.33105133815513
68081;Saint-Bernard;5;71.34110977077992
68081;Saint-Bernard;6;38.23509538718579
68082;Ensisheim;1;15.1795218941639
68082;Ensisheim;2;161.44070906538886
68082;Ensisheim;3;315.8907770387866
68082;Ensisheim;4;1028.0110590528627
68082;Ensisheim;5;946.3979145260979
68082;Ensisheim;6;832.016790000351
68083;Eschbach-au-Val;3;41.03882802170635
68083;Eschbach-au-Val;4;77.04340169849883
68083;Eschbach-au-Val;5;40.9200978923731
68083;Eschbach-au-Val;6;25.83261712956648
68084;Eschentzwiller;1;4.89503281958062
68084;Eschentzwiller;2;49.25778861708338
68084;Eschentzwiller;3;216.97359487051745
68084;Eschentzwiller;4;241.4484920853492
68084;Eschentzwiller;5;147.82741488089465
68084;Eschentzwiller;6;64.12367479387126
68085;Eteimbes;2;19.05389228101735
68085;Eteimbes;3;47.57857624848954
68085;Eteimbes;4;48.74365011912993
68085;Eteimbes;5;37.54489561737246
68085;Eteimbes;6;14.24219610082481
68086;Falkwiller;3;10.5
68086;Falkwiller;4;47.25
68086;Falkwiller;5;21.0
68086;Falkwiller;6;26.25
68087;Feldbach;1;5.11249596210982
68087;Feldbach;2;5.11249596210982
68087;Feldbach;3;35.6568037052995
68087;Feldbach;4;30.544038221101943
68087;Feldbach;5;71.23603748760544
68087;Feldbach;6;66.12313689598136
68088;Feldkirch;2;15.40536158834572
68088;Feldkirch;3;91.60263588924393
68088;Feldkirch;4;133.71166590716757
68088;Feldkirch;5;134.08270254138412
68088;Feldkirch;6;85.98167863324645
68089;Fellering;2;35.076775449447084
68089;Fellering;3;39.975088723116244
68089;Fellering;4;175.1823689302229
68089;Fellering;5;174.27771307418575
68089;Fellering;6;185.37012389428173
68090;Ferrette;2;36.25830784942854
68090;Ferrette;3;25.82913228490744
68090;Ferrette;4;111.86014614329378
68090;Ferrette;5;80.95745801317148
68090;Ferrette;6;81.80598288012857
68091;Fessenheim;1;5.01791361317281
68091;Fessenheim;2;35.54075444881826
68091;Fessenheim;3;111.56892729114271
68091;Fessenheim;4;371.6906312150498
68091;Fessenheim;5;239.7086274585921
68091;Fessenheim;6;307.1756904021138
68092;Fislis;1;9.94599582891859
68092;Fislis;3;9.53016308664932
68092;Fislis;4;77.89668822276157
68092;Fislis;5;14.36260015150101
68092;Fislis;6;52.93320865159397
68093;Flaxlanden;1;15.70354734743825
68093;Flaxlanden;2;61.327024713635865
68093;Flaxlanden;3;188.93891592142649
68093;Flaxlanden;4;229.92392543313267
68093;Flaxlanden;5;138.25729292516098
68093;Flaxlanden;6;66.76016844530392
68094;Folgensbourg;2;15.46321531065376
68094;Folgensbourg;3;72.50633958882433
68094;Folgensbourg;4;110.45876782762807
68094;Folgensbourg;5;141.19036093427226
68094;Folgensbourg;6;105.18401459670783
68095;Fortschwihr;1;5.30503371086309
68095;Fortschwihr;2;33.57630165665359
68095;Fortschwihr;3;120.06264547888006
68095;Fortschwihr;4;178.62613248037164
68095;Fortschwihr;5;126.17972886337698
68095;Fortschwihr;6;118.16796639377999
68096;Franken;2;5.17426683412558
68096;Franken;3;41.62220449349789
68096;Franken;4;47.41087915236793
68096;Franken;5;30.6754593207929
68096;Franken;6;62.75205325991932
68097;Fréland;1;14.78638129744622
68097;Fréland;2;68.86000691917617
68097;Fréland;3;54.39542568047106
68097;Fréland;4;201.90995702179106
68097;Fréland;5;187.83747583504743
68097;Fréland;6;203.80643860613804
68098;Friesen;2;31.0252032913825
68098;Friesen;3;26.00480696945615
68098;Friesen;4;51.84913978640167
68098;Friesen;5;46.458086696382374
68098;Friesen;6;108.51012265632654
68099;Frœningen;1;5.77225721342287
68099;Frœningen;2;22.83944885625403
68099;Frœningen;3;85.8861495960053
68099;Frœningen;4;113.93579536076558
68099;Frœningen;5;99.02608537374651
68099;Frœningen;6;82.52095403583185
68100;Fulleren;2;9.98222725857524
68100;Fulleren;3;19.62778812974528
68100;Fulleren;4;47.268709444119324
68100;Fulleren;5;27.98818286144821
68100;Fulleren;6;53.60631697131364
68101;Galfingue;1;5.16014757125853
68101;Galfingue;2;41.29374642184163
68101;Galfingue;3;67.77622519375404
68101;Galfingue;4;168.84631631632482
68101;Galfingue;5;92.22093160292651
68101;Galfingue;6;66.31504441083324
68102;Geishouse;2;9.988798106476299
68102;Geishouse;3;33.82572434671988
68102;Geishouse;4;44.2798112071297
68102;Geishouse;5;38.49407072594452
68102;Geishouse;6;53.53647670928482
68103;Geispitzen;1;4.95533621188521
68103;Geispitzen;2;31.39958845222386
68103;Geispitzen;3;56.35857434432495
68103;Geispitzen;4;98.41866880606918
68103;Geispitzen;5;24.96545482438505
68103;Geispitzen;6;15.04831346833065
68104;Geiswasser;1;12.136858088352
68104;Geiswasser;3;27.15037744314433
68104;Geiswasser;4;49.730284309789866
68104;Geiswasser;5;68.867585929797
68104;Geiswasser;6;56.841283210585104
68105;Gildwiller;3;19.46080035013118
68105;Gildwiller;4;48.46107237568148
68105;Gildwiller;5;24.12945238106383
68105;Gildwiller;6;24.72126966467766
68106;Goldbach-Altenbach;2;19.32391079466851
68106;Goldbach-Altenbach;3;15.13380943394409
68106;Goldbach-Altenbach;4;14.473107249319721
68106;Goldbach-Altenbach;5;44.31392432292375
68106;Goldbach-Altenbach;6;53.73206386266923
68107;Gommersdorf;1;31.0375391478954
68107;Gommersdorf;3;10.90924845811551
68107;Gommersdorf;4;48.61883980765098
68107;Gommersdorf;5;21.0538694441094
68107;Gommersdorf;6;49.23055536600295
68109;Griesbach-au-Val;2;5.05181558560136
68109;Griesbach-au-Val;3;19.75028573055605
68109;Griesbach-au-Val;4;79.37108721266803
68109;Griesbach-au-Val;5;133.39096830770362
68109;Griesbach-au-Val;6;74.59721117521079
68110;Grussenheim;1;9.93752624349408
68110;Grussenheim;2;24.45160677800967
68110;Grussenheim;3;48.87559475735205
68110;Grussenheim;4;83.37999683417893
68110;Grussenheim;5;88.76074354334972
68110;Grussenheim;6;135.8995287891064
68111;Gueberschwihr;1;25.949983022648
68111;Gueberschwihr;2;21.3306138110764
68111;Gueberschwihr;3;67.04057371411294
68111;Gueberschwihr;4;131.6640234906424
68111;Gueberschwihr;5;101.28991297911574
68111;Gueberschwihr;6;70.34019990832955
68112;Guebwiller;1;9.32071105365414
68112;Guebwiller;2;272.6437338165686
68112;Guebwiller;3;548.409843274935
68112;Guebwiller;4;1101.464339218563
68112;Guebwiller;5;1167.6614680727648
68112;Guebwiller;6;1209.655575477869
68113;Guémar;1;15.36115512196412
68113;Guémar;2;61.30737380840525
68113;Guémar;3;66.45123526109145
68113;Guémar;4;202.5809629538079
68113;Guémar;5;182.76848836766155
68113;Guémar;6;156.785611238938
68114;Guevenatten;3;4.9
68114;Guevenatten;4;34.300000000000004
68114;Guevenatten;5;24.5
68114;Guevenatten;6;19.6
68115;Guewenheim;1;4.91461552365899
68115;Guewenheim;2;44.75355308506316
68115;Guewenheim;3;59.60865392015066
68115;Guewenheim;4;188.16970801961082
68115;Guewenheim;5;153.62073388083536
68115;Guewenheim;6;183.4082053710257
68116;Gundolsheim;1;10.24372066218298
68116;Gundolsheim;2;15.18524108274362
68116;Gundolsheim;3;60.55461193997774
68116;Gundolsheim;4;126.29546072728411
68116;Gundolsheim;5;65.91868598897398
68116;Gundolsheim;6;50.67726484660626
68117;Gunsbach;1;10.14360239426164
68117;Gunsbach;2;39.62646666592123
68117;Gunsbach;3;24.57545909484982
68117;Gunsbach;4;143.2492424373786
68117;Gunsbach;5;111.53650024741303
68117;Gunsbach;6;86.78815540614124
68118;Habsheim;1;9.956464019481711
68118;Habsheim;2;94.77869871899026
68118;Habsheim;3;388.30229314235885
68118;Habsheim;4;738.5211196274292
68118;Habsheim;5;652.8176505765338
68118;Habsheim;6;508.892339562851
68119;Hagenbach;2;30.15575813489692
68119;Hagenbach;3;59.378693521379674
68119;Hagenbach;4;139.75072626190638
68119;Hagenbach;5;92.42314450419757
68119;Hagenbach;6;87.75003135472983
68120;Hagenthal-le-Bas;2;38.33613913532986
68120;Hagenthal-le-Bas;3;93.14764960719823
68120;Hagenthal-le-Bas;4;169.89239755834686
68120;Hagenthal-le-Bas;5;164.20245104823636
68120;Hagenthal-le-Bas;6;207.96738405877915
68121;Hagenthal-le-Haut;2;14.63061632366943
68121;Hagenthal-le-Haut;3;119.20426855832052
68121;Hagenthal-le-Haut;4;87.7826440986164
68121;Hagenthal-le-Haut;5;93.62964356055114
68121;Hagenthal-le-Haut;6;67.33492612002567
68122;Hartmannswiller;1;5.45566434027304
68122;Hartmannswiller;2;43.27102305842631
68122;Hartmannswiller;3;32.04679494018526
68122;Hartmannswiller;4;118.0301883858687
68122;Hartmannswiller;5;53.931594180676775
68122;Hartmannswiller;6;53.81163206939826
68123;Hattstatt;2;49.64221990038838
68123;Hattstatt;3;39.7081913954322
68123;Hattstatt;4;119.14784285813667
68123;Hattstatt;5;129.07954520507212
68123;Hattstatt;6;59.579738869662975
68124;Hausgauen;1;5.13287789030893
68124;Hausgauen;2;25.30301520879216
68124;Hausgauen;3;20.16508191281642
68124;Hausgauen;4;35.19562115441948
68124;Hausgauen;5;65.8146385830043
68124;Hausgauen;6;30.70652285167771
68125;Hecken;2;14.57862290389702
68125;Hecken;3;23.68477710433139
68125;Hecken;4;77.09188533717956
68125;Hecken;5;66.53440607738895
68125;Hecken;6;62.39011241921325
68126;Hégenheim;1;5.06518506965981
68126;Hégenheim;2;136.4434691883229
68126;Hégenheim;3;520.7103024229312
68126;Hégenheim;4;348.6308028495442
68126;Hégenheim;5;348.7828104186668
68126;Hégenheim;6;242.7712917642982
68127;Heidwiller;2;27.34351889506424
68127;Heidwiller;3;79.68291333985408
68127;Heidwiller;4;73.81351181057008
68127;Heidwiller;5;59.51513106465168
68127;Heidwiller;6;54.33603283261433
68128;Heimersdorf;2;9.92824703199993
68128;Heimersdorf;3;39.50440908698188
68128;Heimersdorf;4;84.43378484958218
68128;Heimersdorf;5;69.68161111888108
68128;Heimersdorf;6;74.58098532546389
68129;Heimsbrunn;2;58.94353305236025
68129;Heimsbrunn;3;126.98589177083917
68129;Heimsbrunn;4;211.05456306011413
68129;Heimsbrunn;5;111.46949233109692
68129;Heimsbrunn;6;94.9718660978496
68130;Heiteren;2;15.75204639471812
68130;Heiteren;3;10.49999076575656
68130;Heiteren;4;126.02625976989489
68130;Heiteren;5;204.79638074378173
68130;Heiteren;6;168.03693668176632
68131;Heiwiller;2;5.7
68131;Heiwiller;3;5.7
68131;Heiwiller;4;28.5
68131;Heiwiller;5;5.7
68131;Heiwiller;6;22.8
68132;Helfrantzkirch;1;4.92486642721393
68132;Helfrantzkirch;2;24.422369962770432
68132;Helfrantzkirch;3;48.82490859506055
68132;Helfrantzkirch;4;122.1530863624811
68132;Helfrantzkirch;5;63.47828083753985
68132;Helfrantzkirch;6;73.24736178821743
68134;Herrlisheim-près-Colmar;1;10.2444698511753
68134;Herrlisheim-près-Colmar;2;56.25509821922737
68134;Herrlisheim-près-Colmar;3;121.69621471953158
68134;Herrlisheim-près-Colmar;4;309.946378585186
68134;Herrlisheim-près-Colmar;5;188.8810382581101
68134;Herrlisheim-près-Colmar;6;177.82512123285662
68135;Hésingue;1;15.7617108827767
68135;Hésingue;2;98.67773317718641
68135;Hésingue;3;192.46607052359315
68135;Hésingue;4;411.66586927777604
68135;Hésingue;5;291.1095205860862
68135;Hésingue;6;353.1716527594158
68136;Hettenschlag;2;5.55362617845019
68136;Hettenschlag;3;11.763844299056469
68136;Hettenschlag;4;41.03013808804923
68136;Hettenschlag;5;34.58700908716963
68136;Hettenschlag;6;87.92757121633255
68137;Hindlingen;2;5.20520911986531
68137;Hindlingen;3;14.88306086270341
68137;Hindlingen;4;53.40874573785711
68137;Hindlingen;5;69.08358960206972
68137;Hindlingen;6;101.68610701983613
68138;Hirsingue;1;5.04212159683785
68138;Hirsingue;2;50.07706010020403
68138;Hirsingue;3;80.27646808209575
68138;Hirsingue;4;250.51059685812015
68138;Hirsingue;5;230.49206374182725
68138;Hirsingue;6;305.5457439569722
68139;Hirtzbach;1;10.11337551105282
68139;Hirtzbach;2;29.05625183164345
68139;Hirtzbach;3;42.85873283706779
68139;Hirtzbach;4;141.04572396782112
68139;Hirtzbach;5;210.9945355988478
68139;Hirtzbach;6;273.65439665259703
68140;Hirtzfelden;1;10.45121739214506
68140;Hirtzfelden;2;5.22502327929661
68140;Hirtzfelden;3;67.00649284354279
68140;Hirtzfelden;4;253.18262611431857
68140;Hirtzfelden;5;129.23281846824278
68140;Hirtzfelden;6;97.66720800855731
68141;Hochstatt;2;50.13406043943081
68141;Hochstatt;3;266.2329375652203
68141;Hochstatt;4;276.2479198180867
68141;Hochstatt;5;174.80234199001984
68141;Hochstatt;6;145.99361410070958
68142;Hohrod;1;12.81676375373266
68142;Hohrod;2;8.75987252871567
68142;Hohrod;3;14.49766682537063
68142;Hohrod;4;58.30501734687776
68142;Hohrod;5;62.57679786863665
68142;Hohrod;6;49.79655708392349
68143;Porte du Ried;1;15.00938051447805
68143;Porte du Ried;2;55.164327087349434
68143;Porte du Ried;3;171.0100779071614
68143;Porte du Ried;4;216.44179214934047
68143;Porte du Ried;5;201.23260083996027
68143;Porte du Ried;6;241.55375652079903
68144;Hombourg;1;4.92593582649919
68144;Hombourg;2;20.34458467972408
68144;Hombourg;3;131.41531980316836
68144;Hombourg;4;121.85530407223511
68144;Hombourg;5;172.33202479962665
68144;Hombourg;6;197.67502024277525
68145;Horbourg-Wihr;1;15.2302475233587
68145;Horbourg-Wihr;2;128.06764800290244
68145;Horbourg-Wihr;3;376.9068451966273
68145;Horbourg-Wihr;4;924.2747613685696
68145;Horbourg-Wihr;5;771.9043219467001
68145;Horbourg-Wihr;6;632.9745000174136
68146;Houssen;1;19.4826558378231
68146;Houssen;2;81.97999643019077
68146;Houssen;3;165.90867408609785
68146;Houssen;4;311.5298162865336
68146;Houssen;5;346.9633642005124
68146;Houssen;6;265.32711121656894
68147;Hunawihr;1;35.04288148419782
68147;Hunawihr;2;35.41901329389403
68147;Hunawihr;3;19.86567881939682
68147;Hunawihr;4;56.72873115288404
68147;Hunawihr;5;50.390853385901266
68147;Hunawihr;6;61.06889700124382
68148;Hundsbach;2;10.52545645765599
68148;Hundsbach;3;15.546281637138879
68148;Hundsbach;4;56.84514524129262
68148;Hundsbach;5;67.21118483666858
68148;Hundsbach;6;72.75608386483245
68149;Huningue;2;110.7193887238036
68149;Huningue;3;668.9115908721889
68149;Huningue;4;653.8779901180055
68149;Huningue;5;709.2975190185537
68149;Huningue;6;785.2487832142376
68150;Husseren-les-Châteaux;1;34.61021130023671
68150;Husseren-les-Châteaux;2;21.07290269873908
68150;Husseren-les-Châteaux;3;51.426404829907874
68150;Husseren-les-Châteaux;4;30.1615434835162
68150;Husseren-les-Châteaux;5;71.68982484430114
68150;Husseren-les-Châteaux;6;39.48376407192888
68151;Husseren-Wesserling;2;57.24796514031227
68151;Husseren-Wesserling;3;41.276057826804
68151;Husseren-Wesserling;4;113.38732038884386
68151;Husseren-Wesserling;5;103.51758718596747
68151;Husseren-Wesserling;6;154.03675976384108
68152;Illfurth;1;10.507381397322
68152;Illfurth;2;45.63234920643198
68152;Illfurth;3;180.52321767181087
68152;Illfurth;4;339.1018502795924
68152;Illfurth;5;297.2339147070696
68152;Illfurth;6;253.61095391943672
68153;Illhaeusern;1;9.39323789484671
68153;Illhaeusern;2;24.34077811042012
68153;Illhaeusern;3;58.61390696616229
68153;Illhaeusern;4;117.46487857309387
68153;Illhaeusern;5;62.41152488965242
68153;Illhaeusern;6;83.43065011571854
68154;Illzach;2;344.53561345553874
68154;Illzach;3;530.3761514490856
68154;Illzach;4;1372.187121448938
68154;Illzach;5;1676.6565784599732
68154;Illzach;6;1669.4290975350227
68155;Ingersheim;1;20.3233006971445
68155;Ingersheim;2;160.96973017396826
68155;Ingersheim;3;285.21283698222965
68155;Ingersheim;4;539.6821083692096
68155;Ingersheim;5;639.300167224379
68155;Ingersheim;6;398.853879664719
68156;Issenheim;1;4.91352906815557
68156;Issenheim;2;48.71878007524034
68156;Issenheim;3;194.45848838176835
68156;Issenheim;4;371.67473882772293
68156;Issenheim;5;481.67482852146776
68156;Issenheim;6;430.72397248716635
68157;Jebsheim;1;5.03075012396739
68157;Jebsheim;2;30.187085615010403
68157;Jebsheim;3;113.8789103876332
68157;Jebsheim;4;212.2821307212112
68157;Jebsheim;5;192.24657070187436
68157;Jebsheim;6;138.4929544675331
68158;Jettingen;3;49.972049961849926
68158;Jettingen;4;55.88785384445196
68158;Jettingen;5;64.7575139472146
68158;Jettingen;6;36.15252293907838
68159;Jungholtz;1;20.04526358937718
68159;Jungholtz;2;9.92343461493615
68159;Jungholtz;3;79.18732366730976
68159;Jungholtz;4;149.250090808347
68159;Jungholtz;5;114.78810290655687
68159;Jungholtz;6;104.19827727282485
68160;Kappelen;2;35.48742221077306
68160;Kappelen;3;90.51383832493958
68160;Kappelen;4;70.54924241720967
68160;Kappelen;5;40.40485488292972
68160;Kappelen;6;50.34056454962915
68161;Katzenthal;1;21.9092942971217
68161;Katzenthal;2;16.2121458215266
68161;Katzenthal;3;73.63317206077517
68161;Katzenthal;4;54.04911277446108
68161;Katzenthal;5;54.61679181021214
68161;Katzenthal;6;16.2121458215266
68162;Kaysersberg Vignoble;1;54.83563581906036
68162;Kaysersberg Vignoble;2;149.2832347559771
68162;Kaysersberg Vignoble;3;296.47798128313536
68162;Kaysersberg Vignoble;4;549.2629256394758
68162;Kaysersberg Vignoble;5;502.1831710492366
68162;Kaysersberg Vignoble;6;431.8385762133956
68163;Kembs;2;90.18542857217375
68163;Kembs;3;521.5778668205561
68163;Kembs;4;688.4018054807375
68163;Kembs;5;728.1810523692869
68163;Kembs;6;843.4089448539856
68165;Kiffis;2;4.59145971691049
68165;Kiffis;3;14.37619034556319
68165;Kiffis;4;14.42002572190431
68165;Kiffis;5;56.7718438233335
68165;Kiffis;6;33.34544682635051
68166;Kingersheim;2;329.65571012196574
68166;Kingersheim;3;564.456960077611
68166;Kingersheim;4;1510.640847405019
68166;Kingersheim;5;1564.3958266616005
68166;Kingersheim;6;1286.0594388336979
68167;Kirchberg;1;4.81694665161946
68167;Kirchberg;2;17.98532829435196
68167;Kirchberg;3;22.40717999501872
68167;Kirchberg;4;46.28005773390682
68167;Kirchberg;5;91.78336150241053
68167;Kirchberg;6;138.97747678364993
68168;Knœringue;3;34.722473512597
68168;Knœringue;4;44.760853126031144
68168;Knœringue;5;39.9286277306467
68168;Knœringue;6;70.00527475204488
68169;Kœstlach;1;19.4745273446498
68169;Kœstlach;2;14.586355889952799
68169;Kœstlach;3;14.645177343060201
68169;Kœstlach;4;82.75691923226047
68169;Kœstlach;5;63.32163923254636
68169;Kœstlach;6;48.598243676025604
68170;Kœtzingue;1;4.82429017308396
68170;Kœtzingue;2;4.95542819239531
68170;Kœtzingue;3;72.52701202980323
68170;Kœtzingue;4;54.16573790571272
68170;Kœtzingue;5;90.26401807620586
68170;Kœtzingue;6;95.24008482519332
68171;Kruth;1;11.6658572573496
68171;Kruth;2;16.47887577974639
68171;Kruth;3;37.74902651294243
68171;Kruth;4;77.79886855876084
68171;Kruth;5;107.10865783531798
68171;Kruth;6;117.03850805137597
68172;Kunheim;1;10.2484891502958
68172;Kunheim;2;30.529305961471117
68172;Kunheim;3;66.46245069336081
68172;Kunheim;4;194.3280210144649
68172;Kunheim;5;214.48014113354665
68172;Kunheim;6;265.80786686839116
68173;Labaroche;1;5.13692902514692
68173;Labaroche;2;82.38136790463
68173;Labaroche;3;196.2442679977016
68173;Labaroche;4;264.1019603356124
68173;Labaroche;5;275.2306526972967
68173;Labaroche;6;180.02563276963156
68174;Landser;1;5.1182410641578
68174;Landser;2;25.250226157549232
68174;Landser;3;91.31387181585765
68174;Landser;4;227.46143650229223
68174;Landser;5;226.7849399085095
68174;Landser;6;160.9251714156475
68175;Lapoutroie;1;24.431634560624673
68175;Lapoutroie;2;64.96358040231712
68175;Lapoutroie;3;59.400942838373425
68175;Lapoutroie;4;188.4058385410663
68175;Lapoutroie;5;213.58261965572714
68175;Lapoutroie;6;184.66032761040853
68176;Largitzen;1;4.87027283430894
68176;Largitzen;2;4.73851403696582
68176;Largitzen;3;9.48059263412528
68176;Largitzen;4;43.84701109730604
68176;Largitzen;5;43.71168773976936
68176;Largitzen;6;38.72064989245969
68177;Lautenbach;2;47.97274691987948
68177;Lautenbach;3;63.87091626406948
68177;Lautenbach;4;191.30548338737162
68177;Lautenbach;5;178.95384264959466
68177;Lautenbach;6;155.51942423681515
68178;Lautenbachzell;1;5.1628361101866
68178;Lautenbachzell;2;15.47297121986136
68178;Lautenbachzell;3;46.37239584224934
68178;Lautenbachzell;4;154.37178959141022
68178;Lautenbachzell;5;159.61268858870508
68178;Lautenbachzell;6;77.30261271789382
68179;Lauw;2;21.23747200491114
68179;Lauw;3;35.27652207682855
68179;Lauw;4;119.84307639894425
68179;Lauw;5;85.35439593608923
68179;Lauw;6;114.48450584698145
68180;Leimbach;2;30.263879917529216
68180;Leimbach;3;70.59930577979185
68180;Leimbach;4;161.48167233835585
68180;Leimbach;5;85.70659786562005
68180;Leimbach;6;65.65431356290689
68181;Levoncourt;1;4.36291970525276
68181;Levoncourt;3;9.23827956149865
68181;Levoncourt;4;4.79400269151388
68181;Levoncourt;5;20.21275972434067
68181;Levoncourt;6;65.6008437588381
68182;Leymen;1;5.13525283727476
68182;Leymen;2;34.44498156069088
68182;Leymen;3;180.7608409432223
68182;Leymen;4;184.63011105981877
68182;Leymen;5;98.19981644277892
68182;Leymen;6;58.174401241508434
68183;Liebenswiller;1;4.86111111111111
68183;Liebenswiller;3;19.44444444444444
68183;Liebenswiller;4;24.30555555555555
68183;Liebenswiller;5;34.02777777777777
68183;Liebenswiller;6;29.166666666666657
68184;Liebsdorf;1;5.26176831920026
68184;Liebsdorf;2;10.29712659354528
68184;Liebsdorf;3;5.03535827434502
68184;Liebsdorf;4;43.82019607925963
68184;Liebsdorf;5;44.25395085375693
68184;Liebsdorf;6;69.28362295005425
68185;Lièpvre;1;23.94390641530582
68185;Lièpvre;2;59.063989257116305
68185;Lièpvre;3;73.63886955902615
68185;Lièpvre;4;147.89350316282383
68185;Lièpvre;5;167.45485588849164
68185;Lièpvre;6;266.1227061881571
68186;Ligsdorf;3;40.4980212174077
68186;Ligsdorf;4;20.18490112087479
68186;Ligsdorf;5;25.2069743681592
68186;Ligsdorf;6;55.78705172792006
68187;Linsdorf;2;10.49564470597115
68187;Linsdorf;3;21.69553665029952
68187;Linsdorf;4;36.49513327297586
68187;Linsdorf;5;25.795482919907222
68187;Linsdorf;6;58.17012434432115
68188;Linthal;2;25.88024722459242
68188;Linthal;3;41.52778889070666
68188;Linthal;4;82.90835445494326
68188;Linthal;5;82.86973348383282
68188;Linthal;6;78.05484360056151
68189;Logelheim;1;5.17161189938724
68189;Logelheim;2;15.739730485424321
68189;Logelheim;3;110.64741067206934
68189;Logelheim;4;227.72551875351178
68189;Logelheim;5;89.2837296863458
68189;Logelheim;6;74.78357474873211
68190;Lucelle;1;5.33333333333333
68190;Lucelle;2;16.00000000000003
68190;Lucelle;5;10.6666666666667
68191;Luemschwiller;3;44.86262692412376
68191;Luemschwiller;4;104.88022140423227
68191;Luemschwiller;5;80.18212075506922
68191;Luemschwiller;6;70.1711991618216
68192;Valdieu-Lutran;2;20.5204900065791
68192;Valdieu-Lutran;3;20.36722274322015
68192;Valdieu-Lutran;4;35.657050107861906
68192;Valdieu-Lutran;5;40.57661846872869
68192;Valdieu-Lutran;6;66.01783445676361
68193;Luttenbach-près-Munster;1;10.3506292455098
68193;Luttenbach-près-Munster;2;25.68264494499428
68193;Luttenbach-près-Munster;3;26.18481620836343
68193;Luttenbach-près-Munster;4;46.89381632454296
68193;Luttenbach-près-Munster;5;108.42566067801705
68193;Luttenbach-près-Munster;6;138.2850539932238
68194;Lutter;1;5.00712576832511
68194;Lutter;3;20.05856619078632
68194;Lutter;4;45.17687425459774
68194;Lutter;5;35.102462672854585
68194;Lutter;6;50.19907668998629
68195;Lutterbach;1;5.10821696063656
68195;Lutterbach;2;155.52585823620467
68195;Lutterbach;3;363.6402399021548
68195;Lutterbach;4;718.9866144099657
68195;Lutterbach;5;627.5288227440692
68195;Lutterbach;6;605.3483384543819
68196;Magny;1;4.1076734184852
68196;Magny;2;4.95517965785812
68196;Magny;3;8.762515008187481
68196;Magny;4;46.95915112785231
68196;Magny;5;64.62373671918576
68196;Magny;6;24.03264343066616
68197;Magstatt-le-Bas;2;4.78351466854979
68197;Magstatt-le-Bas;3;66.88678217429693
68197;Magstatt-le-Bas;4;62.01019784593031
68197;Magstatt-le-Bas;5;57.27828426146321
68197;Magstatt-le-Bas;6;38.20616033032673
68198;Magstatt-le-Haut;2;14.376597349165678
68198;Magstatt-le-Haut;3;18.77601127166216
68198;Magstatt-le-Haut;4;70.22546480017586
68198;Magstatt-le-Haut;5;38.15461635899566
68198;Magstatt-le-Haut;6;23.88064998917582
68199;Malmerspach;3;9.24659363632164
68199;Malmerspach;4;50.70086321846834
68199;Malmerspach;5;42.94015934235938
68199;Malmerspach;6;73.63609419248188
68200;Manspach;2;4.85435221625386
68200;Manspach;3;20.19935985143704
68200;Manspach;4;71.19236202571221
68200;Manspach;5;106.13325444113958
68200;Manspach;6;96.2344412511436
68201;Masevaux-Niederbruck;1;4.84143823293372
68201;Masevaux-Niederbruck;2;84.99180333122345
68201;Masevaux-Niederbruck;3;145.29743884166572
68201;Masevaux-Niederbruck;4;388.97307471791885
68201;Masevaux-Niederbruck;5;359.10768876483223
68201;Masevaux-Niederbruck;6;454.5711446822989
68202;Mertzen;2;4.8
68202;Mertzen;4;19.2
68202;Mertzen;5;19.2
68202;Mertzen;6;38.4
68203;Merxheim;1;4.82481281800457
68203;Merxheim;2;35.90066047521081
68203;Merxheim;3;72.53851653649838
68203;Merxheim;4;167.71545420300177
68203;Merxheim;5;171.94178474997528
68203;Merxheim;6;147.82106100404934
68204;Metzeral;1;5.0305468778409
68204;Metzeral;2;20.21249197670012
68204;Metzeral;3;30.05119473018445
68204;Metzeral;4;115.17069092603876
68204;Metzeral;5;161.4346071886418
68204;Metzeral;6;141.04070287494173
68205;Meyenheim;1;4.95179880593591
68205;Meyenheim;2;40.13623583113272
68205;Meyenheim;3;59.913992303284786
68205;Meyenheim;4;215.33027789146038
68205;Meyenheim;5;1030.3211965123726
68205;Meyenheim;6;115.22065597384122
68207;Michelbach-le-Bas;1;5.00615481898303
68207;Michelbach-le-Bas;2;15.01846445694909
68207;Michelbach-le-Bas;3;82.13783184772551
68207;Michelbach-le-Bas;4;56.1347332817145
68207;Michelbach-le-Bas;5;45.48840022852514
68207;Michelbach-le-Bas;6;86.2865345061086
68208;Michelbach-le-Haut;1;5.16371603666976
68208;Michelbach-le-Haut;2;14.612925427807358
68208;Michelbach-le-Haut;3;97.80536675591404
68208;Michelbach-le-Haut;4;110.168907802599
68208;Michelbach-le-Haut;5;42.7979814379789
68208;Michelbach-le-Haut;6;59.31118427640491
68209;Mittelwihr;1;33.2768982583283
68209;Mittelwihr;2;18.06926061005581
68209;Mittelwihr;3;57.42925342136627
68209;Mittelwihr;4;97.08623168965032
68209;Mittelwihr;5;104.70238538071773
68209;Mittelwihr;6;72.67616564122885
68210;Mittlach;1;5.19751328849698
68210;Mittlach;2;15.49171680634988
68210;Mittlach;3;15.46657186133609
68210;Mittlach;4;30.9833107788683
68210;Mittlach;5;31.110015791845917
68210;Mittlach;6;51.84977965295061
68211;Mitzach;2;15.08655122690306
68211;Mitzach;3;35.18592722244487
68211;Mitzach;4;40.11307804001463
68211;Mitzach;5;35.26870456565869
68211;Mitzach;6;54.774524948909466
68212;Mœrnach;1;14.94221710142271
68212;Mœrnach;2;19.92092910056956
68212;Mœrnach;3;25.52805853589657
68212;Mœrnach;4;50.68934672247306
68212;Mœrnach;5;55.66648485574895
68212;Mœrnach;6;91.23651373778864
68213;Mollau;1;9.19430472846396
68213;Mollau;2;14.46561974672227
68213;Mollau;3;9.8745356780947
68213;Mollau;4;23.826948064791722
68213;Mollau;5;42.74047598551401
68213;Mollau;6;38.34741840386723
68214;Montreux-Jeune;2;9.81159805458425
68214;Montreux-Jeune;3;9.9758642159655
68214;Montreux-Jeune;4;68.14605796838434
68214;Montreux-Jeune;5;36.12788037010892
68214;Montreux-Jeune;6;62.45515361125617
68215;Montreux-Vieux;2;25.08027798493272
68215;Montreux-Vieux;3;70.03481472253536
68215;Montreux-Vieux;4;65.16054409224328
68215;Montreux-Vieux;5;79.73902182343714
68215;Montreux-Vieux;6;109.48739393785759
68216;Mooslargue;1;5.33996320372765
68216;Mooslargue;2;14.469954494938971
68216;Mooslargue;3;19.46443042165074
68216;Mooslargue;4;41.15241398671154
68216;Mooslargue;5;59.70468713408828
68216;Mooslargue;6;74.94770144665017
68217;Moosch;1;4.97098118552007
68217;Moosch;2;44.96018317498506
68217;Moosch;3;34.90727342361669
68217;Moosch;4;158.7873439080024
68217;Moosch;5;144.45778859896586
68217;Moosch;6;188.6901636543454
68218;Morschwiller-le-Bas;1;5.0314196135225
68218;Morschwiller-le-Bas;2;70.28389714240478
68218;Morschwiller-le-Bas;3;282.2201539914959
68218;Morschwiller-le-Bas;4;564.0778350785629
68218;Morschwiller-le-Bas;5;386.7936139314753
68218;Morschwiller-le-Bas;6;261.0389848108721
68219;Le Haut Soultzbach;1;9.66141654218934
68219;Le Haut Soultzbach;2;19.08495550725535
68219;Le Haut Soultzbach;3;62.39267785801657
68219;Le Haut Soultzbach;4;155.83341557940736
68219;Le Haut Soultzbach;5;116.06153304092362
68219;Le Haut Soultzbach;6;86.79865497752955
68221;Muespach;1;4.99103280891292
68221;Muespach;2;14.80563568605365
68221;Muespach;3;44.422736103752186
68221;Muespach;4;140.5313252092533
68221;Muespach;5;75.09561478141505
68221;Muespach;6;105.14322451317523
68222;Muespach-le-Haut;1;4.66336512342904
68222;Muespach-le-Haut;2;13.8777992494904
68222;Muespach-le-Haut;3;69.66976658302372
68222;Muespach-le-Haut;4;149.5848898073078
68222;Muespach-le-Haut;5;144.9270856427637
68222;Muespach-le-Haut;6;163.23600989600942
68223;Muhlbach-sur-Munster;2;60.44461726463431
68223;Muhlbach-sur-Munster;3;50.85330593576346
68223;Muhlbach-sur-Munster;4;114.61883872220338
68223;Muhlbach-sur-Munster;5;90.57611676537613
68223;Muhlbach-sur-Munster;6;138.37362971598662
68224;Mulhouse;1;11.00302178865481
68224;Mulhouse;2;1980.1775757633231
68224;Mulhouse;3;5191.960204772919
68224;Mulhouse;4;7884.322423715108
68224;Mulhouse;5;10042.315507787014
68224;Mulhouse;6;9712.186576396462
68225;Munchhouse;2;57.75475256232348
68225;Munchhouse;3;144.79122461581247
68225;Munchhouse;4;187.12935518102702
68225;Munchhouse;5;192.77463424670142
68225;Munchhouse;6;212.97526659012416
68226;Munster;1;9.94817850505596
68226;Munster;2;115.28267089863807
68226;Munster;3;200.06224440046395
68226;Munster;4;380.4138644045895
68226;Munster;5;565.8830725288784
68226;Munster;6;484.8260884175173
68227;Muntzenheim;2;19.944899201511568
68227;Muntzenheim;3;100.00569855797723
68227;Muntzenheim;4;235.5510717226496
68227;Muntzenheim;5;135.3571200312918
68227;Muntzenheim;6;150.4818539859201
68228;Munwiller;1;9.79266816171302
68228;Munwiller;2;14.84005782498041
68228;Munwiller;3;29.69115548028268
68228;Munwiller;4;59.887166282274265
68228;Munwiller;5;65.04708595551068
68228;Munwiller;6;54.62372813616565
68229;Murbach;2;9.64705882352942
68229;Murbach;3;19.29411764705884
68229;Murbach;4;38.58823529411768
68229;Murbach;5;9.64705882352942
68229;Murbach;6;19.29411764705884
68230;Nambsheim;3;14.91546971249523
68230;Nambsheim;4;74.03758303377657
68230;Nambsheim;5;75.64261138677293
68230;Nambsheim;6;82.01698360140895
68231;Neuf-Brisach;2;25.083859972568987
68231;Neuf-Brisach;3;14.938516425554571
68231;Neuf-Brisach;4;149.56483408620062
68231;Neuf-Brisach;5;159.68936789748278
68231;Neuf-Brisach;6;389.90797427285713
68232;Neuwiller;2;31.75477627733138
68232;Neuwiller;3;31.76031708516789
68232;Neuwiller;4;68.84635043954655
68232;Neuwiller;5;68.8130823832226
68232;Neuwiller;6;63.55386743393557
68234;Niederentzen;2;4.94673159203039
68234;Niederentzen;3;57.02641505897771
68234;Niederentzen;4;150.89098416750195
68234;Niederentzen;5;78.291410870839
68234;Niederentzen;6;72.31798285798232
68235;Niederhergheim;1;10.0570476595802
68235;Niederhergheim;2;29.986397244030712
68235;Niederhergheim;3;65.65398077350434
68235;Niederhergheim;4;245.94661761395844
68235;Niederhergheim;5;146.30029783211276
68235;Niederhergheim;6;120.87666054829991
68237;Niedermorschwihr;1;9.83226873095339
68237;Niedermorschwihr;2;34.75883117818576
68237;Niedermorschwihr;3;54.1660360340504
68237;Niedermorschwihr;4;69.17092409509237
68237;Niedermorschwihr;5;39.58343126811224
68237;Niedermorschwihr;6;54.67772498439122
68238;Niffer;2;31.5918090530405
68238;Niffer;3;92.29234251264567
68238;Niffer;4;127.72253167624743
68238;Niffer;5;87.98633805023147
68238;Niffer;6;87.36052206289887
68239;Oberbruck;2;9.72893753976766
68239;Oberbruck;3;14.55546859380447
68239;Oberbruck;4;43.48456174858737
68239;Oberbruck;5;43.27802432036313
68239;Oberbruck;6;19.27728047961341
68240;Illtal;1;4.94669233093405
68240;Illtal;2;30.361708630249183
68240;Illtal;3;57.96622264994863
68240;Illtal;4;109.56902569983683
68240;Illtal;5;119.44611388885885
68240;Illtal;6;212.71540743453974
68241;Oberentzen;1;5.16230668815093
68241;Oberentzen;2;14.158594854232991
68241;Oberentzen;3;42.72196633459439
68241;Oberentzen;4;125.12362848597598
68241;Oberentzen;5;86.60103327531257
68241;Oberentzen;6;105.45508554723702
68242;Oberhergheim;1;15.3406979397752
68242;Oberhergheim;2;15.402353357218072
68242;Oberhergheim;3;56.44728967362802
68242;Oberhergheim;4;189.61903186932219
68242;Oberhergheim;5;194.760766603085
68242;Oberhergheim;6;174.01165483549332
68243;Oberlarg;2;4.72413793103448
68243;Oberlarg;3;4.72413793103448
68243;Oberlarg;4;14.1724137931034
68243;Oberlarg;5;18.89655172413792
68243;Oberlarg;6;33.068965517241324
68244;Obermorschwihr;1;4.63547772641683
68244;Obermorschwihr;2;13.73726632602413
68244;Obermorschwihr;3;19.07528373874833
68244;Obermorschwihr;4;42.27213724782984
68244;Obermorschwihr;5;63.40575581052131
68244;Obermorschwihr;6;50.33898333214802
68245;Obermorschwiller;1;4.77639349460765
68245;Obermorschwiller;2;19.1674449239042
68245;Obermorschwiller;3;47.72383765053561
68245;Obermorschwiller;4;47.76473332936308
68245;Obermorschwiller;5;23.902768454594693
68245;Obermorschwiller;6;33.39395011673342
68246;Obersaasheim;2;19.84498758972558
68246;Obersaasheim;3;44.7707279156773
68246;Obersaasheim;4;99.45824691130872
68246;Obersaasheim;5;139.26856860694465
68246;Obersaasheim;6;188.53902775920506
68247;Oderen;2;25.406080202748562
68247;Oderen;3;35.903914817871474
68247;Oderen;4;118.96594106156363
68247;Oderen;5;128.331791316669
68247;Oderen;6;207.80283853842417
68248;Oltingue;1;5.06598900292115
68248;Oltingue;2;25.34173635192951
68248;Oltingue;3;24.864016165742758
68248;Oltingue;4;107.1736442583348
68248;Oltingue;5;94.68761478361313
68248;Oltingue;6;72.371262271192
68249;Orbey;1;25.5377829552877
68249;Orbey;2;149.91027099546682
68249;Orbey;3;180.07865227245654
68249;Orbey;4;386.2853651003122
68249;Orbey;5;408.57159679410506
68249;Orbey;6;325.8110248282224
68250;Orschwihr;1;31.109502839585172
68250;Orschwihr;2;30.638164266174922
68250;Orschwihr;3;87.84772919964277
68250;Orschwihr;4;118.72331639475185
68250;Orschwihr;5;93.25658865162414
68250;Orschwihr;6;92.24419634408855
68251;Osenbach;1;18.94771801585631
68251;Osenbach;2;33.21417372443817
68251;Osenbach;3;85.92377297517973
68251;Osenbach;4;139.77510778971484
68251;Osenbach;5;77.34603786744943
68251;Osenbach;6;67.7660316954032
68252;Ostheim;1;9.893637548668611
68252;Ostheim;2;55.36639125607278
68252;Ostheim;3;116.3336437459338
68252;Ostheim;4;199.1458241335899
68252;Ostheim;5;203.82238735378564
68252;Ostheim;6;194.802705600143
68253;Ottmarsheim;1;10.18298799683096
68253;Ottmarsheim;2;35.86780739770539
68253;Ottmarsheim;3;92.07664711903463
68253;Ottmarsheim;4;306.7040780286696
68253;Ottmarsheim;5;229.92784565983595
68253;Ottmarsheim;6;305.9504736372513
68254;Petit-Landau;1;10.085279078589
68254;Petit-Landau;2;25.03972437487508
68254;Petit-Landau;3;55.18035144870364
68254;Petit-Landau;4;131.40030318942058
68254;Petit-Landau;5;80.91264547741571
68254;Petit-Landau;6;106.07020493970175
68255;Pfaffenheim;1;30.019941720896
68255;Pfaffenheim;2;30.13819638129272
68255;Pfaffenheim;3;119.96291273520632
68255;Pfaffenheim;4;184.75557876355043
68255;Pfaffenheim;5;185.04840609962287
68255;Pfaffenheim;6;159.48492709258286
68256;Pfastatt;1;15.885497354494
68256;Pfastatt;2;288.1589949759453
68256;Pfastatt;3;497.4867980542266
68256;Pfastatt;4;1100.2176094964927
68256;Pfastatt;5;1129.8286442099998
68256;Pfastatt;6;1029.8028951909694
68257;Pfetterhouse;1;15.15498772551191
68257;Pfetterhouse;2;26.635782190501878
68257;Pfetterhouse;3;14.552373778374179
68257;Pfetterhouse;4;78.65089801725561
68257;Pfetterhouse;5;89.0057176715704
68257;Pfetterhouse;6;167.13525395885733
68258;Pulversheim;2;96.13357133406468
68258;Pulversheim;3;223.48122014562028
68258;Pulversheim;4;422.40567945824426
68258;Pulversheim;5;385.8080566736802
68258;Pulversheim;6;328.9564979761529
68259;Raedersdorf;1;15.42034126888715
68259;Raedersdorf;2;5.21893896402748
68259;Raedersdorf;3;20.66484398021528
68259;Raedersdorf;4;80.41343597472422
68259;Raedersdorf;5;67.98343144847378
68259;Raedersdorf;6;45.798757726439916
68260;Raedersheim;1;15.638199477021189
68260;Raedersheim;2;52.42137907923616
68260;Raedersheim;3;52.76763666300175
68260;Raedersheim;4;172.4814022763249
68260;Raedersheim;5;173.99847197976774
68260;Raedersheim;6;106.48537074931706
68261;Rammersmatt;2;5.05967060397346
68261;Rammersmatt;3;5.09062582899014
68261;Rammersmatt;4;45.53760013604834
68261;Rammersmatt;5;25.299104808968238
68261;Rammersmatt;6;15.21071997765608
68262;Ranspach;2;14.28623045154708
68262;Ranspach;3;14.15905427755189
68262;Ranspach;4;68.21415975803268
68262;Ranspach;5;93.36765184733824
68262;Ranspach;6;132.3607882717079
68263;Ranspach-le-Bas;2;19.62307409706445
68263;Ranspach-le-Bas;3;44.80543904631747
68263;Ranspach-le-Bas;4;110.4573168427828
68263;Ranspach-le-Bas;5;66.43819215542582
68263;Ranspach-le-Bas;6;65.02276935950567
68264;Ranspach-le-Haut;1;5.07309528177472
68264;Ranspach-le-Haut;2;20.92486940178742
68264;Ranspach-le-Haut;3;57.55404107655277
68264;Ranspach-le-Haut;4;77.97277489984822
68264;Ranspach-le-Haut;5;87.61591086991866
68264;Ranspach-le-Haut;6;72.8877267694889
68265;Rantzwiller;2;25.174110777826
68265;Rantzwiller;3;125.6501426237955
68265;Rantzwiller;4;171.3297456799202
68265;Rantzwiller;5;56.49755701492042
68265;Rantzwiller;6;57.313652569379734
68266;Réguisheim;1;20.6065444440826
68266;Réguisheim;2;36.18652838279856
68266;Réguisheim;3;98.2400862937613
68266;Réguisheim;4;366.32685760973567
68266;Réguisheim;5;263.19306638841215
68266;Réguisheim;6;283.8381266571875
68267;Reiningue;1;15.9377572959321
68267;Reiningue;2;30.32485491140655
68267;Reiningue;3;122.46879193211554
68267;Reiningue;4;309.8788249442526
68267;Reiningue;5;224.46970336454635
68267;Reiningue;6;232.10719132271495
68268;Retzwiller;2;14.93890191731523
68268;Retzwiller;3;25.21027043545014
68268;Retzwiller;4;74.39360783450795
68268;Retzwiller;5;79.13819114743099
68268;Retzwiller;6;124.97072434499556
68269;Ribeauvillé;1;49.71543874828546
68269;Ribeauvillé;2;158.43689678915106
68269;Ribeauvillé;3;207.7911676085276
68269;Ribeauvillé;4;481.0843810461927
68269;Ribeauvillé;5;534.5629793185316
68269;Ribeauvillé;6;446.3839536332341
68270;Richwiller;2;90.75242325235408
68270;Richwiller;3;280.3535694466374
68270;Richwiller;4;490.1157343706979
68270;Richwiller;5;421.5104123383905
68270;Richwiller;6;381.4146405799171
68271;Riedisheim;1;4.0641290569073
68271;Riedisheim;2;300.4202536793688
68271;Riedisheim;3;1207.9206186067995
68271;Riedisheim;4;1491.212975925662
68271;Riedisheim;5;1366.0897773597694
68271;Riedisheim;6;881.0479546609348
68273;Riespach;1;19.76997697545578
68273;Riespach;2;15.30679324420783
68273;Riespach;3;34.67627880703658
68273;Riespach;4;59.31190798753044
68273;Riespach;5;69.95127701403457
68273;Riespach;6;49.87594919257713
68274;Rimbach-près-Guebwiller;2;4.81818427732567
68274;Rimbach-près-Guebwiller;3;4.81818427732567
68274;Rimbach-près-Guebwiller;4;48.18184277325674
68274;Rimbach-près-Guebwiller;5;19.27273710930268
68274;Rimbach-près-Guebwiller;6;24.09092138662835
68275;Rimbach-près-Masevaux;2;9.77093715716266
68275;Rimbach-près-Masevaux;3;15.2444029411519
68275;Rimbach-près-Masevaux;4;54.73506642256104
68275;Rimbach-près-Masevaux;5;49.88638320923065
68275;Rimbach-près-Masevaux;6;30.00062761593702
68276;Rimbachzell;2;5.18918918918919
68276;Rimbachzell;3;15.567567567567572
68276;Rimbachzell;4;25.94594594594595
68276;Rimbachzell;5;20.75675675675676
68276;Rimbachzell;6;20.75675675675676
68277;Riquewihr;1;40.710963212050274
68277;Riquewihr;2;50.79601611878178
68277;Riquewihr;3;103.8204782673103
68277;Riquewihr;4;101.84401322295778
68277;Riquewihr;5;122.62896740109879
68277;Riquewihr;6;92.60804106859914
68278;Rixheim;1;13.41265178467911
68278;Rixheim;2;307.2616779988651
68278;Rixheim;3;995.0464227340724
68278;Rixheim;4;1782.3949403630957
68278;Rixheim;5;1658.4684859481547
68278;Rixheim;6;1407.4066350366109
68279;Roderen;1;5.0981218623966
68279;Roderen;2;4.94370515861588
68279;Roderen;3;79.86765866238362
68279;Roderen;4;124.51540572875827
68279;Roderen;5;69.82636746006985
68279;Roderen;6;94.90938653386064
68280;Rodern;1;10.7743941177519
68280;Rodern;4;48.61676109358401
68280;Rodern;5;48.705693445432935
68280;Rodern;6;32.58859083614058
68281;Roggenhouse;1;9.99130209350728
68281;Roggenhouse;2;25.35400154315902
68281;Roggenhouse;3;54.42842514684814
68281;Roggenhouse;4;73.99525062558808
68281;Roggenhouse;5;34.77053322275331
68281;Roggenhouse;6;29.72934895332228
68282;Romagny;2;15.59731881452523
68282;Romagny;3;25.59080318896156
68282;Romagny;4;30.740676606362353
68282;Romagny;5;20.58965535549562
68282;Romagny;6;41.47158879327263
68283;Rombach-le-Franc;2;4.93237176231984
68283;Rombach-le-Franc;3;50.22100075154776
68283;Rombach-le-Franc;4;105.65750390507168
68283;Rombach-le-Franc;5;81.14146508257704
68283;Rombach-le-Franc;6;79.68669671010343
68284;Roppentzwiller;2;20.48546745419728
68284;Roppentzwiller;3;10.3358595077083
68284;Roppentzwiller;4;91.90306468588025
68284;Roppentzwiller;5;71.60429350664516
68284;Roppentzwiller;6;81.9427205191641
68285;Rorschwihr;1;4.64119407231119
68285;Rorschwihr;3;20.10115365890616
68285;Rorschwihr;4;62.30742426746486
68285;Rorschwihr;5;43.12028985767256
68285;Rorschwihr;6;44.67173715302387
68286;Rosenau;2;105.03576679061308
68286;Rosenau;3;205.52087345591485
68286;Rosenau;4;351.6180350350102
68286;Rosenau;5;289.85874854053594
68286;Rosenau;6;261.2842854718248
68287;Rouffach;1;19.99159690328736
68287;Rouffach;2;109.51643592918694
68287;Rouffach;3;289.0725451486471
68287;Rouffach;4;538.3814143533507
68287;Rouffach;5;414.00031583806935
68287;Rouffach;6;393.2238333126991
68288;Ruederbach;1;4.82386772909068
68288;Ruederbach;3;24.699401333457338
68288;Ruederbach;4;59.4532534541879
68288;Ruederbach;5;70.37538417331093
68288;Ruederbach;6;70.5686461003456
68289;Ruelisheim;1;26.8769058458637
68289;Ruelisheim;2;62.375507281144294
68289;Ruelisheim;3;125.39103508820081
68289;Ruelisheim;4;277.07659222429425
68289;Ruelisheim;5;316.3561595256549
68289;Ruelisheim;6;269.77640496966313
68290;Rustenhart;1;10.80297243314468
68290;Rustenhart;2;26.867083179311052
68290;Rustenhart;3;32.032584612125284
68290;Rustenhart;4;128.50874041920156
68290;Rustenhart;5;102.06478094786422
68290;Rustenhart;6;150.06582858441243
68291;Rumersheim-le-Haut;2;55.95579223520572
68291;Rumersheim-le-Haut;3;48.95636638432773
68291;Rumersheim-le-Haut;4;111.52918833062476
68291;Rumersheim-le-Haut;5;125.63980931808896
68291;Rumersheim-le-Haut;6;226.33478230341728
68292;Saint-Amarin;2;110.58122185597446
68292;Saint-Amarin;3;90.31383631398214
68292;Saint-Amarin;4;190.5070216392603
68292;Saint-Amarin;5;227.39219385373207
68292;Saint-Amarin;6;308.33277713555924
68293;Saint-Cosme;2;4.9375
68293;Saint-Cosme;4;19.75
68293;Saint-Cosme;5;4.9375
68293;Saint-Cosme;6;14.8125
68294;Sainte-Croix-aux-Mines;1;10.1371195605719
68294;Sainte-Croix-aux-Mines;2;50.287724221070214
68294;Sainte-Croix-aux-Mines;3;87.88157492300218
68294;Sainte-Croix-aux-Mines;4;159.61732487684037
68294;Sainte-Croix-aux-Mines;5;230.12858668143988
68294;Sainte-Croix-aux-Mines;6;226.9560973788686
68295;Sainte-Croix-en-Plaine;1;15.2311517265295
68295;Sainte-Croix-en-Plaine;2;87.77566200270078
68295;Sainte-Croix-en-Plaine;3;218.57169001942987
68295;Sainte-Croix-en-Plaine;4;490.9167052756041
68295;Sainte-Croix-en-Plaine;5;431.77345105822616
68295;Sainte-Croix-en-Plaine;6;357.9954311638226
68296;Saint-Hippolyte;1;20.5956770578974
68296;Saint-Hippolyte;2;10.05127761871791
68296;Saint-Hippolyte;3;68.05307793800245
68296;Saint-Hippolyte;4;101.69613110604575
68296;Saint-Hippolyte;5;103.95917518126336
68296;Saint-Hippolyte;6;83.18876641817832
68297;Saint-Louis;1;11.42309052305658
68297;Saint-Louis;2;352.9871749812448
68297;Saint-Louis;3;1539.4754432054808
68297;Saint-Louis;4;1895.6507479118814
68297;Saint-Louis;5;2589.281040785349
68297;Saint-Louis;6;2882.2167562950845
68298;Sainte-Marie-aux-Mines;1;49.595191984133706
68298;Sainte-Marie-aux-Mines;2;109.50757798197843
68298;Sainte-Marie-aux-Mines;3;139.07341486149906
68298;Sainte-Marie-aux-Mines;4;416.2172551268357
68298;Sainte-Marie-aux-Mines;5;476.2926714803467
68298;Sainte-Marie-aux-Mines;6;474.7393950754208
68299;Saint-Ulrich;3;20.85717939890801
68299;Saint-Ulrich;4;51.778919320357545
68299;Saint-Ulrich;5;41.24666806271493
68299;Saint-Ulrich;6;30.464658086817657
68300;Sausheim;2;120.67084314820748
68300;Sausheim;3;321.2669122433685
68300;Sausheim;4;652.77314352106
68300;Sausheim;5;673.5307330901711
68300;Sausheim;6;495.32586616417484
68301;Schlierbach;2;35.78598130553565
68301;Schlierbach;3;173.72577037889954
68301;Schlierbach;4;181.667008257641
68301;Schlierbach;5;116.0588233740045
68301;Schlierbach;6;124.51011144035121
68302;Schweighouse-Thann;2;14.753409178712879
68302;Schweighouse-Thann;3;78.4589245826161
68302;Schweighouse-Thann;4;131.9911751883362
68302;Schweighouse-Thann;5;78.0736580884491
68302;Schweighouse-Thann;6;33.62563132474492
68303;Schwoben;2;19.14893617021276
68303;Schwoben;3;9.57446808510638
68303;Schwoben;4;33.51063829787233
68303;Schwoben;5;14.36170212765957
68303;Schwoben;6;57.44680851063831
68304;Sentheim;1;4.69454313352358
68304;Sentheim;2;39.30622886735005
68304;Sentheim;3;69.23063991291987
68304;Sentheim;4;217.90889947538088
68304;Sentheim;5;201.749653091105
68304;Sentheim;6;162.29449408714723
68305;Seppois-le-Bas;2;34.01049538456342
68305;Seppois-le-Bas;3;43.75579652647663
68305;Seppois-le-Bas;4;155.51563600376085
68305;Seppois-le-Bas;5;189.57694482507154
68305;Seppois-le-Bas;6;189.54330216080723
68306;Seppois-le-Haut;1;4.65150884941189
68306;Seppois-le-Haut;2;19.55913685478217
68306;Seppois-le-Haut;3;23.66914223664992
68306;Seppois-le-Haut;4;71.69492774492727
68306;Seppois-le-Haut;5;56.36704881222336
68306;Seppois-le-Haut;6;102.48341997818183
68307;Sewen;2;9.672047604028641
68307;Sewen;3;9.58767849768336
68307;Sewen;4;28.933195767650982
68307;Sewen;5;62.29556433908897
68307;Sewen;6;116.73812814900324
68308;Sickert;2;4.82830707104538
68308;Sickert;3;19.08480105292741
68308;Sickert;4;52.82882638730946
68308;Sickert;5;33.51488564987347
68308;Sickert;6;47.140942760361284
68309;Sierentz;1;14.41142221449027
68309;Sierentz;2;81.95206414452281
68309;Sierentz;3;366.1164643708331
68309;Sierentz;4;573.566846806483
68309;Sierentz;5;582.4394297044561
68309;Sierentz;6;467.3754254796346
68311;Sondernach;1;38.48109645269595
68311;Sondernach;2;10.25184217628481
68311;Sondernach;3;28.54013678086822
68311;Sondernach;4;77.27481320064268
68311;Sondernach;5;67.11292630087058
68311;Sondernach;6;87.87788516501777
68312;Sondersdorf;2;15.07004704539299
68312;Sondersdorf;3;15.73606718414306
68312;Sondersdorf;4;20.74767488534178
68312;Sondersdorf;5;47.05724870271134
68312;Sondersdorf;6;41.49897396649574
68313;Soppe-le-Bas;1;5.08399028924901
68313;Soppe-le-Bas;2;24.75961529681916
68313;Soppe-le-Bas;3;51.39951911649996
68313;Soppe-le-Bas;4;76.41753352067157
68313;Soppe-le-Bas;5;127.55509622463354
68313;Soppe-le-Bas;6;132.10438887410447
68315;Soultz-Haut-Rhin;1;14.7614729239349
68315;Soultz-Haut-Rhin;2;222.0699899544401
68315;Soultz-Haut-Rhin;3;472.8667781419384
68315;Soultz-Haut-Rhin;4;988.5407609318996
68315;Soultz-Haut-Rhin;5;762.1094879437792
68315;Soultz-Haut-Rhin;6;792.0604845452553
68316;Soultzbach-les-Bains;2;30.07905245558767
68316;Soultzbach-les-Bains;3;45.050917206075326
68316;Soultzbach-les-Bains;4;90.24147911181731
68316;Soultzbach-les-Bains;5;76.1157850770822
68316;Soultzbach-les-Bains;6;60.5894391106728
68317;Soultzeren;1;14.27669774161794
68317;Soultzeren;2;48.270040054563474
68317;Soultzeren;3;53.38061904267726
68317;Soultzeren;4;91.85481541787273
68317;Soultzeren;5;149.4902394650107
68317;Soultzeren;6;207.68585253481558
68318;Soultzmatt;1;34.79050374171007
68318;Soultzmatt;2;66.85608791822551
68318;Soultzmatt;3;151.15384417179368
68318;Soultzmatt;4;391.47722052618656
68318;Soultzmatt;5;238.90809388853776
68318;Soultzmatt;6;237.4330726661848
68320;Spechbach;2;71.27513682426924
68320;Spechbach;3;114.3241854566719
68320;Spechbach;4;217.0740349965829
68320;Spechbach;5;166.23718282954792
68320;Spechbach;6;132.24689733375033
68321;Staffelfelden;1;4.93710879295347
68321;Staffelfelden;2;75.00968905686213
68321;Staffelfelden;3;159.99768963892038
68321;Staffelfelden;4;564.5448093807388
68321;Staffelfelden;5;424.07242009983213
68321;Staffelfelden;6;595.0340409511306
68322;Steinbach;2;20.35076600741415
68322;Steinbach;3;96.43394945476075
68322;Steinbach;4;163.22681872131582
68322;Steinbach;5;112.35440581670322
68322;Steinbach;6;86.18218706162335
68323;Steinbrunn-le-Bas;1;5.39780984942679
68323;Steinbrunn-le-Bas;2;10.69488244857361
68323;Steinbrunn-le-Bas;3;75.17589625380337
68323;Steinbrunn-le-Bas;4;189.9709855985135
68323;Steinbrunn-le-Bas;5;75.07523119016881
68323;Steinbrunn-le-Bas;6;32.29183341472018
68324;Steinbrunn-le-Haut;2;37.830359747425604
68324;Steinbrunn-le-Haut;3;52.76698396412444
68324;Steinbrunn-le-Haut;4;100.4539792391967
68324;Steinbrunn-le-Haut;5;81.59337651491553
68324;Steinbrunn-le-Haut;6;43.12414104843612
68325;Steinsoultz;1;14.81560570944216
68325;Steinsoultz;2;20.064505538359718
68325;Steinsoultz;3;26.358185807643586
68325;Steinsoultz;4;96.27940651155531
68325;Steinsoultz;5;108.32475786638555
68325;Steinsoultz;6;111.12290467702583
68326;Sternenberg;1;9.86678532594842
68326;Sternenberg;2;14.80017798892263
68326;Sternenberg;4;34.53374864081944
68326;Sternenberg;5;9.86678532594842
68326;Sternenberg;6;14.80017798892263
68327;Stetten;2;4.98261016229211
68327;Stetten;3;4.98261016229211
68327;Stetten;4;40.16101673584224
68327;Stetten;5;55.16337492539368
68327;Stetten;6;60.25519291323912
68328;Storckensohn;2;10.66666666666666
68328;Storckensohn;3;5.33333333333333
68328;Storckensohn;4;5.33333333333333
68328;Storckensohn;5;10.6666666666667
68328;Storckensohn;6;26.66666666666666
68329;Stosswihr;1;19.11871133962596
68329;Stosswihr;2;67.91295796431882
68329;Stosswihr;3;58.60495165415977
68329;Stosswihr;4;120.3598125501991
68329;Stosswihr;5;121.43355250507082
68329;Stosswihr;6;196.10868406608827
68330;Strueth;4;52.334185996428346
68330;Strueth;5;37.90195841432513
68330;Strueth;6;80.9232678112088
68331;Sundhoffen;2;122.85768142467442
68331;Sundhoffen;3;156.3107571456578
68331;Sundhoffen;4;256.52908447429223
68331;Sundhoffen;5;178.98804572594688
68331;Sundhoffen;6;148.83065031426653
68332;Tagolsheim;2;20.35769243944436
68332;Tagolsheim;3;97.7583443407671
68332;Tagolsheim;4;180.2715017055003
68332;Tagolsheim;5;107.19109327064552
68332;Tagolsheim;6;86.34426157301753
68333;Tagsdorf;2;8.98732457860465
68333;Tagsdorf;3;4.5999870186223
68333;Tagsdorf;4;31.66702743074351
68333;Tagsdorf;5;27.064524306095777
68333;Tagsdorf;6;44.22515400237315
68334;Thann;2;151.8853104379136
68334;Thann;3;507.3407838303049
68334;Thann;4;846.5137770935834
68334;Thann;5;785.5481086117926
68334;Thann;6;840.647735768394
68335;Thannenkirch;2;10.08148992882872
68335;Thannenkirch;3;27.64979840325827
68335;Thannenkirch;4;69.69537008037238
68335;Thannenkirch;5;46.36616877269884
68335;Thannenkirch;6;36.72233732622317
68336;Traubach-le-Bas;1;4.79594133469121
68336;Traubach-le-Bas;3;8.66273665964516
68336;Traubach-le-Bas;4;63.3057919805935
68336;Traubach-le-Bas;5;28.505564462482013
68336;Traubach-le-Bas;6;86.6510179695194
68337;Traubach-le-Haut;1;10.46452067707394
68337;Traubach-le-Haut;2;5.47686932447472
68337;Traubach-le-Haut;3;10.70633572158072
68337;Traubach-le-Haut;4;46.862182187396954
68337;Traubach-le-Haut;5;77.5546915808358
68337;Traubach-le-Haut;6;99.33573657803622
68338;Turckheim;1;47.559528680936374
68338;Turckheim;2;133.78262469513817
68338;Turckheim;3;296.0617010643117
68338;Turckheim;4;535.5713494526573
68338;Turckheim;5;364.0136804927329
68338;Turckheim;6;335.4747555953711
68340;Ueberstrass;2;21.79532223321312
68340;Ueberstrass;3;16.45651513516501
68340;Ueberstrass;4;63.83755028596537
68340;Ueberstrass;5;58.20547263940966
68340;Ueberstrass;6;37.31774052843751
68341;Uffheim;1;4.73381730343512
68341;Uffheim;2;4.73381730343512
68341;Uffheim;3;102.83631886287725
68341;Uffheim;4;152.81818739461545
68341;Uffheim;5;97.6281735818097
68341;Uffheim;6;97.47987812359264
68342;Uffholtz;1;15.003989156939248
68342;Uffholtz;2;44.70520860098181
68342;Uffholtz;3;130.70817252967964
68342;Uffholtz;4;226.28938558296926
68342;Uffholtz;5;225.9868541009826
68342;Uffholtz;6;190.3174109570931
68343;Ungersheim;1;4.91592399105135
68343;Ungersheim;2;59.1496050351565
68343;Ungersheim;3;177.62561607736106
68343;Ungersheim;4;429.0960820471507
68343;Ungersheim;5;261.54904316637067
68343;Ungersheim;6;261.4781739737692
68344;Urbès;2;4.95933567262949
68344;Urbès;3;10.12329743596389
68344;Urbès;4;40.3557652692906
68344;Urbès;5;35.22633313180832
68344;Urbès;6;85.80805668958646
68345;Urschenheim;1;10.84956107214146
68345;Urschenheim;2;16.17273943952283
68345;Urschenheim;3;37.56705507773781
68345;Urschenheim;4;112.95589110298893
68345;Urschenheim;5;107.37990791757623
68345;Urschenheim;6;134.29916097465946
68347;Vieux-Ferrette;2;21.024201398296732
68347;Vieux-Ferrette;3;36.19056062127575
68347;Vieux-Ferrette;4;61.58357356706929
68347;Vieux-Ferrette;5;76.78509324556786
68347;Vieux-Ferrette;6;65.02168090589237
68348;Vieux-Thann;2;39.59607821590184
68348;Vieux-Thann;3;123.78906888029285
68348;Vieux-Thann;4;322.07189985213154
68348;Vieux-Thann;5;326.838282215442
68348;Vieux-Thann;6;345.819603815045
68349;Village-Neuf;1;10.0753050915611
68349;Village-Neuf;2;100.96491269879512
68349;Village-Neuf;3;530.6007077593266
68349;Village-Neuf;4;500.08505424198404
68349;Village-Neuf;5;545.3479255083996
68349;Village-Neuf;6;439.0069519630295
68350;Vœgtlinshoffen;1;14.180047531280561
68350;Vœgtlinshoffen;2;10.93315433190358
68350;Vœgtlinshoffen;3;64.29079263571694
68350;Vœgtlinshoffen;4;39.24498406968202
68350;Vœgtlinshoffen;5;50.17730239537363
68350;Vœgtlinshoffen;6;19.62706959150637
68351;Vogelgrun;1;5.25669634816837
68351;Vogelgrun;2;15.05929510009817
68351;Vogelgrun;3;51.84373148477401
68351;Vogelgrun;4;72.0102392123445
68351;Vogelgrun;5;60.94798196440917
68351;Vogelgrun;6;96.88994186843232
68352;Volgelsheim;2;45.24376758673506
68352;Volgelsheim;3;89.77089972462218
68352;Volgelsheim;4;288.7554685656173
68352;Volgelsheim;5;323.60259371824367
68352;Volgelsheim;6;489.07481167105385
68353;Wahlbach;1;4.9949357824767
68353;Wahlbach;2;4.63885544783538
68353;Wahlbach;3;54.93994261556246
68353;Wahlbach;4;69.35165609240578
68353;Wahlbach;5;49.2918628833322
68353;Wahlbach;6;55.409705397580595
68354;Walbach;1;4.88314152045019
68354;Walbach;2;34.86535757689529
68354;Walbach;3;62.95539703709049
68354;Walbach;4;156.3885174960967
68354;Walbach;5;117.52883637642647
68354;Walbach;6;59.69748199281972
68355;Waldighofen;2;24.77925186957227
68355;Waldighofen;3;64.61248095060193
68355;Waldighofen;4;239.39116764248723
68355;Waldighofen;5;196.40954735044335
68355;Waldighofen;6;214.45229190123672
68356;Walheim;1;9.83307753360657
68356;Walheim;2;9.83307753360657
68356;Walheim;3;44.24741036322211
68356;Walheim;4;157.32492476587063
68356;Walheim;5;142.5875373802812
68356;Walheim;6;83.58259736314967
68357;Waltenheim;2;4.94200117949017
68357;Waltenheim;3;60.4238021508557
68357;Waltenheim;4;75.65369220211484
68357;Waltenheim;5;60.5115898446163
68357;Waltenheim;6;45.48166125390841
68358;Wasserbourg;1;10.2783743654413
68358;Wasserbourg;2;30.43524576849238
68358;Wasserbourg;3;10.038475319293209
68358;Wasserbourg;4;70.59039128031912
68358;Wasserbourg;5;60.788081997174764
68358;Wasserbourg;6;50.11857989308762
68359;Wattwiller;2;44.64077242761944
68359;Wattwiller;3;194.06486954254783
68359;Wattwiller;4;222.45717953589937
68359;Wattwiller;5;133.74309620619798
68359;Wattwiller;6;183.92180033349103
68360;Weckolsheim;1;8.73765396788768
68360;Weckolsheim;2;9.89609075519292
68360;Weckolsheim;3;53.55984526078498
68360;Weckolsheim;4;77.93190117120798
68360;Weckolsheim;5;115.1438184780016
68360;Weckolsheim;6;100.65116839348715
68361;Wegscheid;3;8.65850066884071
68361;Wegscheid;4;35.70499432626182
68361;Wegscheid;5;26.87290951339571
68361;Wegscheid;6;40.94666260669432
68362;Wentzwiller;2;15.307130633574559
68362;Wentzwiller;3;51.14980604791142
68362;Wentzwiller;4;117.4676847833145
68362;Wentzwiller;5;86.95759789733575
68362;Wentzwiller;6;71.71976436080476
68363;Werentzhouse;1;5.15958364377784
68363;Werentzhouse;2;5.18732741252027
68363;Werentzhouse;3;31.26417915341556
68363;Werentzhouse;4;67.77132243877763
68363;Werentzhouse;5;98.81145405825306
68363;Werentzhouse;6;125.25106815731806
68364;Westhalten;1;29.560732392741876
68364;Westhalten;2;44.26552811470652
68364;Westhalten;3;68.90532816443014
68364;Westhalten;4;147.48997728746718
68364;Westhalten;5;98.56255117723386
68364;Westhalten;6;64.05797199842885
68365;Wettolsheim;1;36.4620602505021
68365;Wettolsheim;2;61.8749210651259
68365;Wettolsheim;3;161.58423922227036
68365;Wettolsheim;4;193.70312855245285
68365;Wettolsheim;5;168.5816814391895
68365;Wettolsheim;6;119.46832208873822
68366;Wickerschwihr;1;5.42803688539734
68366;Wickerschwihr;2;15.77451059772298
68366;Wickerschwihr;3;56.133657101623086
68366;Wickerschwihr;4;78.02364891164918
68366;Wickerschwihr;5;90.33496684919953
68366;Wickerschwihr;6;88.58853221153085
68367;Widensolen;2;43.09587516855463
68367;Widensolen;3;90.11771004144681
68367;Widensolen;4;228.5935264276071
68367;Widensolen;5;135.0610430507778
68367;Widensolen;6;160.50488528295304
68368;Wihr-au-Val;1;4.9426366134333
68368;Wihr-au-Val;2;54.80775168663557
68368;Wihr-au-Val;3;113.87387626622872
68368;Wihr-au-Val;4;167.5777792072551
68368;Wihr-au-Val;5;103.89932261819621
68368;Wihr-au-Val;6;59.58231442487843
68370;Wildenstein;1;5.19354838709677
68370;Wildenstein;3;5.19354838709677
68370;Wildenstein;4;5.19354838709677
68370;Wildenstein;5;20.77419354838704
68370;Wildenstein;6;5.19354838709677
68371;Willer;2;5.13841905915874
68371;Willer;3;5.37366456038597
68371;Willer;4;37.03154659638917
68371;Willer;5;31.54151729699544
68371;Willer;6;42.28633171343916
68372;Willer-sur-Thur;1;4.95244696260085
68372;Willer-sur-Thur;2;50.02194536681053
68372;Willer-sur-Thur;3;69.96125294534335
68372;Willer-sur-Thur;4;148.0353933623099
68372;Willer-sur-Thur;5;162.65416112568727
68372;Willer-sur-Thur;6;249.75305987949073
68373;Winkel;1;9.20265910820349
68373;Winkel;2;9.72419469462428
68373;Winkel;3;9.36327421217002
68373;Winkel;4;40.244277968562194
68373;Winkel;5;29.18649626797675
68373;Winkel;6;37.192693323707985
68374;Wintzenheim;1;5.0528741648403
68374;Wintzenheim;2;243.44399235473162
68374;Wintzenheim;3;592.9901474363708
68374;Wintzenheim;4;1068.349493959594
68374;Wintzenheim;5;766.7728149100641
68374;Wintzenheim;6;651.3401164529911
68375;Wittelsheim;1;20.102557795955953
68375;Wittelsheim;2;243.70657806647142
68375;Wittelsheim;3;472.9932160966774
68375;Wittelsheim;4;1240.9461180872052
68375;Wittelsheim;5;1182.9643023744914
68375;Wittelsheim;6;1330.4526266710407
68376;Wittenheim;1;7.04443268027397
68376;Wittenheim;2;312.49527999602805
68376;Wittenheim;3;423.3221169352863
68376;Wittenheim;4;1455.6102084870058
68376;Wittenheim;5;1685.8442446877589
68376;Wittenheim;6;1872.542451312594
68377;Wittersdorf;1;4.70335574336116
68377;Wittersdorf;2;10.27277986549566
68377;Wittersdorf;3;59.970761193317664
68377;Wittersdorf;4;117.63221144770375
68377;Wittersdorf;5;96.0461908065742
68377;Wittersdorf;6;96.68183204934272
68378;Wolfersdorf;1;10.15952551183398
68378;Wolfersdorf;2;21.02346532970832
68378;Wolfersdorf;3;20.028345843659842
68378;Wolfersdorf;4;39.12249387458467
68378;Wolfersdorf;5;30.22719026167437
68378;Wolfersdorf;6;63.66955331590224
68379;Wolfgantzen;1;11.5780522155172
68379;Wolfgantzen;2;16.982714228255702
68379;Wolfgantzen;3;54.72363272519118
68379;Wolfgantzen;4;166.58797876665295
68379;Wolfgantzen;5;107.5358964246756
68379;Wolfgantzen;6;150.48437229296033
68380;Wolschwiller;1;5.24524551685153
68380;Wolschwiller;2;10.27628645598648
68380;Wolschwiller;3;14.59806583268837
68380;Wolschwiller;4;67.29903785100004
68380;Wolschwiller;5;41.29762676389751
68380;Wolschwiller;6;76.36234807459974
68381;Wuenheim;1;15.369564771302649
68381;Wuenheim;2;31.199085351312903
68381;Wuenheim;3;30.05667152727213
68381;Wuenheim;4;120.71913023882881
68381;Wuenheim;5;65.3372841542909
68381;Wuenheim;6;90.69296637119207
68382;Zaessingue;2;10.74350279755782
68382;Zaessingue;3;39.74476773662268
68382;Zaessingue;4;30.30626884931843
68382;Zaessingue;5;38.30424399173031
68382;Zaessingue;6;61.325667927228174
68383;Zellenberg;1;10.3876415328553
68383;Zellenberg;2;25.78566565597949
68383;Zellenberg;3;36.78888015375744
68383;Zellenberg;4;36.5408975659939
68383;Zellenberg;5;57.56270066509532
68383;Zellenberg;6;15.642358848158839
68384;Zillisheim;2;69.32779524266317
68384;Zillisheim;3;172.64022068250858
68384;Zillisheim;4;306.91967584256895
68384;Zillisheim;5;340.0361752556987
68384;Zillisheim;6;272.7183761081761
68385;Zimmerbach;1;15.309690081707782
68385;Zimmerbach;2;30.747109000689868
68385;Zimmerbach;3;76.71109124778182
68385;Zimmerbach;4;97.25157291829781
68385;Zimmerbach;5;86.90569425757533
68385;Zimmerbach;6;71.61926107935044
68386;Zimmersheim;1;10.0779781330698
68386;Zimmersheim;2;55.465052869679056
68386;Zimmersheim;3;121.016309404328
68386;Zimmersheim;4;131.12553136303063
68386;Zimmersheim;5;95.81972025237064
68386;Zimmersheim;6;50.417842026020686
88001;Les Ableuvenettes;1;4.13333333333333
88001;Les Ableuvenettes;2;4.13333333333333
88001;Les Ableuvenettes;4;8.26666666666666
88001;Les Ableuvenettes;5;8.26666666666666
88001;Les Ableuvenettes;6;12.399999999999991
88002;Ahéville;4;6.36363636363636
88002;Ahéville;5;6.36363636363636
88003;Aingeville;3;4.06666666666667
88003;Aingeville;5;4.06666666666667
88003;Aingeville;6;8.13333333333334
88004;Ainvelle;4;13.65517241379309
88004;Ainvelle;5;4.55172413793103
88004;Ainvelle;6;31.86206896551722
88005;Allarmont;2;13.70154083034695
88005;Allarmont;3;4.83327526660839
88005;Allarmont;4;9.37736313932186
88005;Allarmont;5;22.21024062951972
88005;Allarmont;6;19.94828383467198
88006;Ambacourt;2;5.28459243535703
88006;Ambacourt;3;27.692961635987132
88006;Ambacourt;4;43.33110363350961
88006;Ambacourt;5;38.26214650670122
88006;Ambacourt;6;23.64935835777036
88007;Ameuvelle;1;14.4
88007;Ameuvelle;4;4.8
88007;Ameuvelle;5;14.399999999999999
88008;Anglemont;1;16.65517241379313
88008;Anglemont;2;5.55172413793103
88008;Anglemont;4;5.55172413793103
88008;Anglemont;5;11.10344827586206
88008;Anglemont;6;33.31034482758626
88009;Anould;1;21.798897226808233
88009;Anould;2;105.95388468607165
88009;Anould;3;75.2856480206899
88009;Anould;4;337.66810981517807
88009;Anould;5;382.07494981789483
88009;Anould;6;385.7868106795826
88010;Aouze;1;5.43243243243243
88010;Aouze;2;5.43243243243243
88010;Aouze;4;16.29729729729733
88010;Aouze;5;16.2972972972973
88010;Aouze;6;38.027027027027046
88011;Arches;1;5.04576500555458
88011;Arches;2;64.47122988523388
88011;Arches;3;70.57779647857028
88011;Arches;4;191.42444379051778
88011;Arches;5;196.07147201227838
88011;Arches;6;184.52173003817293
88012;Archettes;2;25.52346073265287
88012;Archettes;3;50.21619034792777
88012;Archettes;4;157.27955229787338
88012;Archettes;5;111.30683782421012
88012;Archettes;6;145.9328604916997
88013;Aroffe;5;4.5
88013;Aroffe;6;18.0
88014;Arrentès-de-Corcieux;1;5.25714285714286
88014;Arrentès-de-Corcieux;2;26.285714285714278
88014;Arrentès-de-Corcieux;4;36.80000000000002
88014;Arrentès-de-Corcieux;5;26.2857142857143
88014;Arrentès-de-Corcieux;6;10.51428571428572
88015;Attignéville;1;4.82957214537116
88015;Attignéville;2;9.11049280625619
88015;Attignéville;4;9.00381962382422
88015;Attignéville;6;9.00628874890325
88016;Attigny;1;13.59487579704135
88016;Attigny;2;4.53162526568045
88016;Attigny;4;8.97201653989922
88016;Attigny;5;22.29502715194344
88016;Attigny;6;35.80425480445303
88017;Aulnois;1;15.636363636363612
88017;Aulnois;2;10.42424242424242
88017;Aulnois;3;15.63636363636363
88017;Aulnois;4;5.21212121212121
88017;Aulnois;5;26.060606060606
88017;Aulnois;6;5.21212121212121
88019;Autigny-la-Tour;1;4.7
88019;Autigny-la-Tour;2;14.1
88019;Autigny-la-Tour;4;9.4
88019;Autigny-la-Tour;5;9.4
88019;Autigny-la-Tour;6;14.100000000000001
88020;Autreville;2;5.30555555555556
88020;Autreville;3;21.22222222222222
88020;Autreville;4;26.52777777777776
88020;Autreville;5;26.52777777777782
88020;Autreville;6;10.61111111111112
88021;Autrey;1;5.30966701017209
88021;Autrey;2;4.61050406997295
88021;Autrey;3;5.065562292358
88021;Autrey;4;9.6653599137576
88021;Autrey;5;24.4279092511845
88021;Autrey;6;32.58676015948796
88022;Auzainvilliers;3;6.05405405405405
88022;Auzainvilliers;4;6.05405405405405
88022;Auzainvilliers;5;30.27027027027025
88022;Auzainvilliers;6;42.37837837837835
88023;Avillers;2;5.3125
88023;Avillers;4;10.625
88023;Avillers;5;5.3125
88023;Avillers;6;26.5625
88024;Avrainville;2;4.44444444444444
88024;Avrainville;3;4.44444444444444
88024;Avrainville;4;31.11111111111112
88024;Avrainville;5;13.333333333333321
88024;Avrainville;6;13.333333333333321
88025;Avranville;4;14.000000000000009
88025;Avranville;5;23.33333333333335
88026;Aydoilles;2;39.39296988024386
88026;Aydoilles;3;87.73598897386051
88026;Aydoilles;4;123.59904374573676
88026;Aydoilles;5;140.39184346602204
88026;Aydoilles;6;61.91776552418525
88027;Badménil-aux-Bois;2;14.37931034482758
88027;Badménil-aux-Bois;3;4.79310344827586
88027;Badménil-aux-Bois;4;28.75862068965516
88027;Badménil-aux-Bois;5;14.37931034482758
88027;Badménil-aux-Bois;6;14.37931034482758
88028;La Baffe;1;9.40194694111956
88028;La Baffe;2;19.59362468696271
88028;La Baffe;3;72.40387783314286
88028;La Baffe;4;87.78568778134152
88028;La Baffe;5;51.33564323799047
88028;La Baffe;6;75.6043613619184
88029;La Vôge-les-Bains;1;9.86406598680449
88029;La Vôge-les-Bains;2;29.747351665729617
88029;La Vôge-les-Bains;3;40.410567494960105
88029;La Vôge-les-Bains;4;123.37709185369859
88029;La Vôge-les-Bains;5;184.22470797732385
88029;La Vôge-les-Bains;6;89.51292690596404
88030;Bainville-aux-Saules;2;27.5
88030;Bainville-aux-Saules;3;22.0
88030;Bainville-aux-Saules;4;11.0
88030;Bainville-aux-Saules;5;11.0
88030;Bainville-aux-Saules;6;22.0
88031;Balléville;1;5.05
88031;Balléville;2;5.05
88031;Balléville;4;5.05
88031;Balléville;5;20.2
88031;Balléville;6;5.05
88032;Ban-de-Laveline;1;9.72683590730398
88032;Ban-de-Laveline;2;34.81774386383302
88032;Ban-de-Laveline;3;39.731615465465154
88032;Ban-de-Laveline;4;128.00271962352832
88032;Ban-de-Laveline;5;143.05119879598803
88032;Ban-de-Laveline;6;143.56208386323624
88033;Ban-de-Sapt;1;5.21246938781152
88033;Ban-de-Sapt;3;5.05832704305587
88033;Ban-de-Sapt;4;40.8877594573463
88033;Ban-de-Sapt;5;25.6359985059004
88033;Ban-de-Sapt;6;20.5020462145701
88035;Barbey-Seroux;2;5.53846153846154
88035;Barbey-Seroux;5;22.15384615384618
88035;Barbey-Seroux;6;33.23076923076926
88036;Barville;5;18.21428571428567
88036;Barville;6;18.21428571428567
88037;Basse-sur-le-Rupt;1;5.28642780174108
88037;Basse-sur-le-Rupt;2;53.304288275453544
88037;Basse-sur-le-Rupt;3;58.23021478735659
88037;Basse-sur-le-Rupt;4;133.72175252695098
88037;Basse-sur-le-Rupt;5;84.32182566536179
88037;Basse-sur-le-Rupt;6;77.81126842890997
88038;Battexey;6;6.0
88039;Baudricourt;2;13.304687959506541
88039;Baudricourt;3;10.690476960521242
88039;Baudricourt;4;53.56517292484264
88039;Baudricourt;5;21.443619235662602
88039;Baudricourt;6;45.88635255496671
88040;Bayecourt;3;9.13690901245772
88040;Bayecourt;4;23.549568507403357
88040;Bayecourt;5;29.4480284670773
88040;Bayecourt;6;27.71240368607053
88041;Bazegney;3;13.636363636363651
88041;Bazegney;4;22.72727272727275
88041;Bazegney;5;9.0909090909091
88041;Bazegney;6;13.636363636363651
88042;Bazien;3;5.33333333333333
88042;Bazien;4;5.33333333333333
88042;Bazien;6;15.999999999999991
88043;Bazoilles-et-Ménil;4;17.44
88043;Bazoilles-et-Ménil;5;21.8
88043;Bazoilles-et-Ménil;6;4.36
88044;Bazoilles-sur-Meuse;1;5.12293561787665
88044;Bazoilles-sur-Meuse;2;35.86082356055011
88044;Bazoilles-sur-Meuse;3;35.916969717409586
88044;Bazoilles-sur-Meuse;4;35.82346199731057
88044;Bazoilles-sur-Meuse;5;61.494560478966925
88044;Bazoilles-sur-Meuse;6;82.17427934547968
88045;Beaufremont;2;4.63157894736842
88045;Beaufremont;3;4.63157894736842
88045;Beaufremont;4;9.26315789473684
88045;Beaufremont;5;4.63157894736842
88045;Beaufremont;6;4.63157894736842
88046;Beauménil;4;10.64
88046;Beauménil;5;10.64
88046;Beauménil;6;10.64
88047;Begnécourt;2;5.10714285714286
88047;Begnécourt;3;5.10714285714286
88047;Begnécourt;4;25.53571428571428
88047;Begnécourt;5;20.42857142857146
88047;Begnécourt;6;40.85714285714288
88048;Bellefontaine;1;19.948843137323
88048;Bellefontaine;2;39.77332193993595
88048;Bellefontaine;3;49.541394000633645
88048;Bellefontaine;4;147.88376611531004
88048;Bellefontaine;5;113.5458883037653
88048;Bellefontaine;6;83.8710067831348
88049;Belmont-lès-Darney;4;16.799999999999997
88049;Belmont-lès-Darney;6;16.799999999999997
88050;Belmont-sur-Buttant;1;9.483433557195191
88050;Belmont-sur-Buttant;2;9.47730247721804
88050;Belmont-sur-Buttant;3;13.73125346003194
88050;Belmont-sur-Buttant;4;47.124635896595734
88050;Belmont-sur-Buttant;5;28.4687018441839
88050;Belmont-sur-Buttant;6;24.06531490058681
88051;Belmont-sur-Vair;3;9.4074074074074
88051;Belmont-sur-Vair;6;18.8148148148148
88052;Belrupt;1;4.84210526315789
88052;Belrupt;2;4.84210526315789
88052;Belrupt;3;4.84210526315789
88052;Belrupt;4;9.68421052631578
88052;Belrupt;5;19.36842105263156
88052;Belrupt;6;19.36842105263156
88053;Belval;1;4.75757575757576
88053;Belval;3;14.272727272727279
88053;Belval;4;9.51515151515152
88053;Belval;5;33.30303030303034
88053;Belval;6;23.787878787878796
88054;Bertrimoutier;1;4.70520509233592
88054;Bertrimoutier;2;14.450708651816221
88054;Bertrimoutier;3;24.572317181291222
88054;Bertrimoutier;4;32.21127480122088
88054;Bertrimoutier;5;34.405162430080225
88054;Bertrimoutier;6;24.97495152753499
88055;Bettegney-Saint-Brice;1;9.87878787878788
88055;Bettegney-Saint-Brice;2;9.87878787878788
88055;Bettegney-Saint-Brice;4;9.87878787878788
88055;Bettegney-Saint-Brice;5;19.75757575757576
88055;Bettegney-Saint-Brice;6;29.636363636363644
88056;Bettoncourt;2;5.52941176470588
88056;Bettoncourt;4;16.588235294117638
88056;Bettoncourt;5;16.588235294117638
88056;Bettoncourt;6;5.52941176470588
88057;Le Beulay;3;4.33333333333333
88057;Le Beulay;5;8.66666666666666
88057;Le Beulay;6;8.66666666666666
88058;Biécourt;2;10.22222222222222
88058;Biécourt;4;15.33333333333331
88058;Biécourt;5;5.11111111111111
88058;Biécourt;6;5.11111111111111
88059;Biffontaine;1;4.6934748778001
88059;Biffontaine;2;13.45439802396713
88059;Biffontaine;3;4.74729847114149
88059;Biffontaine;4;9.44077334894159
88059;Biffontaine;5;32.8035448196822
88059;Biffontaine;6;56.37735283922103
88060;Blémerey;5;10.6666666666667
88061;Bleurville;1;5.12126559629589
88061;Bleurville;2;10.310688747120071
88061;Bleurville;4;15.43284952041435
88061;Bleurville;5;41.24546434681794
88061;Bleurville;6;36.12419875052202
88062;Blevaincourt;3;5.8125
88062;Blevaincourt;4;5.8125
88062;Blevaincourt;5;5.8125
88062;Blevaincourt;6;5.8125
88063;Bocquegney;2;9.92592592592592
88063;Bocquegney;4;24.814814814814802
88063;Bocquegney;5;19.85185185185184
88063;Bocquegney;6;24.814814814814802
88064;Bois-de-Champ;4;14.85714285714285
88064;Bois-de-Champ;6;24.76190476190475
88065;Bonvillet;1;5.15124583723135
88065;Bonvillet;2;20.5925270572086
88065;Bonvillet;4;30.89501688684789
88065;Bonvillet;5;25.74555157413764
88065;Bonvillet;6;36.03914431606655
88066;Boulaincourt;1;5.41666666666667
88066;Boulaincourt;2;5.41666666666667
88066;Boulaincourt;3;5.41666666666667
88066;Boulaincourt;4;5.41666666666667
88066;Boulaincourt;5;5.41666666666667
88068;La Bourgonce;2;15.977760898455148
88068;La Bourgonce;3;47.2651883621348
88068;La Bourgonce;4;108.14914944038983
88068;La Bourgonce;5;138.58358519380508
88068;La Bourgonce;6;85.29601610205961
88069;Bouxières-aux-Bois;3;20.148148148148138
88069;Bouxières-aux-Bois;4;10.07407407407408
88069;Bouxières-aux-Bois;5;15.11111111111112
88069;Bouxières-aux-Bois;6;15.11111111111112
88070;Bouxurulles;3;5.23529411764706
88070;Bouxurulles;4;26.17647058823528
88070;Bouxurulles;5;10.4705882352941
88070;Bouxurulles;6;20.941176470588218
88071;Bouzemont;2;6.125
88071;Bouzemont;3;6.125
88071;Bouzemont;4;6.125
88071;Bouzemont;5;6.125
88073;Brantigny;2;5.36842105263158
88073;Brantigny;3;26.842105263157897
88073;Brantigny;4;32.21052631578956
88073;Brantigny;5;5.36842105263158
88073;Brantigny;6;21.473684210526358
88074;Brechainville;1;12.85714285714287
88074;Brechainville;2;8.57142857142858
88075;La Bresse;1;31.88211984650992
88075;La Bresse;2;170.43846881323043
88075;La Bresse;3;168.69272786244002
88075;La Bresse;4;533.7354860021085
88075;La Bresse;5;448.38416048447743
88075;La Bresse;6;282.90338850527075
88076;Brouvelieures;2;19.90768380337607
88076;Brouvelieures;4;24.380066119446823
88076;Brouvelieures;5;69.09238445152263
88076;Brouvelieures;6;63.71559454369836
88077;Brû;1;5.11737057132362
88077;Brû;2;15.30939292687832
88077;Brû;3;15.28830061714524
88077;Brû;4;50.70593275814469
88077;Brû;5;76.0371868460233
88077;Brû;6;106.16958847247975
88078;Bruyères;1;5.12168998208316
88078;Bruyères;2;50.95726976366846
88078;Bruyères;3;61.36333588632472
88078;Bruyères;4;168.512180790258
88078;Bruyères;5;341.2537814445575
88078;Bruyères;6;290.13403495605104
88079;Bulgnéville;2;54.950904314871224
88079;Bulgnéville;3;54.74194994717353
88079;Bulgnéville;4;184.61807923231214
88079;Bulgnéville;5;164.73125357712897
88079;Bulgnéville;6;198.49807487191268
88080;Bult;1;5.49709872865289
88080;Bult;2;5.49709872865289
88080;Bult;3;24.60774829264294
88080;Bult;4;30.949480053196318
88080;Bult;5;31.27903296689063
88080;Bult;6;20.267832908065692
88081;Bussang;1;4.69943228866084
88081;Bussang;2;38.88043216786152
88081;Bussang;3;24.543882439068298
88081;Bussang;4;99.05638174032322
88081;Bussang;5;134.19495497996195
88081;Bussang;6;134.84904020179548
88082;Celles-sur-Plaine;1;5.47030639398985
88082;Celles-sur-Plaine;2;13.98304342776915
88082;Celles-sur-Plaine;3;30.0300620431776
88082;Celles-sur-Plaine;4;60.08272143501496
88082;Celles-sur-Plaine;5;89.58562100207956
88082;Celles-sur-Plaine;6;76.32435861772318
88083;Certilleux;2;5.24390243902439
88083;Certilleux;3;10.48780487804878
88083;Certilleux;4;15.73170731707317
88083;Certilleux;5;15.7317073170732
88083;Certilleux;6;36.70731707317077
88084;Chamagne;1;4.88403211237445
88084;Chamagne;2;40.13885135204746
88084;Chamagne;3;20.09587135377062
88084;Chamagne;4;65.17741664518498
88084;Chamagne;5;44.96550296067751
88084;Chamagne;6;59.558307500139726
88085;Champdray;2;10.0
88085;Champdray;3;20.0
88085;Champdray;4;35.0
88085;Champdray;5;30.0
88085;Champdray;6;10.0
88086;Champ-le-Duc;2;5.12330349788245
88086;Champ-le-Duc;3;19.27131548381486
88086;Champ-le-Duc;4;58.84572163292539
88086;Champ-le-Duc;5;56.68852694022525
88086;Champ-le-Duc;6;37.57605070250731
88087;Chantraine;2;64.37721696502577
88087;Chantraine;3;258.64633358993126
88087;Chantraine;4;432.8971466944204
88087;Chantraine;5;432.8189865229006
88087;Chantraine;6;214.2978283739461
88088;La Chapelle-aux-Bois;1;45.6237156797595
88088;La Chapelle-aux-Bois;2;25.310509831017548
88088;La Chapelle-aux-Bois;3;15.20732335588404
88088;La Chapelle-aux-Bois;4;85.99861753314572
88088;La Chapelle-aux-Bois;5;66.11270668862964
88088;La Chapelle-aux-Bois;6;50.58591473002008
88089;La Chapelle-devant-Bruyères;1;4.93416469952831
88089;La Chapelle-devant-Bruyères;2;34.31864325584766
88089;La Chapelle-devant-Bruyères;3;9.86946391297652
88089;La Chapelle-devant-Bruyères;4;77.76866446269581
88089;La Chapelle-devant-Bruyères;5;38.5933786093376
88089;La Chapelle-devant-Bruyères;6;77.55697662968112
88090;Charmes;2;137.77579705853952
88090;Charmes;3;157.97726145321263
88090;Charmes;4;497.95899972008516
88090;Charmes;5;574.998318467969
88090;Charmes;6;510.2166078379457
88091;Charmois-devant-Bruyères;1;9.67362751364278
88091;Charmois-devant-Bruyères;3;9.67500205682612
88091;Charmois-devant-Bruyères;4;29.18811088881946
88091;Charmois-devant-Bruyères;5;49.44551210840347
88091;Charmois-devant-Bruyères;6;79.46436082981037
88092;Charmois-l'Orgueilleux;1;19.92399050851483
88092;Charmois-l'Orgueilleux;2;19.67247480278825
88092;Charmois-l'Orgueilleux;3;10.02568333687956
88092;Charmois-l'Orgueilleux;4;49.56046548191108
88092;Charmois-l'Orgueilleux;5;85.12869073864009
88092;Charmois-l'Orgueilleux;6;69.9956620000804
88093;Châtas;2;4.625
88093;Châtas;5;9.25
88094;Châtel-sur-Moselle;1;5.07669698455278
88094;Châtel-sur-Moselle;2;51.23529943637184
88094;Châtel-sur-Moselle;3;61.32200836927328
88094;Châtel-sur-Moselle;4;142.81786686010048
88094;Châtel-sur-Moselle;5;193.85398428190726
88094;Châtel-sur-Moselle;6;183.93377756467976
88095;Châtenois;1;10.016402704879
88095;Châtenois;2;35.21164878720206
88095;Châtenois;3;34.78299054520443
88095;Châtenois;4;165.06361114777644
88095;Châtenois;5;185.21663414400732
88095;Châtenois;6;273.20138438598684
88096;Châtillon-sur-Saône;2;5.14285714285714
88096;Châtillon-sur-Saône;4;5.14285714285714
88096;Châtillon-sur-Saône;5;15.428571428571441
88096;Châtillon-sur-Saône;6;15.42857142857142
88097;Chauffecourt;4;4.2
88097;Chauffecourt;5;8.4
88097;Chauffecourt;6;8.4
88098;Chaumousey;1;4.78682973692586
88098;Chaumousey;2;29.34510419812444
88098;Chaumousey;3;59.231713571291564
88098;Chaumousey;4;148.15900993024817
88098;Chaumousey;5;107.09332346009937
88098;Chaumousey;6;34.64798859086856
88099;Chavelot;2;28.971557303756263
88099;Chavelot;3;74.37022910212421
88099;Chavelot;4;184.78938134712908
88099;Chavelot;5;148.0380481463529
88099;Chavelot;6;104.34757297671689
88100;Chef-Haut;1;11.5
88100;Chef-Haut;4;11.5
88100;Chef-Haut;6;5.75
88101;Cheniménil;1;14.9561899380996
88101;Cheniménil;2;40.56397463757822
88101;Cheniménil;3;60.478995290049234
88101;Cheniménil;4;171.63074415743264
88101;Cheniménil;5;105.69246536376482
88101;Cheniménil;6;105.61454864893582
88102;Chermisey;4;11.25
88102;Chermisey;6;22.5
88103;Circourt;1;10.25
88103;Circourt;2;5.125
88103;Circourt;3;5.125
88103;Circourt;4;10.25
88103;Circourt;5;5.125
88103;Circourt;6;25.625
88104;Circourt-sur-Mouzon;1;4.60527503563244
88104;Circourt-sur-Mouzon;3;9.21055007126488
88104;Circourt-sur-Mouzon;4;18.42110014252974
88104;Circourt-sur-Mouzon;5;32.23692524942706
88104;Circourt-sur-Mouzon;6;18.42110014252976
88105;Claudon;3;15.688861291003391
88105;Claudon;4;10.45024127009973
88105;Claudon;5;15.68889634884917
88105;Claudon;6;15.63486356620463
88106;Ban-sur-Meurthe-Clefcy;1;14.7617371131204
88106;Ban-sur-Meurthe-Clefcy;2;75.30962326741569
88106;Ban-sur-Meurthe-Clefcy;3;35.57717235079632
88106;Ban-sur-Meurthe-Clefcy;4;90.19239736197815
88106;Ban-sur-Meurthe-Clefcy;5;115.29348582482231
88106;Ban-sur-Meurthe-Clefcy;6;116.54552390196031
88107;Clérey-la-Côte;3;8.57142857142858
88107;Clérey-la-Côte;5;8.57142857142858
88108;Le Clerjus;1;23.960386681919893
88108;Le Clerjus;2;9.95444252386556
88108;Le Clerjus;3;14.43255899379685
88108;Le Clerjus;4;56.91351574338903
88108;Le Clerjus;5;24.52781897927467
88108;Le Clerjus;6;28.313976975279942
88109;Cleurie;2;14.20619608228078
88109;Cleurie;3;19.549324039500192
88109;Cleurie;4;58.02966803835143
88109;Cleurie;5;24.253135259698272
88109;Cleurie;6;84.56649477527317
88110;Clézentaine;1;34.89473684210531
88110;Clézentaine;2;23.26315789473684
88110;Clézentaine;4;11.63157894736842
88110;Clézentaine;5;40.710526315789416
88111;Coinches;2;10.188557948532
88111;Coinches;3;20.853923738707188
88111;Coinches;4;41.7768762209035
88111;Coinches;5;15.52168726840981
88111;Coinches;6;26.11803633204098
88113;Combrimont;1;5.44
88113;Combrimont;5;16.32
88113;Combrimont;6;32.64
88114;Contrexéville;1;15.21904099516776
88114;Contrexéville;2;55.33083942471151
88114;Contrexéville;3;92.07591011065207
88114;Contrexéville;4;179.9814584480006
88114;Contrexéville;5;368.28069285168806
88114;Contrexéville;6;374.09803686749234
88115;Corcieux;1;14.9048325786354
88115;Corcieux;2;34.07097692818806
88115;Corcieux;3;24.224003280410102
88115;Corcieux;4;79.38453098135793
88115;Corcieux;5;163.51335624883927
88115;Corcieux;6;185.40310128462124
88116;Cornimont;1;10.0790481337534
88116;Cornimont;2;49.69743593219183
88116;Cornimont;3;80.41735351487331
88116;Cornimont;4;225.22850510377398
88116;Cornimont;5;344.5537666985472
88116;Cornimont;6;374.53522510368776
88117;Courcelles-sous-Châtenois;4;4.9375
88117;Courcelles-sous-Châtenois;5;19.75
88117;Courcelles-sous-Châtenois;6;14.8125
88118;Coussey;1;9.97175626341252
88118;Coussey;2;4.73155542334437
88118;Coussey;3;4.85623124369285
88118;Coussey;4;55.10901313772164
88118;Coussey;5;89.2669963666877
88118;Coussey;6;100.89299398433951
88119;Crainvilliers;1;10.4705882352941
88119;Crainvilliers;4;5.23529411764706
88119;Crainvilliers;5;10.47058823529412
88119;Crainvilliers;6;31.41176470588236
88120;La Croix-aux-Mines;1;4.98610262236763
88120;La Croix-aux-Mines;2;14.95830786710289
88120;La Croix-aux-Mines;3;9.16101650815856
88120;La Croix-aux-Mines;4;54.26136015775264
88120;La Croix-aux-Mines;5;48.66219230598987
88120;La Croix-aux-Mines;6;88.11924065654611
88121;Damas-aux-Bois;1;10.3249037528717
88121;Damas-aux-Bois;2;9.00630103129048
88121;Damas-aux-Bois;3;21.82055870904394
88121;Damas-aux-Bois;4;32.90521928222983
88121;Damas-aux-Bois;5;37.66220150141061
88121;Damas-aux-Bois;6;24.17377540431307
88122;Damas-et-Bettegney;1;20.12277124602328
88122;Damas-et-Bettegney;2;10.247988534181019
88122;Damas-et-Bettegney;3;4.96159800507966
88122;Damas-et-Bettegney;4;40.94698182099284
88122;Damas-et-Bettegney;5;40.663740426565596
88122;Damas-et-Bettegney;6;50.81875118946987
88123;Damblain;1;5.26187661706843
88123;Damblain;2;5.18494986247129
88123;Damblain;4;25.326057404269832
88123;Damblain;5;35.39165667910136
88123;Damblain;6;35.69488157276972
88124;Darney;2;19.3956901894762
88124;Darney;3;15.03505182308995
88124;Darney;4;23.58109027200011
88124;Darney;5;92.20244551961571
88124;Darney;6;145.98495516633648
88125;Darney-aux-Chênes;2;5.81818181818182
88125;Darney-aux-Chênes;4;5.81818181818182
88125;Darney-aux-Chênes;5;5.81818181818182
88125;Darney-aux-Chênes;6;11.63636363636364
88126;Darnieulles;1;4.95732200739538
88126;Darnieulles;2;44.7564093943002
88126;Darnieulles;3;49.696150597509146
88126;Darnieulles;4;188.73683502723952
88126;Darnieulles;5;238.4073665289733
88126;Darnieulles;6;119.18575098283266
88127;Deinvillers;1;9.33333333333334
88127;Deinvillers;4;9.33333333333334
88127;Deinvillers;5;4.66666666666667
88127;Deinvillers;6;4.66666666666667
88128;Denipaire;2;20.70095344306761
88128;Denipaire;3;10.34183742779784
88128;Denipaire;4;25.77763694792187
88128;Denipaire;5;5.17950103024969
88128;Denipaire;6;46.49569814087274
88129;Derbamont;1;8.0
88129;Derbamont;2;8.0
88129;Derbamont;4;8.0
88129;Derbamont;5;4.0
88129;Derbamont;6;12.0
88130;Destord;2;13.871967377715702
88130;Destord;3;10.2495209625309
88130;Destord;4;5.32656177145561
88130;Destord;5;39.84786010134122
88130;Destord;6;39.6763508073303
88131;Deycimont;3;5.54210709969184
88131;Deycimont;4;45.85085181638255
88131;Deycimont;5;41.14955118938832
88131;Deycimont;6;56.28744829308201
88132;Deyvillers;2;25.48751733289409
88132;Deyvillers;3;158.74482342337743
88132;Deyvillers;4;140.42851513782392
88132;Deyvillers;5;150.97521790608522
88132;Deyvillers;6;114.03842365855087
88133;Dignonville;3;21.43589743589744
88133;Dignonville;4;48.23076923076926
88133;Dignonville;5;10.71794871794872
88133;Dignonville;6;21.43589743589742
88134;Dinozé;1;4.91911641169729
88134;Dinozé;2;25.074343408251742
88134;Dinozé;3;29.64602677722199
88134;Dinozé;4;73.95135737591758
88134;Dinozé;5;34.20953713095627
88134;Dinozé;6;48.39262371945718
88135;Docelles;2;33.99908462261161
88135;Docelles;3;19.4298015519371
88135;Docelles;4;106.7149708640327
88135;Docelles;5;77.66957620081766
88135;Docelles;6;111.63762225486886
88136;Dogneville;1;5.08804301825472
88136;Dogneville;2;15.080967301472022
88136;Dogneville;3;130.56222358808623
88136;Dogneville;4;141.10395223697654
88136;Dogneville;5;181.6504699453892
88136;Dogneville;6;130.79888943116325
88137;Dolaincourt;3;4.57142857142857
88137;Dolaincourt;4;9.14285714285714
88137;Dolaincourt;5;4.57142857142857
88137;Dolaincourt;6;4.57142857142857
88138;Dombasle-devant-Darney;2;7.42857142857142
88138;Dombasle-devant-Darney;3;3.71428571428571
88138;Dombasle-devant-Darney;4;11.1428571428571
88138;Dombasle-devant-Darney;5;3.71428571428571
88138;Dombasle-devant-Darney;6;18.571428571428548
88139;Dombasle-en-Xaintois;2;5.71428571428571
88139;Dombasle-en-Xaintois;3;5.71428571428571
88139;Dombasle-en-Xaintois;4;11.42857142857142
88139;Dombasle-en-Xaintois;5;17.14285714285713
88139;Dombasle-en-Xaintois;6;22.85714285714284
88140;Dombrot-le-Sec;2;9.52307395227596
88140;Dombrot-le-Sec;4;33.54968975991944
88140;Dombrot-le-Sec;5;47.921082226310105
88140;Dombrot-le-Sec;6;19.35186394022049
88141;Dombrot-sur-Vair;1;5.02316952326132
88141;Dombrot-sur-Vair;2;5.39875035082632
88141;Dombrot-sur-Vair;3;10.99569420593609
88141;Dombrot-sur-Vair;5;41.48973451493058
88141;Dombrot-sur-Vair;6;47.653434467266976
88142;Domèvre-sur-Avière;3;42.786165310392846
88142;Domèvre-sur-Avière;4;78.15404115702735
88142;Domèvre-sur-Avière;5;53.6386336759547
88142;Domèvre-sur-Avière;6;39.23503084595835
88143;Domèvre-sur-Durbion;3;4.73835892412793
88143;Domèvre-sur-Durbion;4;11.09535815584136
88143;Domèvre-sur-Durbion;5;27.17025323375882
88143;Domèvre-sur-Durbion;6;36.33455289481681
88144;Domèvre-sous-Montfort;1;10.7272727272727
88144;Domèvre-sous-Montfort;3;5.36363636363636
88144;Domèvre-sous-Montfort;4;5.36363636363636
88144;Domèvre-sous-Montfort;5;5.36363636363636
88144;Domèvre-sous-Montfort;6;16.09090909090908
88145;Domfaing;1;4.81818181818182
88145;Domfaing;2;14.45454545454546
88145;Domfaing;3;4.81818181818182
88145;Domfaing;4;24.0909090909091
88145;Domfaing;5;9.63636363636364
88145;Domfaing;6;19.27272727272728
88146;Domjulien;1;14.583333333333329
88146;Domjulien;4;14.583333333333329
88146;Domjulien;5;34.02777777777777
88146;Domjulien;6;29.16666666666666
88147;Dommartin-aux-Bois;1;18.7537557821504
88147;Dommartin-aux-Bois;2;24.34467806822464
88147;Dommartin-aux-Bois;3;4.6884389455376
88147;Dommartin-aux-Bois;4;57.736899331731664
88147;Dommartin-aux-Bois;5;47.00882278664834
88147;Dommartin-aux-Bois;6;38.52690784388359
88148;Dommartin-lès-Remiremont;1;13.144856733990009
88148;Dommartin-lès-Remiremont;2;93.06951160221021
88148;Dommartin-lès-Remiremont;3;84.13018633850724
88148;Dommartin-lès-Remiremont;4;173.66353436811022
88148;Dommartin-lès-Remiremont;5;190.23688586112505
88148;Dommartin-lès-Remiremont;6;215.83991877876164
88149;Dommartin-lès-Vallois;3;5.88888888888889
88149;Dommartin-lès-Vallois;4;5.88888888888889
88149;Dommartin-lès-Vallois;5;17.66666666666667
88150;Dommartin-sur-Vraine;1;10.4440596864543
88150;Dommartin-sur-Vraine;2;5.22202984322715
88150;Dommartin-sur-Vraine;4;36.554208902590105
88150;Dommartin-sur-Vraine;5;10.4440596864543
88150;Dommartin-sur-Vraine;6;20.8881193729086
88151;Dompaire;1;5.09179228997731
88151;Dompaire;2;60.638189319887296
88151;Dompaire;3;40.11147373003801
88151;Dompaire;4;118.02479668438751
88151;Dompaire;5;153.7117024819691
88151;Dompaire;6;109.3871440227351
88152;Dompierre;1;4.93335357015474
88152;Dompierre;2;15.3592135557512
88152;Dompierre;3;9.97704597472174
88152;Dompierre;4;46.426153967706895
88152;Dompierre;5;20.29256712590594
88152;Dompierre;6;20.6310423023684
88153;Domptail;1;5.04621245406923
88153;Domptail;2;14.92149583805889
88153;Domptail;3;9.949103851852161
88153;Domptail;4;20.18594575993756
88153;Domptail;5;39.70855515546791
88153;Domptail;6;39.13082442629763
88154;Domrémy-la-Pucelle;3;4.04761904761905
88154;Domrémy-la-Pucelle;4;4.04761904761905
88154;Domrémy-la-Pucelle;5;4.04761904761905
88154;Domrémy-la-Pucelle;6;12.14285714285715
88155;Domvallier;3;10.3157894736842
88155;Domvallier;4;25.7894736842105
88155;Domvallier;5;10.3157894736842
88155;Domvallier;6;5.1578947368421
88156;Doncières;3;14.79999999999999
88156;Doncières;4;14.79999999999999
88156;Doncières;5;19.73333333333332
88156;Doncières;6;14.79999999999999
88157;Dounoux;1;10.1752445792134
88157;Dounoux;2;25.14347719308695
88157;Dounoux;3;35.43752187794423
88157;Dounoux;4;121.49809848203677
88157;Dounoux;5;106.36889051810574
88157;Dounoux;6;70.97350469568845
88158;Éloyes;1;9.51038594857566
88158;Éloyes;2;77.92358242159614
88158;Éloyes;3;92.86526254908728
88158;Éloyes;4;288.45652710155196
88158;Éloyes;5;326.1382892829157
88158;Éloyes;6;408.16788792703136
88159;Entre-deux-Eaux;1;4.86429976038691
88159;Entre-deux-Eaux;2;14.88186009775189
88159;Entre-deux-Eaux;3;29.86886327489747
88159;Entre-deux-Eaux;4;54.39072640695087
88159;Entre-deux-Eaux;5;34.26183251055838
88159;Entre-deux-Eaux;6;39.40227520074269
88160;Épinal;1;18.876490250548052
88160;Épinal;2;879.9016834511725
88160;Épinal;3;2039.6754281175236
88160;Épinal;4;3351.97715018219
88160;Épinal;5;3609.21096356717
88160;Épinal;6;1991.9788079448542
88161;Escles;1;4.99969156602303
88161;Escles;2;5.31093338375024
88161;Escles;3;37.052323164643546
88161;Escles;4;63.29589231067086
88161;Escles;5;36.865435913527755
88161;Escles;6;26.72232272583801
88162;Esley;1;5.08571428571429
88162;Esley;2;5.08571428571429
88162;Esley;4;15.257142857142888
88162;Esley;5;10.17142857142858
88162;Esley;6;35.60000000000005
88163;Essegney;1;15.04636087272031
88163;Essegney;2;14.91952863186433
88163;Essegney;3;30.34949212441859
88163;Essegney;4;95.96473223
88163;Essegney;5;75.98045971298447
88163;Essegney;6;50.70207519749548
88164;Estrennes;1;4.63636363636364
88164;Estrennes;2;4.63636363636364
88164;Estrennes;4;9.27272727272728
88164;Estrennes;5;23.18181818181818
88164;Estrennes;6;9.27272727272728
88165;Étival-Clairefontaine;1;5.52482349472205
88165;Étival-Clairefontaine;2;72.30728603662327
88165;Étival-Clairefontaine;3;96.0221392522555
88165;Étival-Clairefontaine;4;319.2690070612577
88165;Étival-Clairefontaine;5;255.20195921274785
88165;Étival-Clairefontaine;6;316.5208415870505
88166;Évaux-et-Ménil;2;31.41039362221905
88166;Évaux-et-Ménil;3;5.19841730086164
88166;Évaux-et-Ménil;4;52.20857279050519
88166;Évaux-et-Ménil;5;57.09161515325727
88166;Évaux-et-Ménil;6;57.19821262749491
88167;Faucompierre;2;15.97674418604654
88167;Faucompierre;3;10.65116279069768
88167;Faucompierre;4;15.976744186046519
88167;Faucompierre;5;47.93023255813954
88167;Faucompierre;6;37.2790697674419
88168;Fauconcourt;1;10.07407407407408
88168;Fauconcourt;2;5.03703703703704
88168;Fauconcourt;3;10.07407407407408
88168;Fauconcourt;4;10.0740740740741
88168;Fauconcourt;5;5.03703703703704
88168;Fauconcourt;6;30.22222222222228
88169;Fays;1;4.38541824102384
88169;Fays;2;4.60634489972479
88169;Fays;3;4.83840130383251
88169;Fays;4;4.38541824102384
88169;Fays;5;13.37718138177247
88169;Fays;6;27.48341430557509
88170;Ferdrupt;1;10.1013801977245
88170;Ferdrupt;2;25.18341529907967
88170;Ferdrupt;3;15.03501375225632
88170;Ferdrupt;4;60.420530266645656
88170;Ferdrupt;5;90.60717451926794
88170;Ferdrupt;6;110.52825227365523
88171;Fignévelle;3;12.25
88171;Fignévelle;4;6.125
88171;Fignévelle;6;6.125
88172;Fiménil;2;10.76190476190476
88172;Fiménil;4;10.76190476190476
88172;Fiménil;5;37.6666666666667
88172;Fiménil;6;53.80952380952384
88173;Florémont;2;4.8084518613369
88173;Florémont;3;19.38719759798711
88173;Florémont;4;73.28561188189194
88173;Florémont;5;53.40043186261382
88173;Florémont;6;40.50603752726492
88174;Fomerey;1;4.61290322580645
88174;Fomerey;2;18.4516129032258
88174;Fomerey;3;9.2258064516129
88174;Fomerey;4;18.4516129032258
88174;Fomerey;5;9.2258064516129
88174;Fomerey;6;9.2258064516129
88175;Fontenay;2;15.071836917281779
88175;Fontenay;3;15.05122774065726
88175;Fontenay;4;70.344271617664
88175;Fontenay;5;35.15156409166869
88175;Fontenay;6;25.12883579752781
88176;Fontenoy-le-Château;2;20.230013441295362
88176;Fontenoy-le-Château;3;25.29107402835934
88176;Fontenoy-le-Château;4;35.51704433641478
88176;Fontenoy-le-Château;5;45.77220008198562
88176;Fontenoy-le-Château;6;71.07814624574819
88177;La Forge;2;20.28648504371416
88177;La Forge;3;35.796155357317105
88177;La Forge;4;50.77772191726969
88177;La Forge;5;56.14829901890803
88177;La Forge;6;51.171795563756675
88178;Les Forges;1;4.81983967669281
88178;Les Forges;2;44.75243136453652
88178;Les Forges;3;148.33440618182894
88178;Les Forges;4;220.6059997425727
88178;Les Forges;5;171.54976481544927
88178;Les Forges;6;125.65975400652978
88179;Fouchécourt;5;5.25
88180;Frain;1;5.47826086956522
88180;Frain;4;5.47826086956522
88180;Frain;5;16.434782608695663
88180;Frain;6;21.91304347826088
88181;Fraize;1;19.860169567755882
88181;Fraize;2;109.90631004582217
88181;Fraize;3;85.00676091998004
88181;Fraize;4;189.63901240015974
88181;Fraize;5;274.4158411794233
88181;Fraize;6;414.033873657093
88182;Frapelle;2;15.38461538461539
88182;Frapelle;3;5.12820512820513
88182;Frapelle;4;35.89743589743599
88182;Frapelle;5;25.641025641025653
88182;Frapelle;6;20.51282051282056
88183;Frebécourt;1;4.90177157109986
88183;Frebécourt;2;5.08381520816924
88183;Frebécourt;3;25.99926202515649
88183;Frebécourt;4;53.32766914544284
88183;Frebécourt;5;42.02722144556219
88183;Frebécourt;6;36.16013164382897
88184;Fremifontaine;1;5.35522061770735
88184;Fremifontaine;2;9.3757114655681
88184;Fremifontaine;3;10.1536979832803
88184;Fremifontaine;4;56.37495426232498
88184;Fremifontaine;5;33.74479125084728
88184;Fremifontaine;6;63.970923977887935
88185;Frenelle-la-Grande;1;5.47368421052632
88185;Frenelle-la-Grande;3;5.47368421052632
88185;Frenelle-la-Grande;4;10.94736842105264
88185;Frenelle-la-Grande;5;10.94736842105264
88185;Frenelle-la-Grande;6;10.94736842105264
88186;Frenelle-la-Petite;2;5.875
88186;Frenelle-la-Petite;5;11.75
88187;Frénois;1;10.4482721093946
88187;Frénois;3;5.2241360546973
88188;Fresse-sur-Moselle;1;4.91871433467433
88188;Fresse-sur-Moselle;2;64.48181305644826
88188;Fresse-sur-Moselle;3;29.75785917629587
88188;Fresse-sur-Moselle;4;94.04582705094154
88188;Fresse-sur-Moselle;5;188.48207050798356
88188;Fresse-sur-Moselle;6;217.8439952980763
88189;Fréville;1;4.33333333333333
88189;Fréville;2;17.33333333333333
88189;Fréville;3;4.33333333333333
88189;Fréville;4;4.33333333333333
88189;Fréville;5;8.66666666666666
88189;Fréville;6;17.33333333333332
88190;Frizon;2;26.028359537425978
88190;Frizon;3;15.54125437830197
88190;Frizon;4;50.75758270099909
88190;Frizon;5;46.6431674720782
88190;Frizon;6;30.004269398967942
88192;Gelvécourt-et-Adompt;3;4.45833333333333
88192;Gelvécourt-et-Adompt;4;8.91666666666666
88192;Gelvécourt-et-Adompt;5;17.83333333333332
88192;Gelvécourt-et-Adompt;6;4.45833333333333
88193;Gemaingoutte;2;4.51515151515151
88193;Gemaingoutte;5;18.06060606060604
88193;Gemaingoutte;6;31.60606060606054
88194;Gemmelaincourt;1;9.35714285714286
88194;Gemmelaincourt;3;4.67857142857143
88194;Gemmelaincourt;4;9.35714285714286
88194;Gemmelaincourt;5;4.67857142857143
88194;Gemmelaincourt;6;9.35714285714286
88195;Gendreville;1;5.42105263157895
88195;Gendreville;4;16.26315789473685
88195;Gendreville;5;10.8421052631579
88195;Gendreville;6;10.8421052631579
88196;Gérardmer;1;20.06502762806153
88196;Gérardmer;2;254.1506472917133
88196;Gérardmer;3;442.512225275876
88196;Gérardmer;4;691.1623452667563
88196;Gérardmer;5;876.5840373330084
88196;Gérardmer;6;549.5237189878269
88197;Gerbamont;1;10.1731048391167
88197;Gerbamont;2;5.55857703056917
88197;Gerbamont;3;21.58782596531411
88197;Gerbamont;4;36.06890440032758
88197;Gerbamont;5;31.747039222046446
88197;Gerbamont;6;47.14874169821404
88198;Gerbépal;1;27.09102569208472
88198;Gerbépal;2;33.34295784711199
88198;Gerbépal;3;36.85659507762163
88198;Gerbépal;4;53.41020387768728
88198;Gerbépal;5;59.04488895439016
88198;Gerbépal;6;52.11226688181987
88199;Gignéville;1;4.8125
88199;Gignéville;3;4.8125
88199;Gignéville;4;14.4375
88199;Gignéville;5;4.8125
88199;Gignéville;6;4.8125
88200;Gigney;2;4.30769230769231
88200;Gigney;4;8.61538461538462
88200;Gigney;5;12.92307692307693
88200;Gigney;6;4.30769230769231
88201;Girancourt;2;25.65431546667809
88201;Girancourt;3;76.97344338726896
88201;Girancourt;4;133.0149398973194
88201;Girancourt;5;132.06830932155924
88201;Girancourt;6;71.85177595695349
88202;Gircourt-lès-Viéville;1;5.51428571428571
88202;Gircourt-lès-Viéville;2;16.54285714285711
88202;Gircourt-lès-Viéville;3;11.02857142857142
88202;Gircourt-lès-Viéville;4;38.59999999999995
88202;Gircourt-lès-Viéville;5;11.02857142857142
88202;Gircourt-lès-Viéville;6;22.05714285714284
88203;Girecourt-sur-Durbion;2;10.9225338252978
88203;Girecourt-sur-Durbion;3;10.91377512581412
88203;Girecourt-sur-Durbion;4;32.776332126179355
88203;Girecourt-sur-Durbion;5;49.16892667009192
88203;Girecourt-sur-Durbion;6;54.58643510187055
88205;Girmont-Val-d'Ajol;1;17.27818936694766
88205;Girmont-Val-d'Ajol;2;13.563695775611968
88205;Girmont-Val-d'Ajol;3;14.637881094721461
88205;Girmont-Val-d'Ajol;4;28.52163785611465
88205;Girmont-Val-d'Ajol;5;23.27697577819531
88205;Girmont-Val-d'Ajol;6;31.24917452502183
88206;Gironcourt-sur-Vraine;1;9.71745277472696
88206;Gironcourt-sur-Vraine;2;14.79849157666405
88206;Gironcourt-sur-Vraine;3;19.831038223205617
88206;Gironcourt-sur-Vraine;4;48.60343240541584
88206;Gironcourt-sur-Vraine;5;108.15282028336836
88206;Gironcourt-sur-Vraine;6;126.75472304012305
88208;Godoncourt;1;4.91301955533903
88208;Godoncourt;2;4.91301955533903
88208;Godoncourt;4;9.915770691350591
88208;Godoncourt;5;14.73905866601709
88208;Godoncourt;6;14.73905866601709
88209;Golbey;1;9.99423006760086
88209;Golbey;2;174.06501961541804
88209;Golbey;3;432.2479806069469
88209;Golbey;4;1008.934034477126
88209;Golbey;5;1078.5646618707958
88209;Golbey;6;750.1920679488948
88210;Gorhey;2;5.66666666666667
88210;Gorhey;3;11.33333333333334
88210;Gorhey;4;17.000000000000007
88210;Gorhey;5;22.66666666666664
88210;Gorhey;6;22.66666666666664
88212;Grand;3;4.90305760235421
88212;Grand;5;47.07841738698471
88212;Grand;6;46.96887121800993
88213;La Grande-Fosse;2;5.78260869565217
88213;La Grande-Fosse;3;5.78260869565217
88213;La Grande-Fosse;4;17.34782608695647
88213;La Grande-Fosse;6;5.78260869565217
88214;Grandrupt-de-Bains;1;10.4285714285714
88214;Grandrupt-de-Bains;3;5.21428571428571
88214;Grandrupt-de-Bains;4;5.21428571428571
88214;Grandrupt-de-Bains;5;5.21428571428571
88214;Grandrupt-de-Bains;6;15.64285714285711
88215;Grandrupt;1;4.75
88215;Grandrupt;4;4.75
88215;Grandrupt;5;4.75
88215;Grandrupt;6;4.75
88216;Grandvillers;1;5.2204709388138
88216;Grandvillers;2;20.48141635097852
88216;Grandvillers;3;25.906441055164702
88216;Grandvillers;4;40.38211822437218
88216;Grandvillers;5;139.80473067900834
88216;Grandvillers;6;109.07831104204536
88218;Granges-Aumontzey;1;15.40357901325711
88218;Granges-Aumontzey;2;69.13865800156194
88218;Granges-Aumontzey;3;55.06524720946342
88218;Granges-Aumontzey;4;180.1286300573068
88218;Granges-Aumontzey;5;256.92664869761745
88218;Granges-Aumontzey;6;361.39973033313726
88219;Greux;3;10.22222222222222
88219;Greux;4;10.22222222222222
88219;Greux;5;20.44444444444444
88219;Greux;6;5.11111111111111
88220;Grignoncourt;1;4.18181818181818
88220;Grignoncourt;4;4.18181818181818
88221;Gruey-lès-Surance;1;4.49375233076169
88221;Gruey-lès-Surance;2;9.526158312917389
88221;Gruey-lès-Surance;3;9.540412224579619
88221;Gruey-lès-Surance;5;14.38134279107585
88221;Gruey-lès-Surance;6;20.1866395752718
88222;Gugnécourt;2;4.70433718914022
88222;Gugnécourt;4;32.93036032398154
88222;Gugnécourt;5;35.26106830816952
88222;Gugnécourt;6;9.40867437828044
88223;Gugney-aux-Aulx;1;14.911764705882362
88223;Gugney-aux-Aulx;2;9.94117647058824
88223;Gugney-aux-Aulx;4;19.88235294117648
88223;Gugney-aux-Aulx;5;19.88235294117648
88223;Gugney-aux-Aulx;6;14.911764705882362
88224;Hadigny-les-Verrières;2;15.63671175187541
88224;Hadigny-les-Verrières;3;26.37894367968023
88224;Hadigny-les-Verrières;4;51.29171365541715
88224;Hadigny-les-Verrières;5;30.750383971646492
88224;Hadigny-les-Verrières;6;36.31810178482931
88225;Hadol;1;30.06074525143466
88225;Hadol;2;69.16584600435903
88225;Hadol;3;109.11380673391007
88225;Hadol;4;388.9207073394826
88225;Hadol;5;278.5739732041035
88225;Hadol;6;195.39706203596944
88226;Hagécourt;1;4.3
88226;Hagécourt;3;8.6
88226;Hagécourt;4;8.6
88226;Hagécourt;5;8.6
88226;Hagécourt;6;25.8
88227;Hagnéville-et-Roncourt;1;11.3333333333333
88227;Hagnéville-et-Roncourt;4;5.66666666666667
88227;Hagnéville-et-Roncourt;5;11.33333333333334
88227;Hagnéville-et-Roncourt;6;5.66666666666667
88228;Haillainville;1;9.42105263157894
88228;Haillainville;4;14.13157894736841
88228;Haillainville;5;23.55263157894735
88228;Haillainville;6;28.26315789473682
88229;Harchéchamp;2;12.299999999999999
88229;Harchéchamp;5;8.2
88229;Harchéchamp;6;8.2
88230;Hardancourt;2;6.16666666666667
88230;Hardancourt;3;6.16666666666667
88231;Haréville;1;29.064621612746862
88231;Haréville;2;9.531718975047141
88231;Haréville;3;23.351684340688728
88231;Haréville;4;52.578465247439695
88231;Haréville;5;28.15055350877148
88231;Haréville;6;66.17274282129863
88232;Harmonville;1;10.04651162790698
88232;Harmonville;2;20.09302325581396
88232;Harmonville;3;5.02325581395349
88232;Harmonville;4;25.11627906976745
88232;Harmonville;5;15.06976744186047
88232;Harmonville;6;15.06976744186047
88233;Harol;1;26.451298260909773
88233;Harol;2;5.28677951513163
88233;Harol;3;41.79827074767016
88233;Harol;4;67.43700501127773
88233;Harol;5;77.9293786866909
88233;Harol;6;88.90845100787834
88236;La Haye;3;5.32
88236;La Haye;5;10.64
88236;La Haye;6;10.64
88237;Hennecourt;2;5.16568656196346
88237;Hennecourt;3;10.1819413241755
88237;Hennecourt;4;26.60701753125085
88237;Hennecourt;5;48.84095866572831
88237;Hennecourt;6;53.535827107636166
88238;Hennezel;1;14.91492590665949
88238;Hennezel;2;5.01618533876021
88238;Hennezel;3;9.99935531294912
88238;Hennezel;4;25.11483950144096
88238;Hennezel;5;10.032595413094409
88238;Hennezel;6;60.39837965564045
88239;Hergugney;2;5.25
88239;Hergugney;3;5.25
88239;Hergugney;4;10.5
88239;Hergugney;5;5.25
88239;Hergugney;6;10.5
88240;Herpelmont;2;9.8325396723249
88240;Herpelmont;3;4.91626983616245
88240;Herpelmont;4;36.01829686754435
88240;Herpelmont;5;19.95705313341235
88240;Herpelmont;6;34.561922958448335
88241;Houécourt;1;5.01605089136954
88241;Houécourt;2;15.53692387408823
88241;Houécourt;3;10.15355934599144
88241;Houécourt;4;50.915307292182106
88241;Houécourt;5;55.315247526379316
88241;Houécourt;6;40.02123877879575
88242;Houéville;1;4.77777777777778
88242;Houéville;4;4.77777777777778
88242;Houéville;5;4.77777777777778
88242;Houéville;6;4.77777777777778
88243;Housseras;1;4.94772913916709
88243;Housseras;2;19.9424351318659
88243;Housseras;3;4.96284402871854
88243;Housseras;4;64.72964425651583
88243;Housseras;5;54.68266712043375
88243;Housseras;6;64.69946079316816
88244;La Houssière;1;4.9479595807054
88244;La Houssière;2;4.66780022905623
88244;La Houssière;3;14.18835341074309
88244;La Houssière;4;52.27060138669057
88244;La Houssière;5;18.9547807561938
88244;La Houssière;6;95.15446163152498
88245;Hurbache;1;4.62146804873782
88245;Hurbache;2;26.94782413640101
88245;Hurbache;3;30.09707106675617
88245;Hurbache;4;41.87986704070412
88245;Hurbache;5;26.94782413640103
88245;Hurbache;6;25.52487448839254
88246;Hymont;2;4.9389932196164
88246;Hymont;3;19.65710849753754
88246;Hymont;4;49.14271611881822
88246;Hymont;5;83.73234922612319
88246;Hymont;6;59.0043542177039
88247;Igney;2;34.53664193071016
88247;Igney;3;48.9033663179236
88247;Igney;4;131.96172431111543
88247;Igney;5;112.46645103411075
88247;Igney;6;152.24327202365654
88248;Isches;1;13.578947368421039
88248;Isches;2;4.52631578947368
88248;Isches;3;4.52631578947368
88248;Isches;4;9.05263157894736
88248;Isches;5;18.10526315789472
88248;Isches;6;27.15789473684204
88249;Jainvillotte;4;5.61531224846749
88249;Jainvillotte;5;11.230624496935
88249;Jainvillotte;6;11.23062449693498
88250;Jarménil;2;4.65878653580104
88250;Jarménil;3;5.13707683362923
88250;Jarménil;4;38.226504138093624
88250;Jarménil;5;98.05106158355844
88250;Jarménil;6;54.69252175568716
88251;Jeanménil;1;5.02869295882592
88251;Jeanménil;2;40.52603567421444
88251;Jeanménil;3;61.07761864083834
88251;Jeanménil;4;124.91631538445962
88251;Jeanménil;5;139.72980785254424
88251;Jeanménil;6;128.6909953281443
88252;Jésonville;4;24.16666666666666
88252;Jésonville;5;9.66666666666666
88252;Jésonville;6;14.499999999999991
88253;Jeuxey;2;9.50662783644204
88253;Jeuxey;3;60.44014445594002
88253;Jeuxey;4;96.50279837372632
88253;Jeuxey;5;33.68145563283452
88253;Jeuxey;6;67.84714027715422
88254;Jorxey;2;5.46666666666667
88254;Jorxey;5;10.9333333333333
88254;Jorxey;6;16.400000000000013
88255;Jubainville;1;9.57894736842106
88255;Jubainville;5;4.78947368421053
88255;Jubainville;6;4.78947368421053
88256;Jussarupt;1;10.7397130330472
88256;Jussarupt;2;17.479551781401568
88256;Jussarupt;3;4.2844575558773
88256;Jussarupt;4;10.005810232493321
88256;Jussarupt;5;25.49231570910412
88256;Jussarupt;6;24.91346795008115
88257;Juvaincourt;2;22.75
88257;Juvaincourt;4;5.6875
88257;Juvaincourt;5;45.5
88257;Juvaincourt;6;28.4375
88258;Lamarche;2;32.52820325260847
88258;Lamarche;3;9.29210159688586
88258;Lamarche;4;44.0696598417849
88258;Lamarche;5;114.00249160948131
88258;Lamarche;6;46.76534379875067
88259;Landaville;2;26.42855974480757
88259;Landaville;3;5.48325619055201
88259;Landaville;4;31.508185322519502
88259;Landaville;5;35.60752774045446
88259;Landaville;6;42.700112701951596
88260;Langley;2;4.7741935483871
88260;Langley;3;4.7741935483871
88260;Langley;4;19.0967741935484
88260;Langley;5;23.870967741935498
88260;Langley;6;4.7741935483871
88261;Laval-sur-Vologne;1;9.74872186701012
88261;Laval-sur-Vologne;2;4.88591382464195
88261;Laval-sur-Vologne;3;4.88591382464195
88261;Laval-sur-Vologne;4;53.90745016732442
88261;Laval-sur-Vologne;5;73.6716255412686
88261;Laval-sur-Vologne;6;103.13866828850409
88262;Laveline-devant-Bruyères;2;9.733786761319429
88262;Laveline-devant-Bruyères;3;10.40487749736195
88262;Laveline-devant-Bruyères;4;33.44012520830194
88262;Laveline-devant-Bruyères;5;33.41192254679151
88262;Laveline-devant-Bruyères;6;83.65686244777704
88263;Laveline-du-Houx;1;4.80952380952381
88263;Laveline-du-Houx;2;4.80952380952381
88263;Laveline-du-Houx;4;4.80952380952381
88263;Laveline-du-Houx;5;28.857142857142833
88263;Laveline-du-Houx;6;43.28571428571426
88264;Légéville-et-Bonfays;4;12.6
88264;Légéville-et-Bonfays;6;18.9
88265;Lemmecourt;5;8.66666666666667
88266;Lépanges-sur-Vologne;1;9.3285421830002
88266;Lépanges-sur-Vologne;2;15.20532303281638
88266;Lépanges-sur-Vologne;3;34.2302368602637
88266;Lépanges-sur-Vologne;4;65.32394480367884
88266;Lépanges-sur-Vologne;5;65.74178199338499
88266;Lépanges-sur-Vologne;6;128.58962377791724
88267;Lerrain;2;29.028373696746364
88267;Lerrain;3;24.83134163803778
88267;Lerrain;4;35.04588217996423
88267;Lerrain;5;59.278479010262934
88267;Lerrain;6;69.87679485401162
88268;Lesseux;3;4.96428571428571
88268;Lesseux;4;14.89285714285713
88268;Lesseux;5;14.8928571428571
88268;Lesseux;6;34.74999999999997
88269;Liézey;2;30.9226757577837
88269;Liézey;4;36.09232242772963
88269;Liézey;5;36.08367211910614
88269;Liézey;6;20.615841285555792
88270;Liffol-le-Grand;1;9.91802016513006
88270;Liffol-le-Grand;2;69.84057086016318
88270;Liffol-le-Grand;3;29.92416270982219
88270;Liffol-le-Grand;4;139.80164070250416
88270;Liffol-le-Grand;5;234.33118956550217
88270;Liffol-le-Grand;6;274.8408806108896
88271;Lignéville;1;4.78121345779894
88271;Lignéville;2;9.67317422239215
88271;Lignéville;3;9.840253466269491
88271;Lignéville;4;24.12692791380035
88271;Lignéville;5;48.586739037278036
88271;Lignéville;6;48.04179198393775
88272;Lironcourt;1;4.5625
88272;Lironcourt;2;4.5625
88272;Lironcourt;5;4.5625
88272;Lironcourt;6;9.125
88273;Longchamp;2;14.91958666055647
88273;Longchamp;3;34.28064466308386
88273;Longchamp;4;94.86198212683921
88273;Longchamp;5;25.43124539966272
88273;Longchamp;6;25.01754309890455
88274;Longchamp-sous-Châtenois;1;5.35651280839393
88274;Longchamp-sous-Châtenois;3;5.35651280839393
88274;Longchamp-sous-Châtenois;4;5.35651280839393
88274;Longchamp-sous-Châtenois;6;10.71302561678786
88275;Lubine;1;5.17317851660231
88275;Lubine;3;5.40251303982673
88275;Lubine;4;25.00655219060873
88275;Lubine;5;15.75860523204993
88275;Lubine;6;20.492171766623983
88276;Lusse;1;5.06060651294323
88276;Lusse;2;14.07825003605478
88276;Lusse;3;34.49137390437676
88276;Lusse;4;30.180172916497632
88276;Lusse;5;53.0789843378007
88276;Lusse;6;25.12705429973325
88277;Luvigny;1;5.55
88277;Luvigny;2;5.55
88277;Luvigny;4;5.55
88277;Luvigny;5;22.2
88277;Luvigny;6;16.65
88278;Maconcourt;5;10.46153846153846
88278;Maconcourt;6;5.23076923076923
88279;Madecourt;2;5.44444444444444
88279;Madecourt;5;5.44444444444444
88279;Madecourt;6;5.44444444444444
88280;Madegney;2;6.13636363636364
88280;Madegney;3;6.13636363636364
88280;Madegney;4;30.681818181818223
88280;Madegney;5;18.409090909090942
88280;Madegney;6;12.27272727272728
88281;Madonne-et-Lamerey;2;14.849759078062831
88281;Madonne-et-Lamerey;3;21.369877013036742
88281;Madonne-et-Lamerey;4;74.63144649378906
88281;Madonne-et-Lamerey;5;71.95610122329518
88281;Madonne-et-Lamerey;6;39.792464746905864
88283;Malaincourt;2;4.9375
88283;Malaincourt;5;4.9375
88283;Malaincourt;6;19.75
88284;Mandray;1;5.35150736760451
88284;Mandray;2;10.625267606295619
88284;Mandray;3;15.87394847573972
88284;Mandray;4;95.44821494494948
88284;Mandray;5;58.32360717420962
88284;Mandray;6;58.29739828842851
88285;Mandres-sur-Vair;2;4.97909917783804
88285;Mandres-sur-Vair;3;9.2933282726216
88285;Mandres-sur-Vair;4;44.18783031554746
88285;Mandres-sur-Vair;5;52.78619170780185
88285;Mandres-sur-Vair;6;72.08163960179044
88286;Marainville-sur-Madon;1;10.21052631578948
88286;Marainville-sur-Madon;2;10.21052631578948
88286;Marainville-sur-Madon;3;5.10526315789474
88286;Marainville-sur-Madon;4;5.10526315789474
88286;Marainville-sur-Madon;5;10.21052631578948
88286;Marainville-sur-Madon;6;15.31578947368422
88287;Marey;5;4.53333333333333
88287;Marey;6;18.13333333333332
88288;Maroncourt;5;6.0
88289;Martigny-les-Bains;1;4.86651732637841
88289;Martigny-les-Bains;2;5.33467484406101
88289;Martigny-les-Bains;3;20.69528373991604
88289;Martigny-les-Bains;4;46.1203354092682
88289;Martigny-les-Bains;5;110.6273938319247
88289;Martigny-les-Bains;6;99.94775120884267
88290;Martigny-les-Gerbonvaux;2;10.00071519571624
88290;Martigny-les-Gerbonvaux;3;5.00035759785812
88290;Martigny-les-Gerbonvaux;4;10.00071519571624
88290;Martigny-les-Gerbonvaux;5;25.001787989290598
88291;Martinvelle;1;15.96
88291;Martinvelle;4;5.32
88291;Martinvelle;5;15.96
88291;Martinvelle;6;5.32
88292;Mattaincourt;2;14.996967399073881
88292;Mattaincourt;3;5.08415161674732
88292;Mattaincourt;4;49.45864159891683
88292;Mattaincourt;5;86.41951031838764
88292;Mattaincourt;6;91.97066309923704
88293;Maxey-sur-Meuse;4;4.90909090909091
88293;Maxey-sur-Meuse;5;34.363636363636374
88293;Maxey-sur-Meuse;6;49.09090909090904
88294;Mazeley;1;4.69115197957225
88294;Mazeley;3;4.70099697726799
88294;Mazeley;4;23.48036465233785
88294;Mazeley;5;37.58829098800574
88294;Mazeley;6;42.26961342779026
88295;Mazirot;2;5.08695652173913
88295;Mazirot;3;5.08695652173913
88295;Mazirot;4;25.43478260869565
88295;Mazirot;5;30.52173913043486
88295;Mazirot;6;55.95652173913051
88296;Médonville;3;8.92307692307692
88296;Médonville;4;8.92307692307692
88296;Médonville;5;8.92307692307692
88297;Méménil;2;9.88235294117646
88297;Méménil;3;4.94117647058823
88297;Méménil;4;34.58823529411761
88297;Méménil;5;19.764705882352928
88297;Méménil;6;19.76470588235292
88298;Ménarmont;4;5.54545454545455
88298;Ménarmont;5;5.54545454545455
88298;Ménarmont;6;11.0909090909091
88299;Ménil-en-Xaintois;1;5.03125
88299;Ménil-en-Xaintois;2;10.0625
88299;Ménil-en-Xaintois;3;5.03125
88299;Ménil-en-Xaintois;4;30.1875
88299;Ménil-en-Xaintois;5;5.03125
88299;Ménil-en-Xaintois;6;30.1875
88300;Ménil-de-Senones;1;4.76923076923077
88300;Ménil-de-Senones;2;4.76923076923077
88300;Ménil-de-Senones;3;4.76923076923077
88300;Ménil-de-Senones;4;4.76923076923077
88300;Ménil-de-Senones;5;23.84615384615384
88300;Ménil-de-Senones;6;14.30769230769231
88301;Ménil-sur-Belvitte;1;5.10787132621776
88301;Ménil-sur-Belvitte;2;16.07794207526525
88301;Ménil-sur-Belvitte;3;10.23450089764182
88301;Ménil-sur-Belvitte;4;25.29422608935186
88301;Ménil-sur-Belvitte;5;5.10787132621776
88301;Ménil-sur-Belvitte;6;34.92701926875963
88302;Le Ménil;1;9.7326602391801
88302;Le Ménil;2;34.38963974871105
88302;Le Ménil;3;19.46758693871209
88302;Le Ménil;4;87.1965006161532
88302;Le Ménil;5;122.86016065592135
88302;Le Ménil;6;102.8684751218731
88303;Midrevaux;3;14.756756756756761
88303;Midrevaux;4;4.91891891891892
88303;Midrevaux;5;4.91891891891892
88303;Midrevaux;6;24.5945945945946
88304;Mirecourt;1;9.93563694399103
88304;Mirecourt;2;109.53113702955609
88304;Mirecourt;3;168.41809722037087
88304;Mirecourt;4;343.2985842039876
88304;Mirecourt;5;578.4550474781113
88304;Mirecourt;6;443.44503812262195
88305;Moncel-sur-Vair;2;4.52380952380952
88305;Moncel-sur-Vair;4;27.14285714285716
88305;Moncel-sur-Vair;5;22.6190476190476
88305;Moncel-sur-Vair;6;13.57142857142856
88306;Le Mont;2;12.75
88306;Le Mont;5;6.375
88306;Le Mont;6;6.375
88307;Mont-lès-Lamarche;2;10.5555555555556
88307;Mont-lès-Lamarche;5;5.27777777777778
88308;Mont-lès-Neufchâteau;2;12.059272276110558
88308;Mont-lès-Neufchâteau;3;5.96075334184478
88308;Mont-lès-Neufchâteau;4;57.48164284812748
88308;Mont-lès-Neufchâteau;5;55.03776741579406
88308;Mont-lès-Neufchâteau;6;37.7817672911581
88309;Monthureux-le-Sec;1;15.84375
88309;Monthureux-le-Sec;4;15.84375
88309;Monthureux-le-Sec;5;10.5625
88309;Monthureux-le-Sec;6;31.6875
88310;Monthureux-sur-Saône;1;14.49947324719004
88310;Monthureux-sur-Saône;2;24.02597873111269
88310;Monthureux-sur-Saône;3;14.06988871965312
88310;Monthureux-sur-Saône;4;43.76400610078241
88310;Monthureux-sur-Saône;5;77.76732226601524
88310;Monthureux-sur-Saône;6;67.58582711486682
88311;Montmotier;4;5.0
88311;Montmotier;6;5.0
88312;Morelmaison;2;5.0
88312;Morelmaison;3;5.0
88312;Morelmaison;4;30.0
88312;Morelmaison;5;15.0
88312;Morelmaison;6;65.0
88313;Moriville;1;9.93383578606623
88313;Moriville;2;9.96500239720878
88313;Moriville;3;5.01396458848679
88313;Moriville;4;59.76023358917479
88313;Moriville;5;64.7410509412513
88313;Moriville;6;39.796685436452606
88314;Morizécourt;4;4.8
88314;Morizécourt;5;14.399999999999999
88314;Morizécourt;6;33.6
88315;Mortagne;1;5.02777777777778
88315;Mortagne;2;10.05555555555556
88315;Mortagne;3;5.02777777777778
88315;Mortagne;4;15.0833333333333
88315;Mortagne;5;20.11111111111108
88315;Mortagne;6;30.16666666666676
88316;Morville;1;3.66666666666667
88316;Morville;2;3.66666666666667
88316;Morville;5;7.33333333333334
88316;Morville;6;18.33333333333335
88317;Moussey;1;5.17165853585413
88317;Moussey;2;4.8446702894756
88317;Moussey;3;15.18809181301995
88317;Moussey;4;15.07660985796867
88317;Moussey;5;41.0487314750967
88317;Moussey;6;133.26941682888227
88318;Moyemont;1;5.0
88318;Moyemont;2;5.0
88318;Moyemont;3;5.0
88318;Moyemont;4;40.0
88318;Moyemont;5;20.0
88318;Moyemont;6;20.0
88319;Moyenmoutier;1;14.82886099832639
88319;Moyenmoutier;2;93.32835813454153
88319;Moyenmoutier;3;78.75837667162406
88319;Moyenmoutier;4;300.76266877795285
88319;Moyenmoutier;5;275.85789241720227
88319;Moyenmoutier;6;383.82889242004705
88320;Nayemont-les-Fosses;2;29.91219395492495
88320;Nayemont-les-Fosses;3;58.795070897642276
88320;Nayemont-les-Fosses;4;88.86545255535353
88320;Nayemont-les-Fosses;5;84.87563254906364
88320;Nayemont-les-Fosses;6;59.67437662306668
88321;Neufchâteau;1;10.05901282491258
88321;Neufchâteau;2;197.8541966542874
88321;Neufchâteau;3;332.5670106062765
88321;Neufchâteau;4;528.4857170958123
88321;Neufchâteau;5;697.2289852636974
88321;Neufchâteau;6;671.7554038652347
88322;La Neuveville-devant-Lépanges;1;29.52536768187889
88322;La Neuveville-devant-Lépanges;2;25.46488347980138
88322;La Neuveville-devant-Lépanges;3;4.738102096161
88322;La Neuveville-devant-Lépanges;4;35.38029274748326
88322;La Neuveville-devant-Lépanges;5;45.059692315577706
88322;La Neuveville-devant-Lépanges;6;70.09846753757793
88324;La Neuveville-sous-Châtenois;1;4.39400509969965
88324;La Neuveville-sous-Châtenois;3;4.77329367026722
88324;La Neuveville-sous-Châtenois;4;65.91765038367826
88324;La Neuveville-sous-Châtenois;5;22.76134266075284
88324;La Neuveville-sous-Châtenois;6;43.54074671336187
88325;La Neuveville-sous-Montfort;2;10.27777777777778
88325;La Neuveville-sous-Montfort;4;5.13888888888889
88325;La Neuveville-sous-Montfort;5;15.41666666666669
88325;La Neuveville-sous-Montfort;6;35.97222222222227
88326;Neuvillers-sur-Fave;2;15.1652223487072
88326;Neuvillers-sur-Fave;3;15.184105398691699
88326;Neuvillers-sur-Fave;4;40.53192573885962
88326;Neuvillers-sur-Fave;5;35.41701419323839
88326;Neuvillers-sur-Fave;6;20.20453120139691
88327;Nomexy;1;9.83794722636973
88327;Nomexy;2;29.70690913759968
88327;Nomexy;3;74.13101613959753
88327;Nomexy;4;149.10849917388728
88327;Nomexy;5;256.0870279643745
88327;Nomexy;6;233.85011071882144
88328;Nompatelize;1;14.3459323615666
88328;Nompatelize;2;20.38083524510192
88328;Nompatelize;3;9.19224067263562
88328;Nompatelize;4;62.69961225544871
88328;Nompatelize;5;75.77802373117538
88328;Nompatelize;6;60.44392932201082
88330;Nonville;1;4.54761904761905
88330;Nonville;4;9.0952380952381
88330;Nonville;5;22.738095238095198
88330;Nonville;6;31.8333333333333
88331;Nonzeville;1;4.58333333333333
88331;Nonzeville;4;4.58333333333333
88331;Nonzeville;5;4.58333333333333
88331;Nonzeville;6;4.58333333333333
88332;Norroy;2;4.81818181818182
88332;Norroy;3;4.81818181818182
88332;Norroy;4;9.63636363636364
88332;Norroy;5;43.36363636363646
88332;Norroy;6;28.90909090909092
88333;Nossoncourt;3;4.74074074074074
88333;Nossoncourt;4;23.7037037037037
88333;Nossoncourt;5;9.48148148148148
88333;Nossoncourt;6;9.48148148148148
88334;Oëlleville;1;5.13719567087138
88334;Oëlleville;3;22.29451065106528
88334;Oëlleville;4;23.946263391215943
88334;Oëlleville;5;30.27470029479295
88334;Oëlleville;6;43.824640530903
88335;Offroicourt;2;5.5
88335;Offroicourt;3;5.5
88335;Offroicourt;4;16.5
88335;Offroicourt;5;22.0
88335;Offroicourt;6;11.0
88336;Ollainville;1;4.16666666666667
88336;Ollainville;3;4.16666666666667
88336;Ollainville;4;4.16666666666667
88336;Ollainville;5;4.16666666666667
88336;Ollainville;6;8.33333333333334
88338;Ortoncourt;1;5.4
88338;Ortoncourt;4;5.4
88338;Ortoncourt;5;5.4
88338;Ortoncourt;6;5.4
88340;Padoux;1;14.840363313579969
88340;Padoux;2;14.97339715620001
88340;Padoux;3;19.785329142731563
88340;Padoux;4;54.543136172305665
88340;Padoux;5;59.02379433214076
88340;Padoux;6;69.12294809792044
88341;Pair-et-Grandrupt;1;5.18924987428221
88341;Pair-et-Grandrupt;2;26.252098601685063
88341;Pair-et-Grandrupt;3;27.15597414487431
88341;Pair-et-Grandrupt;4;56.36189555317746
88341;Pair-et-Grandrupt;5;51.09811583620518
88341;Pair-et-Grandrupt;6;25.7019825332396
88342;Pallegney;2;10.375
88342;Pallegney;3;5.1875
88342;Pallegney;4;31.125
88342;Pallegney;5;10.375
88342;Pallegney;6;10.375
88343;Parey-sous-Montfort;4;27.83333333333335
88343;Parey-sous-Montfort;5;11.13333333333334
88343;Parey-sous-Montfort;6;33.40000000000002
88344;Pargny-sous-Mureau;2;14.916666666666659
88344;Pargny-sous-Mureau;3;9.94444444444444
88344;Pargny-sous-Mureau;4;9.94444444444444
88344;Pargny-sous-Mureau;5;4.97222222222222
88344;Pargny-sous-Mureau;6;9.94444444444444
88345;La Petite-Fosse;3;12.15789473684211
88345;La Petite-Fosse;4;8.10526315789474
88345;La Petite-Fosse;5;8.10526315789474
88345;La Petite-Fosse;6;12.15789473684211
88346;La Petite-Raon;2;24.77947590263636
88346;La Petite-Raon;3;29.80176253644987
88346;La Petite-Raon;4;34.75741901853877
88346;La Petite-Raon;5;89.20500495282631
88346;La Petite-Raon;6;69.47065264612881
88347;Pierrefitte;1;9.36
88347;Pierrefitte;2;18.72
88347;Pierrefitte;4;4.68
88347;Pierrefitte;5;23.4
88347;Pierrefitte;6;18.72
88348;Pierrepont-sur-l'Arentèle;2;9.26666666666666
88348;Pierrepont-sur-l'Arentèle;3;4.63333333333333
88348;Pierrepont-sur-l'Arentèle;4;32.43333333333332
88348;Pierrepont-sur-l'Arentèle;5;9.26666666666666
88348;Pierrepont-sur-l'Arentèle;6;18.53333333333332
88349;Plainfaing;2;43.708600551889845
88349;Plainfaing;3;28.87956705526294
88349;Plainfaing;4;159.3826768943492
88349;Plainfaing;5;149.68958937836632
88349;Plainfaing;6;270.7333114031187
88350;Pleuvezain;1;4.11111111111111
88350;Pleuvezain;2;4.11111111111111
88350;Pleuvezain;4;8.22222222222222
88350;Pleuvezain;5;8.22222222222222
88350;Pleuvezain;6;8.22222222222222
88351;Plombières-les-Bains;1;24.9806123594429
88351;Plombières-les-Bains;2;49.90467901380126
88351;Plombières-les-Bains;3;44.96880056897586
88351;Plombières-les-Bains;4;119.72229357301417
88351;Plombières-les-Bains;5;154.53788534907886
88351;Plombières-les-Bains;6;154.59372265031985
88352;Pompierre;1;4.94871794871795
88352;Pompierre;2;14.84615384615385
88352;Pompierre;4;29.69230769230775
88352;Pompierre;5;19.7948717948718
88352;Pompierre;6;9.8974358974359
88353;Pont-lès-Bonfays;3;5.77777777777778
88353;Pont-lès-Bonfays;4;23.11111111111112
88353;Pont-lès-Bonfays;5;11.55555555555556
88353;Pont-lès-Bonfays;6;11.55555555555556
88354;Pont-sur-Madon;1;5.44117647058824
88354;Pont-sur-Madon;3;16.32352941176472
88354;Pont-sur-Madon;4;16.32352941176474
88354;Pont-sur-Madon;5;21.76470588235296
88354;Pont-sur-Madon;6;32.64705882352948
88355;Portieux;1;4.67662766191182
88355;Portieux;2;14.03434459456234
88355;Portieux;3;51.30009908866064
88355;Portieux;4;74.28429624010191
88355;Portieux;5;140.01332276324055
88355;Portieux;6;143.16473950279214
88356;Les Poulières;2;20.12098543027122
88356;Les Poulières;3;9.67963841009381
88356;Les Poulières;4;20.38030375122286
88356;Les Poulières;5;29.41486027660678
88356;Les Poulières;6;62.80881764764085
88357;Poussay;2;10.0631504346997
88357;Poussay;3;40.00316314917304
88357;Poussay;4;81.02400307630005
88357;Poussay;5;80.94524548465566
88357;Poussay;6;66.40742164596155
88358;Pouxeux;2;54.15984753214159
88358;Pouxeux;3;34.85271229957145
88358;Pouxeux;4;216.37728991711137
88358;Pouxeux;5;231.49799748983355
88358;Pouxeux;6;346.19615403776277
88359;Prey;1;9.8888888888889
88359;Prey;3;4.94444444444445
88359;Prey;4;9.8888888888889
88359;Prey;5;9.8888888888889
88359;Prey;6;14.83333333333335
88360;Provenchères-lès-Darney;2;9.17816792449582
88360;Provenchères-lès-Darney;4;13.76725188674373
88360;Provenchères-lès-Darney;5;18.40610691834723
88360;Provenchères-lès-Darney;6;4.58908396224791
88361;Provenchères-et-Colroy;2;42.53660646149442
88361;Provenchères-et-Colroy;3;46.50916920294844
88361;Provenchères-et-Colroy;4;99.50554420247981
88361;Provenchères-et-Colroy;5;149.10118495780827
88361;Provenchères-et-Colroy;6;136.70079802497744
88362;Le Puid;3;5.47619047619048
88362;Le Puid;4;10.95238095238096
88362;Le Puid;5;21.904761904761962
88362;Le Puid;6;10.95238095238096
88363;Punerot;1;26.05714285714288
88363;Punerot;4;13.02857142857142
88363;Punerot;5;4.34285714285714
88363;Punerot;6;13.02857142857142
88364;Puzieux;1;20.0
88364;Puzieux;4;5.0
88364;Puzieux;5;20.0
88364;Puzieux;6;25.0
88365;Racécourt;4;26.78571428571428
88365;Racécourt;5;32.14285714285712
88365;Racécourt;6;21.42857142857142
88366;Rainville;1;5.47258646076715
88366;Rainville;2;9.94378635488799
88366;Rainville;4;20.08623363694406
88366;Rainville;5;14.848953341798499
88366;Rainville;6;45.6886167828549
88367;Rambervillers;1;9.943386309326481
88367;Rambervillers;2;146.25376152730306
88367;Rambervillers;3;94.5809276907342
88367;Rambervillers;4;282.22944133804026
88367;Rambervillers;5;558.6960665355149
88367;Rambervillers;6;640.2206357988
88368;Ramecourt;4;6.0
88368;Ramecourt;5;30.0
88368;Ramecourt;6;24.0
88369;Ramonchamp;1;19.744281892438643
88369;Ramonchamp;2;49.185177175362796
88369;Ramonchamp;3;39.10755381322777
88369;Ramonchamp;4;142.26170178247204
88369;Ramonchamp;5;248.9408345140562
88369;Ramonchamp;6;333.06861680962726
88370;Rancourt;4;5.07142857142857
88370;Rancourt;5;5.07142857142857
88370;Rancourt;6;15.214285714285712
88371;Raon-aux-Bois;1;5.2130617932602
88371;Raon-aux-Bois;2;70.3973336951611
88371;Raon-aux-Bois;3;65.80403878843089
88371;Raon-aux-Bois;4;152.09877057611214
88371;Raon-aux-Bois;5;147.99765919425687
88371;Raon-aux-Bois;6;117.33608213940471
88372;Raon-l'Étape;1;4.84099958757388
88372;Raon-l'Étape;2;128.6255741029255
88372;Raon-l'Étape;3;148.8091538593943
88372;Raon-l'Étape;4;371.3200894093703
88372;Raon-l'Étape;5;698.288859036279
88372;Raon-l'Étape;6;707.2795748471664
88373;Raon-sur-Plaine;3;5.2962962962963
88373;Raon-sur-Plaine;4;37.074074074074105
88373;Raon-sur-Plaine;5;5.2962962962963
88373;Raon-sur-Plaine;6;21.1851851851852
88374;Rapey;3;4.0
88374;Rapey;4;4.0
88374;Rapey;6;4.0
88375;Raves;1;4.80077363188239
88375;Raves;2;29.12480971819729
88375;Raves;3;29.19817296313099
88375;Raves;4;48.55944913266379
88375;Raves;5;29.20071626230304
88375;Raves;6;54.081823092391026
88376;Rebeuville;1;10.46969379821714
88376;Rebeuville;2;10.8146066109981
88376;Rebeuville;3;16.00564918968938
88376;Rebeuville;4;31.49805385211369
88376;Rebeuville;5;31.581526477657142
88376;Rebeuville;6;41.79805248328465
88377;Regnévelle;2;5.26086956521739
88377;Regnévelle;5;10.5217391304348
88377;Regnévelle;6;21.04347826086958
88378;Regney;1;10.52631578947368
88378;Regney;2;5.26315789473684
88378;Regney;4;15.78947368421052
88378;Regney;5;10.5263157894737
88378;Regney;6;5.26315789473684
88379;Rehaincourt;1;5.06711336346997
88379;Rehaincourt;2;9.49070063728362
88379;Rehaincourt;3;19.23409328481345
88379;Rehaincourt;4;39.36440466952943
88379;Rehaincourt;5;29.11877330858839
88379;Rehaincourt;6;59.26571156156457
88380;Rehaupal;2;9.67441860465116
88380;Rehaupal;3;4.83720930232558
88380;Rehaupal;4;24.1860465116279
88380;Rehaupal;5;19.34883720930232
88380;Rehaupal;6;24.1860465116279
88381;Relanges;2;5.36111111111111
88381;Relanges;3;5.36111111111111
88381;Relanges;4;21.44444444444442
88381;Relanges;5;5.36111111111111
88381;Relanges;6;32.16666666666662
88382;Remicourt;5;6.4
88382;Remicourt;6;6.4
88383;Remiremont;1;4.82973816752413
88383;Remiremont;2;225.87892928988273
88383;Remiremont;3;360.65869215389455
88383;Remiremont;4;746.5473316362891
88383;Remiremont;5;894.2715965959707
88383;Remiremont;6;690.222109557002
88385;Remoncourt;1;10.7014490948368
88385;Remoncourt;2;4.87243852389566
88385;Remoncourt;3;25.46819086719401
88385;Remoncourt;4;64.61167267157224
88385;Remoncourt;5;91.78433344863303
88385;Remoncourt;6;92.27257018578356
88386;Remomeix;2;4.5257392328293
88386;Remomeix;3;28.81006351924857
88386;Remomeix;4;43.61934247425364
88386;Remomeix;5;19.545326327772848
88386;Remomeix;6;39.67816553283369
88387;Removille;2;32.75675675675676
88387;Removille;3;10.91891891891892
88387;Removille;4;10.91891891891892
88387;Removille;5;32.75675675675676
88387;Removille;6;5.45945945945946
88388;Renauvoid;1;10.0
88388;Renauvoid;3;5.0
88388;Renauvoid;4;25.0
88388;Renauvoid;5;15.0
88389;Repel;4;11.42857142857144
88389;Repel;5;11.4285714285714
88389;Repel;6;17.14285714285716
88390;Robécourt;1;16.2631578947368
88390;Robécourt;4;5.42105263157895
88390;Robécourt;5;5.42105263157895
88390;Robécourt;6;10.8421052631579
88391;Rochesson;1;4.90776462511112
88391;Rochesson;2;14.38586807867046
88391;Rochesson;3;24.480903267263532
88391;Rochesson;4;77.6057190800658
88391;Rochesson;5;62.66083912465355
88391;Rochesson;6;101.52024325653557
88393;Rollainville;2;15.45598644183401
88393;Rollainville;3;10.568670401278819
88393;Rollainville;4;38.46110013327966
88393;Rollainville;5;37.33522204832317
88393;Rollainville;6;30.196149837854932
88394;Romain-aux-Bois;2;6.0
88394;Romain-aux-Bois;4;6.0
88394;Romain-aux-Bois;5;6.0
88395;Romont;1;10.4912549294016
88395;Romont;2;31.265375868933997
88395;Romont;3;16.11338535247252
88395;Romont;4;26.38980678017617
88395;Romont;5;41.546108248648615
88395;Romont;6;35.83045327147927
88398;Les Rouges-Eaux;3;8.42105263157894
88398;Les Rouges-Eaux;4;8.42105263157894
88398;Les Rouges-Eaux;6;12.63157894736841
88399;Le Roulier;3;16.15384615384614
88399;Le Roulier;4;16.15384615384618
88399;Le Roulier;5;21.53846153846148
88399;Le Roulier;6;21.53846153846156
88400;Rouvres-en-Xaintois;2;4.84179632384551
88400;Rouvres-en-Xaintois;3;14.89512200787537
88400;Rouvres-en-Xaintois;4;33.91093154035262
88400;Rouvres-en-Xaintois;5;44.0845202166814
88400;Rouvres-en-Xaintois;6;24.33528518809137
88401;Rouvres-la-Chétive;1;9.57758594588936
88401;Rouvres-la-Chétive;2;4.84025747875313
88401;Rouvres-la-Chétive;3;33.60732418990632
88401;Rouvres-la-Chétive;4;43.23625239048325
88401;Rouvres-la-Chétive;5;43.304567009713345
88401;Rouvres-la-Chétive;6;48.14507030140341
88402;Roville-aux-Chênes;1;10.034609794110139
88402;Roville-aux-Chênes;2;5.02518313422646
88402;Roville-aux-Chênes;3;20.037455989403888
88402;Roville-aux-Chênes;4;20.031477285038378
88402;Roville-aux-Chênes;5;30.06005833978629
88402;Roville-aux-Chênes;6;85.1163895959511
88403;Rozerotte;1;5.42439146890341
88403;Rozerotte;3;10.84878293780682
88403;Rozerotte;4;16.273174406710233
88403;Rozerotte;5;32.54634881342043
88403;Rozerotte;6;27.121957344517007
88404;Rozières-sur-Mouzon;6;6.18181818181818
88406;Rugney;2;10.83333333333334
88406;Rugney;4;16.24999999999997
88406;Rugney;5;10.83333333333334
88406;Rugney;6;27.08333333333335
88407;Ruppes;1;20.2857142857142
88407;Ruppes;2;5.07142857142857
88407;Ruppes;3;5.07142857142857
88407;Ruppes;4;5.07142857142857
88407;Ruppes;5;10.14285714285714
88407;Ruppes;6;5.07142857142857
88408;Rupt-sur-Moselle;1;15.217461512020991
88408;Rupt-sur-Moselle;2;109.28787886226745
88408;Rupt-sur-Moselle;3;97.4750579800537
88408;Rupt-sur-Moselle;4;318.5121609326313
88408;Rupt-sur-Moselle;5;400.3713526816186
88408;Rupt-sur-Moselle;6;438.4099030371051
88409;Saint-Amé;1;5.11894737621334
88409;Saint-Amé;2;54.97215135603956
88409;Saint-Amé;3;121.62102033325365
88409;Saint-Amé;4;315.4772396861751
88409;Saint-Amé;5;253.8611721222597
88409;Saint-Amé;6;227.84437790045655
88410;Sainte-Barbe;1;5.41946957415188
88410;Sainte-Barbe;2;26.99455900468198
88410;Sainte-Barbe;4;10.8182709635967
88410;Sainte-Barbe;5;32.31076557326672
88410;Sainte-Barbe;6;43.14939003446056
88411;Saint-Baslemont;5;10.125
88412;Saint-Benoît-la-Chipotte;1;4.97288259102564
88412;Saint-Benoît-la-Chipotte;2;19.893293105608173
88412;Saint-Benoît-la-Chipotte;3;5.08197591273131
88412;Saint-Benoît-la-Chipotte;4;50.43942501049317
88412;Saint-Benoît-la-Chipotte;5;50.38220216365315
88412;Saint-Benoît-la-Chipotte;6;70.7679205695134
88413;Saint-Dié-des-Vosges;1;17.60436760644872
88413;Saint-Dié-des-Vosges;2;482.21765892588996
88413;Saint-Dié-des-Vosges;3;763.4129372843396
88413;Saint-Dié-des-Vosges;4;1381.7488698355496
88413;Saint-Dié-des-Vosges;5;1644.970815384113
88413;Saint-Dié-des-Vosges;6;1514.9208455315986
88415;Saint-Étienne-lès-Remiremont;1;25.6611022192842
88415;Saint-Étienne-lès-Remiremont;2;90.28523987056923
88415;Saint-Étienne-lès-Remiremont;3;168.4562833985651
88415;Saint-Étienne-lès-Remiremont;4;433.5264426351723
88415;Saint-Étienne-lès-Remiremont;5;433.11954792969107
88415;Saint-Étienne-lès-Remiremont;6;327.74038026670235
88416;Saint-Genest;2;4.65291533704414
88416;Saint-Genest;4;9.30583067408828
88416;Saint-Genest;5;9.30583067408828
88416;Saint-Genest;6;9.30583067408828
88417;Saint-Gorgon;2;24.67543140154899
88417;Saint-Gorgon;3;9.45931850983354
88417;Saint-Gorgon;4;15.49344489165661
88417;Saint-Gorgon;5;44.12020346269886
88417;Saint-Gorgon;6;49.50160897577045
88418;Sainte-Hélène;2;15.49545379667282
88418;Sainte-Hélène;3;5.43253975760137
88418;Sainte-Hélène;4;59.41453358587083
88418;Sainte-Hélène;5;46.46344384426489
88418;Sainte-Hélène;6;55.60809633158527
88419;Saint-Jean-d'Ormont;1;3.96774193548387
88419;Saint-Jean-d'Ormont;2;3.96774193548387
88419;Saint-Jean-d'Ormont;3;3.96774193548387
88419;Saint-Jean-d'Ormont;4;3.96774193548387
88419;Saint-Jean-d'Ormont;5;19.83870967741937
88419;Saint-Jean-d'Ormont;6;15.87096774193548
88421;Saint-Julien;4;10.8421052631579
88421;Saint-Julien;5;5.42105263157895
88421;Saint-Julien;6;16.26315789473685
88423;Saint-Léonard;1;4.94049921568095
88423;Saint-Léonard;2;44.313052318150866
88423;Saint-Léonard;3;59.02104182022936
88423;Saint-Léonard;4;147.83644786553182
88423;Saint-Léonard;5;172.33198440976554
88423;Saint-Léonard;6;197.11107637160876
88424;Sainte-Marguerite;2;34.86291704804979
88424;Sainte-Marguerite;3;136.1990552579092
88424;Sainte-Marguerite;4;240.53469524836692
88424;Sainte-Marguerite;5;236.34995146408508
88424;Sainte-Marguerite;6;190.43914918147883
88425;Saint-Maurice-sur-Mortagne;3;5.36734286039105
88425;Saint-Maurice-sur-Mortagne;4;20.72400897776552
88425;Saint-Maurice-sur-Mortagne;5;5.36734286039105
88425;Saint-Maurice-sur-Mortagne;6;20.72400897776552
88426;Saint-Maurice-sur-Moselle;1;14.95539429243145
88426;Saint-Maurice-sur-Moselle;2;70.2727056456642
88426;Saint-Maurice-sur-Moselle;3;15.241969446163441
88426;Saint-Maurice-sur-Moselle;4;71.0755669687492
88426;Saint-Maurice-sur-Moselle;5;166.4656545285815
88426;Saint-Maurice-sur-Moselle;6;196.49416816520906
88427;Saint-Menge;4;8.96296296296296
88427;Saint-Menge;5;13.44444444444444
88427;Saint-Menge;6;17.92592592592592
88428;Saint-Michel-sur-Meurthe;1;10.30231864887509
88428;Saint-Michel-sur-Meurthe;2;100.69606336821693
88428;Saint-Michel-sur-Meurthe;3;70.85615881703774
88428;Saint-Michel-sur-Meurthe;4;205.27382915544874
88428;Saint-Michel-sur-Meurthe;5;196.2187398022479
88428;Saint-Michel-sur-Meurthe;6;201.04080164169488
88429;Saint-Nabord;1;9.78544029127184
88429;Saint-Nabord;2;138.69493386931217
88429;Saint-Nabord;3;203.901135158927
88429;Saint-Nabord;4;351.9838691016934
88429;Saint-Nabord;5;346.6887261470188
88429;Saint-Nabord;6;515.5940783317731
88430;Saint-Ouen-lès-Parey;1;9.58075519308512
88430;Saint-Ouen-lès-Parey;2;4.79037759654256
88430;Saint-Ouen-lès-Parey;3;19.243164934026737
88430;Saint-Ouen-lès-Parey;4;33.291466014269986
88430;Saint-Ouen-lès-Parey;5;57.65265033355324
88430;Saint-Ouen-lès-Parey;6;95.73242376970863
88431;Saint-Paul;3;5.31034482758621
88431;Saint-Paul;4;21.24137931034481
88431;Saint-Paul;5;5.31034482758621
88431;Saint-Paul;6;10.62068965517242
88432;Saint-Pierremont;2;5.42857142857143
88432;Saint-Pierremont;3;5.42857142857143
88432;Saint-Pierremont;4;16.28571428571433
88432;Saint-Pierremont;5;5.42857142857143
88432;Saint-Pierremont;6;32.57142857142862
88433;Saint-Prancher;1;9.0
88433;Saint-Prancher;2;4.5
88433;Saint-Prancher;4;22.5
88433;Saint-Prancher;6;4.5
88434;Saint-Remimont;2;10.0
88434;Saint-Remimont;3;5.0
88434;Saint-Remimont;4;20.0
88434;Saint-Remimont;5;20.0
88434;Saint-Remimont;6;40.0
88435;Saint-Remy;1;5.37270549233112
88435;Saint-Remy;2;4.4807723439028
88435;Saint-Remy;3;20.731375159949337
88435;Saint-Remy;4;73.14206490466836
88435;Saint-Remy;5;51.0926546480127
88435;Saint-Remy;6;39.660758883011866
88436;Saint-Stail;1;6.0
88436;Saint-Stail;3;6.0
88436;Saint-Stail;6;24.0
88437;Saint-Vallier;4;11.64705882352942
88437;Saint-Vallier;5;11.64705882352942
88437;Saint-Vallier;6;23.29411764705884
88438;La Salle;2;5.03107998399622
88438;La Salle;3;35.06830496916069
88438;La Salle;4;39.64651943518265
88438;La Salle;5;84.8763259324335
88438;La Salle;6;60.07443978577152
88439;Sanchey;2;35.64873301784925
88439;Sanchey;3;66.15765854451011
88439;Sanchey;4;174.2919464300763
88439;Sanchey;5;96.6625515865488
88439;Sanchey;6;91.00624434124457
88440;Sandaucourt;1;5.1875
88440;Sandaucourt;2;15.5625
88440;Sandaucourt;3;5.1875
88440;Sandaucourt;4;15.5625
88440;Sandaucourt;5;31.125
88440;Sandaucourt;6;5.1875
88441;Sans-Vallois;1;15.36
88441;Sans-Vallois;2;5.12
88441;Sans-Vallois;4;10.24
88441;Sans-Vallois;5;15.36
88441;Sans-Vallois;6;15.36
88442;Sapois;1;19.67272985287453
88442;Sapois;2;45.36412914791781
88442;Sapois;3;30.743247473497558
88442;Sapois;4;35.52815069924994
88442;Sapois;5;60.69981925829537
88442;Sapois;6;100.69257838415731
88443;Sartes;2;4.98066763456153
88443;Sartes;4;11.37644992740788
88443;Sartes;6;5.68822496370394
88444;Le Saulcy;1;30.0944614637936
88444;Le Saulcy;2;14.4534910130518
88444;Le Saulcy;3;14.23713185107034
88444;Le Saulcy;4;39.453153458194485
88444;Le Saulcy;5;14.69069045922025
88444;Le Saulcy;6;15.13358940445282
88445;Saulcy-sur-Meurthe;1;10.178821259147
88445;Saulcy-sur-Meurthe;2;63.3613934273872
88445;Saulcy-sur-Meurthe;3;103.77123555140125
88445;Saulcy-sur-Meurthe;4;260.18246713003697
88445;Saulcy-sur-Meurthe;5;291.5394590176134
88445;Saulcy-sur-Meurthe;6;294.78781739154783
88446;Saulxures-lès-Bulgnéville;1;4.66219308476417
88446;Saulxures-lès-Bulgnéville;4;4.66219308476417
88446;Saulxures-lès-Bulgnéville;5;47.65819856338275
88446;Saulxures-lès-Bulgnéville;6;48.724838037962556
88447;Saulxures-sur-Moselotte;1;14.9561951463389
88447;Saulxures-sur-Moselotte;2;122.0460705901202
88447;Saulxures-sur-Moselotte;3;43.33495039155333
88447;Saulxures-sur-Moselotte;4;160.80301233760497
88447;Saulxures-sur-Moselotte;5;289.8679683207314
88447;Saulxures-sur-Moselotte;6;353.14356735562103
88448;Sauville;1;14.91428571428571
88448;Sauville;4;9.94285714285714
88448;Sauville;5;19.885714285714272
88448;Sauville;6;29.82857142857142
88449;Savigny;2;4.64285714285714
88449;Savigny;3;23.214285714285698
88449;Savigny;4;23.214285714285698
88449;Savigny;5;27.85714285714284
88449;Savigny;6;18.57142857142856
88450;Senaide;1;4.81578947368421
88450;Senaide;2;4.81578947368421
88450;Senaide;4;14.44736842105263
88450;Senaide;5;24.07894736842102
88450;Senaide;6;4.81578947368421
88451;Senones;1;4.87521082337371
88451;Senones;2;72.61633726605004
88451;Senones;3;45.63284144468979
88451;Senones;4;142.62849829130118
88451;Senones;5;243.98179111617782
88451;Senones;6;291.48693624732306
88452;Senonges;1;16.080000000000002
88452;Senonges;4;10.72
88452;Senonges;5;21.44
88452;Senonges;6;5.36
88453;Seraumont;4;7.11111111111112
88453;Seraumont;5;3.55555555555556
88453;Seraumont;6;3.55555555555556
88454;Sercœur;1;5.34058892383596
88454;Sercœur;3;26.737774288289632
88454;Sercœur;4;5.37519578527398
88454;Sercœur;5;26.73799853974876
88454;Sercœur;6;21.29358758781146
88455;Serécourt;4;5.21052631578947
88455;Serécourt;5;26.05263157894737
88455;Serécourt;6;5.21052631578947
88456;Serocourt;1;21.0
88456;Serocourt;4;5.25
88456;Serocourt;5;15.75
88456;Serocourt;6;10.5
88457;Sionne;2;10.2142857142857
88457;Sionne;3;5.10714285714286
88457;Sionne;4;20.42857142857144
88457;Sionne;5;5.10714285714286
88457;Sionne;6;10.21428571428572
88458;Socourt;1;14.826943011372
88458;Socourt;2;10.18150770501954
88458;Socourt;3;10.3648225680386
88458;Socourt;4;35.01938280365424
88458;Socourt;5;19.64272456935314
88458;Socourt;6;44.48059966798785
88459;Soncourt;1;14.3333333333333
88459;Soncourt;3;4.77777777777778
88459;Soncourt;4;4.77777777777778
88459;Soncourt;5;4.77777777777778
88459;Soncourt;6;4.77777777777778
88460;Soulosse-sous-Saint-Élophe;1;5.67810788214029
88460;Soulosse-sous-Saint-Élophe;2;15.50542799038533
88460;Soulosse-sous-Saint-Élophe;3;46.52654617742585
88460;Soulosse-sous-Saint-Élophe;4;76.71070826467978
88460;Soulosse-sous-Saint-Élophe;5;114.57745001570702
88460;Soulosse-sous-Saint-Élophe;6;64.65229073788039
88461;Suriauville;1;5.39473684210526
88461;Suriauville;3;5.39473684210526
88461;Suriauville;4;10.78947368421052
88461;Suriauville;5;32.36842105263152
88461;Suriauville;6;53.947368421052545
88462;Le Syndicat;1;4.67488526990071
88462;Le Syndicat;2;70.5347902632064
88462;Le Syndicat;3;69.80104750462353
88462;Le Syndicat;4;251.22809575203735
88462;Le Syndicat;5;198.04866516194446
88462;Le Syndicat;6;247.7225479744882
88463;Taintrux;2;42.41115614524636
88463;Taintrux;3;98.59685244585039
88463;Taintrux;4;166.4165168581336
88463;Taintrux;5;176.2853536093656
88463;Taintrux;6;120.10740677434414
88464;Tendon;1;10.43837402758136
88464;Tendon;2;15.41312052707082
88464;Tendon;3;20.633040195583348
88464;Tendon;4;46.238629028127306
88464;Tendon;5;46.17932043549408
88464;Tendon;6;51.76809873798741
88465;Thaon-les-Vosges;1;23.9081445508593
88465;Thaon-les-Vosges;2;218.1252193468789
88465;Thaon-les-Vosges;3;259.3293996585561
88465;Thaon-les-Vosges;4;1046.7667379165755
88465;Thaon-les-Vosges;5;1004.2997798396106
88465;Thaon-les-Vosges;6;979.873908985598
88466;They-sous-Montfort;4;10.0
88466;They-sous-Montfort;6;15.0
88467;Thiéfosse;2;33.37001057266958
88467;Thiéfosse;3;34.72722996024257
88467;Thiéfosse;4;58.447458811323
88467;Thiéfosse;5;54.293818780478546
88467;Thiéfosse;6;81.69425055413004
88468;Le Thillot;1;19.94391795299486
88468;Le Thillot;2;77.00955330613802
88468;Le Thillot;3;61.246806288740196
88468;Le Thillot;4;204.64808121884926
88468;Le Thillot;5;321.58221174449056
88468;Le Thillot;6;457.3413488792641
88469;Thiraucourt;3;14.285714285714281
88469;Thiraucourt;4;9.52380952380952
88469;Thiraucourt;5;9.52380952380952
88469;Thiraucourt;6;9.52380952380952
88470;Le Tholy;1;4.94224316654425
88470;Le Tholy;2;71.29011151422391
88470;Le Tholy;3;81.64082193195443
88470;Le Tholy;4;162.73880451384716
88470;Le Tholy;5;188.52615719380225
88470;Le Tholy;6;157.33398384964286
88471;Les Thons;1;10.8890513225094
88471;Les Thons;2;4.99269048707744
88471;Les Thons;5;10.8890513225094
88472;Thuillières;2;9.04
88472;Thuillières;3;9.04
88472;Thuillières;4;18.08
88472;Thuillières;5;4.52
88472;Thuillières;6;9.04
88473;Tignécourt;2;12.0
88473;Tignécourt;5;6.0
88473;Tignécourt;6;12.0
88474;Tilleux;1;4.92857142857143
88474;Tilleux;5;9.85714285714286
88475;Tollaincourt;2;10.7272727272727
88475;Tollaincourt;4;5.36363636363636
88475;Tollaincourt;5;5.36363636363636
88475;Tollaincourt;6;10.72727272727272
88476;Totainville;2;6.15789473684211
88476;Totainville;5;18.47368421052633
88476;Totainville;6;30.789473684210527
88477;Trampot;1;10.1
88477;Trampot;3;10.1
88477;Trampot;4;10.1
88477;Trampot;5;5.05
88477;Trampot;6;10.1
88478;Tranqueville-Graux;1;16.00000000000003
88478;Tranqueville-Graux;2;5.33333333333333
88478;Tranqueville-Graux;5;5.33333333333333
88478;Tranqueville-Graux;6;5.33333333333333
88479;Trémonzey;1;9.55081805703748
88479;Trémonzey;3;9.55081805703748
88479;Trémonzey;4;4.75627260249179
88479;Trémonzey;5;23.99340977982158
88479;Trémonzey;6;14.346213237233481
88480;Ubexy;3;4.91176470588235
88480;Ubexy;4;24.558823529411747
88480;Ubexy;5;24.5588235294118
88480;Ubexy;6;14.735294117647049
88481;Uriménil;1;9.92758702596089
88481;Uriménil;2;49.81225666075445
88481;Uriménil;3;64.93723574803916
88481;Uriménil;4;190.32996455654742
88481;Uriménil;5;163.3570190235785
88481;Uriménil;6;148.60781609148663
88482;Urville;1;3.66666666666667
88482;Urville;5;3.66666666666667
88482;Urville;6;11.00000000000001
88483;Uxegney;2;79.88490470914702
88483;Uxegney;3;99.09975317566543
88483;Uxegney;4;321.66851041339606
88483;Uxegney;5;234.21821764610826
88483;Uxegney;6;197.3600447122538
88484;Uzemain;1;9.73734959576737
88484;Uzemain;2;49.15803497211174
88484;Uzemain;3;58.63985232145288
88484;Uzemain;4;97.66213034323737
88484;Uzemain;5;107.3268603798122
88484;Uzemain;6;111.85849417434554
88485;La Vacheresse-et-la-Rouillie;2;9.46153846153846
88485;La Vacheresse-et-la-Rouillie;4;9.46153846153846
88485;La Vacheresse-et-la-Rouillie;5;4.73076923076923
88485;La Vacheresse-et-la-Rouillie;6;42.576923076923066
88486;Vagney;1;24.897235966356718
88486;Vagney;2;104.67177701950439
88486;Vagney;3;132.5456486082612
88486;Vagney;4;334.77146935599774
88486;Vagney;5;426.1610740942422
88486;Vagney;6;556.5453844993483
88487;Le Val-d'Ajol;1;70.01465847334487
88487;Le Val-d'Ajol;2;120.3245010277502
88487;Le Val-d'Ajol;3;84.37112399627806
88487;Le Val-d'Ajol;4;278.4322855632438
88487;Le Val-d'Ajol;5;382.40596148549895
88487;Le Val-d'Ajol;6;538.6756067503939
88488;Valfroicourt;1;19.46441660928789
88488;Valfroicourt;2;23.7530793243053
88488;Valfroicourt;3;4.86355604957256
88488;Valfroicourt;4;19.02919984445819
88488;Valfroicourt;5;30.55881086431357
88488;Valfroicourt;6;9.72711209914512
88489;Valleroy-aux-Saules;2;4.93392124194508
88489;Valleroy-aux-Saules;3;14.670612098275228
88489;Valleroy-aux-Saules;4;19.50022525645067
88489;Valleroy-aux-Saules;5;24.48630128440866
88489;Valleroy-aux-Saules;6;29.36792769516681
88490;Valleroy-le-Sec;1;4.81578947368421
88490;Valleroy-le-Sec;4;38.52631578947365
88490;Valleroy-le-Sec;5;28.8947368421052
88490;Valleroy-le-Sec;6;14.44736842105263
88491;Les Vallois;1;5.5
88491;Les Vallois;2;5.5
88491;Les Vallois;3;5.5
88491;Les Vallois;4;11.0
88491;Les Vallois;5;11.0
88491;Les Vallois;6;11.0
88492;Le Valtin;2;34.153846153846196
88492;Le Valtin;4;11.3846153846154
88492;Le Valtin;6;5.69230769230769
88493;Varmonzey;3;6.0
88494;Vaubexy;1;10.9090909090909
88494;Vaubexy;4;5.45454545454545
88494;Vaubexy;5;16.36363636363635
88494;Vaubexy;6;21.8181818181818
88495;Vaudéville;1;10.3783783783784
88495;Vaudéville;3;10.37837837837838
88495;Vaudéville;4;46.702702702702744
88495;Vaudéville;5;15.56756756756759
88495;Vaudéville;6;31.13513513513516
88496;Vaudoncourt;1;10.7586206896552
88496;Vaudoncourt;2;10.75862068965518
88496;Vaudoncourt;4;21.517241379310377
88496;Vaudoncourt;5;16.13793103448277
88496;Vaudoncourt;6;21.51724137931036
88497;Vaxoncourt;1;9.86350055372162
88497;Vaxoncourt;2;20.26652777602214
88497;Vaxoncourt;3;19.28881366756095
88497;Vaxoncourt;4;59.24371793271723
88497;Vaxoncourt;5;49.127570872043634
88497;Vaxoncourt;6;73.61993132386883
88498;Vecoux;2;44.19799634593169
88498;Vecoux;3;24.760397955291232
88498;Vecoux;4;144.3743870129161
88498;Vecoux;5;59.56087383870624
88498;Vecoux;6;88.56238834853579
88499;Velotte-et-Tatignécourt;1;4.87878787878788
88499;Velotte-et-Tatignécourt;2;4.87878787878788
88499;Velotte-et-Tatignécourt;3;4.87878787878788
88499;Velotte-et-Tatignécourt;4;19.51515151515152
88499;Velotte-et-Tatignécourt;5;4.87878787878788
88499;Velotte-et-Tatignécourt;6;29.27272727272728
88500;Ventron;1;5.08840733326509
88500;Ventron;2;69.9533895972546
88500;Ventron;3;25.055908364135032
88500;Ventron;4;69.86592726185123
88500;Ventron;5;100.39491436146153
88500;Ventron;6;80.25649897737797
88501;Le Vermont;3;4.29411764705882
88501;Le Vermont;4;8.58823529411764
88501;Le Vermont;5;8.58823529411764
88501;Le Vermont;6;4.29411764705882
88502;Vervezelle;1;6.0
88502;Vervezelle;3;6.0
88502;Vervezelle;4;18.0
88502;Vervezelle;5;6.0
88502;Vervezelle;6;12.0
88503;Vexaincourt;2;5.06896551724138
88503;Vexaincourt;3;5.06896551724138
88503;Vexaincourt;4;25.34482758620694
88503;Vexaincourt;5;15.206896551724181
88503;Vexaincourt;6;20.27586206896556
88504;Vicherey;4;5.61290322580645
88504;Vicherey;5;11.2258064516129
88504;Vicherey;6;33.677419354838705
88505;Vienville;4;15.91304347826086
88505;Vienville;6;37.13043478260868
88506;Vieux-Moulin;2;13.993066039211598
88506;Vieux-Moulin;3;9.30021953572331
88506;Vieux-Moulin;4;32.52967066305896
88506;Vieux-Moulin;5;37.20097656452448
88506;Vieux-Moulin;6;28.007870427199318
88507;Villers;2;9.41463414634146
88507;Villers;3;4.70731707317073
88507;Villers;4;9.41463414634146
88507;Villers;5;28.24390243902439
88507;Villers;6;14.121951219512189
88508;Ville-sur-Illon;1;10.22294099333518
88508;Ville-sur-Illon;2;4.92478057448791
88508;Ville-sur-Illon;3;18.99277619092554
88508;Ville-sur-Illon;4;54.05384290313144
88508;Ville-sur-Illon;5;62.95655682027335
88508;Ville-sur-Illon;6;59.3045126479128
88509;Villoncourt;4;16.42105263157896
88509;Villoncourt;5;10.94736842105264
88509;Villoncourt;6;16.42105263157896
88510;Villotte;3;4.85185185185185
88510;Villotte;4;24.259259259259252
88510;Villotte;5;4.85185185185185
88510;Villotte;6;19.4074074074074
88511;Villouxel;2;9.88888888888888
88511;Villouxel;5;19.77777777777776
88511;Villouxel;6;19.77777777777776
88512;Viménil;2;10.47826086956522
88512;Viménil;3;5.23913043478261
88512;Viménil;4;20.956521739130423
88512;Viménil;5;36.67391304347822
88512;Viménil;6;31.43478260869563
88513;Vincey;2;35.514048659223704
88513;Vincey;3;60.589464371999355
88513;Vincey;4;259.0409088129924
88513;Vincey;5;349.3045094014946
88513;Vincey;6;216.69094878881282
88514;Viocourt;1;10.5806451612903
88514;Viocourt;4;31.74193548387096
88514;Viocourt;5;15.87096774193548
88514;Viocourt;6;37.0322580645161
88515;Vioménil;2;11.0
88515;Vioménil;3;11.0
88515;Vioménil;4;11.0
88515;Vioménil;5;22.0
88515;Vioménil;6;11.0
88516;Vittel;1;14.90302225979088
88516;Vittel;2;167.22523300455973
88516;Vittel;3;229.11450019312784
88516;Vittel;4;504.90302905779686
88516;Vittel;5;465.25195101892365
88516;Vittel;6;388.6453768767356
88517;Viviers-le-Gras;1;10.21621621621622
88517;Viviers-le-Gras;2;5.10810810810811
88517;Viviers-le-Gras;3;5.10810810810811
88517;Viviers-le-Gras;4;5.10810810810811
88517;Viviers-le-Gras;5;15.324324324324309
88517;Viviers-le-Gras;6;15.32432432432433
88518;Viviers-lès-Offroicourt;1;0.0
88518;Viviers-lès-Offroicourt;2;0.0
88518;Viviers-lès-Offroicourt;3;0.0
88518;Viviers-lès-Offroicourt;4;0.0
88518;Viviers-lès-Offroicourt;5;0.0
88518;Viviers-lès-Offroicourt;6;0.0
88519;La Voivre;1;4.30030937522121
88519;La Voivre;2;24.688396198341742
88519;La Voivre;3;35.45357795265489
88519;La Voivre;4;63.97123264448324
88519;La Voivre;5;67.04585459633984
88519;La Voivre;6;58.88792958349216
88520;Les Voivres;1;9.36062264243866
88520;Les Voivres;2;9.37253361226229
88520;Les Voivres;3;14.408645950753268
88520;Les Voivres;4;24.00537671866044
88520;Les Voivres;5;28.09958324051112
88520;Les Voivres;6;23.407511144048947
88521;Vomécourt;2;9.191742371910351
88521;Vomécourt;3;13.379542016616561
88521;Vomécourt;4;4.18779964470621
88521;Vomécourt;5;40.79273443859149
88521;Vomécourt;6;15.17800165025476
88522;Vomécourt-sur-Madon;1;4.85714285714286
88522;Vomécourt-sur-Madon;3;4.85714285714286
88522;Vomécourt-sur-Madon;4;4.85714285714286
88522;Vomécourt-sur-Madon;5;14.57142857142858
88523;Vouxey;3;16.06451612903226
88523;Vouxey;4;26.7741935483871
88523;Vouxey;5;10.70967741935484
88523;Vouxey;6;21.41935483870968
88524;Vrécourt;2;10.26839712139829
88524;Vrécourt;3;5.14695395220916
88524;Vrécourt;4;46.14271663130901
88524;Vrécourt;5;20.56217600468636
88524;Vrécourt;6;56.565731248973464
88525;Vroville;2;5.24
88525;Vroville;3;10.48
88525;Vroville;4;10.48
88525;Vroville;5;15.72
88525;Vroville;6;10.48
88526;Wisembach;1;5.37299425738958
88526;Wisembach;2;16.11939477276385
88526;Wisembach;3;5.32615007949745
88526;Wisembach;4;42.65808688813258
88526;Wisembach;5;37.23865686143965
88526;Wisembach;6;37.00687930213276
88527;Xaffévillers;1;5.03703703703704
88527;Xaffévillers;4;5.03703703703704
88527;Xaffévillers;5;15.11111111111114
88527;Xaffévillers;6;15.11111111111112
88528;Xamontarupt;3;9.87096774193548
88528;Xamontarupt;4;19.74193548387096
88528;Xamontarupt;5;24.67741935483868
88528;Xamontarupt;6;29.61290322580644
88529;Xaronval;2;4.36
88529;Xaronval;3;4.36
88529;Xaronval;4;30.520000000000003
88529;Xaronval;5;4.36
88529;Xaronval;6;8.72
88530;Xertigny;1;25.1245125028356
88530;Xertigny;2;99.7890578306493
88530;Xertigny;3;39.853166308596776
88530;Xertigny;4;163.19031653693185
88530;Xertigny;5;292.5936821629943
88530;Xertigny;6;273.5647309717461
88531;Xonrupt-Longemer;2;89.41653623789819
88531;Xonrupt-Longemer;3;89.5155849458971
88531;Xonrupt-Longemer;4;169.40785193084795
88531;Xonrupt-Longemer;5;173.99767418322054
88531;Xonrupt-Longemer;6;129.2553209225105
88532;Zincourt;1;16.28571428571433
88532;Zincourt;4;5.42857142857143
88532;Zincourt;5;5.42857142857143
88532;Zincourt;6;5.42857142857143
