CODGEO;LIBGEO;NB
08001;Acy-Romance;491
08003;Aiglemont;1659
08004;Aire;246
08005;Alincourt;159
08006;Alland'Huy-et-Sausseuil;262
08008;Amagne;760
08010;Ambly-Fleury;135
08011;Anchamps;213
08013;Angecourt;387
08014;Annelles;133
08015;Antheny;100
08016;Aouste;208
08017;Apremont;119
08018;Ardeuil-et-Montfauxelles;76
08019;Les Grandes-Armoises;56
08020;Les Petites-Armoises;59
08021;Arnicourt;152
08022;Arreux;331
08023;Artaise-le-Vivier;64
08024;Asfeld;1078
08025;Attigny;1106
08026;Aubigny-les-Pothées;306
08027;Auboncourt-Vauzelles;96
08028;Aubrives;981
08029;Auflance;82
08030;Auge;58
08031;Aure;39
08032;Aussonce;224
08033;Authe;91
08034;Autrecourt-et-Pourron;333
08035;Autruche;53
08036;Autry;100
08037;Auvillers-les-Forges;895
08038;Avançon;349
08039;Avaux;496
08040;Les Ayvelles;870
08041;Baâlons;206
08043;Balan;1612
08044;Balham;159
08045;Ballay;250
08046;Banogne-Recouvrance;161
08047;Barbaise;109
08048;Barby;396
08049;Bar-lès-Buzancy;123
08052;Bayonville;69
08053;Bazeilles;2502
08055;Beaumont-en-Argonne;424
08056;Beffu-et-le-Morthomme;40
08057;Belleville-et-Châtillon-sur-Bar;243
08058;Belval;220
08059;Belval-Bois-des-Dames;27
08060;Bergnicourt;299
08061;La Berlière;37
08062;Bertoncourt;126
08063;La Besace;134
08064;Biermes;311
08065;Bièvres;46
08066;Bignicourt;66
08067;Blagny;1097
08069;Blanchefosse-et-Bay;139
08070;Blanzy-la-Salonnaise;382
08071;Blombay;132
08073;Bossus-lès-Rumigny;94
08074;Bouconville;57
08075;Boult-aux-Bois;144
08076;Boulzicourt;976
08077;Bourcq;53
08078;Bourg-Fidèle;837
08080;Bouvellemont;122
08081;Bogny-sur-Meuse;5005
08082;Brécy-Brières;77
08083;Brévilly;363
08084;Brienne-sur-Aisne;275
08085;Brieulles-sur-Bar;224
08086;Briquenay;87
08087;Brognon;135
08088;Bulson;135
08089;Buzancy;379
08090;Carignan;2810
08092;Cauroy;188
08094;Cernion;55
08095;Chagny;174
08096;Chalandry-Elaire;718
08097;Challerange;429
08098;Champigneulle;54
08099;Champigneul-sur-Vence;121
08100;Champlin;72
08101;La Chapelle;164
08102;Chappes;85
08103;Charbogne;220
08104;Chardeny;59
08105;Charleville-Mézières;46398
08106;Charnois;71
08107;Château-Porcien;1308
08109;Chatel-Chéhéry;136
08110;Le Châtelet-sur-Sormonne;169
08111;Le Châtelet-sur-Retourne;773
08113;Chaumont-Porcien;509
08115;Chémery-Chéhéry;522
08116;Bairon et ses environs;1022
08117;Chesnois-Auboncourt;161
08119;Cheveuges;466
08120;Chevières;44
08121;Chilly;132
08122;Chooz;758
08123;Chuffilly-Roche;67
08124;Clavy-Warby;343
08125;Cliron;414
08126;Condé-lès-Herpy;221
08128;Condé-lès-Autry;64
08130;Contreuve;83
08131;Cornay;67
08132;Corny-Machéroménil;192
08133;Coucy;520
08134;Coulommes-et-Marqueny;74
08135;La Croix-aux-Bois;153
08136;Daigny;357
08137;Damouzy;438
08138;Les Deux-Villes;251
08139;Deville;1043
08140;Dom-le-Mesnil;1056
08141;Dommery;185
08142;Donchery;1989
08143;Doumely-Bégny;73
08144;Doux;103
08145;Douzy;2166
08146;Draize;90
08147;Dricourt;75
08148;L'Écaille;266
08149;L'Échelle;137
08150;Écly;166
08151;Écordal;294
08153;Escombres-et-le-Chesnois;344
08154;Estrebay;82
08155;Étalle;98
08156;Éteignières;482
08158;Étrépigny;281
08159;Euilly-et-Lombut;110
08160;Évigny;189
08161;Exermont;34
08162;Fagnon;344
08163;Faissault;259
08164;Falaise;341
08165;Faux;61
08166;Fépin;247
08167;La Férée;72
08168;La Ferté-sur-Chiers;175
08169;Flaignes-Havys;93
08170;Fleigneux;222
08171;Fléville;93
08172;Fligny;165
08173;Flize;1694
08174;Floing;2285
08175;Foisches;252
08176;Fossé;57
08178;Fraillicourt;178
08179;Francheval;588
08180;La Francheville;1657
08182;Le Fréty;59
08183;Fromelennes;1037
08184;Fromy;85
08185;Fumay;3151
08186;Germont;50
08187;Gernelle;316
08188;Gespunsart;979
08189;Girondelle;161
08190;Givet;6347
08191;Givonne;1056
08192;Givron;91
08193;Givry;265
08194;Glaire;826
08195;Gomont;322
08196;Grandchamp;94
08197;Grandham;37
08198;Grandpré;507
08199;La Grandville;778
08200;Grivy-Loisy;181
08201;Gruyères;103
08202;Gué-d'Hossus;508
08203;Guignicourt-sur-Vence;270
08204;Guincourt;75
08205;Hagnicourt;69
08206;Ham-les-Moines;364
08207;Ham-sur-Meuse;226
08208;Hannappes;132
08209;Hannogne-Saint-Martin;450
08210;Hannogne-Saint-Rémy;112
08211;Haraucourt;713
08212;Harcy;502
08214;Hargnies;471
08215;Harricourt;44
08216;Haudrecy;322
08217;Haulmé;87
08218;Les Hautes-Rivières;1318
08219;Hauteville;122
08220;Hauviné;329
08222;Haybes;1818
08223;Herbeuval;122
08225;Herpy-l'Arlésienne;208
08226;Hierges;165
08228;La Horgne;156
08229;Houdilcourt;137
08230;Houldizy;395
08232;Illy;415
08233;Imécourt;44
08234;Inaumont;124
08235;Issancourt-et-Rumel;391
08236;Jandun;301
08237;Joigny-sur-Meuse;636
08238;Jonval;93
08239;Juniville;1238
08240;Justine-Herbigny;165
08242;Laifour;415
08243;Lalobbe;163
08244;Lametz;74
08245;Lançon;31
08246;Landres-et-Saint-Georges;69
08247;Landrichamps;132
08248;Launois-sur-Vence;683
08249;Laval-Morency;235
08250;Leffincourt;189
08251;Lépron-les-Vallées;69
08252;Létanne;110
08254;Liart;607
08255;Linay;221
08256;Liry;87
08257;Logny-Bogny;152
08259;Longwé;69
08260;Lonny;617
08262;Lucquy;574
08263;Lumes;1106
08264;Machault;503
08268;Maisoncelle-et-Villers;69
08269;Malandry;78
08271;Manre;102
08272;Maranwez;55
08273;Marby;76
08274;Marcq;92
08275;Margny;211
08276;Margut;717
08277;Marlemont;127
08278;Marquigny;76
08279;Mars-sous-Bourcq;62
08280;Marvaux-Vieux;72
08281;Matton-et-Clémency;453
08282;Maubert-Fontaine;1026
08283;Mazerny;127
08284;Les Mazures;867
08286;Ménil-Annelles;108
08287;Ménil-Lépinois;139
08288;Mesmont;91
08289;Messincourt;596
08291;Mogues;235
08293;Moiry;137
08295;Mondigny;188
08296;Montcheutin;110
08297;Montcornet;299
08298;Montcy-Notre-Dame;1585
08300;Le Mont-Dieu;11
08301;Montgon;69
08302;Monthermé;2170
08303;Monthois;395
08304;Montigny-sur-Meuse;78
08305;Montigny-sur-Vence;231
08306;Mont-Laurent;52
08307;Montmeillant;83
08308;Mont-Saint-Martin;89
08309;Mont-Saint-Remy;55
08310;Mouron;70
08311;Mouzon;2233
08312;Murtin-et-Bogny;183
08313;Nanteuil-sur-Aisne;147
08314;Neuflize;844
08315;Neufmaison;72
08316;Neufmanil;990
08317;La Neuville-à-Maire;107
08318;La Neuville-aux-Joûtes;352
08319;Neuville-lez-Beaulieu;335
08320;La Neuville-en-Tourne-à-Fuy;538
08321;Neuville-Day;171
08322;Neuville-lès-This;344
08323;La Neuville-lès-Wasigny;161
08324;Neuvizy;113
08325;Noirval;24
08326;Nouart;112
08327;Nouvion-sur-Meuse;2226
08328;Nouzonville;5591
08329;Novion-Porcien;508
08330;Novy-Chevrières;772
08331;Noyers-Pont-Maugis;666
08332;Oches;37
08333;Olizy-Primat;229
08334;Omicourt;41
08335;Omont;75
08336;Osnes;230
08338;Pauvres;197
08339;Perthes;303
08340;Poilcourt-Sydney;173
08341;Poix-Terron;881
08342;Pouru-aux-Bois;233
08343;Pouru-Saint-Remy;1141
08344;Prez;131
08346;Prix-lès-Mézières;1351
08347;Puilly-et-Charbeaux;217
08348;Puiseux;111
08349;Pure;550
08350;Quatre-Champs;240
08351;Quilly;71
08352;Raillicourt;217
08353;Rancennes;713
08354;Raucourt-et-Flaba;817
08355;Regniowez;386
08356;Remaucourt;174
08357;Remilly-Aillicourt;769
08358;Remilly-les-Pothées;259
08360;Renneville;198
08361;Renwez;1637
08362;Rethel;7424
08363;Revin;5815
08364;Rilly-sur-Aisne;126
08365;Rimogne;1329
08366;Rocquigny;662
08367;Rocroi;2258
08368;Roizy;220
08369;La Romagne;131
08370;Rouvroy-sur-Audry;566
08372;Rubigny;66
08373;Rumigny;276
08374;La Sabotterie;127
08375;Sachy;178
08376;Sailly;248
08377;Saint-Aignan;153
08378;Saint-Clément-à-Arnes;107
08379;Saint-Étienne-à-Arnes;243
08380;Saint-Fergeux;214
08381;Saint-Germainmont;815
08382;Saint-Jean-aux-Bois;94
08383;Saint-Juvin;101
08384;Saint-Lambert-et-Mont-de-Jeux;136
08385;Saint-Laurent;1070
08386;Saint-Loup-en-Champagne;341
08387;Saint-Loup-Terrier;181
08388;Saint-Marceau;346
08389;Saint-Marcel;318
08390;Sainte-Marie;78
08391;Saint-Menges;938
08392;Saint-Morel;185
08393;Saint-Pierre-à-Arnes;66
08394;Saint-Pierremont;72
08395;Saint-Pierre-sur-Vence;146
08396;Saint-Quentin-le-Petit;121
08397;Saint-Remy-le-Petit;55
08398;Sainte-Vaubourg;86
08399;Sapogne-sur-Marche;144
08400;Sapogne-et-Feuchères;516
08401;Saulces-Champenoises;222
08402;Saulces-Monclin;837
08403;Sault-lès-Rethel;1928
08404;Sault-Saint-Remy;210
08405;Sauville;238
08406;Savigny-sur-Aisne;366
08407;Séchault;58
08408;Sécheval;562
08409;Sedan;16608
08410;Semide;174
08411;Semuy;88
08412;Senuc;154
08413;Seraincourt;256
08415;Sery;323
08416;Seuil;178
08417;Sévigny-la-Forêt;277
08418;Sévigny-Waleppe;219
08419;Signy-l'Abbaye;1349
08420;Signy-le-Petit;1183
08421;Signy-Montlibert;93
08422;Singly;135
08424;Sommauthe;129
08425;Sommerance;47
08426;Son;92
08427;Sorbon;212
08428;Sorcy-Bauthémont;144
08429;Sormonne;524
08430;Stonne;38
08431;Sugny;97
08432;Sury;100
08433;Suzanne;57
08434;Sy;54
08435;Tagnon;881
08436;Taillette;403
08437;Tailly;177
08438;Taizy;102
08439;Tannay;148
08440;Tarzy;126
08444;Tétaigne;128
08445;Thelonne;409
08446;Thénorgues;83
08448;Thilay;1007
08449;Thin-le-Moutier;655
08450;This;223
08451;Le Thour;368
08452;Thugny-Trugny;255
08453;Toges;99
08454;Touligny;83
08455;Tourcelles-Chaumont;91
08456;Tournavaux;230
08457;Tournes;1055
08458;Tourteron;179
08459;Tremblois-lès-Carignan;139
08460;Tremblois-lès-Rocroi;154
08461;Vandy;202
08462;Vaux-Champagne;135
08463;Vaux-en-Dieulet;54
08464;Vaux-lès-Mouron;79
08465;Vaux-lès-Rubigny;43
08466;Vaux-lès-Mouzon;71
08467;Vaux-Montreuil;106
08468;Vaux-Villaine;191
08469;Vendresse;471
08470;Verpel;64
08471;Verrières;32
08472;Viel-Saint-Remy;297
08473;Vieux-lès-Asfeld;302
08476;Villers-devant-le-Thour;419
08477;Villers-devant-Mouzon;106
08478;Villers-le-Tilleul;236
08479;Villers-le-Tourneur;209
08480;Villers-Semeuse;3608
08481;Villers-sur-Bar;247
08482;Villers-sur-le-Mont;101
08483;Ville-sur-Lumes;524
08484;Ville-sur-Retourne;76
08485;Villy;195
08486;Vireux-Molhain;1459
08487;Vireux-Wallerand;1894
08488;Vivier-au-Court;2892
08489;Voncq;212
08490;Vouziers;4015
08491;Vrigne aux Bois;3539
08492;Vrigne-Meuse;332
08494;Wadelincourt;451
08496;Wagnon;116
08497;Warcq;1253
08498;Warnécourt;382
08499;Wasigny;298
08500;Wignicourt;55
08501;Williers;40
08502;Yoncq;89
08503;Yvernaumont;117
10002;Ailleville;227
10003;Aix-Villemaur-Pâlis;3437
10004;Allibaudières;213
10005;Amance;246
10006;Arcis-sur-Aube;2759
10007;Arconville;104
10008;Argançon;114
10009;Arrelles;85
10010;Arrembécourt;46
10011;Arrentières;198
10012;Arsonval;294
10013;Assenay;140
10014;Assencières;187
10015;Aubeterre;384
10017;Aulnay;116
10018;Auxon;982
10019;Val-d'Auzon;372
10020;Avant-lès-Marcilly;499
10021;Avant-lès-Ramerupt;153
10022;Avirey-Lingey;201
10023;Avon-la-Pèze;201
10024;Avreuil;169
10025;Bagneux-la-Fosse;172
10026;Bailly-le-Franc;37
10027;Balignicourt;57
10028;Balnot-la-Grange;114
10029;Balnot-sur-Laignes;154
10030;Barberey-Saint-Sulpice;1562
10031;Barbuise;461
10032;Baroville;285
10033;Bar-sur-Aube;4752
10034;Bar-sur-Seine;2877
10035;Bayel;742
10037;Bercenay-en-Othe;426
10038;Bercenay-le-Hayer;193
10039;Bergères;111
10040;Bernon;164
10041;Bertignolles;50
10042;Bérulle;196
10043;Bessy;118
10044;Bétignicourt;32
10045;Beurey;177
10046;Blaincourt-sur-Aube;103
10047;Blignicourt;42
10048;Bligny;160
10049;Les Bordes-Aumont;529
10050;Bossancourt;194
10051;Bouilly;1076
10052;Boulages;223
10053;Bouranton;615
10054;Bourdenay;117
10055;Bourguignons;254
10056;Bouy-Luxembourg;252
10057;Bouy-sur-Orvin;53
10058;Bragelogne-Beauvoir;228
10059;Braux;112
10060;Bréviandes;3033
10061;Brévonnes;661
10062;Briel-sur-Barse;197
10063;Brienne-la-Vieille;394
10064;Brienne-le-Château;2737
10065;Brillecourt;83
10066;Bucey-en-Othe;437
10067;Buchères;1895
10068;Buxeuil;116
10069;Buxières-sur-Arce;115
10070;Celles-sur-Ource;483
10071;Chacenay;53
10072;La Chaise;32
10073;Chalette-sur-Voire;123
10074;Chamoy;502
10075;Champfleury;104
10076;Champignol-lez-Mondeville;258
10077;Champigny-sur-Aube;100
10078;Champ-sur-Barse;26
10079;Channes;123
10080;Chaource;1014
10081;La Chapelle-Saint-Luc;12298
10082;Chapelle-Vallon;235
10083;Chappes;349
10084;Charmont-sous-Barbuise;1025
10085;Charmoy;66
10086;Charny-le-Bachot;248
10087;Chaserey;48
10089;Châtres;702
10090;Chauchigny;225
10091;Chaudrey;138
10092;Chauffour-lès-Bailly;129
10093;Chaumesnil;105
10094;Chavanges;593
10095;Le Chêne;284
10096;Chennegy;457
10097;Chervey;153
10098;Chesley;304
10099;Chessy-les-Prés;527
10100;Clérey;1141
10101;Coclois;171
10102;Colombé-la-Fosse;171
10103;Colombé-le-Sec;153
10104;Cormost;298
10105;Courcelles-sur-Voire;25
10106;Courceroy;143
10107;Coursan-en-Othe;101
10108;Courtaoult;85
10109;Courtenot;219
10110;Courteranges;578
10111;Courteron;101
10112;Coussegrey;179
10113;Couvignon;198
10114;Crancey;703
10115;Creney-près-Troyes;1997
10116;Crésantignes;314
10117;Crespy-le-Neuf;136
10118;Les Croûtes;91
10119;Cunfin;174
10120;Cussangy;199
10121;Dampierre;332
10122;Davrey;220
10123;Dienville;834
10124;Dierrey-Saint-Julien;269
10125;Dierrey-Saint-Pierre;310
10126;Dolancourt;126
10127;Dommartin-le-Coq;55
10128;Donnement;73
10129;Dosches;313
10130;Dosnon;99
10131;Droupt-Saint-Basle;347
10132;Droupt-Sainte-Marie;249
10133;Eaux-Puiseaux;254
10134;Échemines;86
10135;Éclance;92
10136;Éguilly-sous-Bois;114
10137;Engente;30
10138;Épagne;137
10139;Épothémont;156
10140;Ervy-le-Châtel;1113
10141;Essoyes;714
10142;Estissac;1830
10143;Étourvy;152
10144;Étrelles-sur-Aube;156
10145;Faux-Villecerf;205
10146;Fay-lès-Marcilly;88
10147;Fays-la-Chapelle;129
10148;Ferreux-Quincey;406
10149;Feuges;330
10150;Fontaine;247
10151;Fontaine-les-Grès;891
10153;Fontaine-Mâcon;615
10154;Fontenay-de-Bossery;71
10155;Fontette;178
10156;Fontvannes;712
10157;La Fosse-Corduan;214
10158;Fouchères;516
10159;Fralignes;90
10160;Fravaux;36
10161;Fresnay;49
10162;Fresnoy-le-Château;300
10163;Fuligny;41
10164;Gélannes;713
10165;Géraudot;333
10166;Les Grandes-Chapelles;396
10167;Grandville;87
10168;Les Granges;82
10169;Gumery;216
10170;Gyé-sur-Seine;470
10171;Hampigny;223
10172;Herbisse;150
10173;Isle-Aumont;475
10174;Isle-Aubigny;171
10175;Jasseines;166
10176;Jaucourt;149
10177;Javernant;155
10178;Jessains;254
10179;Jeugny;464
10180;Joncreuil;96
10181;Jully-sur-Sarce;209
10182;Juvancourt;112
10183;Juvanzé;35
10184;Juzanvigny;126
10185;Lagesse;209
10186;Laines-aux-Bois;530
10187;Landreville;384
10188;Lantages;206
10189;Lassicourt;55
10190;Laubressel;567
10191;Lavau;933
10192;Lentilles;129
10193;Lesmont;302
10194;Lévigny;92
10195;Lhuître;278
10196;Lignières;220
10197;Lignol-le-Château;165
10198;Lirey;109
10199;Loches-sur-Ource;346
10200;La Loge-aux-Chèvres;95
10201;La Loge-Pomblin;63
10202;Les Loges-Margueron;216
10203;Longchamp-sur-Aujon;366
10204;Longeville-sur-Mogne;140
10205;Longpré-le-Sec;77
10206;Longsols;132
10207;Longueville-sur-Aube;128
10208;La Louptière-Thénard;289
10209;Lusigny-sur-Barse;2244
10210;Luyères;461
10211;Macey;990
10212;Machy;111
10213;Magnant;162
10214;Magnicourt;87
10215;Magny-Fouchard;260
10216;Mailly-le-Camp;2021
10217;Maison-des-Champs;33
10218;Maisons-lès-Chaource;168
10219;Maisons-lès-Soulaines;69
10220;Maizières-la-Grande-Paroisse;1512
10221;Maizières-lès-Brienne;158
10222;Maraye-en-Othe;430
10223;Marcilly-le-Hayer;719
10224;Marigny-le-Châtel;1756
10225;Marnay-sur-Seine;235
10226;Marolles-lès-Bailly;115
10227;Marolles-sous-Lignières;351
10228;Mathaux;204
10229;Maupas;101
10230;Mergey;671
10231;Le Mériot;622
10232;Merrey-sur-Arce;325
10233;Méry-sur-Seine;1465
10234;Mesgrigny;264
10235;Mesnil-la-Comtesse;52
10236;Mesnil-Lettre;58
10237;Mesnil-Saint-Loup;588
10238;Mesnil-Saint-Père;437
10239;Mesnil-Sellières;583
10240;Messon;469
10241;Metz-Robert;57
10242;Meurville;155
10243;Molins-sur-Aube;102
10245;Montaulin;811
10246;Montceaux-lès-Vaudes;251
10247;Montfey;116
10248;Montgueux;389
10249;Montiéramey;403
10250;Montier-en-l'Isle;219
10251;Montigny-les-Monts;252
10252;Montmartin-le-Haut;62
10253;Montmorency-Beaufort;148
10254;Montpothier;332
10255;Montreuil-sur-Barse;287
10256;Montsuzain;399
10257;Morembert;28
10258;Morvilliers;271
10259;La Motte-Tilly;364
10260;Moussey;657
10261;Mussy-sur-Seine;975
10262;Neuville-sur-Seine;389
10263;Neuville-sur-Vanne;457
10264;Noé-les-Mallets;108
10265;Les Noës-près-Troyes;3267
10266;Nogent-en-Othe;45
10267;Nogent-sur-Aube;303
10268;Nogent-sur-Seine;5809
10269;Nozay;153
10270;Onjon;262
10271;Origny-le-Sec;600
10272;Ormes;173
10273;Ortillon;23
10274;Orvilliers-Saint-Julien;311
10275;Ossey-les-Trois-Maisons;596
10276;Paisy-Cosdon;332
10278;Pargues;137
10279;Pars-lès-Chavanges;46
10280;Pars-lès-Romilly;822
10281;Le Pavillon-Sainte-Julie;282
10282;Payns;1383
10283;Pel-et-Der;128
10284;Périgny-la-Rose;153
10285;Perthes-lès-Brienne;65
10286;Petit-Mesnil;202
10287;Piney;1446
10288;Plaines-Saint-Lange;263
10289;Plancy-l'Abbaye;965
10290;Planty;231
10291;Plessis-Barbuise;179
10293;Poivres;158
10294;Poligny;59
10295;Polisot;323
10296;Polisy;179
10297;Pont-Sainte-Marie;5143
10298;Pont-sur-Seine;1156
10299;Pouan-les-Vallées;507
10300;Pougy;278
10301;Pouy-sur-Vannes;178
10302;Praslin;86
10303;Précy-Notre-Dame;71
10304;Précy-Saint-Martin;182
10305;Prémierfait;89
10306;Proverville;229
10307;Prugny;365
10308;Prunay-Belleville;216
10309;Prusy;92
10310;Puits-et-Nuisement;206
10312;Racines;171
10313;Radonvilliers;341
10314;Ramerupt;411
10315;Rances;45
10316;Rhèges;208
10317;Les Riceys;1197
10318;Rigny-la-Nonneuse;156
10319;Rigny-le-Ferron;321
10320;Rilly-Sainte-Syre;230
10321;La Rivière-de-Corps;3651
10323;Romilly-sur-Seine;14766
10324;Roncenay;168
10325;Rosières-près-Troyes;4749
10326;Rosnay-l'Hôpital;163
10327;La Rothière;117
10328;Rouilly-Sacey;387
10329;Rouilly-Saint-Loup;527
10330;Rouvres-les-Vignes;112
10331;Rumilly-lès-Vaudes;572
10332;Ruvigny;497
10333;Saint-André-les-Vergers;12774
10334;Saint-Aubin;587
10335;Saint-Benoist-sur-Vanne;232
10336;Saint-Benoît-sur-Seine;399
10337;Saint-Christophe-Dodinicourt;32
10338;Saint-Étienne-sous-Barbuise;177
10339;Saint-Flavy;295
10340;Saint-Germain;2347
10341;Saint-Hilaire-sous-Romilly;346
10342;Saint-Jean-de-Bonneval;403
10343;Saint-Julien-les-Villas;6745
10344;Saint-Léger-près-Troyes;911
10345;Saint-Léger-sous-Brienne;383
10346;Saint-Léger-sous-Margerie;50
10347;Saint-Loup-de-Buffigny;210
10348;Saint-Lupien;228
10349;Saint-Lyé;2870
10350;Saint-Mards-en-Othe;638
10351;Saint-Martin-de-Bossenay;357
10352;Sainte-Maure;1766
10353;Saint-Mesmin;897
10354;Saint-Nabord-sur-Aube;135
10355;Saint-Nicolas-la-Chapelle;68
10356;Saint-Oulph;318
10357;Saint-Parres-aux-Tertres;3201
10358;Saint-Parres-lès-Vaudes;1066
10359;Saint-Phal;513
10360;Saint-Pouange;994
10361;Saint-Remy-sous-Barbuise;249
10362;Sainte-Savine;10515
10363;Saint-Thibault;546
10364;Saint-Usage;69
10365;Salon;126
10366;Saulcy;62
10367;La Saulsotte;674
10368;Savières;1050
10369;Semoine;210
10370;Soligny-les-Étangs;250
10371;Sommeval;304
10372;Soulaines-Dhuys;418
10373;Souligny;372
10374;Spoy;148
10375;Thennelières;329
10376;Thieffrain;155
10377;Thil;109
10378;Thors;67
10379;Torcy-le-Grand;449
10380;Torcy-le-Petit;75
10381;Torvilliers;1042
10382;Traînel;1024
10383;Trancault;180
10384;Trannes;199
10386;Trouans;210
10387;Troyes;62781
10388;Turgy;41
10389;Unienville;109
10390;Urville;117
10391;Vailly;303
10392;Vallant-Saint-Georges;410
10393;Vallentigny;183
10394;Vallières;167
10395;Vanlay;290
10396;Vauchassis;499
10397;Vauchonvilliers;170
10398;Vaucogne;72
10399;Vaudes;722
10400;Vaupoisson;121
10401;Vendeuvre-sur-Barse;2287
10402;La Vendue-Mignot;243
10403;Vernonvilliers;54
10404;Verpillières-sur-Ource;110
10405;Verricourt;58
10406;Verrières;1854
10408;Viâpres-le-Petit;136
10409;Villacerf;603
10410;Villadin;102
10411;La Ville-aux-Bois;28
10412;Villechétif;946
10414;Villeloup;126
10416;Villemereuil;242
10417;Villemoiron-en-Othe;204
10418;Villemorien;199
10419;Villemoyenne;734
10420;Villenauxe-la-Grande;2645
10421;La Villeneuve-au-Châtelot;147
10422;Villeneuve-au-Chemin;187
10423;La Villeneuve-au-Chêne;403
10424;Villeret;64
10425;Villery;270
10426;Ville-sous-la-Ferté;905
10427;Ville-sur-Arce;201
10428;Ville-sur-Terre;99
10429;Villette-sur-Aube;250
10430;Villiers-Herbisse;82
10431;Villiers-le-Bois;102
10432;Villiers-sous-Praslin;69
10433;Villy-en-Trodes;254
10434;Villy-le-Bois;55
10435;Villy-le-Maréchal;188
10436;Vinets;181
10437;Virey-sous-Bar;596
10438;Vitry-le-Croisé;223
10439;Viviers-sur-Artaut;122
10440;Voigny;141
10441;Vosnon;234
10442;Voué;707
10443;Vougrey;41
10444;Vulaines;225
10445;Yèvres-le-Petit;53
51001;Ablancourt;165
51002;Saint-Martin-d'Ablois;1373
51003;Aigny;282
51004;Allemanche-Launay-et-Soyer;116
51005;Allemant;176
51006;Alliancelles;150
51007;Ambonnay;958
51008;Ambrières;211
51009;Anglure;796
51010;Angluzelles-et-Courcelles;142
51012;Anthenay;70
51013;Aougny;99
51014;Arcis-le-Ponsart;287
51015;Argers;108
51016;Arrigny;239
51017;Arzillières-Neuville;327
51018;Athis;892
51019;Aubérive;254
51020;Aubilly;52
51022;Aulnay-l'Aître;184
51023;Aulnay-sur-Marne;273
51025;Auménancourt;1106
51027;Auve;305
51028;Avenay-Val-d'Or;984
51029;Avize;1760
51030;Aÿ-Champagne;5197
51031;Baconnes;283
51032;Bagneux;412
51033;Le Baizil;260
51034;Bannay;22
51035;Bannes;243
51036;Barbonne-Fayel;490
51037;Baslieux-lès-Fismes;343
51038;Baslieux-sous-Châtillon;178
51039;Bassu;93
51040;Bassuet;243
51041;Baudement;99
51042;Baye;385
51043;Bazancourt;2388
51044;Beaumont-sur-Vesle;776
51045;Beaunay;103
51046;Beine-Nauroy;990
51047;Belval-en-Argonne;44
51048;Belval-sous-Châtillon;168
51049;Bergères-lès-Vertus;581
51050;Bergères-sous-Montmirail;139
51051;Berméricourt;255
51052;Berru;608
51053;Berzieux;73
51054;Bétheniville;1280
51055;Bétheny;7085
51056;Bethon;234
51057;Bettancourt-la-Longue;75
51058;Bezannes;4010
51059;Bignicourt-sur-Marne;371
51060;Bignicourt-sur-Saulx;159
51061;Billy-le-Grand;128
51062;Binarville;91
51065;Blacy;617
51066;Blaise-sous-Arzillières;320
51068;Blesme;200
51069;Bligny;116
51070;Boissy-le-Repos;229
51071;Bouchy-Saint-Genest;205
51072;Bouilly;229
51073;Bouleuse;226
51074;Boult-sur-Suippe;1787
51075;Bourgogne-Fresne;1442
51076;Boursault;420
51077;Bouvancourt;175
51078;Bouy;549
51079;Bouzy;839
51080;Brandonvillers;194
51081;Branscourt;323
51082;Braux-Sainte-Cohière;94
51083;Braux-Saint-Remy;80
51084;Bréban;81
51085;Le Breuil;375
51086;Breuil-sur-Vesle;328
51087;Breuvery-sur-Coole;214
51088;Brimont;452
51089;Brouillet;64
51090;Broussy-le-Grand;314
51091;Broussy-le-Petit;133
51092;Broyes;346
51093;Brugny-Vaudancourt;440
51094;Brusson;183
51095;Le Buisson;87
51097;Bussy-le-Château;178
51098;Bussy-le-Repos;136
51099;Bussy-Lettrée;319
51100;La Caure;103
51101;Caurel;695
51102;Cauroy-lès-Hermonville;493
51103;La Celle-sous-Chantemerle;138
51104;Cernay-en-Dormois;134
51105;Cernay-lès-Reims;1508
51106;Cernon;127
51107;Chaintrix-Bierges;342
51108;Châlons-en-Champagne;43877
51109;Châlons-sur-Vesle;197
51110;Chaltrait;57
51111;Chambrecy;148
51112;Chamery;447
51113;Champaubert;122
51115;Champfleury;586
51116;Champguyon;285
51117;Champigneul-Champagne;320
51118;Champigny;1586
51119;Champillon;507
51120;Champlat-et-Boujacourt;149
51121;Champvoisy;252
51122;Changy;117
51124;Chantemerle;49
51125;Chapelaine;54
51126;La Chapelle-Felcourt;44
51127;La Chapelle-Lasson;86
51128;La Chapelle-sous-Orbais;54
51129;Charleville;254
51130;Charmont;240
51132;Les Charmontois;115
51133;Le Châtelier;63
51134;Châtelraould-Saint-Louvent;246
51135;Châtillon-sur-Broué;81
51136;Châtillon-sur-Marne;618
51137;Châtillon-sur-Morin;212
51138;Châtrices;36
51139;Chaudefontaine;312
51140;Chaumuzy;362
51141;La Chaussée-sur-Marne;770
51142;Chavot-Courcourt;333
51143;Le Chemin;60
51144;Cheminon;595
51145;Chenay;223
51146;Cheniers;115
51147;La Cheppe;323
51148;Cheppes-la-Prairie;144
51149;Chepy;448
51150;Cherville;83
51151;Chichey;171
51152;Chigny-les-Roses;530
51153;Chouilly;1048
51154;Clamanges;220
51155;Clesles;620
51156;Cloyes-sur-Marne;123
51157;Coizard-Joches;84
51158;Val-des-Marais;572
51160;Compertrix;1329
51161;Condé-sur-Marne;746
51162;Conflans-sur-Seine;641
51163;Congy;260
51164;Connantray-Vaurefroy;143
51165;Connantre;1017
51166;Contault;66
51167;Coole;151
51168;Coolus;224
51169;Corbeil;98
51170;Corfélix;110
51171;Cormicy;1509
51172;Cormontreuil;6456
51173;Cormoyeux;127
51174;Corribert;63
51175;Corrobert;209
51176;Corroy;143
51177;Coulommes-la-Montagne;206
51178;Coupetz;81
51179;Coupéville;166
51181;Courcelles-Sapicourt;401
51182;Courcemain;87
51183;Courcy;1246
51184;Courdemanges;385
51185;Courgivaux;281
51186;Courjeonnet;48
51187;Courlandon;295
51188;Courmas;214
51190;Courtagnon;71
51191;Courtémont;61
51192;Courthiézy;345
51193;Courtisols;2353
51194;Courville;459
51195;Couvrot;807
51196;Cramant;871
51197;La Croix-en-Champagne;83
51198;Crugny;667
51199;Cuchery;407
51200;Cuis;369
51201;Cuisles;122
51202;Cumières;745
51203;Cuperly;223
51204;Damery;1335
51205;Dampierre-au-Temple;271
51206;Dampierre-le-Château;115
51208;Dampierre-sur-Moivre;112
51210;Dizy;1489
51211;Dommartin-Dampierre;72
51212;Dommartin-Lettrée;160
51213;Dommartin-sous-Hans;49
51214;Dommartin-Varimont;136
51215;Dompremy;120
51216;Dontrien;258
51217;Dormans;2911
51218;Val-de-Vière;130
51219;Drosnay;204
51220;Drouilly;143
51222;Éclaires;89
51223;Écollemont;60
51224;Écriennes;167
51225;Écueil;334
51226;Écury-le-Repos;59
51227;Écury-sur-Coole;479
51228;Élise-Daucourt;81
51229;Épense;121
51230;Épernay;22001
51231;L'Épine;666
51232;Époye;415
51233;Escardes;66
51234;Esclavolles-Lurey;639
51235;Les Essarts-lès-Sézanne;236
51236;Les Essarts-le-Vicomte;136
51237;Esternay;1808
51238;Étoges;440
51239;Étréchy;104
51240;Étrepy;116
51241;Euvy;78
51242;Fagnières;4876
51243;Faux-Fresnay;317
51244;Faux-Vésigneul;241
51245;Faverolles-et-Coëmy;583
51246;Favresse;221
51247;Fèrebrianges;144
51248;Fère-Champenoise;2170
51249;Festigny;388
51250;Fismes;5803
51251;Flavigny;174
51252;Fleury-la-Rivière;518
51253;Florent-en-Argonne;221
51254;Fontaine-Denis-Nuisy;232
51255;Fontaine-en-Dormois;13
51256;Fontaine-sur-Ay;322
51258;La Forestière;204
51259;Francheville;193
51260;Le Fresne;75
51262;Frignicourt;1769
51263;Fromentières;376
51264;Le Gault-Soigny;502
51265;Gaye;598
51266;Germaine;531
51267;Germigny;180
51268;Germinon;186
51269;Giffaumont-Champaubert;284
51270;Gigny-Bussy;233
51272;Givry-en-Argonne;454
51273;Givry-lès-Loisy;72
51274;Gizaucourt;117
51275;Glannes;186
51276;Gourgançon;145
51277;Sainte-Marie-du-Lac-Nuisement;273
51278;Les Grandes-Loges;281
51279;Granges-sur-Aube;181
51280;Gratreuil;23
51281;Grauves;617
51282;Gueux;1870
51283;Hans;129
51284;Haussignémont;302
51285;Haussimont;138
51286;Hauteville;237
51287;Hautvillers;648
51288;Heiltz-le-Hutier;236
51289;Heiltz-le-Maurupt;437
51290;Heiltz-l'Évêque;279
51291;Hermonville;1398
51292;Herpont;120
51293;Heutrégiville;490
51294;Hourges;81
51295;Huiron;303
51296;Humbauville;75
51298;Igny-Comblizy;441
51299;Isles-sur-Suippe;963
51300;Isle-sur-Marne;93
51301;Isse;105
51302;Les Istres-et-Bury;91
51303;Jâlons;549
51304;Janvilliers;165
51305;Janvry;136
51306;Joiselle;104
51307;Jonchery-sur-Suippe;233
51308;Jonchery-sur-Vesle;1831
51309;Jonquery;114
51310;Jouy-lès-Reims;213
51311;Jussecourt-Minecourt;206
51312;Juvigny;938
51313;Lachy;338
51314;Lagery;234
51315;Landricourt;139
51316;Larzicourt;271
51317;Laval-sur-Tourbe;51
51318;Lavannes;562
51319;Lenharrée;104
51320;Leuvrigny;304
51321;Lhéry;85
51322;Lignon;120
51323;Linthelles;106
51324;Linthes;111
51325;Lisse-en-Champagne;109
51326;Livry-Louvercy;1092
51327;Loisy-en-Brie;173
51328;Loisy-sur-Marne;1118
51329;Loivre;1409
51333;Ludes;685
51334;Luxémont-et-Villotte;453
51336;Maffrécourt;57
51337;Magneux;268
51338;Mailly-Champagne;622
51339;Mairy-sur-Marne;563
51340;Maisons-en-Champagne;543
51341;Malmy;34
51342;Mancy;238
51343;Marcilly-sur-Seine;620
51344;Mardeuil;1469
51345;Mareuil-en-Brie;290
51346;Mareuil-le-Port;1151
51348;Marfaux;107
51349;Margerie-Hancourt;175
51350;Margny;128
51351;Marigny;113
51352;Marolles;827
51353;Marsangis;46
51354;Marson;278
51355;Massiges;46
51356;Matignicourt-Goncourt;153
51357;Matougues;628
51358;Maurupt-le-Montois;556
51359;Mécringes;208
51360;Le Meix-Saint-Epoing;303
51361;Le Meix-Tiercelin;166
51362;Merfy;598
51363;Merlaut;267
51364;Méry-Prémecy;67
51365;Les Mesneux;934
51367;Le Mesnil-sur-Oger;1006
51368;Minaucourt-le-Mesnil-lès-Hurlus;46
51369;Mœurs-Verdey;314
51370;Moiremont;189
51371;Moivre;57
51372;Moncetz-Longevas;554
51373;Moncetz-l'Abbaye;88
51374;Mondement-Montgivroux;26
51375;Montbré;367
51376;Montgenost;155
51377;Montépreux;46
51378;Monthelon;345
51379;Montigny-sur-Vesle;506
51380;Montmirail;3556
51381;Montmort-Lucy;637
51382;Mont-sur-Courville;115
51384;Morangis;380
51386;Morsains;144
51387;Moslins;285
51388;Mourmelon-le-Grand;5073
51389;Mourmelon-le-Petit;807
51390;Moussy;763
51391;Muizon;2086
51392;Mutigny;198
51393;Nanteuil-la-Forêt;298
51395;Nesle-la-Reposte;93
51396;Nesle-le-Repons;136
51397;La Neuville-aux-Bois;136
51398;La Neuville-aux-Larris;188
51399;La Neuville-au-Pont;516
51402;Neuvy;270
51403;Nogent-l'Abbesse;534
51404;Noirlieu;109
51406;Norrois;154
51407;La Noue;392
51409;Nuisement-sur-Coole;385
51410;Œuilly;626
51412;Ognes;60
51413;Oiry;887
51414;Olizy;144
51415;Omey;200
51416;Orbais-l'Abbaye;541
51417;Orconte;368
51418;Ormes;498
51419;Outines;126
51420;Outrepont;79
51421;Oyes;107
51422;Pargny-lès-Reims;485
51423;Pargny-sur-Saulx;1714
51424;Passavant-en-Argonne;192
51425;Passy-Grigny;372
51426;Péas;65
51428;Les Petites-Loges;486
51429;Pévy;216
51430;Pierre-Morains;83
51431;Pierry;1236
51432;Pleurs;827
51433;Plichancourt;248
51434;Plivot;746
51435;Pocancy;178
51436;Pogny;917
51437;Poilly;93
51438;Poix;71
51439;Pomacle;507
51440;Pontfaverger-Moronvilliers;1739
51441;Ponthion;104
51442;Possesse;127
51443;Potangis;117
51444;Pouillon;513
51445;Pourcy;195
51446;Pringy;430
51447;Prosnes;480
51448;Prouilly;549
51449;Prunay;1027
51450;Puisieulx;438
51451;Queudes;83
51452;Rapsécourt;33
51453;Recy;1060
51454;Reims;179380
51455;Reims-la-Brûlée;219
51456;Remicourt;57
51457;Cœur-de-la-Vallée;648
51458;Reuves;60
51459;Réveillon;107
51460;Rieux;195
51461;Rilly-la-Montagne;1014
51463;Les Rivières-Henruel;160
51464;Romain;318
51465;Romery;161
51466;Romigny;214
51468;Rosnay;382
51469;Rouffy;111
51470;Rouvroy-Ripont;3
51471;Sacy;371
51472;Saint-Amand-sur-Fion;1023
51473;Saint-Bon;97
51474;Saint-Brice-Courcelles;3525
51475;Saint-Chéron;62
51476;Saint-Étienne-au-Temple;802
51477;Saint-Étienne-sur-Suippe;342
51478;Saint-Eulien;420
51479;Saint-Euphraise-et-Clairizet;243
51480;Sainte-Gemme;134
51482;Saint-Germain-la-Ville;687
51483;Saint-Gibrien;542
51484;Saint-Gilles;268
51485;Saint-Hilaire-au-Temple;317
51486;Saint-Hilaire-le-Grand;368
51487;Saint-Hilaire-le-Petit;349
51488;Saint-Imoges;319
51489;Saint-Jean-devant-Possesse;30
51490;Saint-Jean-sur-Moivre;198
51491;Saint-Jean-sur-Tourbe;86
51492;Saint-Just-Sauvage;1396
51493;Saint-Léonard;105
51495;Saint-Loup;73
51496;Saint-Lumier-en-Champagne;267
51497;Saint-Lumier-la-Populeuse;41
51498;Saint-Mard-sur-Auve;64
51499;Saint-Mard-lès-Rouffy;156
51500;Saint-Mard-sur-le-Mont;114
51501;Sainte-Marie-à-Py;195
51502;Saint-Martin-aux-Champs;110
51503;Saint-Martin-l'Heureux;82
51504;Saint-Martin-sur-le-Pré;797
51505;Saint-Masmes;510
51506;Saint-Memmie;5434
51507;Sainte-Menehould;4165
51508;Saint-Ouen-Domprot;202
51509;Saint-Pierre;306
51510;Saint-Quentin-les-Marais;119
51511;Saint-Quentin-le-Verger;113
51512;Saint-Quentin-sur-Coole;101
51513;Saint-Remy-en-Bouzemont-Saint-Genest-et-Isson;491
51514;Saint-Remy-sous-Broyes;110
51515;Saint-Remy-sur-Bussy;334
51516;Saint-Saturnin;47
51517;Saint-Souplet-sur-Py;123
51518;Saint-Thierry;602
51519;Saint-Thomas-en-Argonne;38
51520;Saint-Utin;74
51521;Saint-Vrain;224
51522;Sapignicourt;408
51523;Sarcy;268
51524;Saron-sur-Aube;280
51525;Sarry;2011
51526;Saudoy;390
51527;Savigny-sur-Ardres;261
51528;Scrupt;124
51529;Selles;437
51530;Sept-Saulx;686
51531;Sermaize-les-Bains;1760
51532;Sermiers;567
51533;Servon-Melzicourt;95
51534;Serzy-et-Prin;211
51535;Sézanne;4783
51536;Sillery;1836
51537;Sivry-Ante;177
51538;Sogny-aux-Moulins;111
51539;Sogny-en-l'Angle;79
51542;Soizy-aux-Bois;190
51543;Somme-Bionne;69
51544;Sommepy-Tahure;650
51545;Sommesous;477
51546;Somme-Suippe;507
51547;Somme-Tourbe;139
51548;Somme-Vesle;348
51549;Somme-Yèvre;116
51550;Sompuis;265
51551;Somsois;196
51552;Songy;269
51553;Souain-Perthes-lès-Hurlus;258
51555;Soudé;154
51556;Soudron;295
51557;Soulanges;461
51558;Soulières;141
51559;Suippes;3889
51560;Suizy-le-Franc;106
51562;Taissy;2187
51563;Talus-Saint-Prix;102
51564;Val de Livre;598
51565;Thaas;102
51566;Thibie;291
51567;Thiéblemont-Farémont;511
51568;Thil;312
51569;Thillois;511
51570;Le Thoult-Trosnay;106
51571;Val-de-Vesle;965
51572;Tilloy-et-Bellay;233
51573;Tinqueux;10552
51574;Togny-aux-Bœufs;138
51576;Tours-sur-Marne;1382
51577;Tramery;152
51578;Trécon;92
51579;Tréfols;178
51580;Trépail;443
51581;Treslon;261
51582;Trigny;588
51583;Trois-Fontaines-l'Abbaye;193
51584;Trois-Puits;151
51585;Troissy;782
51586;Unchair;186
51587;Vadenay;233
51588;Valmy;261
51589;Vanault-le-Châtel;168
51590;Vanault-les-Dames;370
51591;Vandeuil;165
51592;Vandières;297
51594;Vassimont-et-Chapelaine;62
51595;Vatry;150
51596;Vauchamps;350
51597;Vauciennes;330
51598;Vauclerc;493
51599;Vaudemange;336
51600;Vaudesincourt;101
51601;Vavray-le-Grand;164
51602;Vavray-le-Petit;63
51603;Vélye;225
51604;Ventelay;253
51605;Venteuil;504
51607;Verdon;199
51608;Vernancourt;82
51609;Verneuil;841
51610;Verrières;390
51611;Vert-Toulon;289
51612;Blancs-Coteaux;3182
51613;Verzenay;1015
51614;Verzy;955
51616;Vésigneul-sur-Marne;232
51617;La Veuve;601
51618;Le Vézier;187
51619;Le Vieil-Dampierre;109
51620;Vienne-la-Ville;166
51621;Vienne-le-Château;514
51622;Ville-Dommange;404
51623;Ville-en-Selve;291
51624;Ville-en-Tardenois;649
51625;Villeneuve-la-Lionne;278
51626;La Villeneuve-lès-Charleville;120
51627;Villeneuve-Renneville-Chevigny;324
51628;Villeneuve-Saint-Vistre-et-Villevotte;121
51629;Villers-Allerand;935
51630;Villers-aux-Bois;329
51631;Villers-aux-Nœuds;296
51632;Villers-en-Argonne;221
51633;Villers-Franqueux;299
51634;Villers-le-Château;295
51635;Villers-le-Sec;108
51636;Villers-Marmery;557
51638;Villeseneux;202
51639;La Ville-sous-Orbais;39
51640;Ville-sur-Tourbe;211
51641;Villevenard;195
51642;Villiers-aux-Corneilles;109
51643;Vinay;540
51644;Vincelles;320
51645;Vindey;108
51646;Virginy;82
51647;Vitry-en-Perthois;837
51648;Vitry-la-Ville;378
51649;Vitry-le-François;11454
51650;Voilemont;47
51652;Vouarces;58
51654;Vouillers;255
51655;Vouzy;294
51656;Vraux;461
51657;Vrigny;245
51658;Vroil;104
51659;Wargemoulin-Hurlus;46
51660;Warmeriville;2669
51662;Witry-lès-Reims;4940
51663;Magenta;1693
52001;Ageville;314
52002;Aigremont;26
52003;Aillianville;144
52004;Aingoulaincourt;9
52005;Aizanville;30
52006;Allichamps;359
52007;Ambonville;88
52008;Andelot-Blancheville;862
52009;Andilly-en-Bassigny;105
52011;Annéville-la-Prairie;94
52012;Annonville;29
52013;Anrosey;123
52014;Aprey;190
52015;Arbigny-sous-Varennes;83
52016;Arbot;67
52017;Arc-en-Barrois;705
52019;Arnancourt;86
52021;Attancourt;276
52022;Aubepierre-sur-Aube;183
52023;Auberive;147
52025;Audeloncourt;83
52027;Aujeurres;68
52028;Aulnoy-sur-Aube;55
52029;Autigny-le-Grand;131
52030;Autigny-le-Petit;53
52031;Autreville-sur-la-Renne;365
52033;Avrecourt;108
52034;Bailly-aux-Forges;139
52035;Baissey;176
52037;Bannes;366
52038;Bassoncourt;63
52039;Baudrecourt;85
52040;Bay-sur-Aube;49
52042;Beauchemin;109
52043;Belmont;51
52044;Roches-Bettaincourt;537
52045;Bettancourt-la-Ferrée;1795
52047;Beurville;102
52050;Biesles;1325
52051;Bize;80
52053;Blaisy;66
52055;Blécourt;119
52056;Blessonville;180
52057;Blumeray;101
52058;Bologne;1821
52059;Bonnecourt;143
52060;Bourbonne-les-Bains;1969
52061;Bourdons-sur-Rognon;293
52062;Bourg;158
52063;Bourg-Sainte-Marie;89
52064;Bourmont-entre-Meuse-et-Mouzon;759
52065;Bouzancourt;68
52066;Brachay;66
52067;Brainville-sur-Meuse;69
52069;Braux-le-Châtel;132
52070;Brennes;119
52072;Brethenay;382
52074;Breuvannes-en-Bassigny;672
52075;Briaucourt;172
52076;Bricon;424
52079;Brousseval;632
52082;Bugnières;155
52083;Champsevraine;729
52084;Busson;42
52085;Buxières-lès-Clefmont;26
52087;Buxières-lès-Villiers;209
52088;Ceffonds;659
52089;Celles-en-Bassigny;70
52090;Celsoy;96
52091;Cerisières;85
52092;Chalancey;110
52093;Chalindrey;2377
52094;Vals-des-Tilles;181
52095;Chalvraines;192
52097;Chambroncourt;49
52099;Chamouilley;744
52101;Champigneulles-en-Bassigny;39
52102;Champigny-lès-Langres;410
52103;Champigny-sous-Varennes;126
52104;Chancenay;1016
52105;Changey;293
52106;Chanoy;123
52107;Chantraines;208
52108;Charmes;148
52109;Charmes-en-l'Angle;6
52110;Charmes-la-Grande;158
52113;Chassigny;251
52114;Châteauvillain;1543
52115;Chatenay-Mâcheron;95
52116;Chatenay-Vaudin;47
52118;Chatonrupt-Sommermont;271
52119;Chaudenay;342
52120;Chauffourt;180
52121;Chaumont;21698
52122;Chaumont-la-Ville;120
52123;Chevillon;1312
52124;Chézeaux;76
52125;Chamarandes-Choignes;1029
52126;Choilley-Dardenay;155
52127;Choiseul;78
52128;Cirey-lès-Mareilles;149
52129;Cirey-sur-Blaise;113
52130;Cirfontaines-en-Azois;187
52131;Cirfontaines-en-Ornois;82
52132;Clefmont;158
52133;Clinchamp;70
52134;Cohons;214
52135;Coiffy-le-Bas;85
52136;Coiffy-le-Haut;105
52137;Colmier-le-Bas;22
52138;Colmier-le-Haut;64
52140;Colombey les Deux Églises;679
52141;Condes;294
52142;Consigny;74
52145;Coublanc;119
52146;Coupray;164
52147;Courcelles-en-Montagne;91
52149;Courcelles-sur-Blaise;88
52151;Cour-l'Évêque;146
52155;Culmont;524
52156;Curel;406
52157;Curmont;10
52158;Cusey;282
52159;Cuves;25
52160;Daillancourt;61
52161;Daillecourt;72
52162;Dammartin-sur-Meuse;200
52163;Dampierre;387
52164;Damrémont;196
52165;Dancevoir;197
52167;Darmannes;252
52168;Dinteville;64
52169;Domblain;79
52170;Dommarien;171
52171;Dommartin-le-Franc;240
52172;Dommartin-le-Saint-Père;282
52173;Domremy-Landéville;75
52174;Doncourt-sur-Meuse;38
52175;Donjeux;381
52177;Doulaincourt-Saucourt;774
52178;Doulevant-le-Château;364
52179;Doulevant-le-Petit;17
52181;Échenay;91
52182;Éclaron-Braucourt-Sainte-Livière;2014
52183;Ecot-la-Combe;41
52184;Effincourt;57
52185;Enfonvelle;68
52187;Épizon;158
52189;Le Val-d'Esnoms;386
52190;Esnouveaux;297
52193;Euffigneix;298
52194;Eurville-Bienville;2029
52195;Farincourt;34
52196;Faverolles;95
52197;Fayl-Billot;1284
52198;Fays;64
52199;Ferrière-et-Lafolie;52
52200;Flagey;72
52201;Flammerécourt;70
52203;Fontaines-sur-Marne;147
52204;Forcey;62
52205;Foulain;689
52206;Frampas;155
52207;Frécourt;92
52208;Fresnes-sur-Apance;155
52211;Froncles;1387
52212;Fronville;305
52213;Genevrières;125
52214;La Genevroye;29
52216;Germaines;52
52217;Germainvilliers;85
52218;Germay;49
52219;Germisay;17
52220;Giey-sur-Aujon;143
52221;Gillancourt;122
52222;Gillaumé;32
52223;Gilley;66
52227;Graffigny-Chemin;202
52228;Grandchamp;74
52229;Grenant;151
52230;Gudmont-Villiers;283
52231;Guindrecourt-aux-Ormes;92
52232;Guindrecourt-sur-Blaise;59
52233;Guyonvelle;95
52234;Hâcourt;41
52235;Hallignicourt;245
52237;Harréville-les-Chanteurs;270
52240;Heuilley-le-Grand;190
52242;Haute-Amance;967
52243;Huilliécourt;124
52244;Humbécourt;748
52245;Humberville;59
52246;Humes-Jorquenay;584
52247;Illoud;202
52248;Is-en-Bassigny;541
52249;Isômes;147
52250;Joinville;2972
52251;Jonchery;971
52253;Juzennecourt;205
52254;Lachapelle-en-Blaisy;88
52256;Lafauche;74
52257;Laferté-sur-Amance;106
52258;Laferté-sur-Aube;307
52260;Lamancine;123
52264;Laneuvelle;59
52265;Bayard-sur-Marne;1277
52266;Laneuville-à-Rémy;64
52267;Laneuville-au-Pont;229
52269;Langres;7697
52271;Lanques-sur-Rognon;206
52272;Lanty-sur-Aube;114
52273;Larivière-Arnoncourt;123
52274;Latrecey-Ormoy-sur-Aube;281
52275;Lavernoy;73
52276;Laville-aux-Bois;231
52277;Lavilleneuve;58
52278;Lavilleneuve-au-Roi;65
52280;Lecey;195
52282;Leffonds;335
52284;Leschères-sur-le-Blaiseron;89
52285;Leuchey;73
52286;Leurville;72
52287;Levécourt;90
52288;Lezéville;112
52289;Liffol-le-Petit;317
52290;Les Loges;125
52291;Longchamp;58
52292;Longeau-Percey;704
52294;Louvemont;693
52295;Louvières;92
52297;Luzy-sur-Marne;278
52298;Maâtz;71
52300;Magneux;157
52301;Maisoncelles;61
52302;Maizières;186
52303;Maizières-sur-Amance;95
52304;Malaincourt-sur-Meuse;48
52305;Mandres-la-Côte;560
52306;Manois;454
52307;Marac;210
52308;Maranville;399
52310;Marbéville;99
52311;Marcilly-en-Bassigny;225
52312;Mardor;56
52313;Mareilles;139
52315;Marnay-sur-Marne;344
52316;Mathons;68
52318;Melay;246
52319;Mennouveaux;66
52320;Merrey;90
52321;Mertrud;179
52322;Meures;130
52325;Millières;117
52326;Mirbel;38
52327;Moëslains;456
52328;Montcharvot;36
52330;Montheries;67
52331;La Porte du Der;2169
52332;Val-de-Meuse;1812
52335;Montot-sur-Rognon;111
52336;Montreuil-sur-Blaise;134
52337;Montreuil-sur-Thonnance;60
52341;Morancourt;129
52342;Morionvilliers;24
52344;Mouilleron;28
52346;Mussey-sur-Marne;385
52347;Narcy;221
52348;Neuilly-l'Évêque;580
52349;Neuilly-sur-Suize;297
52350;Neuvelle-lès-Voisey;66
52352;Ninville;62
52353;Nogent;3548
52354;Noidant-Chatenoy;81
52355;Noidant-le-Rocheux;155
52356;Nomécourt;111
52357;Noncourt-sur-le-Rongeant;174
52358;Noyers;94
52359;Nully;143
52360;Occey;167
52362;Orbigny-au-Mont;137
52363;Orbigny-au-Val;98
52364;Orcevaux;99
52365;Orges;343
52366;Ormancey;75
52367;Ormoy-lès-Sexfontaines;41
52369;Orquevaux;67
52370;Osne-le-Val;255
52371;Oudincourt;137
52372;Outremécourt;80
52373;Ozières;30
52374;Le Pailly;269
52375;Palaiseul;52
52376;Pansey;101
52377;Parnoy-en-Bassigny;286
52378;Paroy-sur-Saulx;44
52380;Peigney;391
52383;Perrancey-les-Vieux-Moulins;294
52384;Perrogney-les-Fontaines;112
52385;Perrusse;29
52386;Perthes;503
52388;Pierremont-sur-Amance;151
52390;Pisseloup;60
52391;Planrupt;310
52392;Plesnoy;113
52393;Poinsenot;56
52394;Poinson-lès-Fayl;209
52395;Poinson-lès-Grancey;57
52396;Poinson-lès-Nogent;139
52397;Poiseul;69
52398;Poissons;616
52399;Pont-la-Ville;97
52400;Le Châtelet-sur-Meuse;156
52401;Poulangy;355
52403;Praslay;81
52405;Le Montsaugeonnais;1139
52406;Pressigny;199
52407;Prez-sous-Lafauche;275
52411;Rives Dervoises;1314
52413;Rachecourt-Suzémont;106
52414;Rachecourt-sur-Marne;750
52415;Rançonnières;123
52416;Rangecourt;62
52419;Rennepont;123
52420;Reynel;129
52421;Riaucourt;432
52422;Richebourg;254
52423;Rimaucourt;633
52424;Rivières-le-Bois;69
52425;Rivière-les-Fosses;188
52426;Rizaucourt-Buchey;129
52428;Rochefort-sur-la-Côte;64
52429;Roches-sur-Marne;574
52431;Rochetaillée;160
52432;Rolampont;1380
52433;Romain-sur-Meuse;87
52436;Rouécourt;49
52437;Rouelles;25
52438;Rougeux;111
52439;Rouvres-sur-Aube;69
52440;Rouvroy-sur-Marne;371
52442;Rupt;346
52443;Sailly;33
52444;Saint-Blin;339
52445;Saint-Broingt-le-Bois;69
52446;Saint-Broingt-les-Fosses;235
52447;Saint-Ciergues;180
52448;Saint-Dizier;23067
52449;Saints-Geosmes;1096
52450;Saint-Loup-sur-Aujon;126
52452;Saint-Martin-lès-Langres;106
52453;Saint-Maurice;128
52455;Saint-Thiébault;241
52456;Saint-Urbain-Maconcourt;616
52457;Saint-Vallier-sur-Marne;173
52459;Sarcey;103
52461;Sarrey;376
52463;Saudron;42
52464;Saulles;51
52465;Saulxures;131
52467;Savigny;58
52468;Semilly;104
52469;Semoutiers-Montsaon;723
52470;Serqueux;367
52472;Sexfontaines;143
52473;Signéville;89
52474;Silvarouvres;33
52475;Sommancourt;56
52476;Sommerécourt;78
52479;Sommevoire;648
52480;Soncourt-sur-Marne;341
52482;Soulaucourt-sur-Mouzon;96
52483;Soyers;68
52484;Suzannecourt;360
52486;Ternat;61
52487;Thilleux;63
52488;Thivet;274
52489;Thol-lès-Millières;33
52490;Thonnance-lès-Joinville;685
52491;Thonnance-les-Moulins;110
52492;Torcenay;553
52493;Tornay;29
52494;Treix;212
52495;Trémilly;83
52497;Troisfontaines-la-Ville;433
52499;Vaillant;44
52500;Valcourt;618
52502;Valleret;67
52503;Valleroy;25
52504;Varennes-sur-Amance;258
52505;Vaudrecourt;33
52506;Vaudrémont;86
52507;Vauxbons;54
52510;Vaux-sur-Blaise;357
52511;Vaux-sur-Saint-Urbain;53
52512;Vecqueville;508
52513;Velles;60
52514;Verbiesles;332
52515;Verseilles-le-Bas;108
52516;Verseilles-le-Haut;50
52517;Vesaignes-sous-Lafauche;128
52518;Vesaignes-sur-Marne;101
52519;Vesvres-sous-Chalancey;46
52520;Vicq;156
52522;Viéville;335
52523;Vignes-la-Côte;69
52524;Vignory;224
52525;Villars-en-Azois;66
52526;Villars-Santenoge;77
52528;Ville-en-Blaisois;145
52529;Villegusien-le-Lac;987
52534;Villiers-en-Lieu;1476
52535;Villiers-le-Sec;727
52536;Villiers-lès-Aprey;46
52538;Villiers-sur-Suize;260
52539;Violot;65
52540;Vitry-en-Montagne;25
52541;Vitry-lès-Nogent;212
52542;Vivey;51
52543;Voillecomte;515
52544;Voisey;276
52545;Voisines;107
52546;Voncourt;16
52547;Vouécourt;206
52548;Vraincourt;88
52549;Vroncourt-la-Côte;28
52550;Wassy;2777
54001;Abaucourt;316
54002;Abbéville-lès-Conflans;236
54003;Aboncourt;91
54004;Affléville;179
54005;Affracourt;112
54006;Agincourt;449
54007;Aingeray;537
54008;Allain;491
54009;Allamont;162
54010;Allamps;496
54011;Allondrelle-la-Malmaison;641
54012;Amance;357
54013;Amenoncourt;86
54014;Ancerviller;252
54015;Anderny;256
54016;Andilly;286
54017;Angomont;73
54018;Anoux;272
54019;Ansauville;76
54020;Anthelupt;443
54021;Armaucourt;235
54022;Arnaville;557
54023;Arracourt;249
54024;Arraye-et-Han;366
54025;Art-sur-Meurthe;1660
54026;Athienville;171
54027;Atton;883
54028;Auboué;2652
54029;Audun-le-Roman;2471
54030;Autrepierre;79
54031;Autreville-sur-Moselle;263
54032;Autrey;192
54033;Avillers;134
54034;Avrainville;215
54035;Avricourt;387
54036;Avril;1199
54037;Azelot;421
54038;Azerailles;757
54039;Baccarat;4128
54040;Badonviller;1570
54041;Bagneux;135
54042;Bainville-aux-Miroirs;275
54043;Bainville-sur-Madon;1448
54044;Barbas;199
54045;Barbonville;429
54046;Barisey-au-Plain;393
54047;Barisey-la-Côte;263
54048;Les Baroches;336
54049;Baslieux;524
54050;Bathelémont;68
54051;Batilly;1300
54052;Battigny;151
54053;Bauzemont;155
54054;Bayon;1535
54055;Bayonville-sur-Mad;329
54056;Bazailles;146
54057;Beaumont;71
54058;Béchamps;84
54059;Belleau;749
54060;Belleville;1493
54061;Bénaménil;589
54062;Benney;647
54063;Bernécourt;173
54064;Bertrambois;316
54065;Bertrichamps;1076
54066;Bettainvillers;397
54067;Beuveille;773
54068;Beuvezin;89
54069;Beuvillers;500
54070;Bey-sur-Seille;181
54071;Bezange-la-Grande;163
54072;Bezaumont;260
54073;Bicqueley;927
54074;Bienville-la-Petite;37
54075;Bionville;115
54076;Blainville-sur-l'Eau;3927
54077;Blâmont;1049
54078;Blémerey;54
54079;Blénod-lès-Pont-à-Mousson;4644
54080;Blénod-lès-Toul;1031
54081;Boismont;416
54082;Boncourt;171
54083;Bonviller;178
54084;Mont-Bonvillers;942
54085;Borville;86
54086;Boucq;355
54087;Bouillonville;147
54088;Bouvron;226
54089;Bouxières-aux-Chênes;1409
54090;Bouxières-aux-Dames;4133
54091;Bouxières-sous-Froidmont;409
54092;Bouzanville;63
54093;Brainville;169
54094;Bralleville;173
54095;Bratte;47
54096;Bréhain-la-Ville;444
54097;Bréménil;96
54098;Brémoncourt;165
54099;Val de Briey;7996
54100;Brin-sur-Seille;780
54101;Brouville;125
54102;Bruley;617
54103;Bruville;220
54104;Buissoncourt;255
54105;Bulligny;528
54106;Bures;63
54107;Buriville;72
54108;Burthecourt-aux-Chênes;149
54109;Ceintrey;931
54110;Cerville;550
54111;Chaligny;2782
54112;Chambley-Bussières;716
54113;Champenoux;1561
54114;Champey-sur-Moselle;320
54115;Champigneulles;6593
54116;Chanteheux;2136
54117;Chaouilley;114
54118;Charency-Vezin;607
54119;Charey;89
54120;Charmes-la-Côte;326
54121;Charmois;193
54122;Chaudeney-sur-Moselle;727
54123;Chavigny;1702
54124;Chazelles-sur-Albe;47
54125;Chenevières;485
54126;Chenicourt;218
54127;Chenières;610
54128;Choloy-Ménillot;706
54129;Cirey-sur-Vezouze;1587
54130;Clayeures;175
54131;Clémery;494
54132;Clérey-sur-Brenon;56
54133;Coincourt;113
54134;Colmey;240
54135;Colombey-les-Belles;1434
54136;Conflans-en-Jarnisy;2366
54137;Cons-la-Grandville;518
54138;Cosnes-et-Romain;2775
54139;Courbesseaux;381
54140;Courcelles;89
54141;Coyviller;153
54142;Crantenoy;151
54143;Crépey;384
54144;Crévéchamps;364
54145;Crévic;953
54146;Crézilles;292
54147;Crion;109
54148;Croismare;639
54149;Crusnes;1561
54150;Custines;3101
54151;Cutry;1053
54152;Damelevières;3110
54153;Dampvitoux;55
54154;Deneuvre;469
54155;Deuxville;395
54156;Diarville;473
54157;Dieulouard;4657
54158;Dolcourt;144
54159;Dombasle-sur-Meurthe;9633
54160;Domèvre-en-Haye;405
54161;Domèvre-sur-Vezouze;315
54162;Domgermain;1148
54163;Domjevin;262
54164;Dommarie-Eulmont;82
54165;Dommartemont;570
54166;Dommartin-la-Chaussée;29
54167;Dommartin-lès-Toul;1934
54168;Dommartin-sous-Amance;302
54169;Domprix;98
54170;Domptail-en-l'Air;71
54171;Doncourt-lès-Conflans;1136
54172;Doncourt-lès-Longuyon;291
54173;Drouville;222
54174;Écrouves;4442
54175;Einvaux;361
54176;Einville-au-Jard;1081
54177;Emberménil;251
54178;Épiez-sur-Chiers;199
54179;Éply;301
54180;Erbéviller-sur-Amezule;68
54181;Errouville;681
54182;Essey-et-Maizerais;315
54183;Essey-la-Côte;74
54184;Essey-lès-Nancy;8781
54185;Étreval;59
54186;Eulmont;1112
54187;Euvezin;109
54188;Faulx;1374
54189;Favières;590
54190;Fécocourt;108
54191;Fenneviller;104
54192;Ferrières;327
54193;Fey-en-Haye;64
54194;Fillières;518
54195;Flainval;174
54196;Flavigny-sur-Moselle;1694
54197;Fléville-devant-Nancy;2201
54198;Fléville-Lixières;302
54199;Flin;387
54200;Flirey;161
54201;Fontenoy-la-Joûte;311
54202;Fontenoy-sur-Moselle;370
54203;Forcelles-Saint-Gorgon;149
54204;Forcelles-sous-Gugney;89
54205;Foug;2616
54206;Fraimbois;379
54207;Fraisnes-en-Saintois;89
54208;Francheville;291
54209;Franconville;64
54210;Fréménil;218
54211;Frémonville;202
54212;Fresnois-la-Montagne;410
54213;Friauville;373
54214;Frolois;709
54215;Frouard;6511
54216;Froville;123
54217;Gélacourt;177
54218;Gélaucourt;50
54219;Gellenoncourt;82
54220;Gémonville;75
54221;Gerbécourt-et-Haplemont;238
54222;Gerbéviller;1320
54223;Germiny;197
54224;Germonville;125
54225;Gézoncourt;181
54226;Gibeaumeix;174
54227;Giraumont;1359
54228;Giriviller;70
54229;Glonville;367
54230;Gogney;55
54231;Gondrecourt-Aix;181
54232;Gondreville;2647
54233;Gondrexon;33
54234;Gorcy;2964
54235;Goviller;425
54236;Grand-Failly;367
54237;Grimonviller;103
54238;Gripport;272
54239;Griscourt;139
54240;Grosrouvres;52
54241;Gugney;71
54242;Gye;279
54243;Hablainville;221
54244;Hagéville;109
54245;Haigneville;64
54246;Halloville;63
54247;Hammeville;184
54248;Hamonville;100
54249;Hannonville-Suzémont;250
54250;Haraucourt;732
54251;Harbouey;131
54252;Haroué;508
54253;Hatrize;773
54254;Haucourt-Moulaine;3458
54255;Haudonville;83
54256;Haussonville;313
54257;Heillecourt;5377
54258;Hénaménil;146
54259;Herbéviller;221
54260;Hériménil;920
54261;Herserange;4252
54262;Hoéville;202
54263;Homécourt;6246
54264;Houdelmont;345
54265;Houdemont;2076
54266;Houdreville;393
54268;Housséville;135
54269;Hudiviller;331
54270;Hussigny-Godbrange;3879
54271;Igney;116
54272;Jaillon;465
54273;Jarny;8130
54274;Jarville-la-Malgrange;9374
54275;Jaulny;180
54276;Jeandelaincourt;785
54277;Jeandelize;370
54278;Jevoncourt;100
54279;Jezainville;1004
54280;Jœuf;6559
54281;Jolivet;890
54282;Joppécourt;157
54283;Jouaville;283
54284;Joudreville;1114
54285;Juvrecourt;49
54286;Labry;1575
54287;Lachapelle;263
54288;Lagney;496
54289;Laître-sous-Amance;359
54290;Laix;210
54291;Lalœuf;295
54292;Lamath;181
54293;Landécourt;84
54294;Landremont;140
54295;Landres;981
54296;Laneuvelotte;436
54297;Laneuveville-aux-Bois;301
54298;Laneuveville-derrière-Foug;155
54299;Laneuveville-devant-Bayon;228
54300;Laneuveville-devant-Nancy;6551
54301;Lanfroicourt;128
54302;Lantéfontaine;737
54303;Laronxe;364
54304;Laxou;14671
54305;Lay-Saint-Christophe;2370
54306;Lay-Saint-Remy;337
54307;Lebeuville;158
54308;Leintrey;147
54309;Lemainville;406
54310;Leménil-Mitry;2
54311;Lenoncourt;591
54312;Lesménils;494
54313;Létricourt;229
54314;Lexy;3874
54315;Leyr;906
54316;Limey-Remenauville;306
54317;Lironville;132
54318;Liverdun;5694
54320;Loisy;323
54321;Longlaville;2374
54322;Longuyon;5190
54323;Longwy;15191
54324;Lorey;85
54325;Loromontzey;78
54326;Lubey;217
54327;Lucey;622
54328;Ludres;6081
54329;Lunéville;17755
54330;Lupcourt;420
54331;Magnières;278
54332;Maidières;1512
54333;Mailly-sur-Seille;246
54334;Mairy-Mainville;557
54335;Maixe;407
54336;Maizières;903
54337;Malavillers;129
54338;Malleloy;992
54339;Malzéville;7927
54340;Mamey;337
54343;Mandres-aux-Quatre-Tours;194
54344;Mangonville;211
54345;Manoncourt-en-Vermois;337
54346;Manoncourt-en-Woëvre;250
54348;Manonville;238
54349;Manonviller;167
54350;Marainviller;701
54351;Marbache;1677
54352;Maron;833
54353;Mars-la-Tour;895
54354;Marthemont;51
54355;Martincourt;91
54356;Mattexey;64
54357;Maxéville;9920
54358;Mazerulles;285
54359;Méhoncourt;246
54360;Ménil-la-Tour;337
54362;Mercy-le-Bas;1280
54363;Mercy-le-Haut;271
54364;Méréville;1288
54365;Merviller;326
54366;Messein;1987
54367;Mexy;2288
54368;Mignéville;173
54369;Millery;604
54370;Minorville;224
54371;Moineville;1076
54372;Moivrons;527
54373;Moncel-lès-Lunéville;613
54374;Moncel-sur-Seille;529
54375;Montauville;1086
54376;Montenoy;402
54377;Montigny;156
54378;Montigny-sur-Chiers;471
54379;Mont-l'Étroit;93
54380;Mont-le-Vignoble;417
54381;Montreux;53
54382;Mont-Saint-Martin;9202
54383;Mont-sur-Meurthe;1136
54385;Morfontaine;1078
54386;Moriviller;93
54387;Morville-sur-Seille;161
54388;Mouacourt;72
54389;Mouaville;102
54390;Mousson;102
54391;Moutiers;1579
54392;Moutrot;312
54393;Moyen;527
54394;Murville;241
54395;Nancy;104259
54396;Neufmaisons;216
54397;Neuves-Maisons;6618
54398;Neuviller-lès-Badonviller;94
54399;Neuviller-sur-Moselle;252
54400;Nomeny;1135
54401;Nonhigny;126
54402;Norroy-le-Sec;415
54403;Norroy-lès-Pont-à-Mousson;1173
54404;Noviant-aux-Prés;250
54405;Ochey;523
54406;Ogéviller;277
54407;Ognéville;93
54408;Olley;224
54409;Omelmont;191
54410;Onville;517
54411;Ormes-et-Ville;220
54412;Othe;39
54413;Ozerailles;149
54414;Pagney-derrière-Barine;652
54415;Pagny-sur-Moselle;4003
54416;Pannes;177
54417;Parey-Saint-Césaire;244
54418;Parroy;175
54419;Parux;74
54420;Petit-Failly;91
54421;Petitmont;310
54422;Pettonville;67
54423;Pexonne;334
54424;Phlin;43
54425;Piennes;2460
54426;Pierre-la-Treiche;474
54427;Pierre-Percée;94
54428;Pierrepont;839
54429;Pierreville;297
54430;Pompey;4836
54431;Pont-à-Mousson;14337
54432;Pont-Saint-Vincent;1793
54433;Port-sur-Seille;226
54434;Praye;250
54435;Prény;365
54436;Preutin-Higny;158
54437;Pulligny;1146
54438;Pulney;53
54439;Pulnoy;5143
54440;Puxe;116
54441;Puxieux;225
54442;Quevilloncourt;95
54443;Raon-lès-Leau;38
54444;Raucourt;230
54445;Raville-sur-Sânon;102
54446;Réchicourt-la-Petite;64
54447;Réclonville;72
54449;Rehainviller;1051
54450;Reherrey;148
54451;Réhon;3792
54452;Reillon;73
54453;Rembercourt-sur-Mad;156
54455;Remenoville;156
54456;Réméréville;623
54457;Remoncourt;41
54458;Repaix;112
54459;Richardménil;2335
54460;Rogéville;155
54461;Romain;68
54462;Rosières-aux-Salines;2832
54463;Rosières-en-Haye;238
54464;Rouves;104
54465;Roville-devant-Bayon;751
54466;Royaumeix;406
54467;Rozelieures;185
54468;Saffais;109
54469;Saint-Ail;409
54470;Saint-Baussant;70
54471;Saint-Boingt;72
54472;Saint-Clément;850
54473;Saint-Firmin;288
54474;Sainte-Geneviève;192
54475;Saint-Germain;154
54476;Saint-Jean-lès-Longuyon;411
54477;Saint-Julien-lès-Gorze;162
54478;Saint-Marcel;150
54479;Saint-Mard;100
54480;Saint-Martin;55
54481;Saint-Maurice-aux-Forges;98
54482;Saint-Max;10072
54483;Saint-Nicolas-de-Port;7364
54484;Sainte-Pôle;181
54485;Saint-Pancré;307
54486;Saint-Remimont;334
54487;Saint-Rémy-aux-Bois;64
54488;Saint-Sauveur;37
54489;Saint-Supplet;151
54490;Saizerais;1460
54491;Sancy;349
54492;Sanzey;158
54493;Saulnes;2311
54494;Saulxerotte;99
54495;Saulxures-lès-Nancy;4285
54496;Saulxures-lès-Vannes;374
54497;Saxon-Sion;87
54498;Seichamps;5141
54499;Seicheprey;111
54500;Selaincourt;179
54501;Seranville;100
54502;Serres;245
54504;Serrouville;665
54505;Sexey-aux-Forges;729
54507;Sionviller;99
54508;Sivry;238
54509;Sommerviller;991
54510;Sornéville;298
54511;Sponville;111
54512;Tanconville;106
54513;Tantonville;653
54514;Tellancourt;630
54515;Thélod;248
54516;They-sous-Vaudemont;18
54517;Thézey-Saint-Martin;202
54518;Thiaucourt-Regniéville;1117
54519;Thiaville-sur-Meurthe;594
54520;Thiébauménil;381
54521;Thil;1987
54522;Thorey-Lyautey;129
54523;Thuilley-aux-Groseilles;420
54524;Thumeréville;95
54525;Tiercelet;645
54526;Tomblaine;9018
54527;Tonnoy;657
54528;Toul;15849
54529;Tramont-Émy;28
54530;Tramont-Lassus;89
54531;Tramont-Saint-André;61
54532;Tremblecourt;160
54533;Trieux;2638
54534;Trondes;521
54535;Tronville;196
54536;Tucquegnieux;2430
54537;Ugny;689
54538;Uruffe;368
54539;Vacqueville;226
54540;Val-et-Châtillon;562
54541;Valhey;161
54542;Valleroy;2334
54543;Vallois;134
54544;Vandelainville;140
54545;Vandeléville;211
54546;Vandières;935
54547;Vandœuvre-lès-Nancy;29536
54548;Vannes-le-Châtel;518
54549;Varangéville;3578
54550;Vathiménil;318
54551;Vaucourt;60
54552;Vaudémont;66
54553;Vaudeville;153
54554;Vaudigny;80
54555;Vaxainville;85
54556;Vého;109
54557;Bois-de-Haye;2350
54558;Velaine-sous-Amance;282
54559;Velle-sur-Moselle;313
54560;Veney;53
54561;Vennezey;41
54562;Verdenal;136
54563;Vézelise;1364
54564;Viéville-en-Haye;139
54565;Vigneulles;232
54566;Vilcey-sur-Trey;148
54567;Villacourt;347
54568;Ville-au-Montois;253
54569;Ville-au-Val;188
54570;Villecey-sur-Mad;340
54571;Ville-en-Vermois;591
54572;Ville-Houdlémont;701
54573;Villers-en-Haye;162
54574;Villers-la-Chèvre;556
54575;Villers-la-Montagne;1550
54576;Villers-le-Rond;122
54577;Villers-lès-Moivrons;143
54578;Villers-lès-Nancy;14761
54579;Villers-sous-Prény;327
54580;Villerupt;10069
54581;Ville-sur-Yron;297
54582;Villette;187
54583;Villey-le-Sec;418
54584;Villey-Saint-Étienne;1015
54585;Virecourt;496
54586;Viterne;739
54587;Vitrey;191
54588;Vitrimont;390
54589;Vittonville;127
54590;Viviers-sur-Chiers;659
54591;Voinémont;331
54592;Vroncourt;264
54593;Waville;433
54594;Xammes;173
54595;Xermaménil;565
54596;Xeuilley;964
54597;Xirocourt;446
54598;Xivry-Circourt;268
54599;Xonville;107
54600;Xousse;118
54601;Xures;96
54602;Han-devant-Pierrepont;149
55001;Abainville;285
55002;Abaucourt-Hautecourt;99
55004;Aincreville;81
55005;Amanty;34
55007;Ambly-sur-Meuse;236
55008;Amel-sur-l'Étang;146
55009;Ancemont;535
55010;Ancerville;2599
55011;Andernay;249
55012;Apremont-la-Forêt;424
55013;Arrancy-sur-Crusnes;464
55014;Aubréville;357
55015;Aulnois-en-Perthois;479
55017;Autrécourt-sur-Aire;114
55018;Autréville-Saint-Lambert;36
55021;Avillers-Sainte-Croix;74
55022;Avioth;129
55023;Avocourt;121
55024;Azannes-et-Soumazannes;161
55025;Baâlon;276
55026;Badonvilliers-Gérauvilliers;128
55027;Bannoncourt;160
55028;Bantheville;106
55029;Bar-le-Duc;14667
55031;Baudonvilliers;376
55032;Baudrémont;43
55033;Baulny;19
55034;Bazeilles-sur-Othain;111
55035;Bazincourt-sur-Saulx;144
55036;Beauclair;94
55037;Beaufort-en-Argonne;133
55038;Beaulieu-en-Argonne;38
55039;Beaumont-en-Verdunois;0
55040;Beausite;255
55041;Behonne;606
55042;Belleray;507
55043;Belleville-sur-Meuse;3020
55044;Belrain;35
55045;Belrupt-en-Verdunois;545
55046;Beney-en-Woëvre;133
55047;Béthelainville;159
55048;Béthincourt;42
55049;Beurey-sur-Saulx;423
55050;Bezonvaux;0
55051;Biencourt-sur-Orge;116
55053;Billy-sous-Mangiennes;366
55054;Bislée;62
55055;Blanzée;13
55057;Boinville-en-Woëvre;78
55058;Boncourt-sur-Meuse;321
55059;Bonnet;185
55060;Bonzée;360
55061;Le Bouchon-sur-Saulx;236
55062;Bouconville-sur-Madt;105
55063;Bouligny;2435
55064;Bouquemont;113
55065;Boureuilles;114
55066;Bovée-sur-Barboure;127
55067;Boviolles;98
55068;Brabant-en-Argonne;104
55069;Brabant-le-Roi;223
55070;Brabant-sur-Meuse;117
55071;Brandeville;178
55072;Braquis;106
55073;Bras-sur-Meuse;677
55075;Brauvilliers;169
55076;Bréhéville;180
55077;Breux;263
55078;Brieulles-sur-Meuse;302
55079;Brillon-en-Barrois;704
55080;Brixey-aux-Chanoines;78
55081;Brizeaux;61
55082;Brocourt-en-Argonne;46
55083;Brouennes;155
55084;Broussey-en-Blois;56
55085;Broussey-Raulecourt;287
55087;Bure;84
55088;Burey-en-Vaux;156
55089;Burey-la-Côte;87
55093;Buxières-sous-les-Côtes;273
55094;Buzy-Darmont;531
55095;Cesse;108
55096;Chaillon;109
55097;Chalaines;307
55099;Champneuville;123
55100;Champougny;81
55101;Chardogne;300
55102;Charny-sur-Meuse;525
55103;Charpentry;21
55104;Chassey-Beaupré;78
55105;Châtillon-sous-les-Côtes;175
55106;Chattancourt;175
55107;Chaumont-devant-Damvillers;47
55108;Chaumont-sur-Aire;121
55109;Chauvency-le-Château;229
55110;Chauvency-Saint-Hubert;223
55111;Chauvoncourt;434
55113;Cheppy;155
55114;Chonville-Malaumont;205
55115;Cierges-sous-Montfaucon;44
55116;Le Claon;50
55117;Clermont-en-Argonne;1438
55118;Cléry-le-Grand;91
55119;Cléry-le-Petit;188
55120;Combles-en-Barrois;774
55121;Combres-sous-les-Côtes;112
55122;Commercy;5318
55123;Les Hauts-de-Chée;711
55124;Consenvoye;298
55125;Contrisson;778
55127;Courcelles-en-Barrois;45
55128;Courcelles-sur-Aire;42
55129;Courouvre;38
55132;Cousances-les-Forges;1667
55133;Couvertpuis;82
55134;Couvonges;150
55137;Cuisy;48
55138;Culey;125
55139;Cumières-le-Mort-Homme;0
55140;Cunel;19
55141;Dagonville;84
55142;Dainville-Bertheléville;121
55143;Damloup;124
55144;Dammarie-sur-Saulx;374
55145;Damvillers;618
55146;Dannevoux;193
55148;Delouze-Rosières;116
55149;Delut;120
55150;Demange-Baudignécourt;508
55153;Dieppe-sous-Douaumont;193
55154;Dieue-sur-Meuse;1449
55155;Dombasle-en-Argonne;384
55156;Dombras;138
55157;Dommartin-la-Montagne;50
55158;Dommary-Baroncourt;737
55159;Dompcevrin;358
55160;Dompierre-aux-Bois;37
55162;Domremy-la-Canne;29
55163;Doncourt-aux-Templiers;59
55165;Doulcon;426
55166;Dugny-sur-Meuse;1283
55167;Dun-sur-Meuse;612
55168;Duzey;45
55169;Écouviez;523
55170;Écurey-en-Verdunois;114
55171;Eix;260
55172;Les Éparges;61
55173;Épiez-sur-Meuse;37
55174;Épinonville;74
55175;Érize-la-Brûlée;179
55177;Érize-la-Petite;44
55178;Érize-Saint-Dizier;190
55179;Erneville-aux-Bois;140
55180;Esnes-en-Argonne;136
55181;Étain;3473
55182;Éton;207
55183;Étraye;37
55184;Euville;1639
55185;Èvres;89
55186;Fains-Véel;2089
55188;Flassigny;44
55189;Fleury-devant-Douaumont;0
55191;Foameix-Ornel;224
55192;Fontaines-Saint-Clair;37
55193;Forges-sur-Meuse;123
55194;Foucaucourt-sur-Thabas;60
55195;Fouchères-aux-Bois;128
55196;Frémeréville-sous-les-Côtes;124
55197;Fresnes-au-Mont;165
55198;Fresnes-en-Woëvre;662
55199;Froidos;86
55200;Fromeréville-les-Vallons;209
55201;Fromezey;62
55202;Futeau;141
55204;Génicourt-sur-Meuse;291
55206;Gercourt-et-Drillancourt;115
55207;Géry;52
55208;Gesnes-en-Argonne;55
55210;Gimécourt;38
55211;Gincrey;61
55212;Girauvoisin;84
55214;Givrauval;274
55215;Gondrecourt-le-Château;1053
55216;Gouraincourt;66
55217;Goussaincourt;118
55218;Gremilly;41
55219;Grimaucourt-en-Woëvre;99
55220;Grimaucourt-près-Sampigny;87
55221;Guerpont;240
55222;Gussainville;33
55224;Haironville;571
55225;Halles-sous-les-Côtes;138
55226;Han-lès-Juvigny;124
55228;Hannonville-sous-les-Côtes;535
55229;Han-sur-Meuse;266
55232;Harville;113
55236;Haudainville;936
55237;Haudiomont;232
55239;Haumont-près-Samogneux;0
55241;Heippes;79
55242;Hennemont;112
55243;Herbeuville;180
55244;Herméville-en-Woëvre;225
55245;Heudicourt-sous-les-Côtes;166
55246;Hévilliers;153
55247;Horville-en-Ornois;46
55248;Houdelaincourt;272
55250;Inor;179
55251;Ippécourt;99
55252;Iré-le-Sec;159
55253;Les Islettes;700
55254;Les Trois-Domaines;121
55255;Jametz;260
55256;Jonville-en-Woëvre;145
55257;Jouy-en-Argonne;48
55258;Geville;612
55260;Julvécourt;56
55261;Juvigny-en-Perthois;137
55262;Juvigny-sur-Loison;258
55263;Kœur-la-Grande;161
55264;Kœur-la-Petite;258
55265;Labeuville;140
55266;Lachalade;51
55267;Lachaussée;279
55268;Lacroix-sur-Meuse;670
55269;Lahaymeix;74
55270;Lahayville;29
55271;Laheycourt;360
55272;Laimont;426
55274;Lamorville;282
55275;Lamouilly;85
55276;Landrecourt-Lempire;220
55278;Laneuville-au-Rupt;196
55279;Laneuville-sur-Meuse;446
55280;Lanhères;56
55281;Latour-en-Woëvre;90
55282;Lavallée;90
55284;Lavincourt;73
55285;Lavoye;147
55286;Lemmes;236
55288;Lérouville;1403
55289;Levoncourt;60
55290;Lignières-sur-Aire;55
55291;Ligny-en-Barrois;3803
55292;Liny-devant-Dun;189
55293;Lion-devant-Dun;174
55295;Lisle-en-Barrois;30
55296;L'Isle-en-Rigault;469
55297;Lissey;109
55298;Loisey;285
55299;Loison;118
55300;Longeaux;218
55301;Longchamps-sur-Aire;120
55302;Longeville-en-Barrois;1101
55303;Loupmont;70
55304;Louppy-le-Château;162
55306;Louppy-sur-Loison;111
55307;Louvemont-Côte-du-Poivre;0
55310;Luzy-Saint-Martin;111
55311;Maizeray;25
55312;Maizey;163
55313;Malancourt;69
55315;Mandres-en-Barrois;115
55316;Mangiennes;404
55317;Manheulles;147
55320;Marchéville-en-Woëvre;66
55321;Marre;175
55322;Marson-sur-Barboure;53
55323;Martincourt-sur-Meuse;69
55324;Marville;518
55325;Maucourt-sur-Orne;50
55326;Maulan;108
55327;Mauvages;243
55328;Maxey-sur-Vaise;283
55329;Mécrin;200
55330;Méligny-le-Grand;89
55331;Méligny-le-Petit;74
55332;Menaucourt;236
55333;Ménil-aux-Bois;45
55334;Ménil-la-Horgne;169
55335;Ménil-sur-Saulx;246
55336;Merles-sur-Loison;149
55338;Milly-sur-Bradon;147
55339;Mogeville;73
55340;Mognéville;365
55341;Moirey-Flabas-Crépion;116
55343;Montblainville;56
55344;Montbras;23
55345;Mont-devant-Sassey;99
55346;Montfaucon-d'Argonne;290
55347;Les Monthairons;332
55348;Montiers-sur-Saulx;367
55349;Montigny-devant-Sassey;124
55350;Montigny-lès-Vaucouleurs;76
55351;Montmédy;2031
55352;Montplonne;143
55353;Montsec;77
55355;Montzéville;155
55356;Moranville;103
55357;Morgemoulin;107
55358;Chanteraine;187
55359;Morley;207
55360;Mouilly;108
55361;Moulainville;131
55362;Moulins-Saint-Hubert;183
55363;Moulotte;88
55364;Mouzay;656
55365;Murvaux;139
55366;Val-d'Ornain;989
55367;Muzeray;129
55368;Naives-en-Blois;151
55369;Naives-Rosières;807
55370;Naix-aux-Forges;210
55371;Nançois-le-Grand;77
55372;Nançois-sur-Ornain;363
55373;Nant-le-Grand;81
55374;Nant-le-Petit;74
55375;Nantillois;63
55376;Nantois;82
55377;Nepvant;95
55378;Nettancourt;240
55379;Le Neufour;59
55380;Neuville-en-Verdunois;50
55381;Neuville-lès-Vaucouleurs;156
55382;Neuville-sur-Ornain;366
55383;Neuvilly-en-Argonne;221
55384;Nicey-sur-Aire;128
55385;Nixéville-Blercourt;497
55386;Nonsard-Lamarche;222
55387;Nouillonpont;243
55388;Noyers-Auzécourt;274
55389;Nubécourt;244
55391;Olizy-sur-Chiers;197
55394;Ornes;7
55395;Osches;56
55396;Ourches-sur-Meuse;223
55397;Pagny-la-Blanche-Côte;230
55398;Pagny-sur-Meuse;1016
55399;Pareid;112
55400;Parfondrupt;43
55401;Les Paroches;416
55403;Peuvillers;60
55404;Pierrefitte-sur-Aire;313
55405;Pillon;249
55406;Pintheville;107
55407;Pont-sur-Meuse;131
55408;Pouilly-sur-Meuse;171
55409;Pretz-en-Argonne;62
55410;Quincy-Landzécourt;131
55411;Rambluzin-et-Benoite-Vaux;92
55412;Rambucourt;188
55414;Rancourt-sur-Ornain;180
55415;Ranzières;89
55416;Rarécourt;214
55419;Récicourt;154
55420;Récourt-le-Creux;72
55421;Reffroy;74
55422;Regnéville-sur-Meuse;50
55423;Rembercourt-Sommaisne;315
55424;Remennecourt;46
55425;Remoiville;131
55426;Resson;382
55427;Revigny-sur-Ornain;2702
55428;Réville-aux-Bois;127
55429;Riaville;50
55430;Ribeaucourt;69
55431;Richecourt;55
55433;Rigny-la-Salle;365
55434;Rigny-Saint-Martin;50
55435;Robert-Espagne;766
55436;Les Roises;28
55437;Romagne-sous-les-Côtes;122
55438;Romagne-sous-Montfaucon;180
55439;Ronvaux;99
55442;Raival;242
55443;Rouvres-en-Woëvre;590
55444;Rouvrois-sur-Meuse;202
55445;Rouvrois-sur-Othain;192
55446;Rumont;84
55447;Rupt-aux-Nonains;367
55448;Rupt-devant-Saint-Mihiel;42
55449;Rupt-en-Woëvre;284
55450;Rupt-sur-Othain;46
55452;Saint-Amand-sur-Ornain;56
55453;Saint-André-en-Barrois;61
55454;Saint-Aubin-sur-Aire;172
55456;Saint-Germain-sur-Meuse;219
55457;Saint-Hilaire-en-Woëvre;183
55458;Saint-Jean-lès-Buzy;384
55459;Saint-Joire;235
55460;Saint-Julien-sous-les-Côtes;139
55461;Saint-Laurent-sur-Othain;451
55462;Saint-Maurice-sous-les-Côtes;347
55463;Saint-Mihiel;3924
55464;Saint-Pierrevillers;151
55465;Saint-Remy-la-Calonne;100
55466;Salmagne;286
55467;Sampigny;696
55468;Samogneux;100
55469;Sassey-sur-Meuse;90
55470;Saudrupt;191
55471;Saulmory-Villefranche;80
55472;Saulvaux;114
55473;Saulx-lès-Champlon;109
55474;Sauvigny;224
55475;Sauvoy;66
55476;Savonnières-devant-Bar;471
55477;Savonnières-en-Perthois;400
55479;Seigneulles;157
55481;Senon;311
55482;Senoncourt-les-Maujouy;102
55484;Septsarges;47
55485;Sepvigny;68
55487;Seuzey;85
55488;Silmont;144
55489;Sivry-la-Perche;276
55490;Sivry-sur-Meuse;334
55492;Sommedieue;973
55493;Sommeilles;180
55494;Sommelonne;409
55495;Sorbey;237
55496;Sorcy-Saint-Martin;1048
55497;Les Souhesmes-Rampont;318
55498;Souilly;438
55500;Spincourt;818
55501;Stainville;379
55502;Stenay;2471
55503;Taillancourt;123
55504;Tannois;397
55505;Thierville-sur-Meuse;3179
55506;Thillombois;29
55507;Thillot;210
55508;Thonne-la-Long;354
55509;Thonne-le-Thil;276
55510;Thonne-les-Près;125
55511;Thonnelle;113
55512;Tilly-sur-Meuse;278
55514;Trémont-sur-Saulx;587
55515;Trésauvaux;69
55516;Tréveray;550
55517;Seuil-d'Argonne;517
55518;Cousances-lès-Triconville;145
55519;Tronville-en-Barrois;1331
55520;Troussey;474
55521;Troyon;232
55522;Ugny-sur-Meuse;109
55523;Vacherauville;190
55525;Vadelaincourt;75
55526;Vadonville;256
55527;Varennes-en-Argonne;632
55528;Varnéville;50
55530;Valbois;93
55531;Vassincourt;280
55532;Vaubecourt;312
55533;Vaucouleurs;1923
55534;Vaudeville-le-Haut;52
55535;Vaudoncourt;85
55536;Vauquois;21
55537;Douaumont-Vaux;79
55540;Vaux-lès-Palameix;59
55541;Vavincourt;530
55543;Velaines;902
55544;Velosnes;143
55545;Verdun;16689
55546;Verneuil-Grand;209
55547;Verneuil-Petit;111
55549;Véry;86
55551;Vigneulles-lès-Hattonchâtel;1574
55552;Vigneul-sous-Montmédy;80
55553;Vignot;1288
55554;Villécloye;258
55555;Ville-devant-Belrain;32
55556;Ville-devant-Chaumont;49
55557;Ville-en-Woëvre;126
55559;Villeroy-sur-Méholle;53
55560;Villers-aux-Vents;129
55561;Villers-devant-Dun;51
55562;Villers-le-Sec;127
55563;Villers-lès-Mangiennes;73
55565;Villers-sous-Pareid;75
55566;Villers-sur-Meuse;291
55567;Ville-sur-Cousances;140
55568;Ville-sur-Saulx;278
55569;Villotte-devant-Louppy;163
55570;Villotte-sur-Aire;216
55571;Vilosnes-Haraumont;245
55572;Vittarville;90
55573;Void-Vacon;1614
55574;Vouthon-Bas;40
55575;Vouthon-Haut;82
55577;Waly;56
55578;Warcq;183
55579;Watronville;99
55580;Wavrille;50
55581;Willeroncourt;105
55582;Wiseppe;87
55583;Woël;208
55584;Woimbey;127
55586;Xivray-et-Marvoisin;113
57001;Aboncourt;321
57002;Aboncourt-sur-Seille;65
57003;Abreschviller;1417
57004;Achain;79
57006;Achen;976
57007;Adaincourt;131
57008;Adelange;210
57009;Ajoncourt;103
57010;Alaincourt-la-Côte;158
57011;Albestroff;614
57012;Algrange;6086
57013;Alsting;2499
57014;Altrippe;369
57015;Altviller;545
57016;Alzing;396
57017;Amanvillers;2121
57018;Amelécourt;121
57019;Amnéville;10828
57020;Ancerville;300
57021;Ancy-Dornot;1490
57022;Angevillers;1310
57024;Antilly;190
57025;Anzeling;496
57026;Apach;1071
57027;Arraincourt;121
57028;Argancy;1330
57029;Arriance;217
57030;Arry;546
57031;Ars-Laquenexy;933
57032;Ars-sur-Moselle;4651
57033;Arzviller;531
57034;Aspach;34
57035;Assenoncourt;114
57036;Attilloncourt;99
57037;Aube;265
57038;Audun-le-Tiche;7180
57039;Augny;2136
57040;Aulnois-sur-Seille;299
57041;Aumetz;2384
57042;Avricourt;580
57043;Ay-sur-Moselle;1565
57044;Azoudange;114
57045;Bacourt;111
57046;Baerenthal;746
57047;Bambiderstroff;1033
57048;Bannay;71
57049;Le Ban-Saint-Martin;4616
57050;Barchain;109
57051;Baronville;372
57052;Barst;572
57053;Bassing;109
57054;Baudrecourt;180
57055;Bazoncourt;541
57056;Bébing;188
57057;Béchy;606
57058;Behren-lès-Forbach;6432
57059;Bellange;55
57060;Bénestroff;519
57061;Béning-lès-Saint-Avold;1135
57062;Berg-sur-Moselle;441
57063;Bérig-Vintrange;215
57064;Berling;278
57065;Bermering;207
57066;Berthelming;510
57067;Bertrange;2859
57069;Berviller-en-Moselle;459
57070;Bettange;245
57071;Bettborn;387
57072;Bettelainville;621
57073;Betting;861
57074;Bettviller;813
57075;Beux;292
57076;Beyren-lès-Sierck;503
57077;Bezange-la-Petite;94
57079;Bibiche;440
57080;Bickenholtz;83
57081;Bidestroff;125
57082;Biding;340
57083;Bining;1184
57084;Bioncourt;300
57085;Bionville-sur-Nied;393
57086;Belles-Forêts;232
57087;Bisten-en-Lorraine;253
57088;Bistroff;305
57089;Bitche;4958
57090;Blanche-Église;106
57091;Bliesbruck;991
57092;Blies-Ébersing;603
57093;Blies-Guersviller;650
57095;Boucheporn;569
57096;Boulange;2449
57097;Boulay-Moselle;5523
57098;Bourgaltroff;230
57099;Bourdonnay;241
57100;Bourscheid;175
57101;Bousbach;1208
57102;Bousse;3231
57103;Bousseviller;118
57104;Boust;1153
57105;Boustroff;151
57106;Bouzonville;3928
57107;Bréhain;103
57108;Breidenbach;312
57109;Breistroff-la-Grande;833
57110;Brettnach;425
57111;Bronvaux;511
57112;Brouck;82
57113;Brouderdorff;970
57114;Brouviller;427
57115;Brulange;96
57116;Buchy;95
57117;Buding;573
57118;Budling;161
57119;Buhl-Lorraine;1196
57120;Burlioncourt;114
57121;Burtoncourt;225
57122;Cappel;682
57123;Carling;3373
57124;Cattenom;2605
57125;Chailly-lès-Ennery;415
57126;Chambrey;318
57127;Chanville;148
57128;Charleville-sous-Bois;296
57129;Charly-Oradour;775
57130;Château-Bréhain;72
57131;Château-Rouge;296
57132;Château-Salins;2296
57133;Château-Voué;100
57134;Châtel-Saint-Germain;1892
57136;Chémery-les-Deux;580
57137;Cheminot;815
57138;Chenois;82
57139;Chérisey;280
57140;Chesny;564
57141;Chicourt;89
57142;Chieulles;419
57143;Clouange;3358
57144;Cocheren;3358
57145;Coincy;328
57146;Coin-lès-Cuvry;810
57147;Coin-sur-Seille;333
57148;Colligny-Maizery;563
57149;Colmen;206
57150;Condé-Northen;706
57151;Conthil;144
57152;Contz-les-Bains;519
57153;Corny-sur-Moselle;2156
57154;Coume;611
57155;Courcelles-Chaussy;2986
57156;Courcelles-sur-Nied;1183
57158;Craincourt;233
57159;Créhange;3799
57160;Creutzwald;12514
57161;Cutting;102
57162;Cuvry;987
57163;Dabo;2366
57165;Dalem;701
57166;Dalhain;101
57167;Dalstein;380
57168;Danne-et-Quatre-Vents;673
57169;Dannelbourg;503
57171;Delme;1151
57172;Denting;277
57173;Desseling;100
57174;Destry;105
57175;Diane-Capelle;234
57176;Diebling;1673
57177;Dieuze;2794
57178;Diffembach-lès-Hellimer;355
57179;Distroff;1835
57180;Dolving;342
57181;Domnom-lès-Dieuze;90
57182;Donjeux;94
57183;Donnelay;187
57186;Ébersviller;956
57187;Éblange;359
57188;Éguelshardt;434
57189;Eincheville;223
57190;Elvange;418
57191;Elzange;683
57192;Enchenberg;1214
57193;Ennery;2262
57194;Entrange;1215
57195;Epping;561
57196;Erching;419
57197;Ernestviller;507
57198;Erstroff;190
57199;Escherange;693
57200;Les Étangs;402
57201;Etting;714
57202;Etzling;1146
57203;Évrange;219
57204;Failly;539
57205;Falck;2550
57206;Fameck;14798
57207;Farébersviller;5316
57208;Farschviller;1332
57209;Faulquemont;5155
57210;Fénétrange;658
57211;Fèves;1203
57212;Féy;734
57213;Filstroff;770
57214;Fixem;402
57215;Flastroff;354
57216;Fleisheim;139
57217;Flétrange;886
57218;Fleury;1286
57219;Flévy;574
57220;Flocourt;123
57221;Florange;11868
57222;Folkling;1374
57224;Folschviller;3957
57225;Fonteny;141
57226;Fontoy;3142
57227;Forbach;21130
57228;Fossieux;189
57229;Foulcrey;151
57230;Fouligny;193
57231;Foville;98
57232;Francaltroff;769
57233;Fraquelfing;86
57234;Frauenberg;600
57235;Freistroff;1020
57236;Frémery;88
57237;Frémestroff;304
57238;Fresnes-en-Saulnois;196
57239;Freybouse;434
57240;Freyming-Merlebach;13027
57241;Fribourg;163
57242;Gandrange;3029
57244;Garrebourg;489
57245;Gavisse;581
57246;Gelucourt;221
57247;Gerbécourt;74
57248;Givrycourt;89
57249;Glatigny;262
57250;Goetzenbruck;1444
57251;Goin;348
57252;Gomelange;467
57253;Gondrexange;504
57254;Gorze;1145
57255;Gosselming;569
57256;Gravelotte;810
57257;Grémecey;102
57258;Gréning;114
57259;Grindorff-Bizing;314
57260;Grosbliederstroff;3297
57261;Gros-Réderching;1299
57262;Grostenquin;635
57263;Grundviller;646
57264;Guebenhouse;414
57265;Guébestroff;58
57266;Guéblange-lès-Dieuze;144
57267;Le Val-de-Guéblange;815
57268;Guébling;124
57269;Guénange;7761
57270;Val-de-Bride;539
57271;Guenviller;679
57272;Guermange;91
57273;Guerstling;376
57274;Guerting;865
57275;Guessling-Hémering;917
57276;Guinglange;335
57277;Guinkirchen;145
57278;Guinzeling;64
57280;Guntzviller;363
57281;Haboudange;232
57282;Hagen;360
57283;Hagondange;9321
57284;Hallering;107
57286;Halstroff;304
57287;Basse-Ham;2236
57288;Ham-sous-Varsberg;2874
57289;Hambach;2831
57290;Hampont;171
57291;Hangviller;262
57292;Hannocourt;16
57293;Han-sur-Nied;251
57294;Hanviller;191
57295;Haraucourt-sur-Seille;107
57296;Hargarten-aux-Mines;1093
57297;Harprich;185
57298;Harreberg;371
57299;Hartzviller;936
57300;Haselbourg;307
57301;Haspelschiedt;304
57302;Hattigny;204
57303;Hauconcourt;592
57304;Haut-Clocher;358
57305;Havange;451
57306;Hayange;15968
57307;Hayes;254
57308;Hazembourg;150
57309;Heining-lès-Bouzonville;483
57310;Hellering-lès-Fénétrange;190
57311;Hellimer;509
57312;Helstroff;486
57313;Hémilly;141
57314;Héming;495
57315;Henridorff;706
57316;Henriville;748
57317;Hérange;104
57318;Hermelange;213
57319;Herny;522
57320;Hertzing;181
57321;Hesse;554
57322;Hestroff;478
57323;Hettange-Grande;7765
57324;Hilbesheim;613
57325;Hilsprich;832
57326;Hinckange;336
57328;Holacourt;90
57329;Holling;438
57330;Holving;1262
57331;Hombourg-Budange;547
57332;Hombourg-Haut;6266
57333;Hommarting;823
57334;Hommert;314
57335;Honskirch;214
57336;L'Hôpital;5181
57337;Hoste;579
57338;Hottviller;507
57339;Hultehouse;363
57340;Hundling;1349
57341;Hunting;704
57342;Ibigny;91
57343;Illange;1798
57344;Imling;720
57345;Inglange;405
57346;Insming;597
57347;Insviller;171
57348;Ippling;794
57349;Jallaucourt;146
57350;Jouy-aux-Arches;1430
57351;Jury;1337
57352;Jussy;452
57353;Juvelize;72
57354;Juville;129
57355;Kalhausen;787
57356;Kanfen;1221
57357;Kappelkinger;417
57358;Kédange-sur-Canner;1071
57359;Kemplich;172
57360;Kerbach;1215
57361;Kerling-lès-Sierck;616
57362;Kerprich-aux-Bois;187
57364;Kirsch-lès-Sierck;317
57365;Kirschnaumen;465
57366;Kirviller;136
57367;Klang;216
57368;Knutange;3202
57370;Kœnigsmacker;2260
57371;Haute-Kontz;567
57372;Kuntzig;1362
57373;Lachambre;919
57374;Lafrimbolle;201
57375;Lagarde;183
57376;Lambach;487
57377;Landange;244
57379;Landroff;271
57380;Laneuveville-lès-Lorquin;106
57381;Laneuveville-en-Saulnois;283
57382;Langatte;605
57383;Languimberg;156
57384;Laning;623
57385;Laquenexy;1268
57386;Laudrefang;342
57387;Laumesfeld;291
57388;Launstroff;250
57389;Lelling;460
57390;Lemberg;1418
57391;Lemoncourt;61
57392;Lemud;530
57393;Lengelsheim;193
57394;Léning;336
57395;Lesse;204
57396;Lessy;771
57397;Ley;104
57398;Leyviller;507
57399;Lezey;91
57401;Lidrezing;83
57402;Liederschiedt;118
57403;Liéhon;129
57404;Lindre-Basse;209
57405;Lindre-Haute;51
57406;Liocourt;141
57407;Lixheim;577
57408;Lixing-lès-Rouhling;822
57409;Lixing-lès-Saint-Avold;669
57410;Lhor;142
57411;Lommerange;360
57412;Longeville-lès-Metz;3960
57413;Longeville-lès-Saint-Avold;3611
57414;Lorquin;1135
57415;Lorry-lès-Metz;1731
57416;Lorry-Mardigny;670
57417;Lostroff;70
57418;Loudrefing;312
57419;Loupershouse;894
57421;Loutzviller;155
57422;Louvigny;880
57423;Lubécourt;69
57424;Lucy;231
57425;Luppy;581
57426;Luttange;928
57427;Lutzelbourg;563
57428;Macheren;2802
57430;Mainvillers;322
57431;Maizeroy;415
57433;Maizières-lès-Metz;11791
57434;Maizières-lès-Vic;475
57436;Malaucourt-sur-Seille;128
57437;Malling;663
57438;Malroy;351
57439;Manderen-Ritzing;602
57440;Manhoué;140
57441;Manom;3009
57442;Many;245
57443;Marange-Silvange;6526
57444;Marange-Zondrange;364
57445;Marieulles;700
57446;Marimont-lès-Bénestroff;48
57447;Marly;9971
57448;Marsal;239
57449;Marsilly;588
57451;Marthille;167
57452;La Maxe;1046
57453;Maxstadt;300
57454;Mécleuves;1206
57455;Mégange;140
57456;Meisenthal;651
57457;Menskirch;138
57459;Merschweiller;288
57460;Merten;1460
57461;Métairies-Saint-Quirin;276
57462;Metting;441
57463;Metz;120874
57464;Metzeresche;977
57465;Metzervisse;2272
57466;Metzing;670
57467;Mey;309
57468;Mittelbronn;658
57469;Mittersheim;587
57470;Molring;6
57471;Momerstroff;296
57472;Moncheux;147
57473;Moncourt;64
57474;Mondelange;5719
57475;Mondorff;554
57476;Monneren;404
57477;Montbronn;1587
57478;Montdidier;85
57479;Montenach;481
57480;Montigny-lès-Metz;21854
57481;Montois-la-Montagne;2723
57482;Ogy-Montoy-Flanville;1762
57483;Morhange;3376
57484;Morsbach;2666
57485;Morville-lès-Vic;118
57486;Morville-sur-Nied;115
57487;Moulins-lès-Metz;5088
57488;Moussey;561
57489;Mouterhouse;279
57490;Moyenvic;334
57491;Moyeuvre-Grande;7330
57492;Moyeuvre-Petite;446
57493;Mulcey;210
57494;Munster;237
57495;Narbéfontaine;114
57496;Nébing;335
57497;Nelling;261
57498;Neufchef;2620
57499;Neufgrange;1334
57500;Neufmoulins;39
57501;Neufvillage;43
57502;Neunkirchen-lès-Bouzonville;330
57504;Niderhoff;277
57505;Niderviller;1171
57506;Niederstinzel;241
57507;Niedervisse;271
57508;Nilvange;4394
57509;Nitting;500
57510;Noisseville;1096
57511;Norroy-le-Veneur;1013
57512;Nouilly;720
57513;Nousseviller-lès-Bitche;155
57514;Nousseviller-Saint-Nabor;1188
57515;Novéant-sur-Moselle;1858
57516;Oberdorff;335
57517;Obergailbach;271
57518;Oberstinzel;323
57519;Obervisse;160
57520;Obreck;35
57521;Œting;2674
57524;Ommeray;128
57525;Oriocourt;56
57526;Ormersviller;380
57527;Orny;388
57528;Oron;106
57529;Ottange;3065
57530;Ottonville;447
57531;Oudrenne;736
57532;Pagny-lès-Goin;230
57533;Pange;872
57534;Peltre;1821
57535;Petit-Réderching;1420
57536;Petit-Tenquin;218
57537;Petite-Rosselle;6215
57538;Pettoncourt;297
57539;Pévange;43
57540;Phalsbourg;4683
57541;Philippsbourg;607
57542;Piblange;966
57543;Pierrevillers;1478
57544;Plaine-de-Walsch;606
57545;Plappeville;2027
57546;Plesnois;792
57547;Pommérieux;717
57548;Pontoy;586
57549;Pontpierre;751
57550;Porcelette;2471
57551;Postroff;203
57552;Pouilly;827
57553;Pournoy-la-Chétive;619
57554;Pournoy-la-Grasse;716
57555;Prévocourt;114
57556;Puttelange-aux-Lacs;3050
57557;Puttelange-lès-Thionville;1017
57558;Puttigny;75
57559;Puzieux;170
57560;Racrange;618
57561;Rahling;725
57562;Ranguevaux;883
57563;Raville;253
57564;Réchicourt-le-Château;559
57565;Rédange;1003
57566;Réding;2333
57567;Rémelfang;145
57568;Rémelfing;1338
57569;Rémeling;333
57570;Rémering;415
57571;Rémering-lès-Puttelange;1017
57572;Rémilly;2028
57573;Réning;131
57574;Basse-Rentgen;523
57575;Retonfey;1338
57576;Rettel;821
57577;Reyersviller;375
57578;Rezonville-Vionville;495
57579;Rhodes;126
57580;Riche;185
57581;Richeling;349
57582;Richemont;2116
57583;Richeval;121
57584;Rimling;642
57586;Rochonvillers;195
57587;Rodalbe;247
57588;Rodemack;1287
57589;Rohrbach-lès-Bitche;2298
57590;Rolbing;258
57591;Rombas;9697
57592;Romelfing;339
57593;Roncourt;1039
57594;Roppeviller;96
57595;Rorbach-lès-Dieuze;48
57596;Rosbruck;739
57597;Rosselange;2484
57598;Rouhling;1978
57599;Roupeldange;348
57600;Roussy-le-Village;1525
57601;Rozérieulles;1325
57602;Rurange-lès-Thionville;2374
57603;Russange;1261
57604;Rustroff;645
57605;Sailly-Achâtel;310
57606;Saint-Avold;15045
57607;Sainte-Barbe;772
57609;Saint-Epvre;174
57610;Saint-François-Lacroix;319
57611;Saint-Georges;193
57612;Saint-Hubert;234
57613;Saint-Jean-de-Bassel;332
57614;Saint-Jean-Kourtzerode;699
57615;Saint-Jean-Rohrbach;963
57616;Saint-Julien-lès-Metz;3514
57617;Saint-Jure;279
57618;Saint-Louis;631
57619;Saint-Louis-lès-Bitche;464
57620;Sainte-Marie-aux-Chênes;4505
57621;Saint-Médard;107
57622;Saint-Privat-la-Montagne;1885
57623;Saint-Quirin;702
57624;Sainte-Ruffine;587
57625;Salonnes;170
57626;Sanry-lès-Vigy;514
57627;Sanry-sur-Nied;389
57628;Sarralbe;4392
57629;Sarraltroff;786
57630;Sarrebourg;12358
57631;Sarreguemines;20624
57633;Sarreinsming;1234
57634;Saulny;1559
57635;Schalbach;374
57636;Schmittviller;328
57637;Schneckenbusch;310
57638;Schœneck;2450
57639;Schorbach;533
57640;Schwerdorff;471
57641;Schweyen;313
57642;Scy-Chazelles;2661
57643;Secourt;199
57644;Seingbouse;1717
57645;Semécourt;1022
57647;Serémange-Erzange;4173
57648;Servigny-lès-Raville;499
57649;Servigny-lès-Sainte-Barbe;471
57650;Sierck-les-Bains;1772
57651;Siersthal;637
57652;Sillegny;608
57653;Silly-en-Saulnois;34
57654;Silly-sur-Nied;703
57655;Solgne;1131
57656;Sorbey;388
57657;Sotzeling;23
57658;Soucht;1034
57659;Spicheren;3217
57660;Stiring-Wendel;11066
57661;Sturzelbronn;170
57662;Suisse;96
57663;Talange;7937
57664;Tarquimpol;61
57665;Tenteling;1045
57666;Terville;7455
57667;Téterchen;773
57668;Teting-sur-Nied;1262
57669;Théding;2440
57670;Thicourt;132
57671;Thimonville;146
57672;Thionville;42163
57673;Thonville;50
57674;Tincry;173
57675;Torcheville;118
57676;Tragny;89
57677;Trémery;1002
57678;Tressange;2383
57679;Tritteling-Redlach;519
57680;Troisfontaines;1250
57681;Tromborn;326
57682;Turquestein-Blancrupt;10
57683;Uckange;6976
57684;Vahl-Ebersing;506
57685;Vahl-lès-Bénestroff;153
57686;Vahl-lès-Faulquemont;245
57687;Vallerange;211
57689;Valmestroff;340
57690;Valmont;2944
57691;Valmunster;82
57692;Vannecourt;71
57693;Vantoux;813
57694;Vany;465
57695;Varize-Vaudoncourt;498
57696;Varsberg;970
57697;Vasperviller;316
57698;Vatimont;311
57700;Vaudreching;491
57701;Vaux;810
57702;Vaxy;169
57703;Veckersviller;231
57704;Veckring;642
57705;Velving;210
57706;Vergaville;539
57707;Vernéville;672
57708;Verny;2004
57709;Vescheim;307
57711;Vibersviller;390
57712;Vic-sur-Seille;1328
57713;Vieux-Lixheim;247
57714;Haute-Vigneulles;442
57715;Vigny;388
57716;Vigy;1607
57717;Viller;177
57718;Villers-Stoncourt;219
57719;Villers-sur-Nied;82
57720;Villing;510
57721;Vilsberg;346
57723;Virming;292
57724;Vitry-sur-Orne;2975
57725;Vittersbourg;337
57726;Vittoncourt;385
57727;Viviers;125
57728;Voimhaut;257
57730;Volmerange-lès-Boulay;558
57731;Volmerange-les-Mines;2288
57732;Volmunster;770
57733;Volstroff;2056
57734;Voyer;453
57736;Vry;623
57737;Vulmont;32
57738;Waldhouse;367
57739;Waldweistroff;514
57740;Waldwisse;809
57741;Walschbronn;399
57742;Walscheid;1476
57743;Waltembourg;236
57745;Wiesviller;911
57746;Willerwald;1528
57747;Wintersbourg;262
57748;Wittring;742
57749;Vœlfling-lès-Bouzonville;157
57750;Wœlfling-lès-Sarreguemines;698
57751;Woippy;14301
57752;Woustviller;2854
57753;Wuisse;59
57754;Xanrey;109
57755;Xocourt;99
57756;Xouaxange;311
57757;Yutz;17401
57759;Zarbeling;67
57760;Zetting;848
57761;Zilling;279
57762;Zimming;702
57763;Zommange;46
57764;Zoufftgen;1261
57765;Diesen;1043
57767;Stuckange;1396
67001;Achenheim;2504
67002;Adamswiller;398
67003;Albé;461
67004;Sommerau;1524
67005;Alteckendorf;858
67006;Altenheim;227
67008;Altorf;1413
67009;Altwiller;375
67010;Andlau;1758
67011;Artolsheim;992
67012;Aschbach;646
67013;Asswiller;271
67016;Avolsheim;774
67017;Baerendorf;299
67018;Balbronn;673
67019;Baldenheim;1204
67020;Barembach;826
67021;Barr;7152
67022;Bassemberg;223
67023;Batzendorf;983
67025;Beinheim;1914
67026;Bellefosse;170
67027;Belmont;173
67028;Benfeld;5869
67029;Berg;349
67030;Bergbieten;732
67031;Bernardswiller;1459
67032;Bernardvillé;201
67033;Bernolsheim;609
67034;Berstett;2483
67035;Berstheim;490
67036;Bettwiller;304
67037;Biblisheim;356
67038;Bietlenheim;308
67039;Bilwisheim;539
67040;Bindernheim;1048
67043;Bischheim;17939
67044;Bischholtz;252
67045;Bischoffsheim;3351
67046;Bischwiller;12435
67047;Bissert;155
67048;Bitschhoffen;459
67049;Blaesheim;1355
67050;Blancherupt;31
67051;Blienschwiller;307
67052;Bœrsch;2412
67053;Bœsenbiesen;320
67054;Bolsenheim;573
67055;Boofzheim;1384
67056;Bootzheim;790
67057;Bosselshausen;171
67058;Bossendorf;382
67059;Bourg-Bruche;381
67060;Bourgheim;635
67061;Bouxwiller;3712
67062;Breitenau;335
67063;Breitenbach;662
67065;Breuschwickersheim;1337
67066;La Broque;2594
67067;Brumath;10237
67068;Buswiller;285
67069;Buhl;504
67070;Burbach;277
67071;Bust;469
67072;Butten;662
67073;Châtenois;4235
67074;Cleebourg;640
67075;Climbach;458
67076;Colroy-la-Roche;470
67077;Cosswiller;575
67078;Crastatt;280
67079;Crœttwiller;178
67080;Dachstein;1783
67081;Dahlenheim;783
67082;Dalhunden;1221
67083;Dambach;758
67084;Dambach-la-Ville;2207
67085;Dangolsheim;696
67086;Daubensand;428
67087;Dauendorf;1448
67088;Dehlingen;347
67089;Dettwiller;2582
67090;Diebolsheim;669
67091;Diedendorf;343
67092;Dieffenbach-au-Val;641
67093;Dieffenbach-lès-Wœrth;347
67094;Dieffenthal;249
67095;Diemeringen;1592
67096;Dimbsthal;325
67097;Dingsheim;1222
67098;Dinsheim-sur-Bruche;1501
67099;Domfessel;278
67100;Donnenheim;363
67101;Dorlisheim;2616
67102;Dossenheim-Kochersberg;315
67103;Dossenheim-sur-Zinsel;1036
67104;Drachenbronn-Birlenbach;590
67105;Drulingen;1417
67106;Drusenheim;5292
67107;Duntzenheim;656
67108;Duppigheim;1838
67109;Durningen;676
67110;Durrenbach;1106
67111;Durstel;421
67112;Duttlenheim;2903
67113;Eberbach-Seltz;428
67115;Ebersheim;2291
67116;Ebersmunster;556
67117;Eckartswiller;425
67118;Eckbolsheim;7199
67119;Eckwersheim;1403
67120;Eichhoffen;513
67121;Elsenheim;801
67122;Wangenbourg-Engenthal;1337
67123;Engwiller;477
67124;Entzheim;2520
67125;Epfig;2246
67126;Erckartswiller;293
67127;Ergersheim;1455
67128;Ernolsheim-Bruche;1904
67129;Ernolsheim-lès-Saverne;601
67130;Erstein;10887
67131;Eschau;5746
67132;Eschbach;960
67133;Eschbourg;460
67134;Eschwiller;180
67135;Ettendorf;750
67136;Eywiller;275
67137;Fegersheim;5776
67138;Fessenheim-le-Bas;583
67139;Flexbourg;483
67140;Forstfeld;793
67141;Forstheim;596
67142;Fort-Louis;287
67143;Fouchy;635
67144;Fouday;357
67145;Friedolsheim;269
67146;Friesenheim;614
67147;Frœschwiller;495
67148;Frohmuhl;159
67149;Furchhausen;405
67150;Furdenheim;1507
67151;Gambsheim;5213
67152;Geispolsheim;7603
67153;Geiswiller-Zœbersdorf;387
67154;Gerstheim;3463
67155;Gertwiller;1273
67156;Geudertheim;2675
67159;Gœrlingen;199
67160;Gœrsdorf;1053
67161;Gottenhouse;373
67162;Gottesheim;353
67163;Gougenheim;543
67164;Goxwiller;835
67165;Grandfontaine;384
67166;Grassendorf;255
67167;Grendelbruch;1224
67168;Gresswiller;1661
67169;Gries;2879
67172;Griesheim-près-Molsheim;2303
67173;Griesheim-sur-Souffel;1231
67174;Gumbrechtshoffen;1128
67176;Gundershoffen;3779
67177;Gunstett;625
67178;Gungwiller;284
67179;Haegen;652
67180;Haguenau;35714
67181;Handschuheim;276
67182;Hangenbieten;1739
67183;Harskirchen;888
67184;Hatten;1904
67185;Hattmatt;652
67186;Hegeney;438
67187;Heidolsheim;564
67188;Heiligenberg;702
67189;Heiligenstein;937
67190;Hengwiller;194
67191;Herbitzheim;1842
67192;Herbsheim;954
67194;Herrlisheim;4630
67195;Hessenheim;621
67196;Hilsenheim;2625
67197;Hindisheim;1539
67198;Hinsbourg;113
67199;Hinsingen;80
67200;Hipsheim;1006
67201;Hirschland;297
67202;Hochfelden;4042
67203;Hochstett;408
67204;Hœnheim;11469
67205;Hœrdt;4565
67206;Hoffen;1142
67208;Hohengœft;535
67209;Hohfrankenheim;277
67210;Le Hohwald;501
67212;Holtzheim;3931
67213;Hunspach;621
67214;Hurtigheim;1017
67215;Huttendorf;494
67216;Huttenheim;2696
67217;Ichtratzheim;383
67218;Illkirch-Graffenstaden;27118
67220;Ingenheim;358
67221;Ingolsheim;357
67222;Ingwiller;4011
67223;Innenheim;1221
67225;Issenhausen;110
67226;Ittenheim;2093
67227;Itterswiller;224
67228;Neugartheim-Ittlenheim;786
67229;Jetterswiller;195
67230;Kaltenhouse;2478
67231;Kauffenheim;215
67232;Keffenach;204
67233;Kertzfeld;1190
67234;Keskastel;1493
67235;Kesseldorf;445
67236;Kienheim;541
67237;Kilstett;2491
67238;Kindwiller;645
67239;Kintzheim;1679
67240;Kirchheim;703
67241;Kirrberg;146
67242;Kirrwiller;536
67244;Kleingœft;157
67245;Knœrsheim;192
67246;Kogenheim;1241
67247;Kolbsheim;1002
67248;Krautergersheim;1745
67249;Krautwiller;229
67250;Kriegsheim;782
67252;Kurtzenhouse;1082
67253;Kuttolsheim;646
67254;Kutzenhausen;921
67255;Lalaye;486
67256;Lampertheim;3457
67257;Lampertsloch;702
67258;Landersheim;189
67259;Langensoultzbach;910
67260;Laubach;316
67261;Lauterbourg;2339
67263;Lembach;1531
67264;Leutenheim;830
67265;Lichtenberg;539
67266;Limersheim;685
67267;Lingolsheim;20266
67268;Lipsheim;2670
67269;Littenheim;302
67270;Lixhausen;371
67271;Lobsann;656
67272;Lochwiller;390
67273;Lohr;491
67274;Lorentzen;235
67275;Lupstein;820
67276;Lutzelhouse;1906
67277;Mackenheim;775
67278;Mackwiller;539
67279;Maennolsheim;238
67280;Maisonsgoutte;793
67281;Marckolsheim;4309
67282;Marlenheim;4211
67283;Marmoutier;2706
67285;Matzenheim;1490
67286;Meistratzheim;1503
67287;Melsheim;567
67288;Memmelshoffen;324
67289;Menchhoffen;622
67290;Merkwiller-Pechelbronn;924
67291;Mertzwiller;3391
67292;Mietesheim;676
67293;Minversheim;683
67295;Mittelbergheim;598
67296;Mittelhausbergen;2094
67298;Mittelschaeffolsheim;570
67299;Mollkirch;886
67300;Molsheim;9359
67301;Mommenheim;2258
67302;Monswiller;1993
67303;Morsbronn-les-Bains;680
67304;Morschwiller;601
67305;Mothern;1914
67306;Muhlbach-sur-Bruche;643
67307;Mulhausen;443
67308;Munchhausen;812
67309;Mundolsheim;5074
67310;Mussig;1139
67311;Muttersholtz;2228
67312;Mutzenhouse;460
67313;Mutzig;6094
67314;Natzwiller;528
67315;Neewiller-près-Lauterbourg;661
67317;Neubois;657
67319;Neuhaeusel;389
67320;Neuve-Église;622
67321;Neuviller-la-Roche;328
67322;Neuwiller-lès-Saverne;1105
67324;Niederbronn-les-Bains;4359
67325;Niederhaslach;1394
67326;Niederhausbergen;1672
67327;Niederlauterbach;945
67328;Niedermodern;892
67329;Niedernai;1252
67330;Niederrœdern;904
67331;Niederschaeffolsheim;1347
67333;Niedersoultzbach;297
67334;Niedersteinbach;115
67335;Nordheim;939
67336;Nordhouse;1735
67337;Nothalten;440
67338;Obenheim;1358
67339;Betschdorf;4191
67340;Oberbronn;1462
67341;Oberdorf-Spachbach;411
67342;Oberhaslach;1753
67343;Oberhausbergen;5555
67344;Oberhoffen-lès-Wissembourg;315
67345;Oberhoffen-sur-Moder;3764
67346;Oberlauterbach;550
67347;Obermodern-Zutzendorf;1740
67348;Obernai;12216
67349;Oberrœdern;516
67350;Oberschaeffolsheim;2592
67351;Seebach;1646
67352;Obersoultzbach;392
67353;Obersteinbach;232
67354;Odratzheim;522
67355;Oermingen;1114
67356;Offendorf;2493
67358;Offwiller;805
67359;Ohlungen;1342
67360;Ohnenheim;1147
67361;Olwisheim;496
67362;Orschwiller;614
67363;Osthoffen;802
67364;Osthouse;933
67365;Ostwald;13310
67366;Ottersthal;808
67367;Otterswiller;1303
67368;Ottrott;1554
67369;Ottwiller;250
67370;Petersbach;668
67371;La Petite-Pierre;612
67372;Val-de-Moder;5031
67373;Pfalzweyer;320
67375;Pfulgriesheim;1297
67377;Plaine;982
67378;Plobsheim;4472
67379;Preuschdorf;894
67380;Printzheim;202
67381;Puberg;368
67382;Quatzenheim;767
67383;Rangen;194
67384;Ranrupt;303
67385;Ratzwiller;240
67386;Rauwiller;215
67387;Reichsfeld;295
67388;Reichshoffen;5416
67389;Reichstett;4376
67391;Reinhardsmunster;442
67392;Reipertswiller;843
67394;Retschwiller;274
67395;Reutenbourg;395
67396;Rexingen;201
67397;Rhinau;2674
67398;Richtolsheim;368
67400;Riedseltz;1126
67401;Rimsdorf;302
67403;Ringendorf;471
67404;Rittershoffen;909
67405;Rœschwoog;2271
67406;Rohr;353
67407;Rohrwiller;1603
67408;Romanswiller;1188
67409;Roppenheim;1029
67410;Rosenwiller;647
67411;Rosheim;5359
67412;Rossfeld;1029
67413;Rosteig;488
67414;Rothau;1491
67415;Rothbach;469
67416;Rott;468
67417;Rottelsheim;288
67418;Rountzenheim-Auenheim;1976
67420;Russ;1237
67421;Saales;827
67422;Saasenheim;583
67423;Saessolsheim;598
67424;Saint-Blaise-la-Roche;245
67425;Saint-Jean-Saverne;533
67426;Saint-Martin;366
67427;Saint-Maurice;329
67428;Saint-Nabor;505
67429;Saint-Pierre;612
67430;Saint-Pierre-Bois;747
67432;Salmbach;587
67433;Sand;1408
67434;Sarre-Union;2772
67435;Sarrewerden;826
67436;Saulxures;496
67437;Saverne;11389
67438;Schaeffersheim;804
67440;Schaffhouse-près-Seltz;551
67441;Schalkendorf;338
67442;Scharrachbergheim-Irmstett;1280
67443;Scheibenhard;863
67444;Scherlenheim;115
67445;Scherwiller;3153
67446;Schillersdorf;418
67447;Schiltigheim;34129
67448;Schirmeck;2107
67449;Schirrhein;2271
67450;Schirrhoffen;762
67451;Schleithal;1393
67452;Schnersheim;1804
67453;Schœnau;628
67454;Schœnbourg;379
67455;Schœnenbourg;703
67456;Schopperten;424
67458;Schweighouse-sur-Moder;5049
67459;Schwenheim;743
67460;Schwindratzheim;1759
67461;Schwobsheim;327
67462;Sélestat;19300
67463;Seltz;3134
67464;Sermersheim;961
67465;Sessenheim;2313
67466;Siegen;508
67467;Siewiller;379
67468;Siltzheim;620
67470;Solbach;102
67471;Souffelweyersheim;8120
67472;Soufflenheim;4788
67473;Soultz-les-Bains;950
67474;Soultz-sous-Forêts;3146
67475;Sparsbach;237
67476;Stattmatten;751
67477;Steige;620
67478;Steinbourg;1926
67479;Steinseltz;607
67480;Still;1806
67481;Stotzheim;1090
67482;Strasbourg;291313
67483;Struth;221
67484;Stundwiller;496
67485;Stutzheim-Offenheim;1647
67486;Sundhouse;1824
67487;Surbourg;1716
67488;Thal-Drulingen;186
67489;Thal-Marmoutier;829
67490;Thanvillé;609
67491;Tieffenbach;247
67492;Traenheim;652
67493;Triembach-au-Val;434
67494;Trimbach;582
67495;Truchtersheim;4388
67497;Uhlwiller;681
67498;Uhrwiller;707
67499;Urbeis;316
67500;Urmatt;1448
67501;Uttenheim;571
67502;Uttenhoffen;212
67503;Uttwiller;158
67504;Valff;1368
67505;La Vancelle;400
67506;Vendenheim;6042
67507;Villé;1775
67508;Vœllerdingen;418
67509;Volksberg;351
67510;Wahlenheim;606
67511;Walbourg;930
67513;Waldersbach;123
67514;Waldhambach;625
67515;Waldolwisheim;561
67516;Waltenheim-sur-Zorn;664
67517;Wangen;645
67519;La Wantzenau;5894
67520;Wasselonne;5773
67521;Weinbourg;462
67522;Weislingen;549
67523;Weitbruch;2718
67524;Weiterswiller;516
67525;Westhoffen;1692
67526;Westhouse;1624
67527;Westhouse-Marmoutier;350
67528;Weyer;532
67529;Weyersheim;3473
67530;Wickersheim-Wilshausen;387
67531;Wildersbach;284
67532;Willgottheim;1072
67534;Wilwisheim;746
67535;Wimmenau;1049
67536;Windstein;168
67537;Wingen;451
67538;Wingen-sur-Moder;1574
67539;Wingersheim les Quatre Bans;2337
67540;Wintershouse;854
67541;Wintzenbach;527
67542;Wintzenheim-Kochersberg;523
67543;Wisches;2073
67544;Wissembourg;7515
67545;Witternheim;497
67546;Wittersheim;710
67547;Wittisheim;2076
67548;Wiwersheim;872
67550;Wœrth;1696
67551;Wolfisheim;4164
67552;Wolfskirchen;343
67553;Wolschheim;313
67554;Wolxheim;964
67555;Zehnacker;248
67556;Zeinheim;218
67557;Zellwiller;808
67558;Zinswiller;725
67559;Zittersheim;246
68001;Algolsheim;1125
68002;Altenach;384
68004;Altkirch;5608
68005;Ammerschwihr;1649
68006;Bernwiller;1210
68007;Andolsheim;2194
68008;Appenwihr;583
68009;Artzenheim;862
68010;Aspach;1134
68011;Aspach-le-Bas;1288
68012;Aspach-Michelbach;1760
68013;Attenschwiller;998
68014;Aubure;359
68015;Baldersheim;2607
68016;Balgau;954
68017;Ballersdorf;813
68018;Balschwiller;743
68019;Baltzenheim;557
68020;Bantzenheim;1617
68021;Bartenheim;4102
68022;Battenheim;1566
68023;Beblenheim;933
68024;Bellemagny;147
68025;Bendorf;248
68026;Bennwihr;1354
68027;Berentzwiller;340
68028;Bergheim;2066
68029;Bergholtz;1107
68030;Bergholtzzell;400
68032;Berrwiller;1256
68033;Bettendorf;453
68034;Bettlach;307
68035;Biederthal;326
68036;Biesheim;2501
68037;Biltzheim;480
68038;Bischwihr;1168
68039;Bisel;542
68040;Bitschwiller-lès-Thann;1998
68041;Blodelsheim;1972
68042;Blotzheim;4947
68043;Bollwiller;4108
68044;Le Bonhomme;749
68045;Bourbach-le-Bas;551
68046;Bourbach-le-Haut;413
68049;Bouxwiller;425
68050;Bréchaumont;405
68051;Breitenbach-Haut-Rhin;812
68052;Bretten;187
68054;Brinckheim;415
68055;Bruebach;1044
68056;Brunstatt-Didenheim;8172
68057;Buethwiller;255
68058;Buhl;3198
68059;Burnhaupt-le-Bas;1928
68060;Burnhaupt-le-Haut;1731
68061;Buschwiller;1060
68062;Carspach;2082
68063;Cernay;11745
68064;Chalampé;987
68065;Chavannes-sur-l'Étang;673
68066;Colmar;67730
68067;Courtavon;346
68068;Dannemarie;2264
68069;Dessenheim;1459
68071;Diefmatten;296
68072;Dietwiller;1417
68073;Dolleren;472
68074;Durlinsdorf;534
68075;Durmenach;826
68076;Durrenentzen;1048
68077;Eglingen;371
68078;Eguisheim;1731
68079;Elbach;263
68080;Emlingen;310
68081;Saint-Bernard;588
68082;Ensisheim;7418
68083;Eschbach-au-Val;372
68084;Eschentzwiller;1493
68085;Eteimbes;389
68086;Falkwiller;210
68087;Feldbach;467
68088;Feldkirch;999
68089;Fellering;1589
68090;Ferrette;827
68091;Fessenheim;2299
68092;Fislis;392
68093;Flaxlanden;1390
68094;Folgensbourg;914
68095;Fortschwihr;1155
68096;Franken;375
68097;Fréland;1305
68098;Friesen;662
68099;Frœningen;849
68100;Fulleren;338
68101;Galfingue;811
68102;Geishouse;432
68103;Geispitzen;509
68104;Geiswasser;316
68105;Gildwiller;261
68106;Goldbach-Altenbach;272
68107;Gommersdorf;382
68109;Griesbach-au-Val;686
68110;Grussenheim;795
68111;Gueberschwihr;843
68112;Guebwiller;11136
68113;Guémar;1437
68114;Guevenatten;147
68115;Guewenheim;1331
68116;Gundolsheim;735
68117;Gunsbach;872
68118;Habsheim;5055
68119;Hagenbach;759
68120;Hagenthal-le-Bas;1325
68121;Hagenthal-le-Haut;731
68122;Hartmannswiller;656
68123;Hattstatt;834
68124;Hausgauen;373
68125;Hecken;532
68126;Hégenheim;3385
68127;Heidwiller;670
68128;Heimersdorf;654
68129;Heimsbrunn;1335
68130;Heiteren;1066
68131;Heiwiller;170
68132;Helfrantzkirch;733
68134;Herrlisheim-près-Colmar;1878
68135;Hésingue;2859
68136;Hettenschlag;335
68137;Hindlingen;615
68138;Hirsingue;2119
68139;Hirtzbach;1458
68140;Hirtzfelden;1317
68141;Hochstatt;2176
68142;Hohrod;366
68143;Porte du Ried;1855
68144;Hombourg;1351
68145;Horbourg-Wihr;6300
68146;Houssen;2393
68147;Hunawihr;567
68148;Hundsbach;357
68149;Huningue;7339
68150;Husseren-les-Châteaux;502
68151;Husseren-Wesserling;1042
68152;Illfurth;2446
68153;Illhaeusern;722
68154;Illzach;14829
68155;Ingersheim;4711
68156;Issenheim;3491
68157;Jebsheim;1348
68158;Jettingen;494
68159;Jungholtz;910
68160;Kappelen;575
68161;Katzenthal;526
68162;Kaysersberg Vignoble;4401
68163;Kembs;5643
68165;Kiffis;237
68166;Kingersheim;13178
68167;Kirchberg;715
68168;Knœringue;373
68169;Kœstlach;500
68170;Kœtzingue;582
68171;Kruth;909
68172;Kunheim;1835
68173;Labaroche;2116
68174;Landser;1642
68175;Lapoutroie;1861
68176;Largitzen;330
68177;Lautenbach;1477
68178;Lautenbachzell;952
68179;Lauw;906
68180;Leimbach;923
68181;Levoncourt;250
68182;Leymen;1253
68183;Liebenswiller;174
68184;Liebsdorf;294
68185;Lièpvre;1653
68186;Ligsdorf;314
68187;Linsdorf;338
68188;Linthal;586
68189;Logelheim;910
68190;Lucelle;32
68191;Luemschwiller;748
68192;Valdieu-Lutran;427
68193;Luttenbach-près-Munster;765
68194;Lutter;285
68195;Lutterbach;6261
68196;Magny;291
68197;Magstatt-le-Bas;505
68198;Magstatt-le-Haut;299
68199;Malmerspach;492
68200;Manspach;531
68201;Masevaux-Niederbruck;3653
68202;Mertzen;192
68203;Merxheim;1284
68204;Metzeral;1043
68205;Meyenheim;2015
68207;Michelbach-le-Bas;705
68208;Michelbach-le-Haut;604
68209;Mittelwihr;846
68210;Mittlach;335
68211;Mitzach;380
68212;Mœrnach;515
68213;Mollau;338
68214;Montreux-Jeune;371
68215;Montreux-Vieux;914
68216;Mooslargue;409
68217;Moosch;1617
68218;Morschwiller-le-Bas;3641
68219;Le Haut Soultzbach;867
68221;Muespach;931
68222;Muespach-le-Haut;1110
68223;Muhlbach-sur-Munster;805
68224;Mulhouse;106341
68225;Munchhouse;1557
68226;Munster;4706
68227;Muntzenheim;1283
68228;Munwiller;455
68229;Murbach;163
68230;Nambsheim;578
68231;Neuf-Brisach;1947
68232;Neuwiller;503
68234;Niederentzen;756
68235;Niederhergheim;1157
68237;Niedermorschwihr;560
68238;Niffer;970
68239;Oberbruck;391
68240;Illtal;1244
68241;Oberentzen;697
68242;Oberhergheim;1296
68243;Oberlarg;137
68244;Obermorschwihr;392
68245;Obermorschwiller;405
68246;Obersaasheim;1031
68247;Oderen;1241
68248;Oltingue;672
68249;Orbey;3452
68250;Orschwihr;1030
68251;Osenbach;825
68252;Ostheim;1658
68253;Ottmarsheim;1995
68254;Petit-Landau;823
68255;Pfaffenheim;1348
68256;Pfastatt;10237
68257;Pfetterhouse;947
68258;Pulversheim;3080
68259;Raedersdorf;492
68260;Raedersheim;1145
68261;Rammersmatt;227
68262;Ranspach;790
68263;Ranspach-le-Bas;626
68264;Ranspach-le-Haut;627
68265;Rantzwiller;800
68266;Réguisheim;2023
68267;Reiningue;1951
68268;Retzwiller;695
68269;Ribeauvillé;4682
68270;Richwiller;3704
68271;Riedisheim;12163
68273;Riespach;637
68274;Rimbach-près-Guebwiller;203
68275;Rimbach-près-Masevaux;434
68276;Rimbachzell;192
68277;Riquewihr;1032
68278;Rixheim;13794
68279;Roderen;909
68280;Rodern;390
68281;Roggenhouse;461
68282;Romagny;277
68283;Rombach-le-Franc;779
68284;Roppentzwiller;675
68285;Rorschwihr;363
68286;Rosenau;2379
68287;Rouffach;4185
68288;Ruederbach;398
68289;Ruelisheim;2453
68290;Rustenhart;926
68291;Rumersheim-le-Haut;1057
68292;Saint-Amarin;2200
68293;Saint-Cosme;79
68294;Sainte-Croix-aux-Mines;1807
68295;Sainte-Croix-en-Plaine;3021
68296;Saint-Hippolyte;962
68297;Saint-Louis;22698
68298;Sainte-Marie-aux-Mines;5048
68299;Saint-Ulrich;308
68300;Sausheim;5527
68301;Schlierbach;1281
68302;Schweighouse-Thann;746
68303;Schwoben;224
68304;Sentheim;1548
68305;Seppois-le-Bas;1408
68306;Seppois-le-Haut;503
68307;Sewen;492
68308;Sickert;329
68309;Sierentz;4145
68311;Sondernach;597
68312;Sondersdorf;314
68313;Soppe-le-Bas;779
68315;Soultz-Haut-Rhin;7027
68316;Soultzbach-les-Bains;724
68317;Soultzeren;1120
68318;Soultzmatt;2431
68320;Spechbach;1392
68321;Staffelfelden;4060
68322;Steinbach;1343
68323;Steinbrunn-le-Bas;851
68324;Steinbrunn-le-Haut;649
68325;Steinsoultz;754
68326;Sternenberg;149
68327;Stetten;341
68328;Storckensohn;191
68329;Stosswihr;1332
68330;Strueth;346
68331;Sundhoffen;1949
68332;Tagolsheim;975
68333;Tagsdorf;304
68334;Thann;7765
68335;Thannenkirch;463
68336;Traubach-le-Bas;444
68337;Traubach-le-Haut;625
68338;Turckheim;3927
68340;Ueberstrass;356
68341;Uffheim;1039
68342;Uffholtz;1649
68343;Ungersheim;2432
68344;Urbès;438
68345;Urschenheim;783
68347;Vieux-Ferrette;660
68348;Vieux-Thann;2854
68349;Village-Neuf;4513
68350;Vœgtlinshoffen;475
68351;Vogelgrun;633
68352;Volgelsheim;2702
68353;Wahlbach;482
68354;Walbach;915
68355;Waldighofen;1551
68356;Walheim;884
68357;Waltenheim;512
68358;Wasserbourg;470
68359;Wattwiller;1667
68360;Weckolsheim;695
68361;Wegscheid;317
68362;Wentzwiller;782
68363;Werentzhouse;625
68364;Westhalten;1003
68365;Wettolsheim;1776
68366;Wickerschwihr;699
68367;Widensolen;1202
68368;Wihr-au-Val;1220
68370;Wildenstein;161
68371;Willer;303
68372;Willer-sur-Thur;1766
68373;Winkel;294
68374;Wintzenheim;7988
68375;Wittelsheim;10334
68376;Wittenheim;15262
68377;Wittersdorf;787
68378;Wolfersdorf;363
68379;Wolfgantzen;1123
68380;Wolschwiller;436
68381;Wuenheim;778
68382;Zaessingue;386
68383;Zellenberg;324
68384;Zillisheim;2514
68385;Zimmerbach;828
68386;Zimmersheim;1059
88001;Les Ableuvenettes;61
88002;Ahéville;69
88003;Aingeville;61
88004;Ainvelle;132
88005;Allarmont;204
88006;Ambacourt;279
88007;Ameuvelle;48
88008;Anglemont;161
88009;Anould;3301
88010;Aouze;200
88011;Arches;1621
88012;Archettes;1107
88013;Aroffe;90
88014;Arrentès-de-Corcieux;184
88015;Attignéville;200
88016;Attigny;201
88017;Aulnois;171
88019;Autigny-la-Tour;140
88020;Autreville;190
88021;Autrey;276
88022;Auzainvilliers;224
88023;Avillers;85
88024;Avrainville;119
88025;Avranville;70
88026;Aydoilles;995
88027;Badménil-aux-Bois;138
88028;La Baffe;612
88029;La Vôge-les-Bains;1572
88030;Bainville-aux-Saules;154
88031;Balléville;100
88032;Ban-de-Laveline;1182
88033;Ban-de-Sapt;357
88035;Barbey-Seroux;144
88036;Barville;85
88037;Basse-sur-le-Rupt;866
88038;Battexey;35
88039;Baudricourt;332
88040;Bayecourt;238
88041;Bazegney;100
88042;Bazien;80
88043;Bazoilles-et-Ménil;108
88044;Bazoilles-sur-Meuse;604
88045;Beaufremont;88
88046;Beauménil;133
88047;Begnécourt;143
88048;Bellefontaine;968
88049;Belmont-lès-Darney;111
88050;Belmont-sur-Buttant;302
88051;Belmont-sur-Vair;126
88052;Belrupt;92
88053;Belval;156
88054;Bertrimoutier;309
88055;Bettegney-Saint-Brice;163
88056;Bettoncourt;94
88057;Le Beulay;90
88058;Biécourt;92
88059;Biffontaine;394
88060;Blémerey;31
88061;Bleurville;288
88062;Blevaincourt;93
88063;Bocquegney;133
88064;Bois-de-Champ;104
88065;Bonvillet;277
88066;Boulaincourt;64
88068;La Bourgonce;882
88069;Bouxières-aux-Bois;136
88070;Bouxurulles;178
88071;Bouzemont;48
88073;Brantigny;204
88074;Brechainville;60
88075;La Bresse;4041
88076;Brouvelieures;420
88077;Brû;567
88078;Bruyères;2980
88079;Bulgnéville;1533
88080;Bult;303
88081;Bussang;1319
88082;Celles-sur-Plaine;764
88083;Certilleux;214
88084;Chamagne;449
88085;Champdray;190
88086;Champ-le-Duc;493
88087;Chantraine;3177
88088;La Chapelle-aux-Bois;673
88089;La Chapelle-devant-Bruyères;549
88090;Charmes;4556
88091;Charmois-devant-Bruyères;379
88092;Charmois-l'Orgueilleux;584
88093;Châtas;37
88094;Châtel-sur-Moselle;1726
88095;Châtenois;1720
88096;Châtillon-sur-Saône;108
88097;Chauffecourt;42
88098;Chaumousey;903
88099;Chavelot;1368
88100;Chef-Haut;46
88101;Cheniménil;1245
88102;Chermisey;89
88103;Circourt;82
88104;Circourt-sur-Mouzon;182
88105;Claudon;214
88106;Ban-sur-Meurthe-Clefcy;956
88107;Clérey-la-Côte;30
88108;Le Clerjus;471
88109;Cleurie;643
88110;Clézentaine;221
88111;Coinches;349
88113;Combrimont;136
88114;Contrexéville;3018
88115;Corcieux;1493
88116;Cornimont;3045
88117;Courcelles-sous-Châtenois;79
88118;Coussey;710
88119;Crainvilliers;177
88120;La Croix-aux-Mines;468
88121;Damas-aux-Bois;272
88122;Damas-et-Bettegney;382
88123;Damblain;253
88124;Darney;1056
88125;Darney-aux-Chênes;63
88126;Darnieulles;1370
88127;Deinvillers;55
88128;Denipaire;247
88129;Derbamont;103
88130;Destord;242
88131;Deycimont;303
88132;Deyvillers;1353
88133;Dignonville;209
88134;Dinozé;643
88135;Docelles;864
88136;Dogneville;1503
88137;Dolaincourt;95
88138;Dombasle-devant-Darney;78
88139;Dombasle-en-Xaintois;120
88140;Dombrot-le-Sec;361
88141;Dombrot-sur-Vair;242
88142;Domèvre-sur-Avière;426
88143;Domèvre-sur-Durbion;265
88144;Domèvre-sous-Montfort;59
88145;Domfaing;212
88146;Domjulien;174
88147;Dommartin-aux-Bois;394
88148;Dommartin-lès-Remiremont;1879
88149;Dommartin-lès-Vallois;53
88150;Dommartin-sur-Vraine;293
88151;Dompaire;1086
88152;Dompierre;242
88153;Domptail;341
88154;Domrémy-la-Pucelle;84
88155;Domvallier;98
88156;Doncières;147
88157;Dounoux;866
88158;Éloyes;3099
88159;Entre-deux-Eaux;505
88160;Épinal;32284
88161;Escles;401
88162;Esley;177
88163;Essegney;742
88164;Estrennes;101
88165;Étival-Clairefontaine;2505
88166;Évaux-et-Ménil;358
88167;Faucompierre;228
88168;Fauconcourt;136
88169;Fays;215
88170;Ferdrupt;724
88171;Fignévelle;48
88172;Fiménil;226
88173;Florémont;474
88174;Fomerey;143
88175;Fontenay;467
88176;Fontenoy-le-Château;497
88177;La Forge;516
88178;Les Forges;1792
88179;Fouchécourt;41
88180;Frain;126
88181;Fraize;2846
88182;Frapelle;199
88183;Frebécourt;346
88184;Fremifontaine;427
88185;Frenelle-la-Grande;104
88186;Frenelle-la-Petite;47
88187;Frénois;50
88188;Fresse-sur-Moselle;1690
88189;Fréville;130
88190;Frizon;496
88192;Gelvécourt-et-Adompt;107
88193;Gemaingoutte;148
88194;Gemmelaincourt;130
88195;Gendreville;102
88196;Gérardmer;7832
88197;Gerbamont;353
88198;Gerbépal;557
88199;Gignéville;76
88200;Gigney;56
88201;Girancourt;881
88202;Gircourt-lès-Viéville;192
88203;Girecourt-sur-Durbion;354
88205;Girmont-Val-d'Ajol;249
88206;Gironcourt-sur-Vraine;871
88208;Godoncourt;114
88209;Golbey;8848
88210;Gorhey;169
88212;Grand;355
88213;La Grande-Fosse;133
88214;Grandrupt-de-Bains;72
88215;Grandrupt;75
88216;Grandvillers;730
88218;Granges-Aumontzey;2590
88219;Greux;138
88220;Grignoncourt;46
88221;Gruey-lès-Surance;216
88222;Gugnécourt;233
88223;Gugney-aux-Aulx;169
88224;Hadigny-les-Verrières;379
88225;Hadol;2349
88226;Hagécourt;129
88227;Hagnéville-et-Roncourt;85
88228;Haillainville;179
88229;Harchéchamp;82
88230;Hardancourt;37
88231;Haréville;474
88232;Harmonville;215
88233;Harol;645
88236;La Haye;133
88237;Hennecourt;350
88238;Hennezel;386
88239;Hergugney;126
88240;Herpelmont;273
88241;Houécourt;428
88242;Houéville;43
88243;Housseras;488
88244;La Houssière;518
88245;Hurbache;300
88246;Hymont;486
88247;Igney;1151
88248;Isches;171
88249;Jainvillotte;74
88250;Jarménil;458
88251;Jeanménil;1111
88252;Jésonville;144
88253;Jeuxey;670
88254;Jorxey;82
88255;Jubainville;91
88256;Jussarupt;264
88257;Juvaincourt;182
88258;Lamarche;840
88259;Landaville;295
88260;Langley;148
88261;Laval-sur-Vologne;633
88262;Laveline-devant-Bruyères;575
88263;Laveline-du-Houx;201
88264;Légéville-et-Bonfays;63
88265;Lemmecourt;25
88266;Lépanges-sur-Vologne;832
88267;Lerrain;451
88268;Lesseux;139
88269;Liézey;298
88270;Liffol-le-Grand;2118
88271;Lignéville;302
88272;Lironcourt;73
88273;Longchamp;460
88274;Longchamp-sous-Châtenois;81
88275;Lubine;245
88276;Lusse;369
88277;Luvigny;110
88278;Maconcourt;68
88279;Madecourt;48
88280;Madegney;134
88281;Madonne-et-Lamerey;407
88283;Malaincourt;79
88284;Mandray;589
88285;Mandres-sur-Vair;437
88286;Marainville-sur-Madon;96
88287;Marey;68
88288;Maroncourt;5
88289;Martigny-les-Bains;796
88290;Martigny-les-Gerbonvaux;113
88291;Martinvelle;133
88292;Mattaincourt;800
88293;Maxey-sur-Meuse;216
88294;Mazeley;263
88295;Mazirot;233
88296;Médonville;57
88297;Méménil;167
88298;Ménarmont;60
88299;Ménil-en-Xaintois;161
88300;Ménil-de-Senones;124
88301;Ménil-sur-Belvitte;291
88302;Le Ménil;993
88303;Midrevaux;181
88304;Mirecourt;4781
88305;Moncel-sur-Vair;190
88306;Le Mont;51
88307;Mont-lès-Lamarche;95
88308;Mont-lès-Neufchâteau;291
88309;Monthureux-le-Sec;168
88310;Monthureux-sur-Saône;884
88311;Montmotier;34
88312;Morelmaison;194
88313;Moriville;427
88314;Morizécourt;95
88315;Mortagne;180
88316;Morville;44
88317;Moussey;556
88318;Moyemont;220
88319;Moyenmoutier;3037
88320;Nayemont-les-Fosses;773
88321;Neufchâteau;6580
88322;La Neuveville-devant-Lépanges;511
88324;La Neuveville-sous-Châtenois;371
88325;La Neuveville-sous-Montfort;185
88326;Neuvillers-sur-Fave;354
88327;Nomexy;1951
88328;Nompatelize;524
88330;Nonville;191
88331;Nonzeville;54
88332;Norroy;211
88333;Nossoncourt;127
88334;Oëlleville;282
88335;Offroicourt;153
88336;Ollainville;74
88338;Ortoncourt;80
88340;Padoux;493
88341;Pair-et-Grandrupt;496
88342;Pallegney;166
88343;Parey-sous-Montfort;167
88344;Pargny-sous-Mureau;178
88345;La Petite-Fosse;76
88346;La Petite-Raon;739
88347;Pierrefitte;116
88348;Pierrepont-sur-l'Arentèle;139
88349;Plainfaing;1615
88350;Pleuvezain;74
88351;Plombières-les-Bains;1571
88352;Pompierre;193
88353;Pont-lès-Bonfays;104
88354;Pont-sur-Madon;185
88355;Portieux;1222
88356;Les Poulières;293
88357;Poussay;667
88358;Pouxeux;1959
88359;Prey;89
88360;Provenchères-lès-Darney;146
88361;Provenchères-et-Colroy;1316
88362;Le Puid;115
88363;Punerot;152
88364;Puzieux;145
88365;Racécourt;150
88366;Rainville;278
88367;Rambervillers;5045
88368;Ramecourt;161
88369;Ramonchamp;1841
88370;Rancourt;71
88371;Raon-aux-Bois;1214
88372;Raon-l'Étape;6061
88373;Raon-sur-Plaine;143
88374;Rapey;24
88375;Raves;476
88376;Rebeuville;283
88377;Regnévelle;121
88378;Regney;100
88379;Rehaincourt;359
88380;Rehaupal;208
88381;Relanges;192
88382;Remicourt;64
88383;Remiremont;7611
88385;Remoncourt;569
88386;Remomeix;439
88387;Removille;202
88388;Renauvoid;120
88389;Repel;79
88390;Robécourt;102
88391;Rochesson;679
88393;Rollainville;314
88394;Romain-aux-Bois;47
88395;Romont;363
88398;Les Rouges-Eaux;80
88399;Le Roulier;210
88400;Rouvres-en-Xaintois;264
88401;Rouvres-la-Chétive;452
88402;Roville-aux-Chênes;369
88403;Rozerotte;189
88404;Rozières-sur-Mouzon;68
88406;Rugney;129
88407;Ruppes;141
88408;Rupt-sur-Moselle;3497
88409;Saint-Amé;2151
88410;Sainte-Barbe;268
88411;Saint-Baslemont;80
88412;Saint-Benoît-la-Chipotte;447
88413;Saint-Dié-des-Vosges;19319
88415;Saint-Étienne-lès-Remiremont;3808
88416;Saint-Genest;136
88417;Saint-Gorgon;372
88418;Sainte-Hélène;445
88419;Saint-Jean-d'Ormont;123
88421;Saint-Julien;103
88423;Saint-Léonard;1369
88424;Sainte-Marguerite;2271
88425;Saint-Maurice-sur-Mortagne;180
88426;Saint-Maurice-sur-Moselle;1369
88427;Saint-Menge;121
88428;Saint-Michel-sur-Meurthe;1809
88429;Saint-Nabord;3993
88430;Saint-Ouen-lès-Parey;497
88431;Saint-Paul;153
88432;Saint-Pierremont;152
88433;Saint-Prancher;72
88434;Saint-Remimont;214
88435;Saint-Remy;520
88436;Saint-Stail;72
88437;Saint-Vallier;99
88438;La Salle;393
88439;Sanchey;943
88440;Sandaucourt;165
88441;Sans-Vallois;128
88442;Sapois;632
88443;Sartes;93
88444;Le Saulcy;306
88445;Saulcy-sur-Meurthe;2319
88446;Saulxures-lès-Bulgnéville;236
88447;Saulxures-sur-Moselotte;2509
88448;Sauville;173
88449;Savigny;194
88450;Senaide;183
88451;Senones;2364
88452;Senonges;134
88453;Seraumont;31
88454;Sercœur;225
88455;Serécourt;99
88456;Serocourt;84
88457;Sionne;143
88458;Socourt;283
88459;Soncourt;43
88460;Soulosse-sous-Saint-Élophe;657
88461;Suriauville;205
88462;Le Syndicat;1876
88463;Taintrux;1476
88464;Tendon;506
88465;Thaon-les-Vosges;8513
88466;They-sous-Montfort;125
88467;Thiéfosse;572
88468;Le Thillot;3257
88469;Thiraucourt;100
88470;Le Tholy;1515
88471;Les Thons;99
88472;Thuillières;113
88473;Tignécourt;90
88474;Tilleux;69
88475;Tollaincourt;118
88476;Totainville;117
88477;Trampot;100
88478;Tranqueville-Graux;96
88479;Trémonzey;242
88480;Ubexy;167
88481;Uriménil;1327
88482;Urville;54
88483;Uxegney;2265
88484;Uzemain;1045
88485;La Vacheresse-et-la-Rouillie;122
88486;Vagney;3877
88487;Le Val-d'Ajol;3860
88488;Valfroicourt;230
88489;Valleroy-aux-Saules;254
88490;Valleroy-le-Sec;183
88491;Les Vallois;121
88492;Le Valtin;74
88493;Varmonzey;24
88494;Vaubexy;120
88495;Vaudéville;191
88496;Vaudoncourt;155
88497;Vaxoncourt;481
88498;Vecoux;856
88499;Velotte-et-Tatignécourt;161
88500;Ventron;828
88501;Le Vermont;73
88502;Vervezelle;126
88503;Vexaincourt;147
88504;Vicherey;173
88505;Vienville;122
88506;Vieux-Moulin;316
88507;Villers;193
88508;Ville-sur-Illon;521
88509;Villoncourt;104
88510;Villotte;130
88511;Villouxel;89
88512;Viménil;241
88513;Vincey;2112
88514;Viocourt;164
88515;Vioménil;153
88516;Vittel;4793
88517;Viviers-le-Gras;189
88518;Viviers-lès-Offroicourt;29
88519;La Voivre;664
88520;Les Voivres;289
88521;Vomécourt;249
88522;Vomécourt-sur-Madon;68
88523;Vouxey;166
88524;Vrécourt;350
88525;Vroville;130
88526;Wisembach;425
88527;Xaffévillers;136
88528;Xamontarupt;152
88529;Xaronval;109
88530;Xertigny;2579
88531;Xonrupt-Longemer;1487
88532;Zincourt;75
